# Fixed for ELN - Merged Objects
mtllib GridSwitch.mtl
o static
v -0.549696 -0.143775 4.876305
v 0.034299 0.155244 3.898817
v 3.521705 -0.143775 4.876305
v 2.93771 0.155244 3.898817
v -0.549696 -0.143775 1.902296
v 2.93771 0.155244 1.908403
v 0.034299 0.155244 1.908403
v 3.521705 -0.143775 2.085182
v -0.052448 0.551566 4.044013
v 3.024457 0.551566 4.044013
v -0.052448 0.551566 1.907496
v 3.024457 0.551566 1.934662
v 0.771076 -0.143775 4.876305
v 0.89901 0.155244 3.898817
v 0.89901 0.155244 1.908403
v 0.771076 -0.143775 1.973707
v 0.880007 0.551566 4.044013
v 0.294515 1.462564 1.657608
v 0.907768 1.462564 1.657608
v 0.89901 1.357012 1.906138
v 0.034299 1.357012 1.906138
v 0.034299 0.154237 1.5
v 3.521705 -0.143776 1.5
v -0.549696 -0.143776 1.5
v 2.93771 0.15428 1.5
v 3.024457 0.551566 1.5
v -0.052448 0.551566 1.5
v 0.771076 -0.143776 1.5
v 0.89901 0.154237 1.5
v 0.294515 1.462161 1.5
v 0.907768 1.462161 1.5
v 0.89901 1.356011 1.5
v 0.034299 1.356011 1.5
v -0.549696 -0.143776 -1.876305
v 0.034299 0.155244 -0.898817
v 3.521705 -0.143776 -1.876305
v 2.93771 0.155244 -0.898817
v -0.549696 -0.143776 1.097704
v 2.93771 0.155244 1.091597
v 0.034299 0.155244 1.091597
v 3.521705 -0.143776 0.914818
v -0.052448 0.551566 -1.044013
v 3.024457 0.551566 -1.044013
v -0.052448 0.551566 1.092504
v 3.024457 0.551566 1.065338
v 0.771076 -0.143776 -1.876305
v 0.89901 0.155244 -0.898817
v 0.89901 0.155244 1.091597
v 0.771076 -0.143776 1.026293
v 0.880006 0.551566 -1.044013
v 0.294514 1.462564 1.342392
v 0.907768 1.462564 1.342392
v 0.89901 1.357012 1.093862
v 0.034299 1.357012 1.093862
v 0.274174 5.09175 -0.721191
v 0.274174 5.09175 -0.685521
v 0.243283 5.09175 -0.667687
v 0.212392 5.09175 -0.685521
v 0.243283 5.09175 -0.739026
v 0.212392 5.09175 -0.721191
v 0.172756 4.905162 -0.744075
v 0.243283 4.905162 -0.784793
v 0.172756 4.905162 -0.662638
v 0.243283 4.905162 -0.621919
v 0.31381 4.905162 -0.662638
v 0.31381 4.905162 -0.744075
v 0.31381 4.575867 -0.744075
v 0.31381 4.575867 -0.662638
v 0.243283 4.575867 -0.621919
v 0.172756 4.575867 -0.662638
v 0.243283 4.575867 -0.784793
v 0.172756 4.575867 -0.744075
v -0.121901 4.131821 -0.914195
v 0.243283 4.131821 -1.125034
v -0.121901 4.131821 -0.492517
v 0.243283 4.131821 -0.281678
v 0.608467 4.131821 -0.492517
v 0.608467 4.131821 -0.914195
v 0.608467 3.874467 -0.914195
v 0.608467 3.874467 -0.492517
v 0.243283 3.874467 -0.281678
v -0.121901 3.874467 -0.492517
v 0.243283 3.874467 -0.492517
v 0.243283 3.874467 -1.125034
v -0.121901 3.874467 -0.914195
v 0.060691 3.874467 -0.808776
v 0.243283 3.874467 -0.914195
v 0.060691 3.874467 -0.597937
v 0.243283 3.874467 -0.492517
v 0.425875 3.874467 -0.597937
v 0.425875 3.874467 -0.808776
v 0.060691 3.74025 -0.808776
v 0.243283 3.74025 -0.914195
v 0.060691 3.74025 -0.597937
v 0.243283 3.74025 -0.492517
v 0.425875 3.74025 -0.597937
v 0.425875 3.74025 -0.808776
v -0.121901 3.464768 -0.914195
v 0.243283 3.464768 -1.125034
v -0.121901 3.464768 -0.492517
v 0.243283 3.464768 -0.281678
v 0.608467 3.464768 -0.492517
v 0.608467 3.464768 -0.914195
v -0.121901 3.196335 -0.914195
v 0.243283 3.196335 -1.125034
v -0.121901 3.196334 -0.492517
v 0.243283 3.196335 -0.281678
v 0.608467 3.196335 -0.492517
v 0.608467 3.196335 -0.914195
v 0.060691 3.196335 -0.808776
v 0.243283 3.196335 -0.914195
v 0.060691 3.196335 -0.597937
v 0.243283 3.196335 -0.492517
v 0.425875 3.196335 -0.597937
v 0.425875 3.196335 -0.808776
v 0.060691 3.062118 -0.808776
v 0.243283 3.062118 -0.914195
v 0.060691 3.062118 -0.597937
v 0.243283 3.062118 -0.492517
v 0.425875 3.062118 -0.597937
v 0.425875 3.062118 -0.808776
v -0.1219 2.810873 -0.914196
v 0.243283 2.810874 -1.125035
v -0.1219 2.810873 -0.492518
v 0.243283 2.810873 -0.281678
v 0.608467 2.810874 -0.492518
v 0.608467 2.810874 -0.914196
v -0.1219 2.54244 -0.914196
v 0.243284 2.54244 -1.125035
v -0.1219 2.54244 -0.492518
v 0.243284 2.54244 -0.281679
v 0.608467 2.54244 -0.492518
v 0.608467 2.54244 -0.914196
v 0.060692 2.54244 -0.808776
v 0.243284 2.54244 -0.914196
v 0.060692 2.54244 -0.597937
v 0.243284 2.54244 -0.492518
v 0.425876 2.54244 -0.597937
v 0.425876 2.54244 -0.808776
v 0.060692 2.408223 -0.808776
v 0.243284 2.408223 -0.914196
v 0.060692 2.408223 -0.597937
v 0.243284 2.408223 -0.492518
v 0.425876 2.408223 -0.597937
v 0.425876 2.408223 -0.808776
v -0.1219 2.047793 -0.914196
v 0.243284 2.047794 -1.125035
v -0.1219 2.047793 -0.492518
v 0.243284 2.047793 -0.281679
v 0.608468 2.047794 -0.492518
v 0.608468 2.047794 -0.914196
v 0.09721 2.047793 -0.787692
v 0.243284 2.047794 -0.872028
v 0.09721 2.047793 -0.619021
v 0.243284 2.047793 -0.534685
v 0.389357 2.047793 -0.619021
v 0.389357 2.047794 -0.787692
v 0.097211 1.807473 -0.787692
v 0.243284 1.807473 -0.872028
v 0.097211 1.807473 -0.619021
v 0.243284 1.807473 -0.534686
v 0.389358 1.807473 -0.619021
v 0.389358 1.807473 -0.787692
v -0.048863 1.296727 -0.872028
v 0.243284 1.296727 -1.040699
v -0.048863 1.296727 -0.534686
v 0.243284 1.296727 -0.366015
v 0.535432 1.296727 -0.534686
v 0.535432 1.296728 -0.872028
v -0.048863 0.044656 -0.534686
v -0.048863 0.044656 -0.872028
v 0.750346 0.044656 -0.872028
v 0.750346 0.044656 -0.534686
v -0.048863 1.296727 -1.040306
v 0.535432 1.296728 -1.040306
v -0.048863 0.044656 -1.040306
v 0.750346 0.044656 -1.040306
v -0.048863 1.296727 -0.371738
v 0.535432 1.296727 -0.371738
v -0.048863 0.044656 0.056631
v 0.535432 0.044656 0.056631
v 0.750346 0.670692 -0.872028
v -0.048863 0.670692 -0.872028
v -0.048863 0.670692 -0.534686
v 0.750346 0.670692 -0.534686
v 0.750346 0.670692 -1.040306
v -0.048863 0.670692 -1.040306
v -0.048863 0.670692 0.056631
v 0.535432 0.670692 0.056631
v 2.696949 5.09175 -0.721191
v 2.696949 5.09175 -0.685521
v 2.72784 5.09175 -0.667687
v 2.758731 5.09175 -0.685521
v 2.72784 5.09175 -0.739026
v 2.758731 5.09175 -0.721191
v 2.798367 4.905162 -0.744075
v 2.72784 4.905162 -0.784793
v 2.798367 4.905162 -0.662638
v 2.72784 4.905162 -0.621919
v 2.657314 4.905162 -0.662638
v 2.657314 4.905162 -0.744075
v 2.657314 4.575867 -0.744075
v 2.657314 4.575867 -0.662638
v 2.72784 4.575867 -0.621919
v 2.798367 4.575867 -0.662638
v 2.72784 4.575867 -0.784793
v 2.798367 4.575867 -0.744075
v 3.093024 4.131821 -0.914195
v 2.72784 4.131821 -1.125034
v 3.093024 4.131821 -0.492517
v 2.72784 4.131821 -0.281678
v 2.362656 4.131821 -0.492517
v 2.362656 4.131821 -0.914195
v 2.362656 3.874467 -0.914195
v 2.362656 3.874467 -0.492517
v 2.72784 3.874467 -0.281678
v 3.093024 3.874467 -0.492517
v 2.72784 3.874467 -0.492517
v 2.72784 3.874467 -1.125034
v 3.093024 3.874467 -0.914195
v 2.910432 3.874467 -0.808776
v 2.72784 3.874467 -0.914195
v 2.910432 3.874467 -0.597937
v 2.72784 3.874467 -0.492517
v 2.545248 3.874467 -0.597937
v 2.545248 3.874467 -0.808776
v 2.910432 3.74025 -0.808776
v 2.72784 3.74025 -0.914195
v 2.910432 3.74025 -0.597937
v 2.72784 3.74025 -0.492517
v 2.545248 3.74025 -0.597937
v 2.545248 3.74025 -0.808776
v 3.093024 3.464768 -0.914195
v 2.72784 3.464768 -1.125034
v 3.093024 3.464768 -0.492517
v 2.72784 3.464768 -0.281678
v 2.362656 3.464768 -0.492517
v 2.362656 3.464768 -0.914195
v 3.093024 3.196335 -0.914195
v 2.72784 3.196335 -1.125034
v 3.093024 3.196335 -0.492517
v 2.72784 3.196335 -0.281678
v 2.362656 3.196335 -0.492517
v 2.362656 3.196335 -0.914195
v 2.910432 3.196335 -0.808776
v 2.72784 3.196335 -0.914195
v 2.910432 3.196335 -0.597937
v 2.72784 3.196335 -0.492517
v 2.545248 3.196335 -0.597937
v 2.545248 3.196335 -0.808776
v 2.910432 3.062118 -0.808776
v 2.72784 3.062118 -0.914195
v 2.910432 3.062118 -0.597937
v 2.72784 3.062118 -0.492517
v 2.545248 3.062118 -0.597937
v 2.545248 3.062118 -0.808776
v 3.093024 2.810873 -0.914196
v 2.72784 2.810874 -1.125035
v 3.093024 2.810873 -0.492518
v 2.72784 2.810873 -0.281678
v 2.362656 2.810873 -0.492518
v 2.362656 2.810874 -0.914196
v 3.093024 2.54244 -0.914196
v 2.72784 2.54244 -1.125035
v 3.093024 2.542439 -0.492518
v 2.72784 2.54244 -0.281679
v 2.362656 2.54244 -0.492518
v 2.362656 2.54244 -0.914196
v 2.910432 2.54244 -0.808776
v 2.72784 2.54244 -0.914196
v 2.910432 2.54244 -0.597937
v 2.72784 2.54244 -0.492518
v 2.545248 2.54244 -0.597937
v 2.545248 2.54244 -0.808776
v 2.910431 2.408223 -0.808776
v 2.72784 2.408223 -0.914196
v 2.910431 2.408223 -0.597937
v 2.72784 2.408223 -0.492518
v 2.545248 2.408223 -0.597937
v 2.545248 2.408223 -0.808776
v 3.093023 2.047793 -0.914196
v 2.727839 2.047793 -1.125035
v 3.093023 2.047793 -0.492518
v 2.727839 2.047793 -0.281679
v 2.362655 2.047793 -0.492518
v 2.362655 2.047794 -0.914196
v 2.873913 2.047793 -0.787692
v 2.727839 2.047793 -0.872028
v 2.873913 2.047793 -0.619021
v 2.727839 2.047793 -0.534685
v 2.581766 2.047793 -0.619021
v 2.581766 2.047793 -0.787692
v 2.873913 1.807473 -0.787692
v 2.727839 1.807473 -0.872028
v 2.873913 1.807473 -0.619021
v 2.727839 1.807473 -0.534686
v 2.581766 1.807473 -0.619021
v 2.581766 1.807473 -0.787692
v 3.019986 1.296727 -0.872028
v 2.727839 1.296727 -1.040699
v 3.019986 1.296727 -0.534686
v 2.727839 1.296727 -0.366015
v 2.435692 1.296727 -0.534686
v 2.435692 1.296727 -0.872028
v 3.019986 0.044656 -0.534686
v 3.019986 0.044656 -0.872028
v 2.220778 0.044656 -0.872028
v 2.220778 0.044656 -0.534686
v 3.019986 1.296727 -1.040306
v 2.435692 1.296728 -1.040306
v 3.019986 0.044656 -1.040306
v 2.220778 0.044656 -1.040306
v 3.019986 1.296727 -0.371738
v 2.435692 1.296727 -0.371738
v 3.019986 0.044656 0.056631
v 2.435692 0.044656 0.056631
v 2.220778 0.670692 -0.872028
v 3.019986 0.670692 -0.872028
v 3.019986 0.670692 -0.534686
v 2.220778 0.670692 -0.534686
v 2.220778 0.670692 -1.040306
v 3.019986 0.670692 -1.040306
v 3.019986 0.670692 0.056631
v 2.435692 0.670692 0.056631
v 0.274174 5.09175 3.727731
v 0.274174 5.09175 3.692061
v 0.243283 5.09175 3.674227
v 0.212392 5.09175 3.692061
v 0.243283 5.09175 3.745565
v 0.212392 5.09175 3.727731
v 0.172756 4.905162 3.750615
v 0.243283 4.905162 3.791333
v 0.172756 4.905162 3.669178
v 0.243283 4.905162 3.628459
v 0.31381 4.905162 3.669178
v 0.31381 4.905162 3.750615
v 0.31381 4.575866 3.750615
v 0.31381 4.575866 3.669178
v 0.243283 4.575866 3.628459
v 0.172756 4.575866 3.669178
v 0.243283 4.575866 3.791333
v 0.172756 4.575866 3.750615
v -0.121901 4.131821 3.920735
v 0.243283 4.131821 4.131574
v -0.121901 4.131821 3.499057
v 0.243283 4.131821 3.288218
v 0.608467 4.131821 3.499057
v 0.608467 4.131821 3.920735
v 0.608467 3.874467 3.920735
v 0.608467 3.874467 3.499057
v 0.243283 3.874467 3.288218
v -0.121901 3.874467 3.499057
v 0.243283 3.874467 3.499057
v 0.243283 3.874467 4.131574
v -0.121901 3.874467 3.920735
v 0.060691 3.874467 3.815316
v 0.243283 3.874467 3.920735
v 0.060691 3.874467 3.604477
v 0.243283 3.874467 3.499057
v 0.425875 3.874467 3.604477
v 0.425875 3.874467 3.815316
v 0.060691 3.74025 3.815315
v 0.243283 3.74025 3.920735
v 0.060691 3.74025 3.604476
v 0.243283 3.74025 3.499057
v 0.425875 3.74025 3.604476
v 0.425875 3.74025 3.815315
v -0.121901 3.464768 3.920735
v 0.243283 3.464768 4.131574
v -0.121901 3.464768 3.499057
v 0.243283 3.464768 3.288218
v 0.608467 3.464768 3.499057
v 0.608467 3.464768 3.920735
v -0.121901 3.196335 3.920735
v 0.243283 3.196335 4.131574
v -0.121901 3.196335 3.499057
v 0.243283 3.196335 3.288218
v 0.608467 3.196335 3.499057
v 0.608467 3.196335 3.920735
v 0.060691 3.196335 3.815316
v 0.243283 3.196335 3.920735
v 0.060691 3.196335 3.604477
v 0.243283 3.196335 3.499057
v 0.425875 3.196335 3.604477
v 0.425875 3.196335 3.815316
v 0.060691 3.062118 3.815316
v 0.243283 3.062118 3.920735
v 0.060691 3.062118 3.604477
v 0.243283 3.062118 3.499057
v 0.425875 3.062118 3.604477
v 0.425875 3.062118 3.815316
v -0.1219 2.810874 3.920736
v 0.243283 2.810874 4.131575
v -0.1219 2.810873 3.499058
v 0.243283 2.810873 3.288218
v 0.608467 2.810874 3.499058
v 0.608467 2.810874 3.920736
v -0.1219 2.54244 3.920736
v 0.243284 2.54244 4.131575
v -0.1219 2.54244 3.499058
v 0.243284 2.54244 3.288218
v 0.608467 2.54244 3.499058
v 0.608467 2.54244 3.920736
v 0.060692 2.54244 3.815316
v 0.243284 2.54244 3.920736
v 0.060692 2.54244 3.604477
v 0.243284 2.54244 3.499058
v 0.425876 2.54244 3.604477
v 0.425876 2.54244 3.815316
v 0.060692 2.408223 3.815316
v 0.243284 2.408223 3.920736
v 0.060692 2.408223 3.604477
v 0.243284 2.408223 3.499058
v 0.425876 2.408223 3.604477
v 0.425876 2.408223 3.815316
v -0.1219 2.047793 3.920736
v 0.243284 2.047794 4.131575
v -0.1219 2.047793 3.499058
v 0.243284 2.047793 3.288219
v 0.608468 2.047793 3.499058
v 0.608468 2.047794 3.920736
v 0.09721 2.047793 3.794232
v 0.243284 2.047793 3.878568
v 0.09721 2.047793 3.625561
v 0.243284 2.047793 3.541225
v 0.389357 2.047793 3.625561
v 0.389357 2.047794 3.794232
v 0.097211 1.807473 3.794232
v 0.243284 1.807473 3.878568
v 0.097211 1.807473 3.625561
v 0.243284 1.807473 3.541225
v 0.389358 1.807473 3.625561
v 0.389358 1.807473 3.794232
v -0.048863 1.296727 3.878568
v 0.243284 1.296727 4.047239
v -0.048863 1.296727 3.541225
v 0.243284 1.296727 3.372554
v 0.535432 1.296727 3.541225
v 0.535432 1.296727 3.878568
v -0.048863 0.044656 3.541225
v -0.048863 0.044656 3.878568
v 0.750346 0.044656 3.878568
v 0.750346 0.044656 3.541225
v -0.048863 1.296727 4.046846
v 0.535432 1.296727 4.046846
v -0.048863 0.044656 4.046846
v 0.750346 0.044656 4.046846
v -0.048863 1.296727 3.378278
v 0.535432 1.296727 3.378278
v -0.048863 0.044656 2.949909
v 0.535432 0.044656 2.949909
v 0.750346 0.670692 3.878568
v -0.048863 0.670692 3.878568
v -0.048863 0.670692 3.541226
v 0.750346 0.670692 3.541226
v 0.750346 0.670692 4.046846
v -0.048863 0.670692 4.046846
v -0.048863 0.670692 2.949909
v 0.535432 0.670692 2.949909
v 2.696949 5.09175 3.727731
v 2.696949 5.09175 3.692061
v 2.72784 5.09175 3.674227
v 2.758731 5.09175 3.692061
v 2.72784 5.09175 3.745565
v 2.758731 5.09175 3.727731
v 2.798367 4.905162 3.750615
v 2.72784 4.905162 3.791333
v 2.798367 4.905162 3.669178
v 2.72784 4.905162 3.628459
v 2.657314 4.905162 3.669178
v 2.657314 4.905162 3.750615
v 2.657314 4.575866 3.750615
v 2.657314 4.575866 3.669178
v 2.72784 4.575867 3.628459
v 2.798367 4.575867 3.669178
v 2.72784 4.575866 3.791333
v 2.798367 4.575866 3.750615
v 3.093024 4.131821 3.920735
v 2.72784 4.131821 4.131574
v 3.093024 4.131821 3.499057
v 2.72784 4.131821 3.288218
v 2.362656 4.131821 3.499057
v 2.362656 4.131821 3.920735
v 2.362656 3.874467 3.920735
v 2.362656 3.874467 3.499057
v 2.72784 3.874467 3.288218
v 3.093024 3.874467 3.499057
v 2.72784 3.874467 3.499057
v 2.72784 3.874467 4.131574
v 3.093024 3.874467 3.920735
v 2.910432 3.874467 3.815316
v 2.72784 3.874466 3.920735
v 2.910432 3.874467 3.604477
v 2.72784 3.874467 3.499057
v 2.545248 3.874466 3.604477
v 2.545248 3.874466 3.815316
v 2.910432 3.74025 3.815315
v 2.72784 3.74025 3.920735
v 2.910432 3.74025 3.604476
v 2.72784 3.74025 3.499057
v 2.545248 3.74025 3.604476
v 2.545248 3.74025 3.815315
v 3.093024 3.464768 3.920735
v 2.72784 3.464768 4.131574
v 3.093024 3.464768 3.499057
v 2.72784 3.464768 3.288218
v 2.362656 3.464768 3.499057
v 2.362656 3.464768 3.920735
v 3.093024 3.196335 3.920735
v 2.72784 3.196335 4.131574
v 3.093024 3.196334 3.499057
v 2.72784 3.196334 3.288218
v 2.362656 3.196335 3.499057
v 2.362656 3.196335 3.920735
v 2.910432 3.196335 3.815316
v 2.72784 3.196335 3.920735
v 2.910432 3.196335 3.604477
v 2.72784 3.196335 3.499057
v 2.545248 3.196335 3.604477
v 2.545248 3.196335 3.815316
v 2.910432 3.062118 3.815316
v 2.72784 3.062118 3.920735
v 2.910432 3.062118 3.604477
v 2.72784 3.062118 3.499057
v 2.545248 3.062118 3.604477
v 2.545248 3.062118 3.815316
v 3.093024 2.810873 3.920736
v 2.72784 2.810874 4.131575
v 3.093024 2.810873 3.499058
v 2.72784 2.810873 3.288218
v 2.362656 2.810873 3.499058
v 2.362656 2.810874 3.920736
v 3.093024 2.54244 3.920736
v 2.72784 2.54244 4.131575
v 3.093024 2.542439 3.499058
v 2.72784 2.54244 3.288218
v 2.362656 2.54244 3.499058
v 2.362656 2.54244 3.920736
v 2.910432 2.54244 3.815316
v 2.72784 2.54244 3.920736
v 2.910432 2.54244 3.604477
v 2.72784 2.54244 3.499058
v 2.545248 2.54244 3.604477
v 2.545248 2.54244 3.815316
v 2.910431 2.408223 3.815316
v 2.72784 2.408223 3.920736
v 2.910431 2.408223 3.604477
v 2.72784 2.408223 3.499058
v 2.545248 2.408223 3.604477
v 2.545248 2.408223 3.815316
v 3.093023 2.047793 3.920736
v 2.727839 2.047793 4.131575
v 3.093023 2.047793 3.499058
v 2.727839 2.047793 3.288219
v 2.362655 2.047793 3.499058
v 2.362655 2.047794 3.920736
v 2.873913 2.047793 3.794232
v 2.727839 2.047793 3.878568
v 2.873913 2.047793 3.625561
v 2.727839 2.047793 3.541225
v 2.581766 2.047793 3.625561
v 2.581766 2.047793 3.794232
v 2.873913 1.807473 3.794232
v 2.727839 1.807473 3.878568
v 2.873913 1.807473 3.625561
v 2.727839 1.807473 3.541225
v 2.581766 1.807473 3.625561
v 2.581766 1.807473 3.794232
v 3.019986 1.296727 3.878568
v 2.727839 1.296727 4.047239
v 3.019986 1.296727 3.541225
v 2.727839 1.296727 3.372554
v 2.435692 1.296727 3.541225
v 2.435692 1.296727 3.878568
v 3.019986 0.044656 3.541225
v 3.019986 0.044656 3.878568
v 2.220778 0.044656 3.878568
v 2.220778 0.044656 3.541225
v 3.019986 1.296727 4.046846
v 2.435692 1.296727 4.046846
v 3.019986 0.044656 4.046846
v 2.220778 0.044656 4.046846
v 3.019986 1.296727 3.378278
v 2.435692 1.296727 3.378278
v 3.019986 0.044656 2.949909
v 2.435692 0.044656 2.949909
v 2.220778 0.670692 3.878568
v 3.019986 0.670692 3.878568
v 3.019986 0.670691 3.541226
v 2.220778 0.670692 3.541226
v 2.220778 0.670692 4.046846
v 3.019986 0.670692 4.046846
v 3.019986 0.670691 2.949909
v 2.435692 0.670692 2.949909
v 2.784436 1.004283 1.013079
v 2.027705 1.004283 1.013079
v 2.784436 1.249379 1.078752
v 2.027705 1.249379 1.078752
v 2.784436 1.428801 1.258175
v 2.027705 1.428801 1.258174
v 2.784436 1.494474 1.50327
v 2.027705 1.494474 1.50327
v 2.784436 1.428801 1.748365
v 2.027705 1.428801 1.748365
v 2.784435 1.249379 1.927788
v 2.027705 1.249379 1.927788
v 2.784435 1.004283 1.993461
v 2.027705 1.004283 1.993461
v 2.784435 0.759188 1.927788
v 2.027705 0.759188 1.927788
v 2.784435 0.579765 1.748365
v 2.027705 0.579766 1.748365
v 2.784435 0.514092 1.50327
v 2.027705 0.514092 1.50327
v 2.784435 0.579765 1.258175
v 2.027705 0.579766 1.258174
v 2.784435 0.759188 1.078752
v 2.027705 0.759188 1.078752
v 1.871257 0.157887 1.849708
v 2.940883 0.157886 1.849709
v 2.940883 0.15861 1.50327
v 1.871257 0.15861 1.50327
v 2.940883 0.157886 1.156831
v 1.871257 0.157887 1.156831
v 2.926577 1.004283 1.013079
v 2.926577 1.249379 1.078752
v 2.926577 1.428801 1.258175
v 2.926577 1.494474 1.50327
v 2.926577 1.428801 1.748365
v 2.926577 1.249379 1.927788
v 2.926577 1.004283 1.993461
v 2.926577 0.759188 1.927788
v 2.926577 0.579765 1.748365
v 2.926577 0.514092 1.50327
v 2.926577 0.579765 1.258175
v 2.926577 0.759188 1.078752
v 3.002683 1.004283 1.184646
v 3.002683 1.163595 1.227334
v 3.002683 1.28022 1.343958
v 3.002683 1.322907 1.50327
v 3.002683 1.28022 1.662582
v 3.002683 1.163595 1.779207
v 3.002683 1.004283 1.821894
v 3.002683 0.844971 1.779207
v 3.002683 0.728347 1.662582
v 3.002683 0.685659 1.50327
v 3.002683 0.728347 1.343958
v 3.002683 0.844971 1.227334
v 1.88111 1.249379 1.078752
v 1.88111 1.004283 1.013079
v 1.88111 1.428801 1.258174
v 1.88111 1.494474 1.50327
v 1.88111 1.428801 1.748365
v 1.88111 1.249379 1.927788
v 1.88111 1.004283 1.993461
v 1.88111 0.759188 1.927788
v 1.88111 0.579766 1.748365
v 1.88111 0.514092 1.50327
v 1.88111 0.579766 1.258174
v 1.88111 0.759188 1.078752
v 1.818932 1.160387 1.23289
v 1.818932 1.004283 1.191062
v 1.818932 1.274663 1.347166
v 1.818932 1.316491 1.50327
v 1.818932 1.274663 1.659374
v 1.818932 1.160387 1.77365
v 1.818932 1.004283 1.815478
v 1.818932 0.848179 1.77365
v 1.818932 0.733903 1.659374
v 1.818932 0.692076 1.50327
v 1.818932 0.733903 1.347166
v 1.818932 0.848179 1.23289
v 2.027705 0.423052 1.258174
v 2.027705 0.416824 1.50327
v 2.784435 0.423052 1.748365
v 2.784435 0.417897 1.50327
v 2.784435 0.423052 1.258175
v 2.027705 0.423052 1.748365
v 1.871257 0.308572 1.156831
v 2.940883 0.308571 1.849709
v 2.940884 0.308571 1.156831
v 1.871257 0.300959 1.50327
v 2.940883 0.302286 1.50327
v 1.871257 0.308572 1.849708
vt 0.612127 0.259674
vt 0.677642 0.257516
vt 0.677642 0.421054
vt 0.612128 0.432984
vt 0.940167 0.808959
vt 0.873957 0.81052
vt 0.873957 0.739473
vt 0.940167 0.732346
vt 0.358985 0.383286
vt 0.132986 0.374127
vt 0.132986 0.144801
vt 0.358985 0.144801
vt 0.779633 0.690311
vt 0.85068 0.690311
vt 0.85068 0.853849
vt 0.779633 0.853849
vt 0.701336 0.011639
vt 0.766851 0.023569
vt 0.766851 0.187106
vt 0.701336 0.187181
vt 0.01785 0.858472
vt 0.088898 0.858472
vt 0.089617 0.885264
vt 0.039231 0.885264
vt 0.358985 0.422207
vt 0.132986 0.422207
vt 0.612127 0.223961
vt 0.6778 0.223961
vt 0.011639 0.422208
vt 0.011639 0.386495
vt 0.467503 0.144801
vt 0.58885 0.213184
vt 0.58885 0.388727
vt 0.467503 0.389154
vt 0.350035 0.011639
vt 0.426648 0.011639
vt 0.011639 0.213184
vt 0.173841 0.011639
vt 0.467503 0.422208
vt 0.612127 0.656756
vt 0.779633 0.655268
vt 0.612127 0.690311
vt 0.612127 0.853849
vt 0.940167 0.985153
vt 0.873957 0.978025
vt 0.089617 0.899316
vt 0.039231 0.899316
vt 0.011639 0.899775
vt 0.011639 0.864926
vt 0.988654 0.03106
vt 0.988026 0.171403
vt 0.790545 0.171403
vt 0.79117 0.031838
vt 0.988026 0.24245
vt 0.790545 0.24245
vt 0.107073 0.864926
vt 0.107073 0.899775
vt 0.988158 0.277493
vt 0.790676 0.277298
vt 0.58885 0.422208
vt 0.767015 0.222149
vt 0.701336 0.220662
vt 0.36182 0.749697
vt 0.37533 0.749697
vt 0.371534 0.774884
vt 0.365616 0.774884
vt 0.44254 0.839829
vt 0.429202 0.840711
vt 0.429309 0.81561
vt 0.435421 0.814762
vt 0.37533 0.810321
vt 0.36182 0.810321
vt 0.365616 0.785134
vt 0.371534 0.785134
vt 0.441946 0.731544
vt 0.428688 0.732737
vt 0.428581 0.707636
vt 0.434525 0.706788
vt 0.41535 0.731854
vt 0.422469 0.706788
vt 0.415944 0.839518
vt 0.423365 0.814762
vt 0.37533 0.85323
vt 0.36182 0.85323
vt 0.442771 0.882875
vt 0.429217 0.882947
vt 0.36182 0.706788
vt 0.37533 0.706788
vt 0.41512 0.882818
vt 0.428673 0.774973
vt 0.41512 0.7749
vt 0.442771 0.774843
vt 0.701571 0.491464
vt 0.765425 0.514038
vt 0.72653 0.586391
vt 0.71166 0.58265
vt 0.806021 0.554466
vt 0.738328 0.596098
vt 0.820691 0.609297
vt 0.807468 0.664671
vt 0.738659 0.624416
vt 0.743479 0.610199
vt 0.767617 0.707402
vt 0.727047 0.634402
vt 0.701571 0.730959
vt 0.711376 0.637127
vt 0.834103 0.535768
vt 0.858176 0.608782
vt 0.7859 0.733764
vt 0.716948 0.766674
vt 0.71464 0.459339
vt 0.781654 0.486602
vt 0.836192 0.682425
vt 0.743198 0.437137
vt 0.776706 0.450768
vt 0.816056 0.476183
vt 0.842281 0.500766
vt 0.304541 0.811723
vt 0.304541 0.776745
vt 0.322031 0.776745
vt 0.322031 0.811723
vt 0.884568 0.636712
vt 0.873576 0.673533
vt 0.84585 0.717036
vt 0.820704 0.742706
vt 0.782912 0.771849
vt 0.748436 0.788304
vt 0.304541 0.88168
vt 0.322031 0.88168
vt 0.322031 0.916658
vt 0.304541 0.916658
vt 0.608466 0.172137
vt 0.600504 0.208953
vt 0.552358 0.20656
vt 0.566039 0.150728
vt 0.871737 0.543598
vt 0.883773 0.580105
vt 0.304541 0.846702
vt 0.322031 0.846702
vt 0.304541 0.741766
vt 0.322031 0.741766
vt 0.304541 0.706788
vt 0.322031 0.706788
vt 0.562263 0.263645
vt 0.5312 0.277337
vt 0.518381 0.207042
vt 0.608133 0.246255
vt 0.630515 0.277871
vt 0.593996 0.313846
vt 0.665586 0.127123
vt 0.630881 0.142142
vt 0.602172 0.105038
vt 0.66277 0.07301
vt 0.665586 0.298153
vt 0.650461 0.356078
vt 0.534471 0.137408
vt 0.492252 0.182666
vt 0.500297 0.147849
vt 0.626773 0.384541
vt 0.569847 0.337166
vt 0.577435 0.079059
vt 0.642533 0.037757
vt 0.207474 0.811723
vt 0.207474 0.846702
vt 0.189985 0.846702
vt 0.189985 0.811723
vt 0.534278 0.338943
vt 0.514955 0.309029
vt 0.575825 0.040546
vt 0.608375 0.019895
vt 0.497556 0.265314
vt 0.491147 0.230166
vt 0.592027 0.397348
vt 0.563564 0.37366
vt 0.519946 0.104217
vt 0.541428 0.075043
vt 0.547579 0.663012
vt 0.553988 0.625466
vt 0.60108 0.625861
vt 0.589052 0.682313
vt 0.207474 0.88168
vt 0.207474 0.916658
vt 0.189985 0.916658
vt 0.189985 0.88168
vt 0.207474 0.741766
vt 0.207474 0.776745
vt 0.189985 0.776745
vt 0.189985 0.741766
vt 0.207474 0.706788
vt 0.189985 0.706788
vt 0.590532 0.568061
vt 0.619947 0.5557
vt 0.634757 0.624365
vt 0.543898 0.587556
vt 0.524057 0.553789
vt 0.555282 0.520522
vt 0.491147 0.709371
vt 0.525941 0.693831
vt 0.554066 0.728825
vt 0.493567 0.76151
vt 0.491147 0.5346
vt 0.499161 0.48304
vt 0.581032 0.495285
vt 0.616921 0.493538
vt 0.636378 0.523746
vt 0.520433 0.45274
vt 0.621139 0.694639
vt 0.579495 0.754447
vt 0.514396 0.796915
vt 0.264752 0.88168
vt 0.264752 0.916658
vt 0.247263 0.916658
vt 0.247263 0.88168
vt 0.58161 0.793253
vt 0.54906 0.814487
vt 0.653382 0.566453
vt 0.660787 0.600786
vt 0.554005 0.437137
vt 0.584304 0.458409
vt 0.636625 0.727623
vt 0.615803 0.757527
vt 0.661782 0.64783
vt 0.654973 0.682968
vt 0.865345 0.111806
vt 0.830418 0.113708
vt 0.809917 0.058854
vt 0.87977 0.055051
vt 0.264752 0.741766
vt 0.264752 0.776745
vt 0.247263 0.776745
vt 0.247263 0.741766
vt 0.264752 0.811723
vt 0.247263 0.811723
vt 0.264752 0.846702
vt 0.247263 0.846702
vt 0.264752 0.706788
vt 0.247263 0.706788
vt 0.754692 0.101798
vt 0.748945 0.060219
vt 0.771035 0.043041
vt 0.79236 0.168562
vt 0.802806 0.201944
vt 0.754692 0.235326
vt 0.733799 0.168562
vt 0.830418 0.223416
vt 0.865345 0.225318
vt 0.87977 0.282074
vt 0.809917 0.278271
vt 0.802806 0.13518
vt 0.041739 0.842427
vt 0.039307 0.817921
vt 0.069234 0.811764
vt 0.073694 0.842546
vt 0.705376 0.137677
vt 0.713733 0.110971
vt 0.771035 0.294083
vt 0.748945 0.276905
vt 0.828897 0.021416
vt 0.856838 0.019895
vt 0.713733 0.226153
vt 0.705376 0.199448
vt 0.856838 0.31723
vt 0.828897 0.315708
vt 0.071081 0.874206
vt 0.150196 0.844373
vt 0.143631 0.894718
vt 0.031379 0.794033
vt 0.019895 0.769579
vt 0.047261 0.756727
vt 0.061077 0.782141
vt 0.031251 0.892422
vt 0.039 0.867528
vt 0.062055 0.904436
vt 0.019895 0.917557
vt 0.048023 0.930265
vt 0.124783 0.746314
vt 0.14368 0.793274
vt 0.124677 0.941123
vt 0.093952 0.980105
vt 0.094076 0.706788
vt 0.101646 0.293378
vt 0.183384 0.293384
vt 0.18339 0.321347
vt 0.101646 0.321354
vt 0.183568 0.568752
vt 0.183528 0.512703
vt 0.316316 0.512607
vt 0.316356 0.568657
vt 0.101647 0.237292
vt 0.019895 0.293376
vt 0.019895 0.237288
vt 0.019902 0.13897
vt 0.101659 0.138976
vt 0.368898 0.292937
vt 0.368027 0.238031
vt 0.448337 0.23383
vt 0.450573 0.290505
vt 0.183449 0.403045
vt 0.316237 0.40295
vt 0.316296 0.484648
vt 0.183508 0.484743
vt 0.280399 0.293379
vt 0.280471 0.321277
vt 0.451358 0.318553
vt 0.3694 0.320845
vt 0.280775 0.10184
vt 0.183557 0.101708
vt 0.183668 0.019895
vt 0.280886 0.020026
vt 0.280719 0.666929
vt 0.183638 0.666999
vt 0.280445 0.237527
vt 0.183387 0.237313
vt 0.18341 0.210214
vt 0.280628 0.210346
vt 0.359866 0.135549
vt 0.441098 0.129892
vt 0.019895 0.321354
vt 0.374493 0.780009
vt 0.362658 0.780009
vt 0.218762 0.111768
vt 0.432338 0.112332
vt 0.432192 0.16761
vt 0.218616 0.167045
vt 0.432046 0.222887
vt 0.21847 0.222323
vt 0.431899 0.278164
vt 0.218324 0.2776
vt 0.431753 0.333442
vt 0.218178 0.332877
vt 0.431607 0.388719
vt 0.218032 0.388155
vt 0.431461 0.443997
vt 0.217886 0.443432
vt 0.431315 0.499274
vt 0.21774 0.49871
vt 0.431169 0.554551
vt 0.217593 0.553987
vt 0.823125 0.451815
vt 0.747566 0.453015
vt 0.747611 0.420256
vt 0.823128 0.420458
vt 0.823103 0.087077
vt 0.898681 0.085633
vt 0.898622 0.11838
vt 0.823099 0.118155
vt 0.472835 0.444106
vt 0.472689 0.499383
vt 0.219055 0.001213
vt 0.43263 0.001777
vt 0.432484 0.057055
vt 0.218908 0.05649
vt 0.177768 0.443326
vt 0.177914 0.388049
vt 0.747611 0.118373
vt 0.898613 0.420261
vt 0.931448 0.118381
vt 0.931439 0.420262
vt 0.898664 0.45301
vt 0.747546 0.085638
vt 0.714784 0.420256
vt 0.714784 0.118373
vt 0.178353 0.222217
vt 0.178207 0.277494
vt 0.136223 0.267709
vt 0.136318 0.231779
vt 0.178061 0.332771
vt 0.178645 0.111662
vt 0.178791 0.056384
vt 0.178499 0.166939
vt 0.178937 0.001107
vt 0.217447 0.609264
vt 0.217301 0.664542
vt 0.177184 0.664436
vt 0.17733 0.609158
vt 0.177476 0.553881
vt 0.177622 0.498604
vt 0.085989 0.703603
vt 0.050059 0.703508
vt 0.01899 0.685461
vt 0.001107 0.654297
vt 0.001202 0.618366
vt 0.019249 0.587297
vt 0.050413 0.569414
vt 0.086344 0.569509
vt 0.117413 0.587557
vt 0.135296 0.618721
vt 0.135201 0.654651
vt 0.117153 0.68572
vt 0.135639 0.488819
vt 0.135734 0.452889
vt 0.136077 0.322987
vt 0.136172 0.287056
vt 0.136808 0.0466
vt 0.136903 0.010669
vt 0.136516 0.157155
vt 0.136611 0.121224
vt 0.135493 0.544096
vt 0.135588 0.508166
vt 0.135931 0.378264
vt 0.136026 0.342334
vt 0.136662 0.101877
vt 0.136757 0.065947
vt 0.136369 0.212432
vt 0.136464 0.176502
vt 0.135347 0.599374
vt 0.135442 0.563443
vt 0.135785 0.433542
vt 0.13588 0.397611
vt 0.472251 0.665216
vt 0.472397 0.609938
vt 0.51373 0.620083
vt 0.513637 0.65529
vt 0.472981 0.388829
vt 0.473128 0.333551
vt 0.473274 0.278274
vt 0.473858 0.057164
vt 0.473712 0.112442
vt 0.473566 0.167719
vt 0.47342 0.222996
vt 0.474004 0.001887
vt 0.430877 0.665106
vt 0.431023 0.609829
vt 0.472543 0.554661
vt 0.59681 0.703603
vt 0.561603 0.70351
vt 0.53116 0.685826
vt 0.531414 0.589639
vt 0.561951 0.572117
vt 0.597158 0.57221
vt 0.627601 0.589894
vt 0.645124 0.62043
vt 0.645031 0.655637
vt 0.627347 0.68608
vt 0.514169 0.454251
vt 0.514076 0.489457
vt 0.514607 0.288419
vt 0.514514 0.323625
vt 0.515338 0.012031
vt 0.515244 0.047238
vt 0.515045 0.122586
vt 0.514952 0.157793
vt 0.514023 0.509528
vt 0.513929 0.544735
vt 0.514461 0.343696
vt 0.514368 0.378903
vt 0.515191 0.067309
vt 0.515098 0.102516
vt 0.514899 0.177864
vt 0.514806 0.21307
vt 0.513876 0.564805
vt 0.513783 0.600012
vt 0.514315 0.398973
vt 0.514222 0.43418
vt 0.514753 0.233141
vt 0.51466 0.268348
vt 0.647338 0.376101
vt 0.647338 0.162528
vt 0.681477 0.162528
vt 0.681477 0.376101
vt 0.769734 0.001119
vt 0.8231 0.015118
vt 0.823102 0.036239
vt 0.769913 0.035194
vt 0.876495 0.537578
vt 0.823128 0.523528
vt 0.823126 0.502629
vt 0.876346 0.503495
vt 0.998893 0.162537
vt 0.998887 0.376109
vt 0.964747 0.376108
vt 0.964754 0.162536
vt 0.876469 0.001107
vt 0.876297 0.035184
vt 0.769759 0.53759
vt 0.769901 0.503505
vn -0.9769 0.2138 0
vn 0 0.344 -0.939
vn 0 -1 0
vn 0 1 0
vn 0.9769 0.2138 0
vn 0 0.9204 0.3909
vn -0.9769 0.2136 -0.0002
vn 0.8134 0.5817 0
vn -0.8134 0.5817 0
vn 0 0.7674 0.6411
vn 0 1 -0.0024
vn 0 1 -0.0026
vn -0.3777 0.9259 -0.0023
vn -1 0 0
vn 0 0.0019 1
vn 0.9966 -0.0822 0.0002
vn 1 0 0
vn 0.9769 0.2136 -0.0003
vn 0 0.344 0.939
vn 0 0.9204 -0.3909
vn -0.9769 0.2136 0.0002
vn 0 0.7674 -0.6411
vn 0 1 0.0024
vn 0 1 0.0026
vn -0.3777 0.9259 0.0023
vn 0 0.0019 -1
vn 0.9966 -0.0822 -0.0002
vn 0.9769 0.2136 0.0003
vn -0.4891 0.2078 0.8471
vn 0.4891 0.2078 0.8471
vn 0.4891 0.2078 -0.8471
vn -0.4891 0.2078 -0.8471
vn -0.9782 0.2078 0
vn 0.9782 0.2078 0
vn 0.5 0 -0.866
vn 0.5 0 0.866
vn -0.5 0 0.866
vn 1 0 0
vn -1 0 0
vn -0.5 0 -0.866
vn -0.4166 0.5529 0.7216
vn 0.4166 0.5529 0.7216
vn 0.4166 0.5529 -0.7216
vn -0.4166 0.5529 -0.7216
vn -0.8332 0.5529 0
vn 0.8332 0.5529 0
vn 0 -1 0
vn 0.4168 0.5525 -0.7219
vn 0.4168 0.5525 0.7219
vn -0.8335 0.5525 0
vn 0.8335 0.5525 0
vn -0.4168 0.5525 0.7219
vn -0.4168 0.5525 -0.7219
vn 0.4045 0.5879 -0.7006
vn 0.4045 0.5879 0.7006
vn -0.8089 0.5879 0
vn 0.8089 0.5879 0
vn -0.4045 0.5879 0.7006
vn -0.4045 0.5879 -0.7006
vn -0.8921 0.4519 0
vn 0.8921 0.4519 0
vn -0.446 0.4519 0.7725
vn -0.446 0.4519 -0.7725
vn 0.446 0.4519 -0.7725
vn 0.446 0.4519 0.7725
vn 0.4807 0.275 -0.8326
vn 0.4807 0.275 0.8326
vn -0.9615 0.275 0
vn 0.9615 0.275 0
vn -0.4807 0.275 0.8326
vn -0.4807 0.275 -0.8326
vn 0 0 -1
vn 0 1 0
vn 0 0 1
vn 0.931 0.2506 0.2653
vn 0.9398 0 0.3416
vn 0 0.5647 0.8253
vn 0.9458 0.3247 0
vn -0.931 0.2506 0.2653
vn -0.9398 0 0.3416
vn -0.9458 0.3247 0
vn 0.931 0.2506 -0.2653
vn 0.9398 0 -0.3416
vn 0 0.5647 -0.8253
vn -0.931 0.2506 -0.2653
vn -0.9398 0 -0.3416
vn 0 0.2588 -0.9659
vn 0 0.7071 -0.7071
vn 0 0.9659 -0.2588
vn 0 0.9659 0.2588
vn 0 0.7071 0.7071
vn 0 0.2588 0.9659
vn 0 -0.2588 0.9659
vn 0 -0.7071 0.7071
vn 1 0 0
vn -1 0 0
vn 0 -0.7071 -0.7071
vn 0 -0.2588 -0.9659
vn 0 -1 -0.0021
vn 0 -1 0.0021
vn 0 0 -1
vn 0 0 1
vn 0.9088 0.4031 -0.108
vn 0 -0.9659 -0.2588
vn 0 -0.9659 0.2588
vn 0.9088 -0.4031 -0.108
vn 0.9088 -0.108 0.4031
vn 0.9088 0.4031 0.108
vn 0.9088 -0.2951 -0.2951
vn 0.9088 0.108 -0.4031
vn 0.9088 -0.2951 0.2951
vn 0.9088 0.2951 0.2951
vn 0.9088 -0.108 -0.4031
vn 0.9088 0.2951 -0.2951
vn 0.9088 -0.4031 0.108
vn 0.9088 0.108 0.4031
vn -0.9404 -0.3285 -0.088
vn -0.9404 -0.088 0.3285
vn -0.9404 0.3285 0.088
vn -0.9404 -0.2405 -0.2405
vn -0.9404 0.088 -0.3285
vn -0.9404 -0.2405 0.2405
vn -0.9404 0.2405 0.2405
vn -0.9404 -0.088 -0.3285
vn -0.9404 0.2405 -0.2405
vn -0.9404 -0.3285 0.088
vn -0.9404 0.088 0.3285
vn -0.9404 0.3285 -0.088
vn 0 0.6628 0.7488
vn -0.5967 0.8023 -0.0188
vn 0.5956 0.8031 0.0155
vn 0 0.6628 -0.7488
vn -0.5967 0.8023 0.0188
vn 0.5956 0.8031 -0.0155
s off
usemtl Material
f 12/1/1 6/2/1 4/3/1
f 12/1/1 4/3/1 10/4/1
f 17/5/2 14/6/2 2/7/2
f 17/5/2 2/7/2 9/8/2
f 16/9/3 8/10/3 3/11/3
f 16/9/3 3/11/3 13/12/3
f 15/13/4 7/14/4 2/15/4
f 15/13/4 2/15/4 14/16/4
f 9/17/5 2/18/5 7/19/5
f 9/17/5 7/19/5 11/20/5
f 21/21/6 20/22/6 19/23/6
f 21/21/6 19/23/6 18/24/6
f 28/25/3 23/26/3 8/10/3
f 28/25/3 8/10/3 16/9/3
f 26/27/7 25/28/7 6/2/7
f 26/27/7 6/2/7 12/1/7
f 23/26/8 26/29/8 12/30/8
f 23/26/8 12/30/8 8/10/8
f 1/31/9 9/32/9 11/33/9
f 1/31/9 11/33/9 5/34/9
f 13/12/10 17/35/10 9/36/10
f 13/12/10 9/36/10 1/31/10
f 8/10/8 12/30/8 10/37/8
f 8/10/8 10/37/8 3/11/8
f 3/11/10 10/38/10 17/35/10
f 3/11/10 17/35/10 13/12/10
f 24/39/3 28/25/3 16/9/3
f 24/39/3 16/9/3 5/34/3
f 25/40/11 29/41/11 15/13/11
f 25/40/11 15/13/11 6/42/11
f 6/42/4 15/13/4 14/16/4
f 6/42/4 14/16/4 4/43/4
f 5/34/3 16/9/3 13/12/3
f 5/34/3 13/12/3 1/31/3
f 10/44/2 4/45/2 14/6/2
f 10/44/2 14/6/2 17/5/2
f 31/46/12 30/47/12 18/24/12
f 31/46/12 18/24/12 19/23/12
f 33/48/13 21/49/13 18/24/13
f 33/48/13 18/24/13 30/47/13
f 22/50/14 7/51/14 21/52/14
f 22/50/14 21/52/14 33/53/14
f 7/51/15 15/54/15 20/55/15
f 7/51/15 20/55/15 21/52/15
f 20/56/16 32/57/16 31/46/16
f 20/56/16 31/46/16 19/23/16
f 15/54/17 29/58/17 32/59/17
f 15/54/17 32/59/17 20/55/17
f 5/34/9 11/33/9 27/60/9
f 5/34/9 27/60/9 24/39/9
f 11/20/18 7/19/18 22/61/18
f 11/20/18 22/61/18 27/62/18
f 45/1/1 43/4/1 37/3/1
f 45/1/1 37/3/1 39/2/1
f 50/5/19 42/8/19 35/7/19
f 50/5/19 35/7/19 47/6/19
f 49/9/3 46/12/3 36/11/3
f 49/9/3 36/11/3 41/10/3
f 48/13/4 47/16/4 35/15/4
f 48/13/4 35/15/4 40/14/4
f 42/17/5 44/20/5 40/19/5
f 42/17/5 40/19/5 35/18/5
f 54/21/20 51/24/20 52/23/20
f 54/21/20 52/23/20 53/22/20
f 28/25/3 49/9/3 41/10/3
f 28/25/3 41/10/3 23/26/3
f 26/27/21 45/1/21 39/2/21
f 26/27/21 39/2/21 25/28/21
f 23/26/8 41/10/8 45/30/8
f 23/26/8 45/30/8 26/29/8
f 34/31/9 38/34/9 44/33/9
f 34/31/9 44/33/9 42/32/9
f 46/12/22 34/31/22 42/36/22
f 46/12/22 42/36/22 50/35/22
f 41/10/8 36/11/8 43/37/8
f 41/10/8 43/37/8 45/30/8
f 36/11/22 46/12/22 50/35/22
f 36/11/22 50/35/22 43/38/22
f 24/39/3 38/34/3 49/9/3
f 24/39/3 49/9/3 28/25/3
f 25/40/23 39/42/23 48/13/23
f 25/40/23 48/13/23 29/41/23
f 39/42/4 37/43/4 47/16/4
f 39/42/4 47/16/4 48/13/4
f 38/34/3 34/31/3 46/12/3
f 38/34/3 46/12/3 49/9/3
f 43/44/19 50/5/19 47/6/19
f 43/44/19 47/6/19 37/45/19
f 31/46/24 52/23/24 51/24/24
f 31/46/24 51/24/24 30/47/24
f 33/48/25 30/47/25 51/24/25
f 33/48/25 51/24/25 54/49/25
f 22/50/14 33/53/14 54/52/14
f 22/50/14 54/52/14 40/51/14
f 40/51/26 54/52/26 53/55/26
f 40/51/26 53/55/26 48/54/26
f 53/56/27 52/23/27 31/46/27
f 53/56/27 31/46/27 32/57/27
f 48/54/17 53/55/17 32/59/17
f 48/54/17 32/59/17 29/58/17
f 38/34/9 24/39/9 27/60/9
f 38/34/9 27/60/9 44/33/9
f 44/20/28 27/62/28 22/61/28
f 44/20/28 22/61/28 40/19/28
usemtl Material.005
f 63/63/29 64/64/29 57/65/29
f 63/63/29 57/65/29 58/66/29
f 64/67/30 65/68/30 56/69/30
f 64/67/30 56/69/30 57/70/30
f 66/71/31 62/72/31 59/73/31
f 66/71/31 59/73/31 55/74/31
f 62/75/32 61/76/32 60/77/32
f 62/75/32 60/77/32 59/78/32
f 61/76/33 63/79/33 58/80/33
f 61/76/33 58/80/33 60/77/33
f 65/68/34 66/81/34 55/82/34
f 65/68/34 55/82/34 56/69/34
f 67/83/35 71/84/35 62/72/35
f 67/83/35 62/72/35 66/71/35
f 69/85/36 68/86/36 65/68/36
f 69/85/36 65/68/36 64/67/36
f 70/87/37 69/88/37 64/64/37
f 70/87/37 64/64/37 63/63/37
f 68/86/38 67/89/38 66/81/38
f 68/86/38 66/81/38 65/68/38
f 72/90/39 70/91/39 63/79/39
f 72/90/39 63/79/39 61/76/39
f 71/92/40 72/90/40 61/76/40
f 71/92/40 61/76/40 62/75/40
f 75/93/41 76/94/41 69/95/41
f 75/93/41 69/95/41 70/96/41
f 76/94/42 77/97/42 68/98/42
f 76/94/42 68/98/42 69/95/42
f 78/99/43 74/100/43 71/101/43
f 78/99/43 71/101/43 67/102/43
f 74/100/44 73/103/44 72/104/44
f 74/100/44 72/104/44 71/101/44
f 73/103/45 75/105/45 70/106/45
f 73/103/45 70/106/45 72/104/45
f 77/97/46 78/99/46 67/102/46
f 77/97/46 67/102/46 68/98/46
f 80/107/38 79/108/38 78/99/38
f 80/107/38 78/99/38 77/97/38
f 85/109/39 82/110/39 75/105/39
f 85/109/39 75/105/39 73/103/39
f 82/111/37 81/112/37 76/94/37
f 82/111/37 76/94/37 75/93/37
f 79/108/35 84/113/35 74/100/35
f 79/108/35 74/100/35 78/99/35
f 81/112/36 80/107/36 77/97/36
f 81/112/36 77/97/36 76/94/36
f 84/113/40 85/109/40 73/103/40
f 84/113/40 73/103/40 74/100/40
f 88/114/47 89/115/47 81/112/47
f 88/114/47 81/112/47 82/111/47
f 89/116/47 90/117/47 80/107/47
f 89/116/47 80/107/47 81/112/47
f 91/118/38 90/119/38 96/120/38
f 91/118/38 96/120/38 97/121/38
f 91/122/47 87/123/47 84/113/47
f 91/122/47 84/113/47 79/108/47
f 87/124/47 86/125/47 85/109/47
f 87/124/47 85/109/47 84/113/47
f 86/126/47 88/127/47 82/110/47
f 86/126/47 82/110/47 85/109/47
f 86/128/39 92/129/39 94/130/39
f 86/128/39 94/130/39 88/131/39
f 93/132/48 97/133/48 103/134/48
f 93/132/48 103/134/48 99/135/48
f 90/136/47 91/137/47 79/108/47
f 90/136/47 79/108/47 80/107/47
f 86/128/40 87/138/40 93/139/40
f 86/128/40 93/139/40 92/129/40
f 87/138/35 91/118/35 97/121/35
f 87/138/35 97/121/35 93/139/35
f 90/119/36 89/140/36 95/141/36
f 90/119/36 95/141/36 96/120/36
f 88/142/37 94/143/37 95/141/37
f 88/142/37 95/141/37 89/140/37
f 103/134/38 102/144/38 108/145/38
f 103/134/38 108/145/38 109/146/38
f 96/147/49 95/148/49 101/149/49
f 96/147/49 101/149/49 102/144/49
f 94/150/50 92/151/50 98/152/50
f 94/150/50 98/152/50 100/153/50
f 97/133/51 96/147/51 102/144/51
f 97/133/51 102/144/51 103/134/51
f 95/148/52 94/154/52 100/155/52
f 95/148/52 100/155/52 101/149/52
f 92/151/53 93/132/53 99/135/53
f 92/151/53 99/135/53 98/152/53
f 105/156/47 109/146/47 115/157/47
f 105/156/47 115/157/47 111/158/47
f 101/149/37 100/155/37 106/159/37
f 101/149/37 106/159/37 107/160/37
f 98/152/40 99/135/40 105/156/40
f 98/152/40 105/156/40 104/161/40
f 99/135/35 103/134/35 109/146/35
f 99/135/35 109/146/35 105/156/35
f 102/144/36 101/149/36 107/160/36
f 102/144/36 107/160/36 108/145/36
f 100/153/39 98/152/39 104/161/39
f 100/153/39 104/161/39 106/162/39
f 115/163/38 114/164/38 120/165/38
f 115/163/38 120/165/38 121/166/38
f 108/145/47 107/160/47 113/167/47
f 108/145/47 113/167/47 114/168/47
f 106/162/47 104/161/47 110/169/47
f 106/162/47 110/169/47 112/170/47
f 109/146/47 108/145/47 114/171/47
f 109/146/47 114/171/47 115/172/47
f 107/160/47 106/159/47 112/173/47
f 107/160/47 112/173/47 113/174/47
f 104/161/47 105/156/47 111/175/47
f 104/161/47 111/175/47 110/176/47
f 117/177/54 121/178/54 127/179/54
f 117/177/54 127/179/54 123/180/54
f 113/181/37 112/182/37 118/183/37
f 113/181/37 118/183/37 119/184/37
f 110/185/40 111/186/40 117/187/40
f 110/185/40 117/187/40 116/188/40
f 111/186/35 115/163/35 121/166/35
f 111/186/35 121/166/35 117/187/35
f 114/164/36 113/181/36 119/184/36
f 114/164/36 119/184/36 120/165/36
f 112/189/39 110/185/39 116/188/39
f 112/189/39 116/188/39 118/190/39
f 127/179/38 126/191/38 132/192/38
f 127/179/38 132/192/38 133/193/38
f 120/194/55 119/195/55 125/196/55
f 120/194/55 125/196/55 126/191/55
f 118/197/56 116/198/56 122/199/56
f 118/197/56 122/199/56 124/200/56
f 121/178/57 120/194/57 126/191/57
f 121/178/57 126/191/57 127/179/57
f 119/195/58 118/201/58 124/202/58
f 119/195/58 124/202/58 125/196/58
f 116/198/59 117/177/59 123/180/59
f 116/198/59 123/180/59 122/199/59
f 132/192/47 131/203/47 137/204/47
f 132/192/47 137/204/47 138/205/47
f 125/196/37 124/202/37 130/206/37
f 125/196/37 130/206/37 131/203/37
f 122/199/40 123/180/40 129/207/40
f 122/199/40 129/207/40 128/208/40
f 123/180/35 127/179/35 133/193/35
f 123/180/35 133/193/35 129/207/35
f 126/191/36 125/196/36 131/203/36
f 126/191/36 131/203/36 132/192/36
f 124/200/39 122/199/39 128/208/39
f 124/200/39 128/208/39 130/209/39
f 137/210/37 136/211/37 142/212/37
f 137/210/37 142/212/37 143/213/37
f 130/209/47 128/208/47 134/214/47
f 130/209/47 134/214/47 136/215/47
f 133/193/47 132/192/47 138/216/47
f 133/193/47 138/216/47 139/217/47
f 131/203/47 130/206/47 136/218/47
f 131/203/47 136/218/47 137/219/47
f 128/208/47 129/207/47 135/220/47
f 128/208/47 135/220/47 134/221/47
f 129/207/47 133/193/47 139/222/47
f 129/207/47 139/222/47 135/223/47
f 142/224/60 140/225/60 146/226/60
f 142/224/60 146/226/60 148/227/60
f 134/228/40 135/229/40 141/230/40
f 134/228/40 141/230/40 140/231/40
f 135/229/35 139/232/35 145/233/35
f 135/229/35 145/233/35 141/230/35
f 138/234/36 137/210/36 143/213/36
f 138/234/36 143/213/36 144/235/36
f 136/236/39 134/228/39 140/231/39
f 136/236/39 140/231/39 142/237/39
f 139/232/38 138/234/38 144/235/38
f 139/232/38 144/235/38 145/233/38
f 146/226/47 147/238/47 153/239/47
f 146/226/47 153/239/47 152/240/47
f 145/241/61 144/242/61 150/243/61
f 145/241/61 150/243/61 151/244/61
f 143/245/62 142/246/62 148/247/62
f 143/245/62 148/247/62 149/248/62
f 140/225/63 141/249/63 147/238/63
f 140/225/63 147/238/63 146/226/63
f 141/249/64 145/241/64 151/244/64
f 141/249/64 151/244/64 147/238/64
f 144/242/65 143/245/65 149/248/65
f 144/242/65 149/248/65 150/243/65
f 157/250/38 156/251/38 162/252/38
f 157/250/38 162/252/38 163/253/38
f 147/238/47 151/244/47 157/254/47
f 147/238/47 157/254/47 153/255/47
f 150/243/47 149/248/47 155/256/47
f 150/243/47 155/256/47 156/257/47
f 148/227/47 146/226/47 152/258/47
f 148/227/47 152/258/47 154/259/47
f 151/244/47 150/243/47 156/260/47
f 151/244/47 156/260/47 157/261/47
f 149/248/47 148/247/47 154/262/47
f 149/248/47 154/262/47 155/263/47
f 159/264/66 163/253/66 169/265/66
f 159/264/66 169/265/66 165/266/66
f 155/267/37 154/268/37 160/269/37
f 155/267/37 160/269/37 161/270/37
f 152/271/40 153/272/40 159/264/40
f 152/271/40 159/264/40 158/273/40
f 153/272/35 157/250/35 163/253/35
f 153/272/35 163/253/35 159/264/35
f 156/251/36 155/267/36 161/270/36
f 156/251/36 161/270/36 162/252/36
f 154/274/39 152/271/39 158/273/39
f 154/274/39 158/273/39 160/275/39
f 162/252/67 161/270/67 167/276/67
f 162/252/67 167/276/67 168/277/67
f 160/275/68 158/273/68 164/278/68
f 160/275/68 164/278/68 166/279/68
f 163/253/69 162/252/69 168/277/69
f 163/253/69 168/277/69 169/265/69
f 161/270/70 160/269/70 166/280/70
f 161/270/70 166/280/70 167/276/70
f 158/273/71 159/264/71 165/266/71
f 158/273/71 165/266/71 164/278/71
f 183/281/39 164/282/39 174/283/39
f 183/281/39 174/283/39 187/284/39
f 170/285/47 171/286/47 172/287/47
f 170/285/47 172/287/47 173/288/47
f 184/289/39 183/281/39 171/290/39
f 184/289/39 171/290/39 170/291/39
f 184/289/39 170/291/39 180/292/39
f 184/289/39 180/292/39 188/293/39
f 182/294/38 185/295/38 173/296/38
f 182/294/38 173/296/38 172/297/38
f 187/298/72 186/299/72 177/300/72
f 187/298/72 177/300/72 176/301/72
f 172/287/47 171/286/47 176/301/47
f 172/287/47 176/301/47 177/300/47
f 164/282/73 169/302/73 175/303/73
f 164/282/73 175/303/73 174/283/73
f 182/294/38 172/297/38 177/304/38
f 182/294/38 177/304/38 186/305/38
f 189/306/74 188/307/74 180/308/74
f 189/306/74 180/308/74 181/309/74
f 170/285/47 173/288/47 181/310/47
f 170/285/47 181/310/47 180/311/47
f 168/312/73 166/313/73 178/314/73
f 168/312/73 178/314/73 179/315/73
f 185/295/75 168/312/75 179/315/75
f 185/295/75 179/315/75 189/316/75
f 173/296/76 185/295/76 189/316/76
f 173/296/76 189/316/76 181/317/76
f 179/315/77 178/314/77 188/307/77
f 179/315/77 188/307/77 189/306/77
f 169/302/78 182/294/78 186/305/78
f 169/302/78 186/305/78 175/303/78
f 174/283/72 175/303/72 186/299/72
f 174/283/72 186/299/72 187/298/72
f 169/302/78 168/312/78 185/295/78
f 169/302/78 185/295/78 182/294/78
f 166/313/39 184/289/39 188/293/39
f 166/313/39 188/293/39 178/314/39
f 166/313/39 164/282/39 183/281/39
f 166/313/39 183/281/39 184/289/39
f 171/290/39 183/281/39 187/284/39
f 171/290/39 187/284/39 176/318/39
f 56/319/73 60/320/73 58/66/73
f 56/319/73 58/66/73 57/65/73
f 59/73/73 60/320/73 56/319/73
f 59/73/73 56/319/73 55/74/73
f 198/63/30 193/66/30 192/65/30
f 198/63/30 192/65/30 199/64/30
f 199/67/29 192/70/29 191/69/29
f 199/67/29 191/69/29 200/68/29
f 201/71/32 190/74/32 194/73/32
f 201/71/32 194/73/32 197/72/32
f 197/75/31 194/78/31 195/77/31
f 197/75/31 195/77/31 196/76/31
f 196/76/34 195/77/34 193/80/34
f 196/76/34 193/80/34 198/79/34
f 200/68/33 191/69/33 190/82/33
f 200/68/33 190/82/33 201/81/33
f 202/83/40 201/71/40 197/72/40
f 202/83/40 197/72/40 206/84/40
f 204/85/37 199/67/37 200/68/37
f 204/85/37 200/68/37 203/86/37
f 205/87/36 198/63/36 199/64/36
f 205/87/36 199/64/36 204/88/36
f 203/86/39 200/68/39 201/81/39
f 203/86/39 201/81/39 202/89/39
f 207/90/38 196/76/38 198/79/38
f 207/90/38 198/79/38 205/91/38
f 206/92/35 197/75/35 196/76/35
f 206/92/35 196/76/35 207/90/35
f 210/93/42 205/96/42 204/95/42
f 210/93/42 204/95/42 211/94/42
f 211/94/41 204/95/41 203/98/41
f 211/94/41 203/98/41 212/97/41
f 213/99/44 202/102/44 206/101/44
f 213/99/44 206/101/44 209/100/44
f 209/100/43 206/101/43 207/104/43
f 209/100/43 207/104/43 208/103/43
f 208/103/46 207/104/46 205/106/46
f 208/103/46 205/106/46 210/105/46
f 212/97/45 203/98/45 202/102/45
f 212/97/45 202/102/45 213/99/45
f 215/107/39 212/97/39 213/99/39
f 215/107/39 213/99/39 214/108/39
f 220/109/38 208/103/38 210/105/38
f 220/109/38 210/105/38 217/110/38
f 217/111/36 210/93/36 211/94/36
f 217/111/36 211/94/36 216/112/36
f 214/108/40 213/99/40 209/100/40
f 214/108/40 209/100/40 219/113/40
f 216/112/37 211/94/37 212/97/37
f 216/112/37 212/97/37 215/107/37
f 219/113/35 209/100/35 208/103/35
f 219/113/35 208/103/35 220/109/35
f 223/114/47 217/111/47 216/112/47
f 223/114/47 216/112/47 224/115/47
f 224/116/47 216/112/47 215/107/47
f 224/116/47 215/107/47 225/117/47
f 226/118/39 232/121/39 231/120/39
f 226/118/39 231/120/39 225/119/39
f 226/122/47 214/108/47 219/113/47
f 226/122/47 219/113/47 222/123/47
f 222/124/47 219/113/47 220/109/47
f 222/124/47 220/109/47 221/125/47
f 221/126/47 220/109/47 217/110/47
f 221/126/47 217/110/47 223/127/47
f 221/128/38 223/131/38 229/130/38
f 221/128/38 229/130/38 227/129/38
f 228/132/53 234/135/53 238/134/53
f 228/132/53 238/134/53 232/133/53
f 225/136/47 215/107/47 214/108/47
f 225/136/47 214/108/47 226/137/47
f 221/128/35 227/129/35 228/139/35
f 221/128/35 228/139/35 222/138/35
f 222/138/40 228/139/40 232/121/40
f 222/138/40 232/121/40 226/118/40
f 225/119/37 231/120/37 230/141/37
f 225/119/37 230/141/37 224/140/37
f 223/142/36 224/140/36 230/141/36
f 223/142/36 230/141/36 229/143/36
f 238/134/39 244/146/39 243/145/39
f 238/134/39 243/145/39 237/144/39
f 231/147/52 237/144/52 236/149/52
f 231/147/52 236/149/52 230/148/52
f 229/150/51 235/153/51 233/152/51
f 229/150/51 233/152/51 227/151/51
f 232/133/50 238/134/50 237/144/50
f 232/133/50 237/144/50 231/147/50
f 230/148/49 236/149/49 235/155/49
f 230/148/49 235/155/49 229/154/49
f 227/151/48 233/152/48 234/135/48
f 227/151/48 234/135/48 228/132/48
f 240/156/47 246/158/47 250/157/47
f 240/156/47 250/157/47 244/146/47
f 236/149/36 242/160/36 241/159/36
f 236/149/36 241/159/36 235/155/36
f 233/152/35 239/161/35 240/156/35
f 233/152/35 240/156/35 234/135/35
f 234/135/40 240/156/40 244/146/40
f 234/135/40 244/146/40 238/134/40
f 237/144/37 243/145/37 242/160/37
f 237/144/37 242/160/37 236/149/37
f 235/153/38 241/162/38 239/161/38
f 235/153/38 239/161/38 233/152/38
f 250/163/39 256/166/39 255/165/39
f 250/163/39 255/165/39 249/164/39
f 243/145/47 249/168/47 248/167/47
f 243/145/47 248/167/47 242/160/47
f 241/162/47 247/170/47 245/169/47
f 241/162/47 245/169/47 239/161/47
f 244/146/47 250/172/47 249/171/47
f 244/146/47 249/171/47 243/145/47
f 242/160/47 248/174/47 247/173/47
f 242/160/47 247/173/47 241/159/47
f 239/161/47 245/176/47 246/175/47
f 239/161/47 246/175/47 240/156/47
f 252/177/59 258/180/59 262/179/59
f 252/177/59 262/179/59 256/178/59
f 248/181/36 254/184/36 253/183/36
f 248/181/36 253/183/36 247/182/36
f 245/185/35 251/188/35 252/187/35
f 245/185/35 252/187/35 246/186/35
f 246/186/40 252/187/40 256/166/40
f 246/186/40 256/166/40 250/163/40
f 249/164/37 255/165/37 254/184/37
f 249/164/37 254/184/37 248/181/37
f 247/189/38 253/190/38 251/188/38
f 247/189/38 251/188/38 245/185/38
f 262/179/39 268/193/39 267/192/39
f 262/179/39 267/192/39 261/191/39
f 255/194/58 261/191/58 260/196/58
f 255/194/58 260/196/58 254/195/58
f 253/197/57 259/200/57 257/199/57
f 253/197/57 257/199/57 251/198/57
f 256/178/56 262/179/56 261/191/56
f 256/178/56 261/191/56 255/194/56
f 254/195/55 260/196/55 259/202/55
f 254/195/55 259/202/55 253/201/55
f 251/198/54 257/199/54 258/180/54
f 251/198/54 258/180/54 252/177/54
f 267/192/47 273/205/47 272/204/47
f 267/192/47 272/204/47 266/203/47
f 260/196/36 266/203/36 265/206/36
f 260/196/36 265/206/36 259/202/36
f 257/199/35 263/208/35 264/207/35
f 257/199/35 264/207/35 258/180/35
f 258/180/40 264/207/40 268/193/40
f 258/180/40 268/193/40 262/179/40
f 261/191/37 267/192/37 266/203/37
f 261/191/37 266/203/37 260/196/37
f 259/200/38 265/209/38 263/208/38
f 259/200/38 263/208/38 257/199/38
f 272/210/36 278/213/36 277/212/36
f 272/210/36 277/212/36 271/211/36
f 265/209/47 271/215/47 269/214/47
f 265/209/47 269/214/47 263/208/47
f 268/193/47 274/217/47 273/216/47
f 268/193/47 273/216/47 267/192/47
f 266/203/47 272/219/47 271/218/47
f 266/203/47 271/218/47 265/206/47
f 263/208/47 269/221/47 270/220/47
f 263/208/47 270/220/47 264/207/47
f 264/207/47 270/223/47 274/222/47
f 264/207/47 274/222/47 268/193/47
f 277/224/61 283/227/61 281/226/61
f 277/224/61 281/226/61 275/225/61
f 269/228/35 275/231/35 276/230/35
f 269/228/35 276/230/35 270/229/35
f 270/229/40 276/230/40 280/233/40
f 270/229/40 280/233/40 274/232/40
f 273/234/37 279/235/37 278/213/37
f 273/234/37 278/213/37 272/210/37
f 271/236/38 277/237/38 275/231/38
f 271/236/38 275/231/38 269/228/38
f 274/232/39 280/233/39 279/235/39
f 274/232/39 279/235/39 273/234/39
f 281/226/47 287/240/47 288/239/47
f 281/226/47 288/239/47 282/238/47
f 280/241/60 286/244/60 285/243/60
f 280/241/60 285/243/60 279/242/60
f 278/245/65 284/248/65 283/247/65
f 278/245/65 283/247/65 277/246/65
f 275/225/64 281/226/64 282/238/64
f 275/225/64 282/238/64 276/249/64
f 276/249/63 282/238/63 286/244/63
f 276/249/63 286/244/63 280/241/63
f 279/242/62 285/243/62 284/248/62
f 279/242/62 284/248/62 278/245/62
f 292/250/39 298/253/39 297/252/39
f 292/250/39 297/252/39 291/251/39
f 282/238/47 288/255/47 292/254/47
f 282/238/47 292/254/47 286/244/47
f 285/243/47 291/257/47 290/256/47
f 285/243/47 290/256/47 284/248/47
f 283/227/47 289/259/47 287/258/47
f 283/227/47 287/258/47 281/226/47
f 286/244/47 292/261/47 291/260/47
f 286/244/47 291/260/47 285/243/47
f 284/248/47 290/263/47 289/262/47
f 284/248/47 289/262/47 283/247/47
f 294/264/71 300/266/71 304/265/71
f 294/264/71 304/265/71 298/253/71
f 290/267/36 296/270/36 295/269/36
f 290/267/36 295/269/36 289/268/36
f 287/271/35 293/273/35 294/264/35
f 287/271/35 294/264/35 288/272/35
f 288/272/40 294/264/40 298/253/40
f 288/272/40 298/253/40 292/250/40
f 291/251/37 297/252/37 296/270/37
f 291/251/37 296/270/37 290/267/37
f 289/274/38 295/275/38 293/273/38
f 289/274/38 293/273/38 287/271/38
f 297/252/70 303/277/70 302/276/70
f 297/252/70 302/276/70 296/270/70
f 295/275/69 301/279/69 299/278/69
f 295/275/69 299/278/69 293/273/69
f 298/253/68 304/265/68 303/277/68
f 298/253/68 303/277/68 297/252/68
f 296/270/67 302/276/67 301/280/67
f 296/270/67 301/280/67 295/269/67
f 293/273/66 299/278/66 300/266/66
f 293/273/66 300/266/66 294/264/66
f 318/281/38 322/284/38 309/283/38
f 318/281/38 309/283/38 299/282/38
f 305/285/47 308/288/47 307/287/47
f 305/285/47 307/287/47 306/286/47
f 319/289/38 305/291/38 306/290/38
f 319/289/38 306/290/38 318/281/38
f 319/289/38 323/293/38 315/292/38
f 319/289/38 315/292/38 305/291/38
f 317/294/39 307/297/39 308/296/39
f 317/294/39 308/296/39 320/295/39
f 322/298/72 311/301/72 312/300/72
f 322/298/72 312/300/72 321/299/72
f 307/287/47 312/300/47 311/301/47
f 307/287/47 311/301/47 306/286/47
f 299/282/73 309/283/73 310/303/73
f 299/282/73 310/303/73 304/302/73
f 317/294/39 321/305/39 312/304/39
f 317/294/39 312/304/39 307/297/39
f 324/306/74 316/309/74 315/308/74
f 324/306/74 315/308/74 323/307/74
f 305/285/47 315/311/47 316/310/47
f 305/285/47 316/310/47 308/288/47
f 303/312/73 314/315/73 313/314/73
f 303/312/73 313/314/73 301/313/73
f 320/295/79 324/316/79 314/315/79
f 320/295/79 314/315/79 303/312/79
f 308/296/80 316/317/80 324/316/80
f 308/296/80 324/316/80 320/295/80
f 314/315/77 324/306/77 323/307/77
f 314/315/77 323/307/77 313/314/77
f 304/302/81 310/303/81 321/305/81
f 304/302/81 321/305/81 317/294/81
f 309/283/72 322/298/72 321/299/72
f 309/283/72 321/299/72 310/303/72
f 304/302/81 317/294/81 320/295/81
f 304/302/81 320/295/81 303/312/81
f 301/313/38 313/314/38 323/293/38
f 301/313/38 323/293/38 319/289/38
f 301/313/38 319/289/38 318/281/38
f 301/313/38 318/281/38 299/282/38
f 306/290/38 311/318/38 322/284/38
f 306/290/38 322/284/38 318/281/38
f 191/319/73 192/65/73 193/66/73
f 191/319/73 193/66/73 195/320/73
f 194/73/73 190/74/73 191/319/73
f 194/73/73 191/319/73 195/320/73
f 333/63/32 328/66/32 327/65/32
f 333/63/32 327/65/32 334/64/32
f 334/67/31 327/70/31 326/69/31
f 334/67/31 326/69/31 335/68/31
f 336/71/30 325/74/30 329/73/30
f 336/71/30 329/73/30 332/72/30
f 332/75/29 329/78/29 330/77/29
f 332/75/29 330/77/29 331/76/29
f 331/76/33 330/77/33 328/80/33
f 331/76/33 328/80/33 333/79/33
f 335/68/34 326/69/34 325/82/34
f 335/68/34 325/82/34 336/81/34
f 337/83/36 336/71/36 332/72/36
f 337/83/36 332/72/36 341/84/36
f 339/85/35 334/67/35 335/68/35
f 339/85/35 335/68/35 338/86/35
f 340/87/40 333/63/40 334/64/40
f 340/87/40 334/64/40 339/88/40
f 338/86/38 335/68/38 336/81/38
f 338/86/38 336/81/38 337/89/38
f 342/90/39 331/76/39 333/79/39
f 342/90/39 333/79/39 340/91/39
f 341/92/37 332/75/37 331/76/37
f 341/92/37 331/76/37 342/90/37
f 345/93/44 340/96/44 339/95/44
f 345/93/44 339/95/44 346/94/44
f 346/94/43 339/95/43 338/98/43
f 346/94/43 338/98/43 347/97/43
f 348/99/42 337/102/42 341/101/42
f 348/99/42 341/101/42 344/100/42
f 344/100/41 341/101/41 342/104/41
f 344/100/41 342/104/41 343/103/41
f 343/103/45 342/104/45 340/106/45
f 343/103/45 340/106/45 345/105/45
f 347/97/46 338/98/46 337/102/46
f 347/97/46 337/102/46 348/99/46
f 350/107/38 347/97/38 348/99/38
f 350/107/38 348/99/38 349/108/38
f 355/109/39 343/103/39 345/105/39
f 355/109/39 345/105/39 352/110/39
f 352/111/40 345/93/40 346/94/40
f 352/111/40 346/94/40 351/112/40
f 349/108/36 348/99/36 344/100/36
f 349/108/36 344/100/36 354/113/36
f 351/112/35 346/94/35 347/97/35
f 351/112/35 347/97/35 350/107/35
f 354/113/37 344/100/37 343/103/37
f 354/113/37 343/103/37 355/109/37
f 358/114/47 352/111/47 351/112/47
f 358/114/47 351/112/47 359/115/47
f 359/116/47 351/112/47 350/107/47
f 359/116/47 350/107/47 360/117/47
f 361/118/38 367/121/38 366/120/38
f 361/118/38 366/120/38 360/119/38
f 361/122/47 349/108/47 354/113/47
f 361/122/47 354/113/47 357/123/47
f 357/124/47 354/113/47 355/109/47
f 357/124/47 355/109/47 356/125/47
f 356/126/47 355/109/47 352/110/47
f 356/126/47 352/110/47 358/127/47
f 356/128/39 358/131/39 364/130/39
f 356/128/39 364/130/39 362/129/39
f 363/132/49 369/135/49 373/134/49
f 363/132/49 373/134/49 367/133/49
f 360/136/47 350/107/47 349/108/47
f 360/136/47 349/108/47 361/137/47
f 356/128/37 362/129/37 363/139/37
f 356/128/37 363/139/37 357/138/37
f 357/138/36 363/139/36 367/121/36
f 357/138/36 367/121/36 361/118/36
f 360/119/35 366/120/35 365/141/35
f 360/119/35 365/141/35 359/140/35
f 358/142/40 359/140/40 365/141/40
f 358/142/40 365/141/40 364/143/40
f 373/134/38 379/146/38 378/145/38
f 373/134/38 378/145/38 372/144/38
f 366/147/48 372/144/48 371/149/48
f 366/147/48 371/149/48 365/148/48
f 364/150/50 370/153/50 368/152/50
f 364/150/50 368/152/50 362/151/50
f 367/133/51 373/134/51 372/144/51
f 367/133/51 372/144/51 366/147/51
f 365/148/53 371/149/53 370/155/53
f 365/148/53 370/155/53 364/154/53
f 362/151/52 368/152/52 369/135/52
f 362/151/52 369/135/52 363/132/52
f 375/156/47 381/158/47 385/157/47
f 375/156/47 385/157/47 379/146/47
f 371/149/40 377/160/40 376/159/40
f 371/149/40 376/159/40 370/155/40
f 368/152/37 374/161/37 375/156/37
f 368/152/37 375/156/37 369/135/37
f 369/135/36 375/156/36 379/146/36
f 369/135/36 379/146/36 373/134/36
f 372/144/35 378/145/35 377/160/35
f 372/144/35 377/160/35 371/149/35
f 370/153/39 376/162/39 374/161/39
f 370/153/39 374/161/39 368/152/39
f 385/163/38 391/166/38 390/165/38
f 385/163/38 390/165/38 384/164/38
f 378/145/47 384/168/47 383/167/47
f 378/145/47 383/167/47 377/160/47
f 376/162/47 382/170/47 380/169/47
f 376/162/47 380/169/47 374/161/47
f 379/146/47 385/172/47 384/171/47
f 379/146/47 384/171/47 378/145/47
f 377/160/47 383/174/47 382/173/47
f 377/160/47 382/173/47 376/159/47
f 374/161/47 380/176/47 381/175/47
f 374/161/47 381/175/47 375/156/47
f 387/177/55 393/180/55 397/179/55
f 387/177/55 397/179/55 391/178/55
f 383/181/40 389/184/40 388/183/40
f 383/181/40 388/183/40 382/182/40
f 380/185/37 386/188/37 387/187/37
f 380/185/37 387/187/37 381/186/37
f 381/186/36 387/187/36 391/166/36
f 381/186/36 391/166/36 385/163/36
f 384/164/35 390/165/35 389/184/35
f 384/164/35 389/184/35 383/181/35
f 382/189/39 388/190/39 386/188/39
f 382/189/39 386/188/39 380/185/39
f 397/179/38 403/193/38 402/192/38
f 397/179/38 402/192/38 396/191/38
f 390/194/54 396/191/54 395/196/54
f 390/194/54 395/196/54 389/195/54
f 388/197/56 394/200/56 392/199/56
f 388/197/56 392/199/56 386/198/56
f 391/178/57 397/179/57 396/191/57
f 391/178/57 396/191/57 390/194/57
f 389/195/59 395/196/59 394/202/59
f 389/195/59 394/202/59 388/201/59
f 386/198/58 392/199/58 393/180/58
f 386/198/58 393/180/58 387/177/58
f 402/192/47 408/205/47 407/204/47
f 402/192/47 407/204/47 401/203/47
f 395/196/40 401/203/40 400/206/40
f 395/196/40 400/206/40 394/202/40
f 392/199/37 398/208/37 399/207/37
f 392/199/37 399/207/37 393/180/37
f 393/180/36 399/207/36 403/193/36
f 393/180/36 403/193/36 397/179/36
f 396/191/35 402/192/35 401/203/35
f 396/191/35 401/203/35 395/196/35
f 394/200/39 400/209/39 398/208/39
f 394/200/39 398/208/39 392/199/39
f 407/210/40 413/213/40 412/212/40
f 407/210/40 412/212/40 406/211/40
f 400/209/47 406/215/47 404/214/47
f 400/209/47 404/214/47 398/208/47
f 403/193/47 409/217/47 408/216/47
f 403/193/47 408/216/47 402/192/47
f 401/203/47 407/219/47 406/218/47
f 401/203/47 406/218/47 400/206/47
f 398/208/47 404/221/47 405/220/47
f 398/208/47 405/220/47 399/207/47
f 399/207/47 405/223/47 409/222/47
f 399/207/47 409/222/47 403/193/47
f 412/224/60 418/227/60 416/226/60
f 412/224/60 416/226/60 410/225/60
f 404/228/37 410/231/37 411/230/37
f 404/228/37 411/230/37 405/229/37
f 405/229/36 411/230/36 415/233/36
f 405/229/36 415/233/36 409/232/36
f 408/234/35 414/235/35 413/213/35
f 408/234/35 413/213/35 407/210/35
f 406/236/39 412/237/39 410/231/39
f 406/236/39 410/231/39 404/228/39
f 409/232/38 415/233/38 414/235/38
f 409/232/38 414/235/38 408/234/38
f 416/226/47 422/240/47 423/239/47
f 416/226/47 423/239/47 417/238/47
f 415/241/61 421/244/61 420/243/61
f 415/241/61 420/243/61 414/242/61
f 413/245/63 419/248/63 418/247/63
f 413/245/63 418/247/63 412/246/63
f 410/225/62 416/226/62 417/238/62
f 410/225/62 417/238/62 411/249/62
f 411/249/65 417/238/65 421/244/65
f 411/249/65 421/244/65 415/241/65
f 414/242/64 420/243/64 419/248/64
f 414/242/64 419/248/64 413/245/64
f 427/250/38 433/253/38 432/252/38
f 427/250/38 432/252/38 426/251/38
f 417/238/47 423/255/47 427/254/47
f 417/238/47 427/254/47 421/244/47
f 420/243/47 426/257/47 425/256/47
f 420/243/47 425/256/47 419/248/47
f 418/227/47 424/259/47 422/258/47
f 418/227/47 422/258/47 416/226/47
f 421/244/47 427/261/47 426/260/47
f 421/244/47 426/260/47 420/243/47
f 419/248/47 425/263/47 424/262/47
f 419/248/47 424/262/47 418/247/47
f 429/264/67 435/266/67 439/265/67
f 429/264/67 439/265/67 433/253/67
f 425/267/40 431/270/40 430/269/40
f 425/267/40 430/269/40 424/268/40
f 422/271/37 428/273/37 429/264/37
f 422/271/37 429/264/37 423/272/37
f 423/272/36 429/264/36 433/253/36
f 423/272/36 433/253/36 427/250/36
f 426/251/35 432/252/35 431/270/35
f 426/251/35 431/270/35 425/267/35
f 424/274/39 430/275/39 428/273/39
f 424/274/39 428/273/39 422/271/39
f 432/252/66 438/277/66 437/276/66
f 432/252/66 437/276/66 431/270/66
f 430/275/68 436/279/68 434/278/68
f 430/275/68 434/278/68 428/273/68
f 433/253/69 439/265/69 438/277/69
f 433/253/69 438/277/69 432/252/69
f 431/270/71 437/276/71 436/280/71
f 431/270/71 436/280/71 430/269/71
f 428/273/70 434/278/70 435/266/70
f 428/273/70 435/266/70 429/264/70
f 453/281/39 457/284/39 444/283/39
f 453/281/39 444/283/39 434/282/39
f 440/285/47 443/288/47 442/287/47
f 440/285/47 442/287/47 441/286/47
f 454/289/39 440/291/39 441/290/39
f 454/289/39 441/290/39 453/281/39
f 454/289/39 458/293/39 450/292/39
f 454/289/39 450/292/39 440/291/39
f 452/294/38 442/297/38 443/296/38
f 452/294/38 443/296/38 455/295/38
f 457/298/74 446/301/74 447/300/74
f 457/298/74 447/300/74 456/299/74
f 442/287/47 447/300/47 446/301/47
f 442/287/47 446/301/47 441/286/47
f 434/282/73 444/283/73 445/303/73
f 434/282/73 445/303/73 439/302/73
f 452/294/38 456/305/38 447/304/38
f 452/294/38 447/304/38 442/297/38
f 459/306/72 451/309/72 450/308/72
f 459/306/72 450/308/72 458/307/72
f 440/285/47 450/311/47 451/310/47
f 440/285/47 451/310/47 443/288/47
f 438/312/73 449/315/73 448/314/73
f 438/312/73 448/314/73 436/313/73
f 455/295/82 459/316/82 449/315/82
f 455/295/82 449/315/82 438/312/82
f 443/296/83 451/317/83 459/316/83
f 443/296/83 459/316/83 455/295/83
f 449/315/84 459/306/84 458/307/84
f 449/315/84 458/307/84 448/314/84
f 439/302/78 445/303/78 456/305/78
f 439/302/78 456/305/78 452/294/78
f 444/283/74 457/298/74 456/299/74
f 444/283/74 456/299/74 445/303/74
f 439/302/78 452/294/78 455/295/78
f 439/302/78 455/295/78 438/312/78
f 436/313/39 448/314/39 458/293/39
f 436/313/39 458/293/39 454/289/39
f 436/313/39 454/289/39 453/281/39
f 436/313/39 453/281/39 434/282/39
f 441/290/39 446/318/39 457/284/39
f 441/290/39 457/284/39 453/281/39
f 326/319/73 327/65/73 328/66/73
f 326/319/73 328/66/73 330/320/73
f 329/73/73 325/74/73 326/319/73
f 329/73/73 326/319/73 330/320/73
f 468/63/31 469/64/31 462/65/31
f 468/63/31 462/65/31 463/66/31
f 469/67/32 470/68/32 461/69/32
f 469/67/32 461/69/32 462/70/32
f 471/71/29 467/72/29 464/73/29
f 471/71/29 464/73/29 460/74/29
f 467/75/30 466/76/30 465/77/30
f 467/75/30 465/77/30 464/78/30
f 466/76/34 468/79/34 463/80/34
f 466/76/34 463/80/34 465/77/34
f 470/68/33 471/81/33 460/82/33
f 470/68/33 460/82/33 461/69/33
f 472/83/37 476/84/37 467/72/37
f 472/83/37 467/72/37 471/71/37
f 474/85/40 473/86/40 470/68/40
f 474/85/40 470/68/40 469/67/40
f 475/87/35 474/88/35 469/64/35
f 475/87/35 469/64/35 468/63/35
f 473/86/39 472/89/39 471/81/39
f 473/86/39 471/81/39 470/68/39
f 477/90/38 475/91/38 468/79/38
f 477/90/38 468/79/38 466/76/38
f 476/92/36 477/90/36 466/76/36
f 476/92/36 466/76/36 467/75/36
f 480/93/43 481/94/43 474/95/43
f 480/93/43 474/95/43 475/96/43
f 481/94/44 482/97/44 473/98/44
f 481/94/44 473/98/44 474/95/44
f 483/99/41 479/100/41 476/101/41
f 483/99/41 476/101/41 472/102/41
f 479/100/42 478/103/42 477/104/42
f 479/100/42 477/104/42 476/101/42
f 478/103/46 480/105/46 475/106/46
f 478/103/46 475/106/46 477/104/46
f 482/97/45 483/99/45 472/102/45
f 482/97/45 472/102/45 473/98/45
f 485/107/39 484/108/39 483/99/39
f 485/107/39 483/99/39 482/97/39
f 490/109/38 487/110/38 480/105/38
f 490/109/38 480/105/38 478/103/38
f 487/111/35 486/112/35 481/94/35
f 487/111/35 481/94/35 480/93/35
f 484/108/37 489/113/37 479/100/37
f 484/108/37 479/100/37 483/99/37
f 486/112/40 485/107/40 482/97/40
f 486/112/40 482/97/40 481/94/40
f 489/113/36 490/109/36 478/103/36
f 489/113/36 478/103/36 479/100/36
f 493/114/47 494/115/47 486/112/47
f 493/114/47 486/112/47 487/111/47
f 494/116/47 495/117/47 485/107/47
f 494/116/47 485/107/47 486/112/47
f 496/118/39 495/119/39 501/120/39
f 496/118/39 501/120/39 502/121/39
f 496/122/47 492/123/47 489/113/47
f 496/122/47 489/113/47 484/108/47
f 492/124/47 491/125/47 490/109/47
f 492/124/47 490/109/47 489/113/47
f 491/126/47 493/127/47 487/110/47
f 491/126/47 487/110/47 490/109/47
f 491/128/38 497/129/38 499/130/38
f 491/128/38 499/130/38 493/131/38
f 498/132/52 502/133/52 508/134/52
f 498/132/52 508/134/52 504/135/52
f 495/136/47 496/137/47 484/108/47
f 495/136/47 484/108/47 485/107/47
f 491/128/36 492/138/36 498/139/36
f 491/128/36 498/139/36 497/129/36
f 492/138/37 496/118/37 502/121/37
f 492/138/37 502/121/37 498/139/37
f 495/119/40 494/140/40 500/141/40
f 495/119/40 500/141/40 501/120/40
f 493/142/35 499/143/35 500/141/35
f 493/142/35 500/141/35 494/140/35
f 508/134/39 507/144/39 513/145/39
f 508/134/39 513/145/39 514/146/39
f 501/147/53 500/148/53 506/149/53
f 501/147/53 506/149/53 507/144/53
f 499/150/51 497/151/51 503/152/51
f 499/150/51 503/152/51 505/153/51
f 502/133/50 501/147/50 507/144/50
f 502/133/50 507/144/50 508/134/50
f 500/148/48 499/154/48 505/155/48
f 500/148/48 505/155/48 506/149/48
f 497/151/49 498/132/49 504/135/49
f 497/151/49 504/135/49 503/152/49
f 510/156/47 514/146/47 520/157/47
f 510/156/47 520/157/47 516/158/47
f 506/149/35 505/155/35 511/159/35
f 506/149/35 511/159/35 512/160/35
f 503/152/36 504/135/36 510/156/36
f 503/152/36 510/156/36 509/161/36
f 504/135/37 508/134/37 514/146/37
f 504/135/37 514/146/37 510/156/37
f 507/144/40 506/149/40 512/160/40
f 507/144/40 512/160/40 513/145/40
f 505/153/38 503/152/38 509/161/38
f 505/153/38 509/161/38 511/162/38
f 520/163/39 519/164/39 525/165/39
f 520/163/39 525/165/39 526/166/39
f 513/145/47 512/160/47 518/167/47
f 513/145/47 518/167/47 519/168/47
f 511/162/47 509/161/47 515/169/47
f 511/162/47 515/169/47 517/170/47
f 514/146/47 513/145/47 519/171/47
f 514/146/47 519/171/47 520/172/47
f 512/160/47 511/159/47 517/173/47
f 512/160/47 517/173/47 518/174/47
f 509/161/47 510/156/47 516/175/47
f 509/161/47 516/175/47 515/176/47
f 522/177/58 526/178/58 532/179/58
f 522/177/58 532/179/58 528/180/58
f 518/181/35 517/182/35 523/183/35
f 518/181/35 523/183/35 524/184/35
f 515/185/36 516/186/36 522/187/36
f 515/185/36 522/187/36 521/188/36
f 516/186/37 520/163/37 526/166/37
f 516/186/37 526/166/37 522/187/37
f 519/164/40 518/181/40 524/184/40
f 519/164/40 524/184/40 525/165/40
f 517/189/38 515/185/38 521/188/38
f 517/189/38 521/188/38 523/190/38
f 532/179/39 531/191/39 537/192/39
f 532/179/39 537/192/39 538/193/39
f 525/194/59 524/195/59 530/196/59
f 525/194/59 530/196/59 531/191/59
f 523/197/57 521/198/57 527/199/57
f 523/197/57 527/199/57 529/200/57
f 526/178/56 525/194/56 531/191/56
f 526/178/56 531/191/56 532/179/56
f 524/195/54 523/201/54 529/202/54
f 524/195/54 529/202/54 530/196/54
f 521/198/55 522/177/55 528/180/55
f 521/198/55 528/180/55 527/199/55
f 537/192/47 536/203/47 542/204/47
f 537/192/47 542/204/47 543/205/47
f 530/196/35 529/202/35 535/206/35
f 530/196/35 535/206/35 536/203/35
f 527/199/36 528/180/36 534/207/36
f 527/199/36 534/207/36 533/208/36
f 528/180/37 532/179/37 538/193/37
f 528/180/37 538/193/37 534/207/37
f 531/191/40 530/196/40 536/203/40
f 531/191/40 536/203/40 537/192/40
f 529/200/38 527/199/38 533/208/38
f 529/200/38 533/208/38 535/209/38
f 542/210/35 541/211/35 547/212/35
f 542/210/35 547/212/35 548/213/35
f 535/209/47 533/208/47 539/214/47
f 535/209/47 539/214/47 541/215/47
f 538/193/47 537/192/47 543/216/47
f 538/193/47 543/216/47 544/217/47
f 536/203/47 535/206/47 541/218/47
f 536/203/47 541/218/47 542/219/47
f 533/208/47 534/207/47 540/220/47
f 533/208/47 540/220/47 539/221/47
f 534/207/47 538/193/47 544/222/47
f 534/207/47 544/222/47 540/223/47
f 547/224/61 545/225/61 551/226/61
f 547/224/61 551/226/61 553/227/61
f 539/228/36 540/229/36 546/230/36
f 539/228/36 546/230/36 545/231/36
f 540/229/37 544/232/37 550/233/37
f 540/229/37 550/233/37 546/230/37
f 543/234/40 542/210/40 548/213/40
f 543/234/40 548/213/40 549/235/40
f 541/236/38 539/228/38 545/231/38
f 541/236/38 545/231/38 547/237/38
f 544/232/39 543/234/39 549/235/39
f 544/232/39 549/235/39 550/233/39
f 551/226/47 552/238/47 558/239/47
f 551/226/47 558/239/47 557/240/47
f 550/241/60 549/242/60 555/243/60
f 550/241/60 555/243/60 556/244/60
f 548/245/64 547/246/64 553/247/64
f 548/245/64 553/247/64 554/248/64
f 545/225/65 546/249/65 552/238/65
f 545/225/65 552/238/65 551/226/65
f 546/249/62 550/241/62 556/244/62
f 546/249/62 556/244/62 552/238/62
f 549/242/63 548/245/63 554/248/63
f 549/242/63 554/248/63 555/243/63
f 562/250/39 561/251/39 567/252/39
f 562/250/39 567/252/39 568/253/39
f 552/238/47 556/244/47 562/254/47
f 552/238/47 562/254/47 558/255/47
f 555/243/47 554/248/47 560/256/47
f 555/243/47 560/256/47 561/257/47
f 553/227/47 551/226/47 557/258/47
f 553/227/47 557/258/47 559/259/47
f 556/244/47 555/243/47 561/260/47
f 556/244/47 561/260/47 562/261/47
f 554/248/47 553/247/47 559/262/47
f 554/248/47 559/262/47 560/263/47
f 564/264/70 568/253/70 574/265/70
f 564/264/70 574/265/70 570/266/70
f 560/267/35 559/268/35 565/269/35
f 560/267/35 565/269/35 566/270/35
f 557/271/36 558/272/36 564/264/36
f 557/271/36 564/264/36 563/273/36
f 558/272/37 562/250/37 568/253/37
f 558/272/37 568/253/37 564/264/37
f 561/251/40 560/267/40 566/270/40
f 561/251/40 566/270/40 567/252/40
f 559/274/38 557/271/38 563/273/38
f 559/274/38 563/273/38 565/275/38
f 567/252/71 566/270/71 572/276/71
f 567/252/71 572/276/71 573/277/71
f 565/275/69 563/273/69 569/278/69
f 565/275/69 569/278/69 571/279/69
f 568/253/68 567/252/68 573/277/68
f 568/253/68 573/277/68 574/265/68
f 566/270/66 565/269/66 571/280/66
f 566/270/66 571/280/66 572/276/66
f 563/273/67 564/264/67 570/266/67
f 563/273/67 570/266/67 569/278/67
f 588/281/38 569/282/38 579/283/38
f 588/281/38 579/283/38 592/284/38
f 575/285/47 576/286/47 577/287/47
f 575/285/47 577/287/47 578/288/47
f 589/289/38 588/281/38 576/290/38
f 589/289/38 576/290/38 575/291/38
f 589/289/38 575/291/38 585/292/38
f 589/289/38 585/292/38 593/293/38
f 587/294/39 590/295/39 578/296/39
f 587/294/39 578/296/39 577/297/39
f 592/298/74 591/299/74 582/300/74
f 592/298/74 582/300/74 581/301/74
f 577/287/47 576/286/47 581/301/47
f 577/287/47 581/301/47 582/300/47
f 569/282/73 574/302/73 580/303/73
f 569/282/73 580/303/73 579/283/73
f 587/294/39 577/297/39 582/304/39
f 587/294/39 582/304/39 591/305/39
f 594/306/72 593/307/72 585/308/72
f 594/306/72 585/308/72 586/309/72
f 575/285/47 578/288/47 586/310/47
f 575/285/47 586/310/47 585/311/47
f 573/312/73 571/313/73 583/314/73
f 573/312/73 583/314/73 584/315/73
f 590/295/85 573/312/85 584/315/85
f 590/295/85 584/315/85 594/316/85
f 578/296/86 590/295/86 594/316/86
f 578/296/86 594/316/86 586/317/86
f 584/315/84 583/314/84 593/307/84
f 584/315/84 593/307/84 594/306/84
f 574/302/81 587/294/81 591/305/81
f 574/302/81 591/305/81 580/303/81
f 579/283/74 580/303/74 591/299/74
f 579/283/74 591/299/74 592/298/74
f 574/302/81 573/312/81 590/295/81
f 574/302/81 590/295/81 587/294/81
f 571/313/38 589/289/38 593/293/38
f 571/313/38 593/293/38 583/314/38
f 571/313/38 569/282/38 588/281/38
f 571/313/38 588/281/38 589/289/38
f 576/290/38 588/281/38 592/284/38
f 576/290/38 592/284/38 581/318/38
f 461/319/73 465/320/73 463/66/73
f 461/319/73 463/66/73 462/65/73
f 464/73/73 465/320/73 461/319/73
f 464/73/73 461/319/73 460/74/73
usemtl Material.002
f 595/321/87 596/322/87 598/323/87
f 595/321/87 598/323/87 597/324/87
f 597/324/88 598/323/88 600/325/88
f 597/324/88 600/325/88 599/326/88
f 599/326/89 600/325/89 602/327/89
f 599/326/89 602/327/89 601/328/89
f 601/328/90 602/327/90 604/329/90
f 601/328/90 604/329/90 603/330/90
f 603/330/91 604/329/91 606/331/91
f 603/330/91 606/331/91 605/332/91
f 605/332/92 606/331/92 608/333/92
f 605/332/92 608/333/92 607/334/92
f 607/334/93 608/333/93 610/335/93
f 607/334/93 610/335/93 609/336/93
f 609/336/94 610/335/94 612/337/94
f 609/336/94 612/337/94 611/338/94
f 683/339/95 680/340/95 620/341/95
f 683/339/95 620/341/95 621/342/95
f 682/343/96 679/344/96 624/345/96
f 682/343/96 624/345/96 622/346/96
f 610/335/93 608/333/93 655/347/93
f 610/335/93 655/347/93 656/348/93
f 615/349/97 616/350/97 618/351/97
f 615/349/97 618/351/97 617/352/97
f 617/352/98 618/351/98 596/322/98
f 617/352/98 596/322/98 595/321/98
f 605/332/92 607/334/92 631/353/92
f 605/332/92 631/353/92 630/354/92
f 620/341/99 619/355/99 622/346/99
f 620/341/99 622/346/99 621/342/99
f 621/342/100 622/346/100 624/345/100
f 621/342/100 624/345/100 623/356/100
f 679/357/101 681/358/101 623/356/101
f 679/357/101 623/356/101 624/345/101
f 681/359/95 683/339/95 621/342/95
f 681/359/95 621/342/95 623/356/95
f 684/360/96 682/343/96 622/346/96
f 684/360/96 622/346/96 619/355/96
f 680/361/102 684/362/102 619/355/102
f 680/361/102 619/355/102 620/341/102
f 627/363/103 628/364/103 640/365/103
f 627/363/103 640/365/103 639/366/103
f 603/330/91 605/332/91 630/354/91
f 603/330/91 630/354/91 629/367/91
f 601/328/90 603/330/90 629/367/90
f 601/328/90 629/367/90 628/364/90
f 617/352/98 595/321/98 625/368/98
f 617/352/98 625/368/98 636/369/98
f 595/321/87 597/324/87 626/370/87
f 595/321/87 626/370/87 625/368/87
f 599/326/89 601/328/89 628/364/89
f 599/326/89 628/364/89 627/363/89
f 615/349/97 617/352/97 636/369/97
f 615/349/97 636/369/97 635/371/97
f 597/324/88 599/326/88 627/363/88
f 597/324/88 627/363/88 626/370/88
f 613/372/104 615/373/104 635/374/104
f 613/372/104 635/374/104 634/375/104
f 611/338/105 613/372/105 634/375/105
f 611/338/105 634/375/105 633/376/105
f 609/336/94 611/338/94 633/376/94
f 609/336/94 633/376/94 632/377/94
f 607/334/93 609/336/93 632/377/93
f 607/334/93 632/377/93 631/353/93
f 637/378/95 638/379/95 639/380/95
f 637/378/95 639/380/95 640/381/95
f 637/378/95 640/381/95 641/382/95
f 637/378/95 641/382/95 642/383/95
f 637/378/95 642/383/95 643/384/95
f 637/378/95 643/384/95 644/385/95
f 637/378/95 644/385/95 645/386/95
f 637/378/95 645/386/95 646/387/95
f 637/378/95 646/387/95 647/388/95
f 637/378/95 647/388/95 648/389/95
f 634/375/106 635/374/106 647/388/106
f 634/375/106 647/388/106 646/387/106
f 631/353/107 632/377/107 644/390/107
f 631/353/107 644/390/107 643/391/107
f 628/364/108 629/367/108 641/392/108
f 628/364/108 641/392/108 640/393/108
f 635/371/109 636/369/109 648/394/109
f 635/371/109 648/394/109 647/395/109
f 625/368/110 626/370/110 638/396/110
f 625/368/110 638/396/110 637/397/110
f 632/377/111 633/376/111 645/398/111
f 632/377/111 645/398/111 644/399/111
f 629/367/112 630/354/112 642/400/112
f 629/367/112 642/400/112 641/401/112
f 636/369/113 625/368/113 637/402/113
f 636/369/113 637/402/113 648/403/113
f 626/370/114 627/363/114 639/404/114
f 626/370/114 639/404/114 638/405/114
f 633/376/115 634/375/115 646/406/115
f 633/376/115 646/406/115 645/407/115
f 630/354/116 631/353/116 643/408/116
f 630/354/116 643/408/116 642/409/116
f 659/410/117 658/411/117 670/412/117
f 659/410/117 670/412/117 671/413/117
f 608/333/92 606/331/92 654/414/92
f 608/333/92 654/414/92 655/347/92
f 606/331/91 604/329/91 653/415/91
f 606/331/91 653/415/91 654/414/91
f 604/329/90 602/327/90 652/416/90
f 604/329/90 652/416/90 653/415/90
f 596/322/98 618/351/98 660/417/98
f 596/322/98 660/417/98 650/418/98
f 598/323/87 596/322/87 650/418/87
f 598/323/87 650/418/87 649/419/87
f 602/327/89 600/325/89 651/420/89
f 602/327/89 651/420/89 652/416/89
f 618/351/97 616/350/97 659/421/97
f 618/351/97 659/421/97 660/417/97
f 600/325/88 598/323/88 649/419/88
f 600/325/88 649/419/88 651/420/88
f 616/422/104 614/423/104 658/411/104
f 616/422/104 658/411/104 659/410/104
f 614/423/105 612/337/105 657/424/105
f 614/423/105 657/424/105 658/411/105
f 612/337/94 610/335/94 656/348/94
f 612/337/94 656/348/94 657/424/94
f 661/425/96 662/426/96 672/427/96
f 661/425/96 672/427/96 671/413/96
f 661/425/96 671/413/96 670/412/96
f 661/425/96 670/412/96 669/428/96
f 661/425/96 669/428/96 668/429/96
f 661/425/96 668/429/96 667/430/96
f 661/425/96 667/430/96 666/431/96
f 661/425/96 666/431/96 665/432/96
f 661/425/96 665/432/96 664/433/96
f 661/425/96 664/433/96 663/434/96
f 656/348/118 655/347/118 667/435/118
f 656/348/118 667/435/118 668/436/118
f 653/415/119 652/416/119 664/437/119
f 653/415/119 664/437/119 665/438/119
f 660/417/120 659/421/120 671/439/120
f 660/417/120 671/439/120 672/440/120
f 649/419/121 650/418/121 662/441/121
f 649/419/121 662/441/121 661/442/121
f 657/424/122 656/348/122 668/443/122
f 657/424/122 668/443/122 669/444/122
f 654/414/123 653/415/123 665/445/123
f 654/414/123 665/445/123 666/446/123
f 650/418/124 660/417/124 672/447/124
f 650/418/124 672/447/124 662/448/124
f 651/420/125 649/419/125 661/449/125
f 651/420/125 661/449/125 663/450/125
f 658/411/126 657/424/126 669/451/126
f 658/411/126 669/451/126 670/452/126
f 655/347/127 654/414/127 666/453/127
f 655/347/127 666/453/127 667/454/127
f 652/416/128 651/420/128 663/455/128
f 652/416/128 663/455/128 664/456/128
f 611/457/102 612/458/102 678/459/102
f 611/457/102 678/459/102 675/460/102
f 612/461/96 614/462/96 674/463/96
f 612/461/96 674/463/96 678/464/96
f 615/465/95 613/466/95 676/467/95
f 615/465/95 676/467/95 677/468/95
f 616/469/101 615/470/101 677/471/101
f 616/469/101 677/471/101 673/472/101
f 614/462/96 616/473/96 673/474/96
f 614/462/96 673/474/96 674/463/96
f 613/466/95 611/475/95 675/476/95
f 613/466/95 675/476/95 676/467/95
f 675/460/129 678/459/129 684/362/129
f 675/460/129 684/362/129 680/361/129
f 678/464/130 674/463/130 682/343/130
f 678/464/130 682/343/130 684/360/130
f 677/468/131 676/467/131 683/339/131
f 677/468/131 683/339/131 681/359/131
f 673/472/132 677/471/132 681/358/132
f 673/472/132 681/358/132 679/357/132
f 674/463/133 673/474/133 679/344/133
f 674/463/133 679/344/133 682/343/133
f 676/467/134 675/476/134 680/340/134
f 676/467/134 680/340/134 683/339/134

o mech4_4
v -0.066276 3.854411 3.175914
v -0.294578 3.854411 3.402197
v 0.180203 3.70191 3.607242
v 0.134543 3.70191 3.652499
v -0.066276 3.70191 3.175914
v -0.294578 3.70191 3.402197
v 0.180203 3.854411 3.607242
v 0.134543 3.854411 3.652499
v -0.2289 3.752138 3.162235
v -0.2289 3.804182 3.162235
v -0.306812 3.752138 3.239458
v -0.306812 3.804182 3.239458
v 0.244582 3.854411 3.094098
v 0.242375 3.70191 3.590879
v 0.244582 3.70191 3.094099
v 0.242375 3.854411 3.590879
v 0.110585 3.752138 3.00094
v 0.110585 3.804182 3.00094
v 0.004499 3.752138 3.028861
v 0.004499 3.804182 3.028861
v 0.5547 3.854411 3.178672
v 0.304399 3.70191 3.607794
v 0.5547 3.70191 3.178673
v 0.304399 3.854411 3.607794
v 0.485234 3.752138 3.030996
v 0.485234 3.804182 3.030996
v 0.379401 3.752138 3.002134
v 0.379401 3.804182 3.002134
v 0.780983 3.854411 3.406975
v 0.349655 3.70191 3.653454
v 0.780983 3.70191 3.406975
v 0.349655 3.854411 3.653454
v 0.794663 3.752138 3.244351
v 0.794663 3.804182 3.244351
v 0.717439 3.752138 3.166438
v 0.717439 3.804182 3.166438
v 0.862799 3.854411 3.717832
v 0.366018 3.70191 3.715626
v 0.862799 3.70191 3.717832
v 0.366018 3.854411 3.715626
v 0.955957 3.752138 3.583836
v 0.955957 3.804182 3.583836
v 0.928036 3.752138 3.47775
v 0.928036 3.804182 3.47775
v 0.778224 3.854411 4.027951
v 0.349104 3.70191 3.777649
v 0.778224 3.70191 4.027951
v 0.349103 3.854411 3.777649
v 0.925901 3.752138 3.958485
v 0.925901 3.804182 3.958485
v 0.954763 3.752138 3.852651
v 0.954763 3.804182 3.852651
v 0.549922 3.854411 4.254234
v 0.303443 3.70191 3.822906
v 0.549922 3.70191 4.254234
v 0.303443 3.854411 3.822906
v 0.712546 3.752138 4.267913
v 0.712546 3.804182 4.267913
v 0.790458 3.752138 4.19069
v 0.790458 3.804182 4.19069
v 0.239064 3.854411 4.336049
v 0.241272 3.70191 3.839269
v 0.239064 3.70191 4.336049
v 0.241272 3.854411 3.839269
v 0.373061 3.752138 4.429208
v 0.373061 3.804182 4.429208
v 0.479147 3.752138 4.401287
v 0.479147 3.804182 4.401287
v -0.071054 3.854411 4.251475
v 0.179248 3.70191 3.822354
v -0.071054 3.70191 4.251475
v 0.179248 3.854411 3.822354
v -0.001589 3.752138 4.399151
v -0.001589 3.804182 4.399151
v 0.104245 3.752138 4.428014
v 0.104245 3.804182 4.428014
v -0.297337 3.854411 4.023172
v 0.133991 3.70191 3.776694
v -0.297337 3.70191 4.023172
v 0.133991 3.854411 3.776694
v -0.311016 3.752138 4.185796
v -0.311016 3.804182 4.185796
v -0.233793 3.752138 4.263709
v -0.233793 3.804182 4.263709
v -0.379153 3.854411 3.712315
v 0.117628 3.70191 3.714522
v -0.379152 3.701909 3.712315
v 0.117628 3.854411 3.714522
v -0.472311 3.752138 3.846312
v -0.472312 3.804182 3.846312
v -0.44439 3.752138 3.952398
v -0.44439 3.804182 3.952398
v -0.442254 3.752138 3.471662
v -0.442254 3.804182 3.471662
v -0.471117 3.752138 3.577496
v -0.471117 3.804182 3.577496
v -0.116073 3.854411 3.225271
v 0.170244 3.70191 3.617114
v -0.116073 3.70191 3.225271
v 0.170244 3.854411 3.617114
v -0.245894 3.842905 3.179079
v -0.245894 3.752138 3.179079
v -0.251189 3.854411 3.359192
v 0.143221 3.70191 3.643898
v -0.251189 3.70191 3.359192
v 0.143221 3.854411 3.643898
v -0.292005 3.842905 3.224782
v -0.292005 3.752138 3.224782
v -1.225236 3.745537 2.190107
v -1.264081 3.747651 2.213507
v -0.50502 3.932186 3.011188
v -0.503047 3.804182 3.009084
v -0.458909 3.932186 2.965484
v -0.441915 3.752138 2.94864
v -0.441915 3.804182 2.94864
v -0.503047 3.752138 3.009084
v -1.540662 3.804466 1.962514
v -1.540662 3.752422 1.962514
v -1.47953 3.804466 1.902071
v -1.496524 3.932469 1.918915
v -1.47953 3.752422 1.902071
v -1.542635 3.932469 1.964618
vt 0.334623 0.548028
vt 0.285286 0.421793
vt 0.302222 0.412035
vt 0.338037 0.546113
vt 0.50476 0.255123
vt 0.378526 0.205555
vt 0.380485 0.202163
vt 0.514564 0.238158
vt 0.585426 0.118327
vt 0.590025 0.101893
vt 0.616379 0.13998
vt 0.61481 0.145588
vt 0.612602 0.091596
vt 0.624084 0.136465
vt 0.677565 0.118134
vt 0.696252 0.123999
vt 0.657359 0.149149
vt 0.649446 0.144486
vt 0.803289 0.695154
vt 0.803289 0.719969
vt 0.7577 0.711796
vt 0.7577 0.703327
vt 0.391967 0.412083
vt 0.355997 0.54611
vt 0.380488 0.184206
vt 0.514567 0.148318
vt 0.871921 0.777869
vt 0.848877 0.711796
vt 0.872299 0.731555
vt 0.832242 0.466769
vt 0.823773 0.466769
vt 0.823773 0.436125
vt 0.832242 0.436125
vt 0.848877 0.703327
vt 0.871921 0.637254
vt 0.872299 0.683568
vt 0.840415 0.512357
vt 0.8156 0.512357
vt 0.469693 0.456989
vt 0.371549 0.555089
vt 0.371512 0.168652
vt 0.469665 0.070531
vt 0.7577 0.580989
vt 0.823773 0.557946
vt 0.804014 0.581368
vt 0.640368 0.66327
vt 0.6319 0.66327
vt 0.6319 0.632626
vt 0.640368 0.632626
vt 0.832242 0.557946
vt 0.898315 0.580989
vt 0.852001 0.581368
vt 0.648541 0.708859
vt 0.623727 0.708859
vt 0.514566 0.534735
vt 0.38053 0.57064
vt 0.355962 0.159674
vt 0.39189 0.025629
vt 0.565826 0.777491
vt 0.6319 0.754447
vt 0.61214 0.777869
vt 0.832241 0.270267
vt 0.823773 0.270267
vt 0.823773 0.239623
vt 0.832241 0.239623
vt 0.640368 0.754447
vt 0.706442 0.777491
vt 0.660128 0.777869
vt 0.840414 0.315856
vt 0.8156 0.315856
vt 0.514566 0.624509
vt 0.380532 0.588598
vt 0.338005 0.159675
vt 0.302093 0.025632
vt 0.7577 0.384488
vt 0.823773 0.361444
vt 0.804014 0.384866
vt 0.437392 0.913036
vt 0.44586 0.913036
vt 0.44586 0.94368
vt 0.437392 0.94368
vt 0.832241 0.361444
vt 0.898315 0.384488
vt 0.852001 0.384866
vt 0.429219 0.867448
vt 0.454033 0.867448
vt 0.46968 0.702266
vt 0.371555 0.60415
vt 0.322454 0.168654
vt 0.224334 0.07053
vt 0.511934 0.798816
vt 0.44586 0.821859
vt 0.46562 0.798437
vt 0.6319 0.550724
vt 0.640368 0.550724
vt 0.640368 0.581368
vt 0.6319 0.581368
vt 0.437392 0.821859
vt 0.371319 0.798816
vt 0.417632 0.798437
vt 0.623727 0.505135
vt 0.648541 0.505135
vt 0.391927 0.747168
vt 0.356005 0.613129
vt 0.313476 0.184206
vt 0.179445 0.148287
vt 0.706441 0.436503
vt 0.640368 0.459547
vt 0.660128 0.436125
vt 0.813583 0.140228
vt 0.822052 0.140228
vt 0.822052 0.170872
vt 0.813583 0.170872
vt 0.6319 0.459547
vt 0.565826 0.436503
vt 0.61214 0.436125
vt 0.805411 0.09464
vt 0.830225 0.09464
vt 0.302133 0.747179
vt 0.338049 0.613131
vt 0.313477 0.202164
vt 0.179445 0.23806
vt 0.888125 0.026008
vt 0.822052 0.049051
vt 0.841811 0.025629
vt 0.640368 0.859772
vt 0.6319 0.859772
vt 0.6319 0.829128
vt 0.640368 0.829128
vt 0.813584 0.049051
vt 0.74751 0.026008
vt 0.793824 0.025629
vt 0.648541 0.90536
vt 0.623727 0.90536
vt 0.224355 0.702286
vt 0.322497 0.604154
vt 0.322456 0.217717
vt 0.22432 0.3158
vt 0.565826 0.973992
vt 0.6319 0.950949
vt 0.61214 0.974371
vt 0.823774 0.943727
vt 0.832242 0.943727
vt 0.832242 0.974371
vt 0.823774 0.974371
vt 0.640368 0.950949
vt 0.706441 0.973992
vt 0.660128 0.974371
vt 0.815601 0.898138
vt 0.840415 0.898138
vt 0.179445 0.624499
vt 0.313516 0.588601
vt 0.338007 0.226693
vt 0.302022 0.360698
vt 0.898315 0.829506
vt 0.832242 0.85255
vt 0.852002 0.829128
vt 0.245518 0.913036
vt 0.253986 0.913036
vt 0.253986 0.94368
vt 0.245518 0.94368
vt 0.823774 0.85255
vt 0.7577 0.829506
vt 0.804014 0.829128
vt 0.237345 0.867448
vt 0.262159 0.867448
vt 0.179462 0.534661
vt 0.313514 0.570643
vt 0.355967 0.226691
vt 0.391735 0.360776
vt 0.32006 0.798816
vt 0.253986 0.821859
vt 0.273746 0.798437
vt 0.640368 0.270267
vt 0.6319 0.270267
vt 0.6319 0.239623
vt 0.640368 0.239623
vt 0.245518 0.821859
vt 0.179445 0.798816
vt 0.225758 0.798437
vt 0.648541 0.315856
vt 0.623727 0.315856
vt 0.224434 0.45686
vt 0.32249 0.555093
vt 0.371518 0.217708
vt 0.469499 0.316033
vt 0.565826 0.384488
vt 0.6319 0.361444
vt 0.61214 0.384866
vt 0.586248 0.05351
vt 0.578543 0.057024
vt 0.565826 0.029144
vt 0.573531 0.025629
vt 0.640368 0.361444
vt 0.706441 0.384488
vt 0.660127 0.384866
vt 0.628026 0.098897
vt 0.63254 0.137921
vt 0.565826 0.188365
vt 0.571105 0.169503
vt 0.609922 0.163053
vt 0.608121 0.16949
vt 0.478041 0.301301
vt 0.37326 0.214776
vt 0.325446 0.553387
vt 0.239225 0.448338
vt 0.092538 0.599559
vt 0.083007 0.598411
vt 0.094677 0.502983
vt 0.112049 0.503595
vt 0.05206 0.596997
vt 0.041658 0.598556
vt 0.027552 0.503552
vt 0.051713 0.501377
vt 0.032044 0.599971
vt 0.017965 0.504308
vt 0.073358 0.596744
vt 0.071645 0.501148
vt 0.124039 0.504341
vt 0.120011 0.601136
vt 0.119717 0.600793
vt 0.099126 0.599859
vt 0.095237 0.041238
vt 0.112523 0.041247
vt 0.016193 0.041381
vt 0.025691 0.041344
vt 0.112537 0.031833
vt 0.124039 0.031873
vt 0.124025 0.041287
vt 0.111676 0.008676
vt 0.116643 0.008707
vt 0.050928 0.04128
vt 0.071871 0.041263
vn 0 -1 0
vn 0 1 0
vn -0.2639 -0.9271 -0.2663
vn -0.9972 0 0.075
vn -0.063 0.8324 -0.5505
vn 0.0838 0 -0.9965
vn -0.0954 -0.9271 -0.3626
vn -0.2545 0 -0.9671
vn -0.9011 0 -0.4337
vn -0.0954 0.9271 -0.3626
vn 0.5708 0 -0.8211
vn 0.0986 -0.9271 -0.3617
vn 0.2631 0 -0.9648
vn -0.5635 0 -0.8261
vn 0.0986 0.9271 -0.3617
vn 0.9049 0 -0.4257
vn 0.2663 -0.9271 -0.2639
vn 0.7102 0 -0.704
vn -0.075 0 -0.9972
vn 0.2663 0.9271 -0.2639
vn 0.9965 0 0.0838
vn 0.3626 -0.9271 -0.0954
vn 0.9671 0 -0.2545
vn 0.4337 0 -0.9011
vn 0.3626 0.9271 -0.0954
vn 0.8211 0 0.5708
vn 0.3617 -0.9271 0.0986
vn 0.9648 0 0.2631
vn 0.8261 0 -0.5635
vn 0.3617 0.9271 0.0986
vn 0.4257 0 0.9049
vn 0.2639 -0.9271 0.2663
vn 0.704 0 0.7102
vn 0.9972 0 -0.075
vn 0.2639 0.9271 0.2663
vn -0.0838 0 0.9965
vn 0.0954 -0.9271 0.3626
vn 0.2545 0 0.9671
vn 0.9011 0 0.4337
vn 0.0954 0.9271 0.3626
vn -0.5708 0 0.8211
vn -0.0986 -0.9271 0.3617
vn -0.2631 0 0.9648
vn 0.5635 0 0.8261
vn -0.0986 0.9271 0.3617
vn -0.9049 0 0.4256
vn -0.2663 -0.9271 0.2639
vn -0.7102 0 0.704
vn 0.075 0 0.9972
vn -0.2663 0.9271 0.2639
vn -0.9965 0 -0.0838
vn -0.3626 -0.9271 0.0954
vn -0.9671 0 0.2545
vn -0.4337 0 0.9011
vn -0.3626 0.9271 0.0954
vn -0.8211 0 -0.5708
vn -0.3617 -0.9271 -0.0986
vn -0.9648 0 -0.2631
vn -0.8261 0 0.5635
vn -0.3617 0.9271 -0.0986
vn -0.4256 0 -0.9049
vn -0.0649 0.9957 -0.0655
vn -0.5939 0.8022 -0.0606
vn -0.7613 0 0.6484
vn 0.7088 0.2757 -0.6493
vn 0.7081 0 -0.7061
vn 0.1998 0.9589 0.2016
vn -0.7202 0.1071 0.6854
vn -0.7101 0 0.7041
vn 0.7101 0 -0.7041
vn -0.7031 0 -0.7111
vn -0.7035 0.0005 -0.7107
vn -0.0001 -1 -0.0001
vn 0.0001 1 0.0001
vn 0.6981 0.1837 -0.692
vn -0.71 -0.0225 0.7039
s off
usemtl Material.006
f 782/477/135 783/478/135 689/479/135
f 782/477/135 689/479/135 687/480/135
f 781/481/136 784/482/136 691/483/136
f 781/481/136 691/483/136 685/484/136
f 789/485/137 690/486/137 695/487/137
f 789/485/137 695/487/137 792/488/137
f 690/486/138 686/489/138 696/490/138
f 690/486/138 696/490/138 695/487/138
f 781/491/139 685/492/139 694/493/139
f 781/491/139 694/493/139 785/494/139
f 685/495/140 689/496/140 693/497/140
f 685/495/140 693/497/140 694/498/140
f 687/480/135 689/479/135 699/499/135
f 687/480/135 699/499/135 698/500/135
f 685/484/136 691/483/136 700/501/136
f 685/484/136 700/501/136 697/502/136
f 699/503/141 689/496/141 703/504/141
f 699/503/141 703/504/141 701/505/141
f 702/506/142 701/507/142 703/508/142
f 702/506/142 703/508/142 704/509/142
f 689/496/143 685/495/143 704/510/143
f 689/496/143 704/510/143 703/504/143
f 685/495/144 697/511/144 702/512/144
f 685/495/144 702/512/144 704/510/144
f 697/513/145 699/514/145 701/507/145
f 697/513/145 701/507/145 702/506/145
f 698/500/135 699/499/135 707/515/135
f 698/500/135 707/515/135 706/516/135
f 697/502/136 700/501/136 708/517/136
f 697/502/136 708/517/136 705/518/136
f 707/519/146 699/514/146 711/520/146
f 707/519/146 711/520/146 709/521/146
f 710/522/147 709/523/147 711/524/147
f 710/522/147 711/524/147 712/525/147
f 699/514/148 697/513/148 712/526/148
f 699/514/148 712/526/148 711/520/148
f 697/513/149 705/527/149 710/528/149
f 697/513/149 710/528/149 712/526/149
f 705/529/150 707/530/150 709/523/150
f 705/529/150 709/523/150 710/522/150
f 706/516/135 707/515/135 715/531/135
f 706/516/135 715/531/135 714/532/135
f 705/518/136 708/517/136 716/533/136
f 705/518/136 716/533/136 713/534/136
f 715/535/151 707/530/151 719/536/151
f 715/535/151 719/536/151 717/537/151
f 718/538/152 717/539/152 719/540/152
f 718/538/152 719/540/152 720/541/152
f 707/530/153 705/529/153 720/542/153
f 707/530/153 720/542/153 719/536/153
f 705/529/154 713/543/154 718/544/154
f 705/529/154 718/544/154 720/542/154
f 713/545/155 715/546/155 717/539/155
f 713/545/155 717/539/155 718/538/155
f 714/532/135 715/531/135 723/547/135
f 714/532/135 723/547/135 722/548/135
f 713/534/136 716/533/136 724/549/136
f 713/534/136 724/549/136 721/550/136
f 723/551/156 715/546/156 727/552/156
f 723/551/156 727/552/156 725/553/156
f 726/554/157 725/555/157 727/556/157
f 726/554/157 727/556/157 728/557/157
f 715/546/158 713/545/158 728/558/158
f 715/546/158 728/558/158 727/552/158
f 713/545/159 721/559/159 726/560/159
f 713/545/159 726/560/159 728/558/159
f 721/561/160 723/562/160 725/555/160
f 721/561/160 725/555/160 726/554/160
f 722/548/135 723/547/135 731/563/135
f 722/548/135 731/563/135 730/564/135
f 721/550/136 724/549/136 732/565/136
f 721/550/136 732/565/136 729/566/136
f 731/567/161 723/562/161 735/568/161
f 731/567/161 735/568/161 733/569/161
f 734/570/162 733/571/162 735/572/162
f 734/570/162 735/572/162 736/573/162
f 723/562/163 721/561/163 736/574/163
f 723/562/163 736/574/163 735/568/163
f 721/561/164 729/575/164 734/576/164
f 721/561/164 734/576/164 736/574/164
f 729/577/165 731/578/165 733/571/165
f 729/577/165 733/571/165 734/570/165
f 730/564/135 731/563/135 739/579/135
f 730/564/135 739/579/135 738/580/135
f 729/566/136 732/565/136 740/581/136
f 729/566/136 740/581/136 737/582/136
f 739/583/166 731/578/166 743/584/166
f 739/583/166 743/584/166 741/585/166
f 742/586/167 741/587/167 743/588/167
f 742/586/167 743/588/167 744/589/167
f 731/578/168 729/577/168 744/590/168
f 731/578/168 744/590/168 743/584/168
f 729/577/169 737/591/169 742/592/169
f 729/577/169 742/592/169 744/590/169
f 737/593/170 739/594/170 741/587/170
f 737/593/170 741/587/170 742/586/170
f 738/580/135 739/579/135 747/595/135
f 738/580/135 747/595/135 746/596/135
f 737/582/136 740/581/136 748/597/136
f 737/582/136 748/597/136 745/598/136
f 747/599/171 739/594/171 751/600/171
f 747/599/171 751/600/171 749/601/171
f 750/602/172 749/603/172 751/604/172
f 750/602/172 751/604/172 752/605/172
f 739/594/173 737/593/173 752/606/173
f 739/594/173 752/606/173 751/600/173
f 737/593/174 745/607/174 750/608/174
f 737/593/174 750/608/174 752/606/174
f 745/609/175 747/610/175 749/603/175
f 745/609/175 749/603/175 750/602/175
f 746/596/135 747/595/135 755/611/135
f 746/596/135 755/611/135 754/612/135
f 745/598/136 748/597/136 756/613/136
f 745/598/136 756/613/136 753/614/136
f 755/615/176 747/610/176 759/616/176
f 755/615/176 759/616/176 757/617/176
f 758/618/177 757/619/177 759/620/177
f 758/618/177 759/620/177 760/621/177
f 747/610/178 745/609/178 760/622/178
f 747/610/178 760/622/178 759/616/178
f 745/609/179 753/623/179 758/624/179
f 745/609/179 758/624/179 760/622/179
f 753/625/180 755/626/180 757/619/180
f 753/625/180 757/619/180 758/618/180
f 754/612/135 755/611/135 763/627/135
f 754/612/135 763/627/135 762/628/135
f 753/614/136 756/613/136 764/629/136
f 753/614/136 764/629/136 761/630/136
f 763/631/181 755/626/181 767/632/181
f 763/631/181 767/632/181 765/633/181
f 766/634/182 765/635/182 767/636/182
f 766/634/182 767/636/182 768/637/182
f 755/626/183 753/625/183 768/638/183
f 755/626/183 768/638/183 767/632/183
f 753/625/184 761/639/184 766/640/184
f 753/625/184 766/640/184 768/638/184
f 761/641/185 763/642/185 765/635/185
f 761/641/185 765/635/185 766/634/185
f 762/628/135 763/627/135 771/643/135
f 762/628/135 771/643/135 770/644/135
f 761/630/136 764/629/136 772/645/136
f 761/630/136 772/645/136 769/646/136
f 771/647/186 763/642/186 775/648/186
f 771/647/186 775/648/186 773/649/186
f 774/650/187 773/651/187 775/652/187
f 774/650/187 775/652/187 776/653/187
f 763/642/188 761/641/188 776/654/188
f 763/642/188 776/654/188 775/648/188
f 761/641/189 769/655/189 774/656/189
f 761/641/189 774/656/189 776/654/189
f 769/657/190 771/658/190 773/651/190
f 769/657/190 773/651/190 774/650/190
f 770/644/135 771/643/135 690/659/135
f 770/644/135 690/659/135 688/660/135
f 769/646/136 772/645/136 692/661/136
f 769/646/136 692/661/136 686/662/136
f 690/663/191 771/658/191 779/664/191
f 690/663/191 779/664/191 777/665/191
f 778/666/192 777/667/192 779/668/192
f 778/666/192 779/668/192 780/669/192
f 771/658/193 769/657/193 780/670/193
f 771/658/193 780/670/193 779/664/193
f 769/657/194 686/671/194 778/672/194
f 769/657/194 778/672/194 780/670/194
f 686/489/195 690/486/195 777/667/195
f 686/489/195 777/667/195 778/666/195
f 787/673/196 781/491/196 785/494/196
f 787/673/196 785/494/196 791/674/196
f 689/675/137 783/676/137 786/677/137
f 689/675/137 786/677/137 693/678/137
f 787/679/136 790/680/136 784/482/136
f 787/679/136 784/482/136 781/481/136
f 788/681/135 789/682/135 783/478/135
f 788/681/135 783/478/135 782/477/135
f 688/660/135 690/659/135 789/682/135
f 688/660/135 789/682/135 788/681/135
f 686/662/136 692/661/136 790/680/136
f 686/662/136 790/680/136 787/679/136
f 686/489/197 787/673/197 791/674/197
f 686/489/197 791/674/197 696/490/197
f 783/676/137 789/485/137 792/488/137
f 783/676/137 792/488/137 786/677/137
f 695/683/198 696/684/198 796/685/198
f 695/683/198 796/685/198 800/686/198
f 785/687/199 694/688/199 799/689/199
f 785/687/199 799/689/199 797/690/199
f 694/688/200 693/691/200 798/692/200
f 694/688/200 798/692/200 799/689/200
f 791/693/201 785/687/201 797/690/201
f 791/693/201 797/690/201 795/694/201
f 696/684/202 791/693/202 795/694/202
f 696/684/202 795/694/202 796/685/202
f 695/683/135 800/686/135 798/695/135
f 695/683/135 798/695/135 693/696/135
f 695/683/135 693/696/135 786/697/135
f 695/683/135 786/697/135 792/698/135
f 800/686/203 796/685/203 801/699/203
f 800/686/203 801/699/203 802/700/203
f 799/689/204 798/692/204 805/701/204
f 799/689/204 805/701/204 803/702/204
f 801/703/205 803/704/205 805/705/205
f 801/703/205 805/705/205 802/700/205
f 803/704/206 801/703/206 806/706/206
f 803/704/206 806/706/206 804/707/206
f 798/695/207 800/686/207 802/700/207
f 798/695/207 802/700/207 805/705/207
f 795/694/208 797/690/208 804/708/208
f 795/694/208 804/708/208 806/709/208
f 797/690/209 799/689/209 803/702/209
f 797/690/209 803/702/209 804/708/209
f 796/685/210 795/694/210 806/709/210
f 796/685/210 806/709/210 801/699/210

o mech4_3
v 2.416389 3.854411 3.178576
v 2.188086 3.854411 3.404859
v 2.662868 3.70191 3.609904
v 2.617208 3.70191 3.655161
v 2.416389 3.70191 3.178576
v 2.188087 3.70191 3.404859
v 2.662868 3.854411 3.609904
v 2.617208 3.854411 3.655161
v 2.253765 3.752138 3.164897
v 2.253765 3.804182 3.164897
v 2.175852 3.752138 3.24212
v 2.175852 3.804182 3.24212
v 2.727246 3.854411 3.09676
v 2.725039 3.70191 3.593541
v 2.727246 3.70191 3.09676
v 2.725039 3.854411 3.593541
v 2.593249 3.752138 3.003602
v 2.593249 3.804182 3.003602
v 2.487163 3.752138 3.031523
v 2.487163 3.804182 3.031523
v 3.037364 3.854411 3.181334
v 2.787063 3.70191 3.610456
v 3.037364 3.70191 3.181334
v 2.787063 3.854411 3.610456
v 2.967899 3.752138 3.033658
v 2.967899 3.804182 3.033658
v 2.862065 3.752138 3.004796
v 2.862065 3.804182 3.004796
v 3.263647 3.854411 3.409637
v 2.832319 3.70191 3.656116
v 3.263648 3.70191 3.409637
v 2.832319 3.854411 3.656116
v 3.277327 3.752138 3.247013
v 3.277327 3.804182 3.247013
v 3.200104 3.752138 3.1691
v 3.200104 3.804182 3.1691
v 3.345463 3.854411 3.720494
v 2.848683 3.70191 3.718287
v 3.345463 3.70191 3.720494
v 2.848683 3.854411 3.718287
v 3.438622 3.752138 3.586498
v 3.438622 3.804182 3.586498
v 3.410701 3.752138 3.480412
v 3.410701 3.804182 3.480412
v 3.260889 3.854411 4.030612
v 2.831768 3.70191 3.780311
v 3.260889 3.70191 4.030612
v 2.831768 3.854411 3.780311
v 3.408565 3.752138 3.961147
v 3.408565 3.804182 3.961147
v 3.437428 3.752138 3.855313
v 3.437428 3.804182 3.855313
v 3.032586 3.854411 4.256896
v 2.786108 3.70191 3.825568
v 3.032586 3.70191 4.256896
v 2.786107 3.854411 3.825568
v 3.19521 3.752138 4.270576
v 3.19521 3.804182 4.270576
v 3.273123 3.752138 4.193352
v 3.273123 3.804182 4.193352
v 2.721729 3.854411 4.338711
v 2.723936 3.70191 3.841931
v 2.721729 3.70191 4.338711
v 2.723936 3.854411 3.841931
v 2.855725 3.752138 4.43187
v 2.855725 3.804182 4.43187
v 2.961811 3.752138 4.403949
v 2.961811 3.804182 4.403949
v 2.411611 3.854411 4.254137
v 2.661912 3.70191 3.825016
v 2.411611 3.70191 4.254137
v 2.661912 3.854411 3.825016
v 2.481076 3.752138 4.401813
v 2.481076 3.804182 4.401813
v 2.586909 3.752138 4.430676
v 2.586909 3.804182 4.430676
v 2.185328 3.854411 4.025834
v 2.616656 3.70191 3.779356
v 2.185328 3.70191 4.025834
v 2.616656 3.854411 3.779356
v 2.171648 3.752138 4.188458
v 2.171648 3.804182 4.188458
v 2.248872 3.752138 4.266371
v 2.248872 3.804182 4.266371
v 2.103512 3.854411 3.714977
v 2.600293 3.70191 3.717184
v 2.103512 3.701909 3.714977
v 2.600293 3.854411 3.717184
v 2.010353 3.752138 3.848974
v 2.010353 3.804182 3.848974
v 2.038274 3.752138 3.95506
v 2.038274 3.804182 3.95506
v 2.04041 3.752138 3.474324
v 2.04041 3.804182 3.474324
v 2.011548 3.752138 3.580158
v 2.011548 3.804182 3.580158
v 2.366591 3.854411 3.227933
v 2.652908 3.70191 3.619776
v 2.366591 3.70191 3.227933
v 2.652908 3.854411 3.619776
v 2.23677 3.842905 3.181741
v 2.23677 3.752138 3.181741
v 2.231475 3.854411 3.361854
v 2.625885 3.70191 3.64656
v 2.231475 3.70191 3.361854
v 2.625885 3.854411 3.64656
v 2.190659 3.842905 3.227444
v 2.190659 3.752138 3.227444
v 1.257429 3.745537 2.192769
v 1.218584 3.747651 2.216169
v 1.977644 3.932186 3.013849
v 1.979617 3.804182 3.011746
v 2.023755 3.932186 2.968146
v 2.04075 3.752138 2.951303
v 2.04075 3.804182 2.951303
v 1.979617 3.752138 3.011746
v 0.942002 3.804466 1.965176
v 0.942002 3.752422 1.965176
v 1.003135 3.804466 1.904732
v 0.98614 3.932469 1.921576
v 1.003135 3.752422 1.904732
v 0.940029 3.932469 1.96728
vt 0.334623 0.548028
vt 0.285286 0.421793
vt 0.302222 0.412035
vt 0.338037 0.546113
vt 0.50476 0.255123
vt 0.378526 0.205555
vt 0.380485 0.202163
vt 0.514564 0.238158
vt 0.585426 0.118327
vt 0.590025 0.101893
vt 0.616379 0.13998
vt 0.61481 0.145588
vt 0.612602 0.091596
vt 0.624084 0.136465
vt 0.677565 0.118134
vt 0.696252 0.123999
vt 0.657359 0.149149
vt 0.649446 0.144486
vt 0.803289 0.695154
vt 0.803289 0.719969
vt 0.7577 0.711796
vt 0.7577 0.703327
vt 0.391967 0.412083
vt 0.355997 0.54611
vt 0.380488 0.184206
vt 0.514567 0.148318
vt 0.871921 0.777869
vt 0.848877 0.711796
vt 0.872299 0.731555
vt 0.832242 0.466769
vt 0.823773 0.466769
vt 0.823773 0.436125
vt 0.832242 0.436125
vt 0.848877 0.703327
vt 0.871921 0.637254
vt 0.872299 0.683568
vt 0.840415 0.512357
vt 0.8156 0.512357
vt 0.469693 0.456989
vt 0.371549 0.555089
vt 0.371512 0.168652
vt 0.469665 0.070531
vt 0.7577 0.580989
vt 0.823773 0.557946
vt 0.804014 0.581368
vt 0.640368 0.66327
vt 0.6319 0.66327
vt 0.6319 0.632626
vt 0.640368 0.632626
vt 0.832242 0.557946
vt 0.898315 0.580989
vt 0.852001 0.581368
vt 0.648541 0.708859
vt 0.623727 0.708859
vt 0.514566 0.534735
vt 0.38053 0.57064
vt 0.355962 0.159674
vt 0.39189 0.025629
vt 0.565826 0.777491
vt 0.6319 0.754447
vt 0.61214 0.777869
vt 0.832241 0.270267
vt 0.823773 0.270267
vt 0.823773 0.239623
vt 0.832241 0.239623
vt 0.640368 0.754447
vt 0.706442 0.777491
vt 0.660128 0.777869
vt 0.840414 0.315856
vt 0.8156 0.315856
vt 0.514566 0.624509
vt 0.380532 0.588598
vt 0.338005 0.159675
vt 0.302093 0.025632
vt 0.7577 0.384488
vt 0.823773 0.361444
vt 0.804014 0.384866
vt 0.437392 0.913036
vt 0.44586 0.913036
vt 0.44586 0.94368
vt 0.437392 0.94368
vt 0.832241 0.361444
vt 0.898315 0.384488
vt 0.852001 0.384866
vt 0.429219 0.867448
vt 0.454033 0.867448
vt 0.46968 0.702266
vt 0.371555 0.60415
vt 0.322454 0.168654
vt 0.224334 0.07053
vt 0.511934 0.798816
vt 0.44586 0.821859
vt 0.46562 0.798437
vt 0.6319 0.550724
vt 0.640368 0.550724
vt 0.640368 0.581368
vt 0.6319 0.581368
vt 0.437392 0.821859
vt 0.371319 0.798816
vt 0.417632 0.798437
vt 0.623727 0.505135
vt 0.648541 0.505135
vt 0.391927 0.747168
vt 0.356005 0.613129
vt 0.313476 0.184206
vt 0.179445 0.148287
vt 0.706441 0.436503
vt 0.640368 0.459547
vt 0.660128 0.436125
vt 0.813583 0.140228
vt 0.822052 0.140228
vt 0.822052 0.170872
vt 0.813583 0.170872
vt 0.6319 0.459547
vt 0.565826 0.436503
vt 0.61214 0.436125
vt 0.805411 0.09464
vt 0.830225 0.09464
vt 0.302133 0.747179
vt 0.338049 0.613131
vt 0.313477 0.202164
vt 0.179445 0.23806
vt 0.888125 0.026008
vt 0.822052 0.049051
vt 0.841811 0.025629
vt 0.640368 0.859772
vt 0.6319 0.859772
vt 0.6319 0.829128
vt 0.640368 0.829128
vt 0.813584 0.049051
vt 0.74751 0.026008
vt 0.793824 0.025629
vt 0.648541 0.90536
vt 0.623727 0.90536
vt 0.224355 0.702286
vt 0.322497 0.604154
vt 0.322456 0.217717
vt 0.22432 0.3158
vt 0.565826 0.973992
vt 0.6319 0.950949
vt 0.61214 0.974371
vt 0.823774 0.943727
vt 0.832242 0.943727
vt 0.832242 0.974371
vt 0.823774 0.974371
vt 0.640368 0.950949
vt 0.706441 0.973992
vt 0.660128 0.974371
vt 0.815601 0.898138
vt 0.840415 0.898138
vt 0.179445 0.624499
vt 0.313516 0.588601
vt 0.338007 0.226693
vt 0.302022 0.360698
vt 0.898315 0.829506
vt 0.832242 0.85255
vt 0.852002 0.829128
vt 0.245518 0.913036
vt 0.253986 0.913036
vt 0.253986 0.94368
vt 0.245518 0.94368
vt 0.823774 0.85255
vt 0.7577 0.829506
vt 0.804014 0.829128
vt 0.237345 0.867448
vt 0.262159 0.867448
vt 0.179462 0.534661
vt 0.313514 0.570643
vt 0.355967 0.226691
vt 0.391735 0.360776
vt 0.32006 0.798816
vt 0.253986 0.821859
vt 0.273746 0.798437
vt 0.640368 0.270267
vt 0.6319 0.270267
vt 0.6319 0.239623
vt 0.640368 0.239623
vt 0.245518 0.821859
vt 0.179445 0.798816
vt 0.225758 0.798437
vt 0.648541 0.315856
vt 0.623727 0.315856
vt 0.224434 0.45686
vt 0.32249 0.555093
vt 0.371518 0.217708
vt 0.469499 0.316033
vt 0.565826 0.384488
vt 0.6319 0.361444
vt 0.61214 0.384866
vt 0.586248 0.05351
vt 0.578543 0.057024
vt 0.565826 0.029144
vt 0.573531 0.025629
vt 0.640368 0.361444
vt 0.706441 0.384488
vt 0.660127 0.384866
vt 0.628026 0.098897
vt 0.63254 0.137921
vt 0.565826 0.188365
vt 0.571105 0.169503
vt 0.609922 0.163053
vt 0.608121 0.16949
vt 0.478041 0.301301
vt 0.37326 0.214776
vt 0.325446 0.553387
vt 0.239225 0.448338
vt 0.092538 0.599559
vt 0.083007 0.598411
vt 0.094677 0.502983
vt 0.112049 0.503595
vt 0.05206 0.596997
vt 0.041658 0.598556
vt 0.027552 0.503552
vt 0.051713 0.501377
vt 0.032044 0.599971
vt 0.017965 0.504308
vt 0.073358 0.596744
vt 0.071645 0.501148
vt 0.124039 0.504341
vt 0.120011 0.601136
vt 0.119717 0.600793
vt 0.099126 0.599859
vt 0.095237 0.041238
vt 0.112523 0.041247
vt 0.016193 0.041381
vt 0.025691 0.041344
vt 0.112537 0.031833
vt 0.124039 0.031873
vt 0.124025 0.041287
vt 0.111676 0.008676
vt 0.116643 0.008707
vt 0.050928 0.04128
vt 0.071871 0.041263
vn 0 -1 0
vn 0 1 0
vn -0.2639 -0.9271 -0.2663
vn -0.9972 0 0.075
vn -0.063 0.8324 -0.5505
vn 0.0838 0 -0.9965
vn -0.0954 -0.9271 -0.3626
vn -0.2545 0 -0.9671
vn -0.9011 0 -0.4337
vn -0.0954 0.9271 -0.3626
vn 0.5708 0 -0.8211
vn 0.0986 -0.9271 -0.3617
vn 0.2631 0 -0.9648
vn -0.5635 0 -0.8261
vn 0.0986 0.9271 -0.3617
vn 0.9049 0 -0.4257
vn 0.2663 -0.9271 -0.2639
vn 0.7102 0 -0.704
vn -0.075 0 -0.9972
vn 0.2663 0.9271 -0.2639
vn 0.9965 0 0.0838
vn 0.3626 -0.9271 -0.0954
vn 0.9671 0 -0.2545
vn 0.4337 0 -0.9011
vn 0.3626 0.9271 -0.0954
vn 0.8211 0 0.5708
vn 0.3617 -0.9271 0.0986
vn 0.9648 0 0.2631
vn 0.8261 0 -0.5635
vn 0.3617 0.9271 0.0986
vn 0.4257 0 0.9049
vn 0.2639 -0.9271 0.2663
vn 0.704 0 0.7102
vn 0.9972 0 -0.075
vn 0.2639 0.9271 0.2663
vn -0.0838 0 0.9965
vn 0.0954 -0.9271 0.3626
vn 0.2545 0 0.9671
vn 0.9011 0 0.4337
vn 0.0954 0.9271 0.3626
vn -0.5708 0 0.8211
vn -0.0986 -0.9271 0.3617
vn -0.2631 0 0.9648
vn 0.5635 0 0.8261
vn -0.0986 0.9271 0.3617
vn -0.9049 0 0.4256
vn -0.2663 -0.9271 0.2639
vn -0.7102 0 0.704
vn 0.075 0 0.9972
vn -0.2663 0.9271 0.2639
vn -0.9965 0 -0.0838
vn -0.3626 -0.9271 0.0954
vn -0.9671 0 0.2545
vn -0.4337 0 0.9011
vn -0.3626 0.9271 0.0954
vn -0.8211 0 -0.5708
vn -0.3617 -0.9271 -0.0986
vn -0.9648 0 -0.2631
vn -0.8261 0 0.5635
vn -0.3617 0.9271 -0.0986
vn -0.4256 0 -0.9049
vn -0.0649 0.9957 -0.0655
vn -0.5939 0.8022 -0.0606
vn -0.7613 0 0.6484
vn 0.7088 0.2757 -0.6493
vn 0.7081 0 -0.7061
vn 0.1998 0.9589 0.2016
vn -0.7202 0.1071 0.6854
vn -0.7101 0 0.7041
vn 0.7101 0 -0.7041
vn -0.7031 0 -0.7111
vn -0.7035 0.0005 -0.7107
vn -0.0001 -1 -0.0001
vn 0.0001 1 0.0001
vn 0.6981 0.1837 -0.692
vn -0.71 -0.0225 0.7039
s off
usemtl Material.006
f 904/710/211 905/711/211 811/712/211
f 904/710/211 811/712/211 809/713/211
f 903/714/212 906/715/212 813/716/212
f 903/714/212 813/716/212 807/717/212
f 911/718/213 812/719/213 817/720/213
f 911/718/213 817/720/213 914/721/213
f 812/719/214 808/722/214 818/723/214
f 812/719/214 818/723/214 817/720/214
f 903/724/215 807/725/215 816/726/215
f 903/724/215 816/726/215 907/727/215
f 807/728/216 811/729/216 815/730/216
f 807/728/216 815/730/216 816/731/216
f 809/713/211 811/712/211 821/732/211
f 809/713/211 821/732/211 820/733/211
f 807/717/212 813/716/212 822/734/212
f 807/717/212 822/734/212 819/735/212
f 821/736/217 811/729/217 825/737/217
f 821/736/217 825/737/217 823/738/217
f 824/739/218 823/740/218 825/741/218
f 824/739/218 825/741/218 826/742/218
f 811/729/219 807/728/219 826/743/219
f 811/729/219 826/743/219 825/737/219
f 807/728/220 819/744/220 824/745/220
f 807/728/220 824/745/220 826/743/220
f 819/746/221 821/747/221 823/740/221
f 819/746/221 823/740/221 824/739/221
f 820/733/211 821/732/211 829/748/211
f 820/733/211 829/748/211 828/749/211
f 819/735/212 822/734/212 830/750/212
f 819/735/212 830/750/212 827/751/212
f 829/752/222 821/747/222 833/753/222
f 829/752/222 833/753/222 831/754/222
f 832/755/223 831/756/223 833/757/223
f 832/755/223 833/757/223 834/758/223
f 821/747/224 819/746/224 834/759/224
f 821/747/224 834/759/224 833/753/224
f 819/746/225 827/760/225 832/761/225
f 819/746/225 832/761/225 834/759/225
f 827/762/226 829/763/226 831/756/226
f 827/762/226 831/756/226 832/755/226
f 828/749/211 829/748/211 837/764/211
f 828/749/211 837/764/211 836/765/211
f 827/751/212 830/750/212 838/766/212
f 827/751/212 838/766/212 835/767/212
f 837/768/227 829/763/227 841/769/227
f 837/768/227 841/769/227 839/770/227
f 840/771/228 839/772/228 841/773/228
f 840/771/228 841/773/228 842/774/228
f 829/763/229 827/762/229 842/775/229
f 829/763/229 842/775/229 841/769/229
f 827/762/230 835/776/230 840/777/230
f 827/762/230 840/777/230 842/775/230
f 835/778/231 837/779/231 839/772/231
f 835/778/231 839/772/231 840/771/231
f 836/765/211 837/764/211 845/780/211
f 836/765/211 845/780/211 844/781/211
f 835/767/212 838/766/212 846/782/212
f 835/767/212 846/782/212 843/783/212
f 845/784/232 837/779/232 849/785/232
f 845/784/232 849/785/232 847/786/232
f 848/787/233 847/788/233 849/789/233
f 848/787/233 849/789/233 850/790/233
f 837/779/234 835/778/234 850/791/234
f 837/779/234 850/791/234 849/785/234
f 835/778/235 843/792/235 848/793/235
f 835/778/235 848/793/235 850/791/235
f 843/794/236 845/795/236 847/788/236
f 843/794/236 847/788/236 848/787/236
f 844/781/211 845/780/211 853/796/211
f 844/781/211 853/796/211 852/797/211
f 843/783/212 846/782/212 854/798/212
f 843/783/212 854/798/212 851/799/212
f 853/800/237 845/795/237 857/801/237
f 853/800/237 857/801/237 855/802/237
f 856/803/238 855/804/238 857/805/238
f 856/803/238 857/805/238 858/806/238
f 845/795/239 843/794/239 858/807/239
f 845/795/239 858/807/239 857/801/239
f 843/794/240 851/808/240 856/809/240
f 843/794/240 856/809/240 858/807/240
f 851/810/241 853/811/241 855/804/241
f 851/810/241 855/804/241 856/803/241
f 852/797/211 853/796/211 861/812/211
f 852/797/211 861/812/211 860/813/211
f 851/799/212 854/798/212 862/814/212
f 851/799/212 862/814/212 859/815/212
f 861/816/242 853/811/242 865/817/242
f 861/816/242 865/817/242 863/818/242
f 864/819/243 863/820/243 865/821/243
f 864/819/243 865/821/243 866/822/243
f 853/811/244 851/810/244 866/823/244
f 853/811/244 866/823/244 865/817/244
f 851/810/245 859/824/245 864/825/245
f 851/810/245 864/825/245 866/823/245
f 859/826/246 861/827/246 863/820/246
f 859/826/246 863/820/246 864/819/246
f 860/813/211 861/812/211 869/828/211
f 860/813/211 869/828/211 868/829/211
f 859/815/212 862/814/212 870/830/212
f 859/815/212 870/830/212 867/831/212
f 869/832/247 861/827/247 873/833/247
f 869/832/247 873/833/247 871/834/247
f 872/835/248 871/836/248 873/837/248
f 872/835/248 873/837/248 874/838/248
f 861/827/249 859/826/249 874/839/249
f 861/827/249 874/839/249 873/833/249
f 859/826/250 867/840/250 872/841/250
f 859/826/250 872/841/250 874/839/250
f 867/842/251 869/843/251 871/836/251
f 867/842/251 871/836/251 872/835/251
f 868/829/211 869/828/211 877/844/211
f 868/829/211 877/844/211 876/845/211
f 867/831/212 870/830/212 878/846/212
f 867/831/212 878/846/212 875/847/212
f 877/848/252 869/843/252 881/849/252
f 877/848/252 881/849/252 879/850/252
f 880/851/253 879/852/253 881/853/253
f 880/851/253 881/853/253 882/854/253
f 869/843/254 867/842/254 882/855/254
f 869/843/254 882/855/254 881/849/254
f 867/842/255 875/856/255 880/857/255
f 867/842/255 880/857/255 882/855/255
f 875/858/256 877/859/256 879/852/256
f 875/858/256 879/852/256 880/851/256
f 876/845/211 877/844/211 885/860/211
f 876/845/211 885/860/211 884/861/211
f 875/847/212 878/846/212 886/862/212
f 875/847/212 886/862/212 883/863/212
f 885/864/257 877/859/257 889/865/257
f 885/864/257 889/865/257 887/866/257
f 888/867/258 887/868/258 889/869/258
f 888/867/258 889/869/258 890/870/258
f 877/859/259 875/858/259 890/871/259
f 877/859/259 890/871/259 889/865/259
f 875/858/260 883/872/260 888/873/260
f 875/858/260 888/873/260 890/871/260
f 883/874/261 885/875/261 887/868/261
f 883/874/261 887/868/261 888/867/261
f 884/861/211 885/860/211 893/876/211
f 884/861/211 893/876/211 892/877/211
f 883/863/212 886/862/212 894/878/212
f 883/863/212 894/878/212 891/879/212
f 893/880/262 885/875/262 897/881/262
f 893/880/262 897/881/262 895/882/262
f 896/883/263 895/884/263 897/885/263
f 896/883/263 897/885/263 898/886/263
f 885/875/264 883/874/264 898/887/264
f 885/875/264 898/887/264 897/881/264
f 883/874/265 891/888/265 896/889/265
f 883/874/265 896/889/265 898/887/265
f 891/890/266 893/891/266 895/884/266
f 891/890/266 895/884/266 896/883/266
f 892/877/211 893/876/211 812/892/211
f 892/877/211 812/892/211 810/893/211
f 891/879/212 894/878/212 814/894/212
f 891/879/212 814/894/212 808/895/212
f 812/896/267 893/891/267 901/897/267
f 812/896/267 901/897/267 899/898/267
f 900/899/268 899/900/268 901/901/268
f 900/899/268 901/901/268 902/902/268
f 893/891/269 891/890/269 902/903/269
f 893/891/269 902/903/269 901/897/269
f 891/890/270 808/904/270 900/905/270
f 891/890/270 900/905/270 902/903/270
f 808/722/271 812/719/271 899/900/271
f 808/722/271 899/900/271 900/899/271
f 909/906/272 903/724/272 907/727/272
f 909/906/272 907/727/272 913/907/272
f 811/908/213 905/909/213 908/910/213
f 811/908/213 908/910/213 815/911/213
f 909/912/212 912/913/212 906/715/212
f 909/912/212 906/715/212 903/714/212
f 910/914/211 911/915/211 905/711/211
f 910/914/211 905/711/211 904/710/211
f 810/893/211 812/892/211 911/915/211
f 810/893/211 911/915/211 910/914/211
f 808/895/212 814/894/212 912/913/212
f 808/895/212 912/913/212 909/912/212
f 808/722/273 909/906/273 913/907/273
f 808/722/273 913/907/273 818/723/273
f 905/909/213 911/718/213 914/721/213
f 905/909/213 914/721/213 908/910/213
f 817/916/274 818/917/274 918/918/274
f 817/916/274 918/918/274 922/919/274
f 907/920/275 816/921/275 921/922/275
f 907/920/275 921/922/275 919/923/275
f 816/921/276 815/924/276 920/925/276
f 816/921/276 920/925/276 921/922/276
f 913/926/277 907/920/277 919/923/277
f 913/926/277 919/923/277 917/927/277
f 818/917/278 913/926/278 917/927/278
f 818/917/278 917/927/278 918/918/278
f 817/916/211 922/919/211 920/928/211
f 817/916/211 920/928/211 815/929/211
f 817/916/211 815/929/211 908/930/211
f 817/916/211 908/930/211 914/931/211
f 922/919/279 918/918/279 923/932/279
f 922/919/279 923/932/279 924/933/279
f 921/922/280 920/925/280 927/934/280
f 921/922/280 927/934/280 925/935/280
f 923/936/281 925/937/281 927/938/281
f 923/936/281 927/938/281 924/933/281
f 925/937/282 923/936/282 928/939/282
f 925/937/282 928/939/282 926/940/282
f 920/928/283 922/919/283 924/933/283
f 920/928/283 924/933/283 927/938/283
f 917/927/284 919/923/284 926/941/284
f 917/927/284 926/941/284 928/942/284
f 919/923/285 921/922/285 925/935/285
f 919/923/285 925/935/285 926/941/285
f 918/918/286 917/927/286 928/942/286
f 918/918/286 928/942/286 923/932/286

o mech4_2
v 3.046816 3.854411 -0.165841
v 3.275118 3.854411 -0.392123
v 2.800336 3.70191 -0.597169
v 2.845997 3.70191 -0.642425
v 3.046816 3.70191 -0.165841
v 3.275118 3.70191 -0.392123
v 2.800336 3.854411 -0.597169
v 2.845997 3.854411 -0.642425
v 3.20944 3.752138 -0.152161
v 3.20944 3.804182 -0.152161
v 3.287352 3.752138 -0.229385
v 3.287352 3.804182 -0.229385
v 2.735958 3.854411 -0.084025
v 2.738165 3.70191 -0.580806
v 2.735958 3.70191 -0.084025
v 2.738165 3.854411 -0.580806
v 2.869955 3.752138 0.009134
v 2.869955 3.804182 0.009134
v 2.976041 3.752138 -0.018787
v 2.976041 3.804182 -0.018787
v 2.42584 3.854411 -0.168599
v 2.676141 3.70191 -0.59772
v 2.42584 3.70191 -0.168599
v 2.676142 3.854411 -0.59772
v 2.495305 3.752138 -0.020923
v 2.495305 3.804182 -0.020923
v 2.601139 3.752138 0.00794
v 2.601139 3.804182 0.00794
v 2.199557 3.854411 -0.396902
v 2.630885 3.70191 -0.643381
v 2.199557 3.70191 -0.396902
v 2.630885 3.854411 -0.643381
v 2.185877 3.752138 -0.234278
v 2.185877 3.804182 -0.234278
v 2.263101 3.752138 -0.156365
v 2.263101 3.804182 -0.156365
v 2.117741 3.854411 -0.707759
v 2.614522 3.70191 -0.705552
v 2.117741 3.70191 -0.707759
v 2.614522 3.854411 -0.705552
v 2.024583 3.752138 -0.573762
v 2.024583 3.804182 -0.573762
v 2.052504 3.752138 -0.467676
v 2.052504 3.804182 -0.467676
v 2.202316 3.854411 -1.017877
v 2.631437 3.70191 -0.767576
v 2.202316 3.70191 -1.017877
v 2.631437 3.854411 -0.767576
v 2.054639 3.752138 -0.948412
v 2.054639 3.804182 -0.948412
v 2.025777 3.752138 -0.842578
v 2.025777 3.804182 -0.842578
v 2.430619 3.854411 -1.24416
v 2.677097 3.70191 -0.812832
v 2.430619 3.70191 -1.24416
v 2.677097 3.854411 -0.812832
v 2.267994 3.752138 -1.25784
v 2.267994 3.804182 -1.25784
v 2.190082 3.752138 -1.180617
v 2.190082 3.804182 -1.180617
v 2.741476 3.854411 -1.325976
v 2.739269 3.70191 -0.829195
v 2.741476 3.70191 -1.325976
v 2.739269 3.854411 -0.829195
v 2.607479 3.752138 -1.419135
v 2.607479 3.804182 -1.419135
v 2.501393 3.752138 -1.391214
v 2.501393 3.804182 -1.391214
v 3.051594 3.854411 -1.241401
v 2.801292 3.70191 -0.812281
v 3.051594 3.70191 -1.241401
v 2.801292 3.854411 -0.812281
v 2.982129 3.752138 -1.389078
v 2.982129 3.804182 -1.389078
v 2.876295 3.752138 -1.41794
v 2.876295 3.804182 -1.41794
v 3.277877 3.854411 -1.013099
v 2.846549 3.70191 -0.76662
v 3.277877 3.70191 -1.013099
v 2.846549 3.854411 -0.76662
v 3.291556 3.752138 -1.175722
v 3.291556 3.804182 -1.175722
v 3.214333 3.752138 -1.253635
v 3.214333 3.804182 -1.253635
v 3.359692 3.854411 -0.702241
v 2.862912 3.70191 -0.704449
v 3.359692 3.701909 -0.702241
v 2.862912 3.854411 -0.704449
v 3.452851 3.752138 -0.836238
v 3.452852 3.804182 -0.836238
v 3.42493 3.752138 -0.942324
v 3.42493 3.804182 -0.942324
v 3.422794 3.752138 -0.461588
v 3.422794 3.804182 -0.461588
v 3.451657 3.752138 -0.567422
v 3.451657 3.804182 -0.567422
v 3.096613 3.854411 -0.215198
v 2.810296 3.70191 -0.60704
v 3.096613 3.70191 -0.215198
v 2.810296 3.854411 -0.60704
v 3.226434 3.842905 -0.169005
v 3.226434 3.752138 -0.169005
v 3.231729 3.854411 -0.349119
v 2.837319 3.70191 -0.633824
v 3.231729 3.70191 -0.349119
v 2.837319 3.854411 -0.633824
v 3.272545 3.842905 -0.214708
v 3.272545 3.752138 -0.214708
v 4.205775 3.745537 0.819967
v 4.24462 3.747651 0.796567
v 3.48556 3.932186 -0.001114
v 3.483587 3.804182 0.00099
v 3.439449 3.932186 0.044589
v 3.422455 3.752138 0.061433
v 3.422455 3.804182 0.061433
v 3.483587 3.752138 0.00099
v 4.521202 3.804466 1.04756
v 4.521202 3.752422 1.04756
v 4.460069 3.804466 1.108003
v 4.477063 3.932469 1.091159
v 4.460069 3.752422 1.108003
v 4.523174 3.932469 1.045456
vt 0.334623 0.548028
vt 0.285286 0.421793
vt 0.302222 0.412035
vt 0.338037 0.546113
vt 0.50476 0.255123
vt 0.378526 0.205555
vt 0.380485 0.202163
vt 0.514564 0.238158
vt 0.585426 0.118327
vt 0.590025 0.101893
vt 0.616379 0.13998
vt 0.61481 0.145588
vt 0.612602 0.091596
vt 0.624084 0.136465
vt 0.677565 0.118134
vt 0.696252 0.123999
vt 0.657359 0.149149
vt 0.649446 0.144486
vt 0.803289 0.695154
vt 0.803289 0.719969
vt 0.7577 0.711796
vt 0.7577 0.703327
vt 0.391967 0.412083
vt 0.355997 0.54611
vt 0.380488 0.184206
vt 0.514567 0.148318
vt 0.871921 0.777869
vt 0.848877 0.711796
vt 0.872299 0.731555
vt 0.832242 0.466769
vt 0.823773 0.466769
vt 0.823773 0.436125
vt 0.832242 0.436125
vt 0.848877 0.703327
vt 0.871921 0.637254
vt 0.872299 0.683568
vt 0.840415 0.512357
vt 0.8156 0.512357
vt 0.469693 0.456989
vt 0.371549 0.555089
vt 0.371512 0.168652
vt 0.469665 0.070531
vt 0.7577 0.580989
vt 0.823773 0.557946
vt 0.804014 0.581368
vt 0.640368 0.66327
vt 0.6319 0.66327
vt 0.6319 0.632626
vt 0.640368 0.632626
vt 0.832242 0.557946
vt 0.898315 0.580989
vt 0.852001 0.581368
vt 0.648541 0.708859
vt 0.623727 0.708859
vt 0.514566 0.534735
vt 0.38053 0.57064
vt 0.355962 0.159674
vt 0.39189 0.025629
vt 0.565826 0.777491
vt 0.6319 0.754447
vt 0.61214 0.777869
vt 0.832241 0.270267
vt 0.823773 0.270267
vt 0.823773 0.239623
vt 0.832241 0.239623
vt 0.640368 0.754447
vt 0.706442 0.777491
vt 0.660128 0.777869
vt 0.840414 0.315856
vt 0.8156 0.315856
vt 0.514566 0.624509
vt 0.380532 0.588598
vt 0.338005 0.159675
vt 0.302093 0.025632
vt 0.7577 0.384488
vt 0.823773 0.361444
vt 0.804014 0.384866
vt 0.437392 0.913036
vt 0.44586 0.913036
vt 0.44586 0.94368
vt 0.437392 0.94368
vt 0.832241 0.361444
vt 0.898315 0.384488
vt 0.852001 0.384866
vt 0.429219 0.867448
vt 0.454033 0.867448
vt 0.46968 0.702266
vt 0.371555 0.60415
vt 0.322454 0.168654
vt 0.224334 0.07053
vt 0.511934 0.798816
vt 0.44586 0.821859
vt 0.46562 0.798437
vt 0.6319 0.550724
vt 0.640368 0.550724
vt 0.640368 0.581368
vt 0.6319 0.581368
vt 0.437392 0.821859
vt 0.371319 0.798816
vt 0.417632 0.798437
vt 0.623727 0.505135
vt 0.648541 0.505135
vt 0.391927 0.747168
vt 0.356005 0.613129
vt 0.313476 0.184206
vt 0.179445 0.148287
vt 0.706441 0.436503
vt 0.640368 0.459547
vt 0.660128 0.436125
vt 0.813583 0.140228
vt 0.822052 0.140228
vt 0.822052 0.170872
vt 0.813583 0.170872
vt 0.6319 0.459547
vt 0.565826 0.436503
vt 0.61214 0.436125
vt 0.805411 0.09464
vt 0.830225 0.09464
vt 0.302133 0.747179
vt 0.338049 0.613131
vt 0.313477 0.202164
vt 0.179445 0.23806
vt 0.888125 0.026008
vt 0.822052 0.049051
vt 0.841811 0.025629
vt 0.640368 0.859772
vt 0.6319 0.859772
vt 0.6319 0.829128
vt 0.640368 0.829128
vt 0.813584 0.049051
vt 0.74751 0.026008
vt 0.793824 0.025629
vt 0.648541 0.90536
vt 0.623727 0.90536
vt 0.224355 0.702286
vt 0.322497 0.604154
vt 0.322456 0.217717
vt 0.22432 0.3158
vt 0.565826 0.973992
vt 0.6319 0.950949
vt 0.61214 0.974371
vt 0.823774 0.943727
vt 0.832242 0.943727
vt 0.832242 0.974371
vt 0.823774 0.974371
vt 0.640368 0.950949
vt 0.706441 0.973992
vt 0.660128 0.974371
vt 0.815601 0.898138
vt 0.840415 0.898138
vt 0.179445 0.624499
vt 0.313516 0.588601
vt 0.338007 0.226693
vt 0.302022 0.360698
vt 0.898315 0.829506
vt 0.832242 0.85255
vt 0.852002 0.829128
vt 0.245518 0.913036
vt 0.253986 0.913036
vt 0.253986 0.94368
vt 0.245518 0.94368
vt 0.823774 0.85255
vt 0.7577 0.829506
vt 0.804014 0.829128
vt 0.237345 0.867448
vt 0.262159 0.867448
vt 0.179462 0.534661
vt 0.313514 0.570643
vt 0.355967 0.226691
vt 0.391735 0.360776
vt 0.32006 0.798816
vt 0.253986 0.821859
vt 0.273746 0.798437
vt 0.640368 0.270267
vt 0.6319 0.270267
vt 0.6319 0.239623
vt 0.640368 0.239623
vt 0.245518 0.821859
vt 0.179445 0.798816
vt 0.225758 0.798437
vt 0.648541 0.315856
vt 0.623727 0.315856
vt 0.224434 0.45686
vt 0.32249 0.555093
vt 0.371518 0.217708
vt 0.469499 0.316033
vt 0.565826 0.384488
vt 0.6319 0.361444
vt 0.61214 0.384866
vt 0.586248 0.05351
vt 0.578543 0.057024
vt 0.565826 0.029144
vt 0.573531 0.025629
vt 0.640368 0.361444
vt 0.706441 0.384488
vt 0.660127 0.384866
vt 0.628026 0.098897
vt 0.63254 0.137921
vt 0.565826 0.188365
vt 0.571105 0.169503
vt 0.609922 0.163053
vt 0.608121 0.16949
vt 0.478041 0.301301
vt 0.37326 0.214776
vt 0.325446 0.553387
vt 0.239225 0.448338
vt 0.092538 0.599559
vt 0.083007 0.598411
vt 0.094677 0.502983
vt 0.112049 0.503595
vt 0.05206 0.596997
vt 0.041658 0.598556
vt 0.027552 0.503552
vt 0.051713 0.501377
vt 0.032044 0.599971
vt 0.017965 0.504308
vt 0.073358 0.596744
vt 0.071645 0.501148
vt 0.124039 0.504341
vt 0.120011 0.601136
vt 0.119717 0.600793
vt 0.099126 0.599859
vt 0.095237 0.041238
vt 0.112523 0.041247
vt 0.016193 0.041381
vt 0.025691 0.041344
vt 0.112537 0.031833
vt 0.124039 0.031873
vt 0.124025 0.041287
vt 0.111676 0.008676
vt 0.116643 0.008707
vt 0.050928 0.04128
vt 0.071871 0.041263
vn 0 -1 0
vn 0 1 0
vn 0.2639 -0.9271 0.2663
vn 0.9972 0 -0.075
vn 0.063 0.8324 0.5505
vn -0.0838 0 0.9965
vn 0.0954 -0.9271 0.3626
vn 0.2545 0 0.9671
vn 0.9011 0 0.4337
vn 0.0954 0.9271 0.3626
vn -0.5708 0 0.8211
vn -0.0986 -0.9271 0.3617
vn -0.2631 0 0.9648
vn 0.5635 0 0.8261
vn -0.0986 0.9271 0.3617
vn -0.9049 0 0.4256
vn -0.2663 -0.9271 0.2639
vn -0.7102 0 0.704
vn 0.075 0 0.9972
vn -0.2663 0.9271 0.2639
vn -0.9965 0 -0.0838
vn -0.3626 -0.9271 0.0954
vn -0.9671 0 0.2545
vn -0.4337 0 0.9011
vn -0.3626 0.9271 0.0954
vn -0.8211 0 -0.5708
vn -0.3617 -0.9271 -0.0986
vn -0.9648 0 -0.2631
vn -0.8261 0 0.5635
vn -0.3617 0.9271 -0.0986
vn -0.4257 0 -0.9049
vn -0.2639 -0.9271 -0.2663
vn -0.704 0 -0.7102
vn -0.9972 0 0.075
vn -0.2639 0.9271 -0.2663
vn 0.0838 0 -0.9965
vn -0.0954 -0.9271 -0.3626
vn -0.2545 0 -0.9671
vn -0.9011 0 -0.4337
vn -0.0954 0.9271 -0.3626
vn 0.5708 0 -0.8211
vn 0.0986 -0.9271 -0.3617
vn 0.2631 0 -0.9648
vn -0.5635 0 -0.8261
vn 0.0986 0.9271 -0.3617
vn 0.9049 0 -0.4256
vn 0.2663 -0.9271 -0.2639
vn 0.7102 0 -0.704
vn -0.075 0 -0.9972
vn 0.2663 0.9271 -0.2639
vn 0.9965 0 0.0838
vn 0.3626 -0.9271 -0.0954
vn 0.9671 0 -0.2545
vn 0.4337 0 -0.9011
vn 0.3626 0.9271 -0.0954
vn 0.8211 0 0.5708
vn 0.3617 -0.9271 0.0986
vn 0.9648 0 0.2631
vn 0.8261 0 -0.5635
vn 0.3617 0.9271 0.0986
vn 0.4256 0 0.9049
vn 0.0649 0.9957 0.0655
vn 0.5939 0.8022 0.0606
vn 0.7613 0 -0.6484
vn -0.7088 0.2757 0.6493
vn -0.7081 0 0.7061
vn -0.1998 0.9589 -0.2016
vn 0.7202 0.1071 -0.6854
vn 0.7101 0 -0.7041
vn -0.7101 0 0.7041
vn 0.7031 0 0.7111
vn 0.7035 0.0005 0.7107
vn 0.0001 -1 0.0001
vn -0.0001 1 -0.0001
vn -0.6981 0.1837 0.692
vn 0.71 -0.0225 -0.7039
s off
usemtl Material.006
f 1026/943/287 1027/944/287 933/945/287
f 1026/943/287 933/945/287 931/946/287
f 1025/947/288 1028/948/288 935/949/288
f 1025/947/288 935/949/288 929/950/288
f 1033/951/289 934/952/289 939/953/289
f 1033/951/289 939/953/289 1036/954/289
f 934/952/290 930/955/290 940/956/290
f 934/952/290 940/956/290 939/953/290
f 1025/957/291 929/958/291 938/959/291
f 1025/957/291 938/959/291 1029/960/291
f 929/961/292 933/962/292 937/963/292
f 929/961/292 937/963/292 938/964/292
f 931/946/287 933/945/287 943/965/287
f 931/946/287 943/965/287 942/966/287
f 929/950/288 935/949/288 944/967/288
f 929/950/288 944/967/288 941/968/288
f 943/969/293 933/962/293 947/970/293
f 943/969/293 947/970/293 945/971/293
f 946/972/294 945/973/294 947/974/294
f 946/972/294 947/974/294 948/975/294
f 933/962/295 929/961/295 948/976/295
f 933/962/295 948/976/295 947/970/295
f 929/961/296 941/977/296 946/978/296
f 929/961/296 946/978/296 948/976/296
f 941/979/297 943/980/297 945/973/297
f 941/979/297 945/973/297 946/972/297
f 942/966/287 943/965/287 951/981/287
f 942/966/287 951/981/287 950/982/287
f 941/968/288 944/967/288 952/983/288
f 941/968/288 952/983/288 949/984/288
f 951/985/298 943/980/298 955/986/298
f 951/985/298 955/986/298 953/987/298
f 954/988/299 953/989/299 955/990/299
f 954/988/299 955/990/299 956/991/299
f 943/980/300 941/979/300 956/992/300
f 943/980/300 956/992/300 955/986/300
f 941/979/301 949/993/301 954/994/301
f 941/979/301 954/994/301 956/992/301
f 949/995/302 951/996/302 953/989/302
f 949/995/302 953/989/302 954/988/302
f 950/982/287 951/981/287 959/997/287
f 950/982/287 959/997/287 958/998/287
f 949/984/288 952/983/288 960/999/288
f 949/984/288 960/999/288 957/1000/288
f 959/1001/303 951/996/303 963/1002/303
f 959/1001/303 963/1002/303 961/1003/303
f 962/1004/304 961/1005/304 963/1006/304
f 962/1004/304 963/1006/304 964/1007/304
f 951/996/305 949/995/305 964/1008/305
f 951/996/305 964/1008/305 963/1002/305
f 949/995/306 957/1009/306 962/1010/306
f 949/995/306 962/1010/306 964/1008/306
f 957/1011/307 959/1012/307 961/1005/307
f 957/1011/307 961/1005/307 962/1004/307
f 958/998/287 959/997/287 967/1013/287
f 958/998/287 967/1013/287 966/1014/287
f 957/1000/288 960/999/288 968/1015/288
f 957/1000/288 968/1015/288 965/1016/288
f 967/1017/308 959/1012/308 971/1018/308
f 967/1017/308 971/1018/308 969/1019/308
f 970/1020/309 969/1021/309 971/1022/309
f 970/1020/309 971/1022/309 972/1023/309
f 959/1012/310 957/1011/310 972/1024/310
f 959/1012/310 972/1024/310 971/1018/310
f 957/1011/311 965/1025/311 970/1026/311
f 957/1011/311 970/1026/311 972/1024/311
f 965/1027/312 967/1028/312 969/1021/312
f 965/1027/312 969/1021/312 970/1020/312
f 966/1014/287 967/1013/287 975/1029/287
f 966/1014/287 975/1029/287 974/1030/287
f 965/1016/288 968/1015/288 976/1031/288
f 965/1016/288 976/1031/288 973/1032/288
f 975/1033/313 967/1028/313 979/1034/313
f 975/1033/313 979/1034/313 977/1035/313
f 978/1036/314 977/1037/314 979/1038/314
f 978/1036/314 979/1038/314 980/1039/314
f 967/1028/315 965/1027/315 980/1040/315
f 967/1028/315 980/1040/315 979/1034/315
f 965/1027/316 973/1041/316 978/1042/316
f 965/1027/316 978/1042/316 980/1040/316
f 973/1043/317 975/1044/317 977/1037/317
f 973/1043/317 977/1037/317 978/1036/317
f 974/1030/287 975/1029/287 983/1045/287
f 974/1030/287 983/1045/287 982/1046/287
f 973/1032/288 976/1031/288 984/1047/288
f 973/1032/288 984/1047/288 981/1048/288
f 983/1049/318 975/1044/318 987/1050/318
f 983/1049/318 987/1050/318 985/1051/318
f 986/1052/319 985/1053/319 987/1054/319
f 986/1052/319 987/1054/319 988/1055/319
f 975/1044/320 973/1043/320 988/1056/320
f 975/1044/320 988/1056/320 987/1050/320
f 973/1043/321 981/1057/321 986/1058/321
f 973/1043/321 986/1058/321 988/1056/321
f 981/1059/322 983/1060/322 985/1053/322
f 981/1059/322 985/1053/322 986/1052/322
f 982/1046/287 983/1045/287 991/1061/287
f 982/1046/287 991/1061/287 990/1062/287
f 981/1048/288 984/1047/288 992/1063/288
f 981/1048/288 992/1063/288 989/1064/288
f 991/1065/323 983/1060/323 995/1066/323
f 991/1065/323 995/1066/323 993/1067/323
f 994/1068/324 993/1069/324 995/1070/324
f 994/1068/324 995/1070/324 996/1071/324
f 983/1060/325 981/1059/325 996/1072/325
f 983/1060/325 996/1072/325 995/1066/325
f 981/1059/326 989/1073/326 994/1074/326
f 981/1059/326 994/1074/326 996/1072/326
f 989/1075/327 991/1076/327 993/1069/327
f 989/1075/327 993/1069/327 994/1068/327
f 990/1062/287 991/1061/287 999/1077/287
f 990/1062/287 999/1077/287 998/1078/287
f 989/1064/288 992/1063/288 1000/1079/288
f 989/1064/288 1000/1079/288 997/1080/288
f 999/1081/328 991/1076/328 1003/1082/328
f 999/1081/328 1003/1082/328 1001/1083/328
f 1002/1084/329 1001/1085/329 1003/1086/329
f 1002/1084/329 1003/1086/329 1004/1087/329
f 991/1076/330 989/1075/330 1004/1088/330
f 991/1076/330 1004/1088/330 1003/1082/330
f 989/1075/331 997/1089/331 1002/1090/331
f 989/1075/331 1002/1090/331 1004/1088/331
f 997/1091/332 999/1092/332 1001/1085/332
f 997/1091/332 1001/1085/332 1002/1084/332
f 998/1078/287 999/1077/287 1007/1093/287
f 998/1078/287 1007/1093/287 1006/1094/287
f 997/1080/288 1000/1079/288 1008/1095/288
f 997/1080/288 1008/1095/288 1005/1096/288
f 1007/1097/333 999/1092/333 1011/1098/333
f 1007/1097/333 1011/1098/333 1009/1099/333
f 1010/1100/334 1009/1101/334 1011/1102/334
f 1010/1100/334 1011/1102/334 1012/1103/334
f 999/1092/335 997/1091/335 1012/1104/335
f 999/1092/335 1012/1104/335 1011/1098/335
f 997/1091/336 1005/1105/336 1010/1106/336
f 997/1091/336 1010/1106/336 1012/1104/336
f 1005/1107/337 1007/1108/337 1009/1101/337
f 1005/1107/337 1009/1101/337 1010/1100/337
f 1006/1094/287 1007/1093/287 1015/1109/287
f 1006/1094/287 1015/1109/287 1014/1110/287
f 1005/1096/288 1008/1095/288 1016/1111/288
f 1005/1096/288 1016/1111/288 1013/1112/288
f 1015/1113/338 1007/1108/338 1019/1114/338
f 1015/1113/338 1019/1114/338 1017/1115/338
f 1018/1116/339 1017/1117/339 1019/1118/339
f 1018/1116/339 1019/1118/339 1020/1119/339
f 1007/1108/340 1005/1107/340 1020/1120/340
f 1007/1108/340 1020/1120/340 1019/1114/340
f 1005/1107/341 1013/1121/341 1018/1122/341
f 1005/1107/341 1018/1122/341 1020/1120/341
f 1013/1123/342 1015/1124/342 1017/1117/342
f 1013/1123/342 1017/1117/342 1018/1116/342
f 1014/1110/287 1015/1109/287 934/1125/287
f 1014/1110/287 934/1125/287 932/1126/287
f 1013/1112/288 1016/1111/288 936/1127/288
f 1013/1112/288 936/1127/288 930/1128/288
f 934/1129/343 1015/1124/343 1023/1130/343
f 934/1129/343 1023/1130/343 1021/1131/343
f 1022/1132/344 1021/1133/344 1023/1134/344
f 1022/1132/344 1023/1134/344 1024/1135/344
f 1015/1124/345 1013/1123/345 1024/1136/345
f 1015/1124/345 1024/1136/345 1023/1130/345
f 1013/1123/346 930/1137/346 1022/1138/346
f 1013/1123/346 1022/1138/346 1024/1136/346
f 930/955/347 934/952/347 1021/1133/347
f 930/955/347 1021/1133/347 1022/1132/347
f 1031/1139/348 1025/957/348 1029/960/348
f 1031/1139/348 1029/960/348 1035/1140/348
f 933/1141/289 1027/1142/289 1030/1143/289
f 933/1141/289 1030/1143/289 937/1144/289
f 1031/1145/288 1034/1146/288 1028/948/288
f 1031/1145/288 1028/948/288 1025/947/288
f 1032/1147/287 1033/1148/287 1027/944/287
f 1032/1147/287 1027/944/287 1026/943/287
f 932/1126/287 934/1125/287 1033/1148/287
f 932/1126/287 1033/1148/287 1032/1147/287
f 930/1128/288 936/1127/288 1034/1146/288
f 930/1128/288 1034/1146/288 1031/1145/288
f 930/955/349 1031/1139/349 1035/1140/349
f 930/955/349 1035/1140/349 940/956/349
f 1027/1142/289 1033/951/289 1036/954/289
f 1027/1142/289 1036/954/289 1030/1143/289
f 939/1149/350 940/1150/350 1040/1151/350
f 939/1149/350 1040/1151/350 1044/1152/350
f 1029/1153/351 938/1154/351 1043/1155/351
f 1029/1153/351 1043/1155/351 1041/1156/351
f 938/1154/352 937/1157/352 1042/1158/352
f 938/1154/352 1042/1158/352 1043/1155/352
f 1035/1159/353 1029/1153/353 1041/1156/353
f 1035/1159/353 1041/1156/353 1039/1160/353
f 940/1150/354 1035/1159/354 1039/1160/354
f 940/1150/354 1039/1160/354 1040/1151/354
f 939/1149/287 1044/1152/287 1042/1161/287
f 939/1149/287 1042/1161/287 937/1162/287
f 939/1149/287 937/1162/287 1030/1163/287
f 939/1149/287 1030/1163/287 1036/1164/287
f 1044/1152/355 1040/1151/355 1045/1165/355
f 1044/1152/355 1045/1165/355 1046/1166/355
f 1043/1155/356 1042/1158/356 1049/1167/356
f 1043/1155/356 1049/1167/356 1047/1168/356
f 1045/1169/357 1047/1170/357 1049/1171/357
f 1045/1169/357 1049/1171/357 1046/1166/357
f 1047/1170/358 1045/1169/358 1050/1172/358
f 1047/1170/358 1050/1172/358 1048/1173/358
f 1042/1161/359 1044/1152/359 1046/1166/359
f 1042/1161/359 1046/1166/359 1049/1171/359
f 1039/1160/360 1041/1156/360 1048/1174/360
f 1039/1160/360 1048/1174/360 1050/1175/360
f 1041/1156/361 1043/1155/361 1047/1168/361
f 1041/1156/361 1047/1168/361 1048/1174/361
f 1040/1151/362 1039/1160/362 1050/1175/362
f 1040/1151/362 1050/1175/362 1045/1165/362

o mech4_1
v 0.549922 3.854411 -0.165841
v 0.778225 3.854411 -0.392123
v 0.303443 3.70191 -0.597169
v 0.349104 3.70191 -0.642425
v 0.549922 3.70191 -0.165841
v 0.778225 3.70191 -0.392123
v 0.303443 3.854411 -0.597169
v 0.349104 3.854411 -0.642425
v 0.712546 3.752138 -0.152161
v 0.712546 3.804182 -0.152161
v 0.790459 3.752138 -0.229385
v 0.790459 3.804182 -0.229385
v 0.239065 3.854411 -0.084025
v 0.241272 3.70191 -0.580806
v 0.239065 3.70191 -0.084025
v 0.241272 3.854411 -0.580806
v 0.373062 3.752138 0.009134
v 0.373062 3.804182 0.009134
v 0.479148 3.752138 -0.018787
v 0.479148 3.804182 -0.018787
v -0.071053 3.854411 -0.168599
v 0.179248 3.70191 -0.59772
v -0.071053 3.70191 -0.168599
v 0.179248 3.854411 -0.59772
v -0.001588 3.752138 -0.020923
v -0.001588 3.804182 -0.020923
v 0.104246 3.752138 0.00794
v 0.104246 3.804182 0.00794
v -0.297336 3.854411 -0.396902
v 0.133992 3.70191 -0.643381
v -0.297336 3.70191 -0.396902
v 0.133992 3.854411 -0.643381
v -0.311016 3.752138 -0.234278
v -0.311016 3.804182 -0.234278
v -0.233793 3.752138 -0.156365
v -0.233793 3.804182 -0.156365
v -0.379152 3.854411 -0.707759
v 0.117628 3.70191 -0.705552
v -0.379152 3.70191 -0.707759
v 0.117628 3.854411 -0.705552
v -0.472311 3.752138 -0.573762
v -0.472311 3.804182 -0.573762
v -0.444389 3.752138 -0.467676
v -0.444389 3.804182 -0.467676
v -0.294578 3.854411 -1.017877
v 0.134543 3.70191 -0.767576
v -0.294578 3.70191 -1.017877
v 0.134543 3.854411 -0.767576
v -0.442254 3.752138 -0.948412
v -0.442254 3.804182 -0.948412
v -0.471116 3.752138 -0.842578
v -0.471116 3.804182 -0.842578
v -0.066275 3.854411 -1.24416
v 0.180204 3.70191 -0.812832
v -0.066275 3.70191 -1.24416
v 0.180204 3.854411 -0.812832
v -0.228899 3.752138 -1.25784
v -0.228899 3.804182 -1.25784
v -0.306811 3.752138 -1.180617
v -0.306811 3.804182 -1.180617
v 0.244583 3.854411 -1.325976
v 0.242375 3.70191 -0.829195
v 0.244583 3.70191 -1.325976
v 0.242375 3.854411 -0.829195
v 0.110586 3.752138 -1.419135
v 0.110586 3.804182 -1.419135
v 0.0045 3.752138 -1.391214
v 0.0045 3.804182 -1.391214
v 0.554701 3.854411 -1.241401
v 0.304399 3.70191 -0.812281
v 0.554701 3.70191 -1.241401
v 0.304399 3.854411 -0.812281
v 0.485236 3.752138 -1.389078
v 0.485236 3.804182 -1.389078
v 0.379402 3.752138 -1.41794
v 0.379402 3.804182 -1.41794
v 0.780984 3.854411 -1.013099
v 0.349655 3.70191 -0.76662
v 0.780984 3.70191 -1.013099
v 0.349655 3.854411 -0.76662
v 0.794663 3.752138 -1.175722
v 0.794663 3.804182 -1.175722
v 0.71744 3.752138 -1.253635
v 0.71744 3.804182 -1.253635
v 0.862799 3.854411 -0.702241
v 0.366018 3.70191 -0.704449
v 0.862799 3.701909 -0.702241
v 0.366018 3.854411 -0.704449
v 0.955958 3.752138 -0.836238
v 0.955958 3.804182 -0.836238
v 0.928037 3.752138 -0.942324
v 0.928037 3.804182 -0.942324
v 0.925901 3.752138 -0.461588
v 0.925901 3.804182 -0.461588
v 0.954764 3.752138 -0.567422
v 0.954764 3.804182 -0.567422
v 0.59972 3.854411 -0.215198
v 0.313403 3.70191 -0.60704
v 0.59972 3.70191 -0.215198
v 0.313403 3.854411 -0.60704
v 0.729541 3.842905 -0.169005
v 0.729541 3.752138 -0.169005
v 0.734836 3.854411 -0.349119
v 0.340426 3.70191 -0.633824
v 0.734836 3.70191 -0.349119
v 0.340426 3.854411 -0.633824
v 0.775652 3.842905 -0.214708
v 0.775652 3.752138 -0.214708
v 1.708882 3.745537 0.819967
v 1.747727 3.747651 0.796567
v 0.988667 3.932186 -0.001114
v 0.986694 3.804182 0.00099
v 0.942556 3.932186 0.044589
v 0.925561 3.752138 0.061433
v 0.925561 3.804182 0.061433
v 0.986694 3.752138 0.00099
v 2.024308 3.804466 1.04756
v 2.024308 3.752422 1.04756
v 1.963176 3.804466 1.108003
v 1.98017 3.932469 1.091159
v 1.963176 3.752422 1.108003
v 2.026281 3.932469 1.045456
vt 0.334623 0.548028
vt 0.285286 0.421793
vt 0.302222 0.412035
vt 0.338037 0.546113
vt 0.50476 0.255123
vt 0.378526 0.205555
vt 0.380485 0.202163
vt 0.514564 0.238158
vt 0.585426 0.118327
vt 0.590025 0.101893
vt 0.616379 0.13998
vt 0.61481 0.145588
vt 0.612602 0.091596
vt 0.624084 0.136465
vt 0.677565 0.118134
vt 0.696252 0.123999
vt 0.657359 0.149149
vt 0.649446 0.144486
vt 0.803289 0.695154
vt 0.803289 0.719969
vt 0.7577 0.711796
vt 0.7577 0.703327
vt 0.391967 0.412083
vt 0.355997 0.54611
vt 0.380488 0.184206
vt 0.514567 0.148318
vt 0.871921 0.777869
vt 0.848877 0.711796
vt 0.872299 0.731555
vt 0.832242 0.466769
vt 0.823773 0.466769
vt 0.823773 0.436125
vt 0.832242 0.436125
vt 0.848877 0.703327
vt 0.871921 0.637254
vt 0.872299 0.683568
vt 0.840415 0.512357
vt 0.8156 0.512357
vt 0.469693 0.456989
vt 0.371549 0.555089
vt 0.371512 0.168652
vt 0.469665 0.070531
vt 0.7577 0.580989
vt 0.823773 0.557946
vt 0.804014 0.581368
vt 0.640368 0.66327
vt 0.6319 0.66327
vt 0.6319 0.632626
vt 0.640368 0.632626
vt 0.832242 0.557946
vt 0.898315 0.580989
vt 0.852001 0.581368
vt 0.648541 0.708859
vt 0.623727 0.708859
vt 0.514566 0.534735
vt 0.38053 0.57064
vt 0.355962 0.159674
vt 0.39189 0.025629
vt 0.565826 0.777491
vt 0.6319 0.754447
vt 0.61214 0.777869
vt 0.832241 0.270267
vt 0.823773 0.270267
vt 0.823773 0.239623
vt 0.832241 0.239623
vt 0.640368 0.754447
vt 0.706442 0.777491
vt 0.660128 0.777869
vt 0.840414 0.315856
vt 0.8156 0.315856
vt 0.514566 0.624509
vt 0.380532 0.588598
vt 0.338005 0.159675
vt 0.302093 0.025632
vt 0.7577 0.384488
vt 0.823773 0.361444
vt 0.804014 0.384866
vt 0.437392 0.913036
vt 0.44586 0.913036
vt 0.44586 0.94368
vt 0.437392 0.94368
vt 0.832241 0.361444
vt 0.898315 0.384488
vt 0.852001 0.384866
vt 0.429219 0.867448
vt 0.454033 0.867448
vt 0.46968 0.702266
vt 0.371555 0.60415
vt 0.322454 0.168654
vt 0.224334 0.07053
vt 0.511934 0.798816
vt 0.44586 0.821859
vt 0.46562 0.798437
vt 0.6319 0.550724
vt 0.640368 0.550724
vt 0.640368 0.581368
vt 0.6319 0.581368
vt 0.437392 0.821859
vt 0.371319 0.798816
vt 0.417632 0.798437
vt 0.623727 0.505135
vt 0.648541 0.505135
vt 0.391927 0.747168
vt 0.356005 0.613129
vt 0.313476 0.184206
vt 0.179445 0.148287
vt 0.706441 0.436503
vt 0.640368 0.459547
vt 0.660128 0.436125
vt 0.813583 0.140228
vt 0.822052 0.140228
vt 0.822052 0.170872
vt 0.813583 0.170872
vt 0.6319 0.459547
vt 0.565826 0.436503
vt 0.61214 0.436125
vt 0.805411 0.09464
vt 0.830225 0.09464
vt 0.302133 0.747179
vt 0.338049 0.613131
vt 0.313477 0.202164
vt 0.179445 0.23806
vt 0.888125 0.026008
vt 0.822052 0.049051
vt 0.841811 0.025629
vt 0.640368 0.859772
vt 0.6319 0.859772
vt 0.6319 0.829128
vt 0.640368 0.829128
vt 0.813584 0.049051
vt 0.74751 0.026008
vt 0.793824 0.025629
vt 0.648541 0.90536
vt 0.623727 0.90536
vt 0.224355 0.702286
vt 0.322497 0.604154
vt 0.322456 0.217717
vt 0.22432 0.3158
vt 0.565826 0.973992
vt 0.6319 0.950949
vt 0.61214 0.974371
vt 0.823774 0.943727
vt 0.832242 0.943727
vt 0.832242 0.974371
vt 0.823774 0.974371
vt 0.640368 0.950949
vt 0.706441 0.973992
vt 0.660128 0.974371
vt 0.815601 0.898138
vt 0.840415 0.898138
vt 0.179445 0.624499
vt 0.313516 0.588601
vt 0.338007 0.226693
vt 0.302022 0.360698
vt 0.898315 0.829506
vt 0.832242 0.85255
vt 0.852002 0.829128
vt 0.245518 0.913036
vt 0.253986 0.913036
vt 0.253986 0.94368
vt 0.245518 0.94368
vt 0.823774 0.85255
vt 0.7577 0.829506
vt 0.804014 0.829128
vt 0.237345 0.867448
vt 0.262159 0.867448
vt 0.179462 0.534661
vt 0.313514 0.570643
vt 0.355967 0.226691
vt 0.391735 0.360776
vt 0.32006 0.798816
vt 0.253986 0.821859
vt 0.273746 0.798437
vt 0.640368 0.270267
vt 0.6319 0.270267
vt 0.6319 0.239623
vt 0.640368 0.239623
vt 0.245518 0.821859
vt 0.179445 0.798816
vt 0.225758 0.798437
vt 0.648541 0.315856
vt 0.623727 0.315856
vt 0.224434 0.45686
vt 0.32249 0.555093
vt 0.371518 0.217708
vt 0.469499 0.316033
vt 0.565826 0.384488
vt 0.6319 0.361444
vt 0.61214 0.384866
vt 0.586248 0.05351
vt 0.578543 0.057024
vt 0.565826 0.029144
vt 0.573531 0.025629
vt 0.640368 0.361444
vt 0.706441 0.384488
vt 0.660127 0.384866
vt 0.628026 0.098897
vt 0.63254 0.137921
vt 0.565826 0.188365
vt 0.571105 0.169503
vt 0.609922 0.163053
vt 0.608121 0.16949
vt 0.478041 0.301301
vt 0.37326 0.214776
vt 0.325446 0.553387
vt 0.239225 0.448338
vt 0.092538 0.599559
vt 0.083007 0.598411
vt 0.094677 0.502983
vt 0.112049 0.503595
vt 0.05206 0.596997
vt 0.041658 0.598556
vt 0.027552 0.503552
vt 0.051713 0.501377
vt 0.032044 0.599971
vt 0.017965 0.504308
vt 0.073358 0.596744
vt 0.071645 0.501148
vt 0.124039 0.504341
vt 0.120011 0.601136
vt 0.119717 0.600793
vt 0.099126 0.599859
vt 0.095237 0.041238
vt 0.112523 0.041247
vt 0.016193 0.041381
vt 0.025691 0.041344
vt 0.112537 0.031833
vt 0.124039 0.031873
vt 0.124025 0.041287
vt 0.111676 0.008676
vt 0.116643 0.008707
vt 0.050928 0.04128
vt 0.071871 0.041263
vn 0 -1 0
vn 0 1 0
vn 0.2639 -0.9271 0.2663
vn 0.9972 0 -0.075
vn 0.063 0.8324 0.5505
vn -0.0838 0 0.9965
vn 0.0954 -0.9271 0.3626
vn 0.2545 0 0.9671
vn 0.9011 0 0.4337
vn 0.0954 0.9271 0.3626
vn -0.5708 0 0.8211
vn -0.0986 -0.9271 0.3617
vn -0.2631 0 0.9648
vn 0.5635 0 0.8261
vn -0.0986 0.9271 0.3617
vn -0.9049 0 0.4256
vn -0.2663 -0.9271 0.2639
vn -0.7102 0 0.704
vn 0.075 0 0.9972
vn -0.2663 0.9271 0.2639
vn -0.9965 0 -0.0838
vn -0.3626 -0.9271 0.0954
vn -0.9671 0 0.2545
vn -0.4337 0 0.9011
vn -0.3626 0.9271 0.0954
vn -0.8211 0 -0.5708
vn -0.3617 -0.9271 -0.0986
vn -0.9648 0 -0.2631
vn -0.8261 0 0.5635
vn -0.3617 0.9271 -0.0986
vn -0.4257 0 -0.9049
vn -0.2639 -0.9271 -0.2663
vn -0.704 0 -0.7102
vn -0.9972 0 0.075
vn -0.2639 0.9271 -0.2663
vn 0.0838 0 -0.9965
vn -0.0954 -0.9271 -0.3626
vn -0.2545 0 -0.9671
vn -0.9011 0 -0.4337
vn -0.0954 0.9271 -0.3626
vn 0.5708 0 -0.8211
vn 0.0986 -0.9271 -0.3617
vn 0.2631 0 -0.9648
vn -0.5635 0 -0.8261
vn 0.0986 0.9271 -0.3617
vn 0.9049 0 -0.4256
vn 0.2663 -0.9271 -0.2639
vn 0.7102 0 -0.704
vn -0.075 0 -0.9972
vn 0.2663 0.9271 -0.2639
vn 0.9965 0 0.0838
vn 0.3626 -0.9271 -0.0954
vn 0.9671 0 -0.2545
vn 0.4337 0 -0.9011
vn 0.3626 0.9271 -0.0954
vn 0.8211 0 0.5708
vn 0.3617 -0.9271 0.0986
vn 0.9648 0 0.2631
vn 0.8261 0 -0.5635
vn 0.3617 0.9271 0.0986
vn 0.4256 0 0.9049
vn 0.0649 0.9957 0.0655
vn 0.5939 0.8022 0.0606
vn 0.7613 0 -0.6484
vn -0.7088 0.2757 0.6493
vn -0.7081 0 0.7061
vn -0.1998 0.9589 -0.2016
vn 0.7202 0.1071 -0.6854
vn 0.7101 0 -0.7041
vn -0.7101 0 0.7041
vn 0.7031 0 0.7111
vn 0.7035 0.0005 0.7107
vn 0.0001 -1 0.0001
vn -0.0001 1 -0.0001
vn -0.6981 0.1837 0.692
vn 0.71 -0.0225 -0.7039
s off
usemtl Material.006
f 1148/1176/363 1149/1177/363 1055/1178/363
f 1148/1176/363 1055/1178/363 1053/1179/363
f 1147/1180/364 1150/1181/364 1057/1182/364
f 1147/1180/364 1057/1182/364 1051/1183/364
f 1155/1184/365 1056/1185/365 1061/1186/365
f 1155/1184/365 1061/1186/365 1158/1187/365
f 1056/1185/366 1052/1188/366 1062/1189/366
f 1056/1185/366 1062/1189/366 1061/1186/366
f 1147/1190/367 1051/1191/367 1060/1192/367
f 1147/1190/367 1060/1192/367 1151/1193/367
f 1051/1194/368 1055/1195/368 1059/1196/368
f 1051/1194/368 1059/1196/368 1060/1197/368
f 1053/1179/363 1055/1178/363 1065/1198/363
f 1053/1179/363 1065/1198/363 1064/1199/363
f 1051/1183/364 1057/1182/364 1066/1200/364
f 1051/1183/364 1066/1200/364 1063/1201/364
f 1065/1202/369 1055/1195/369 1069/1203/369
f 1065/1202/369 1069/1203/369 1067/1204/369
f 1068/1205/370 1067/1206/370 1069/1207/370
f 1068/1205/370 1069/1207/370 1070/1208/370
f 1055/1195/371 1051/1194/371 1070/1209/371
f 1055/1195/371 1070/1209/371 1069/1203/371
f 1051/1194/372 1063/1210/372 1068/1211/372
f 1051/1194/372 1068/1211/372 1070/1209/372
f 1063/1212/373 1065/1213/373 1067/1206/373
f 1063/1212/373 1067/1206/373 1068/1205/373
f 1064/1199/363 1065/1198/363 1073/1214/363
f 1064/1199/363 1073/1214/363 1072/1215/363
f 1063/1201/364 1066/1200/364 1074/1216/364
f 1063/1201/364 1074/1216/364 1071/1217/364
f 1073/1218/374 1065/1213/374 1077/1219/374
f 1073/1218/374 1077/1219/374 1075/1220/374
f 1076/1221/375 1075/1222/375 1077/1223/375
f 1076/1221/375 1077/1223/375 1078/1224/375
f 1065/1213/376 1063/1212/376 1078/1225/376
f 1065/1213/376 1078/1225/376 1077/1219/376
f 1063/1212/377 1071/1226/377 1076/1227/377
f 1063/1212/377 1076/1227/377 1078/1225/377
f 1071/1228/378 1073/1229/378 1075/1222/378
f 1071/1228/378 1075/1222/378 1076/1221/378
f 1072/1215/363 1073/1214/363 1081/1230/363
f 1072/1215/363 1081/1230/363 1080/1231/363
f 1071/1217/364 1074/1216/364 1082/1232/364
f 1071/1217/364 1082/1232/364 1079/1233/364
f 1081/1234/379 1073/1229/379 1085/1235/379
f 1081/1234/379 1085/1235/379 1083/1236/379
f 1084/1237/380 1083/1238/380 1085/1239/380
f 1084/1237/380 1085/1239/380 1086/1240/380
f 1073/1229/381 1071/1228/381 1086/1241/381
f 1073/1229/381 1086/1241/381 1085/1235/381
f 1071/1228/382 1079/1242/382 1084/1243/382
f 1071/1228/382 1084/1243/382 1086/1241/382
f 1079/1244/383 1081/1245/383 1083/1238/383
f 1079/1244/383 1083/1238/383 1084/1237/383
f 1080/1231/363 1081/1230/363 1089/1246/363
f 1080/1231/363 1089/1246/363 1088/1247/363
f 1079/1233/364 1082/1232/364 1090/1248/364
f 1079/1233/364 1090/1248/364 1087/1249/364
f 1089/1250/384 1081/1245/384 1093/1251/384
f 1089/1250/384 1093/1251/384 1091/1252/384
f 1092/1253/385 1091/1254/385 1093/1255/385
f 1092/1253/385 1093/1255/385 1094/1256/385
f 1081/1245/386 1079/1244/386 1094/1257/386
f 1081/1245/386 1094/1257/386 1093/1251/386
f 1079/1244/387 1087/1258/387 1092/1259/387
f 1079/1244/387 1092/1259/387 1094/1257/387
f 1087/1260/388 1089/1261/388 1091/1254/388
f 1087/1260/388 1091/1254/388 1092/1253/388
f 1088/1247/363 1089/1246/363 1097/1262/363
f 1088/1247/363 1097/1262/363 1096/1263/363
f 1087/1249/364 1090/1248/364 1098/1264/364
f 1087/1249/364 1098/1264/364 1095/1265/364
f 1097/1266/389 1089/1261/389 1101/1267/389
f 1097/1266/389 1101/1267/389 1099/1268/389
f 1100/1269/390 1099/1270/390 1101/1271/390
f 1100/1269/390 1101/1271/390 1102/1272/390
f 1089/1261/391 1087/1260/391 1102/1273/391
f 1089/1261/391 1102/1273/391 1101/1267/391
f 1087/1260/392 1095/1274/392 1100/1275/392
f 1087/1260/392 1100/1275/392 1102/1273/392
f 1095/1276/393 1097/1277/393 1099/1270/393
f 1095/1276/393 1099/1270/393 1100/1269/393
f 1096/1263/363 1097/1262/363 1105/1278/363
f 1096/1263/363 1105/1278/363 1104/1279/363
f 1095/1265/364 1098/1264/364 1106/1280/364
f 1095/1265/364 1106/1280/364 1103/1281/364
f 1105/1282/394 1097/1277/394 1109/1283/394
f 1105/1282/394 1109/1283/394 1107/1284/394
f 1108/1285/395 1107/1286/395 1109/1287/395
f 1108/1285/395 1109/1287/395 1110/1288/395
f 1097/1277/396 1095/1276/396 1110/1289/396
f 1097/1277/396 1110/1289/396 1109/1283/396
f 1095/1276/397 1103/1290/397 1108/1291/397
f 1095/1276/397 1108/1291/397 1110/1289/397
f 1103/1292/398 1105/1293/398 1107/1286/398
f 1103/1292/398 1107/1286/398 1108/1285/398
f 1104/1279/363 1105/1278/363 1113/1294/363
f 1104/1279/363 1113/1294/363 1112/1295/363
f 1103/1281/364 1106/1280/364 1114/1296/364
f 1103/1281/364 1114/1296/364 1111/1297/364
f 1113/1298/399 1105/1293/399 1117/1299/399
f 1113/1298/399 1117/1299/399 1115/1300/399
f 1116/1301/400 1115/1302/400 1117/1303/400
f 1116/1301/400 1117/1303/400 1118/1304/400
f 1105/1293/401 1103/1292/401 1118/1305/401
f 1105/1293/401 1118/1305/401 1117/1299/401
f 1103/1292/402 1111/1306/402 1116/1307/402
f 1103/1292/402 1116/1307/402 1118/1305/402
f 1111/1308/403 1113/1309/403 1115/1302/403
f 1111/1308/403 1115/1302/403 1116/1301/403
f 1112/1295/363 1113/1294/363 1121/1310/363
f 1112/1295/363 1121/1310/363 1120/1311/363
f 1111/1297/364 1114/1296/364 1122/1312/364
f 1111/1297/364 1122/1312/364 1119/1313/364
f 1121/1314/404 1113/1309/404 1125/1315/404
f 1121/1314/404 1125/1315/404 1123/1316/404
f 1124/1317/405 1123/1318/405 1125/1319/405
f 1124/1317/405 1125/1319/405 1126/1320/405
f 1113/1309/406 1111/1308/406 1126/1321/406
f 1113/1309/406 1126/1321/406 1125/1315/406
f 1111/1308/407 1119/1322/407 1124/1323/407
f 1111/1308/407 1124/1323/407 1126/1321/407
f 1119/1324/408 1121/1325/408 1123/1318/408
f 1119/1324/408 1123/1318/408 1124/1317/408
f 1120/1311/363 1121/1310/363 1129/1326/363
f 1120/1311/363 1129/1326/363 1128/1327/363
f 1119/1313/364 1122/1312/364 1130/1328/364
f 1119/1313/364 1130/1328/364 1127/1329/364
f 1129/1330/409 1121/1325/409 1133/1331/409
f 1129/1330/409 1133/1331/409 1131/1332/409
f 1132/1333/410 1131/1334/410 1133/1335/410
f 1132/1333/410 1133/1335/410 1134/1336/410
f 1121/1325/411 1119/1324/411 1134/1337/411
f 1121/1325/411 1134/1337/411 1133/1331/411
f 1119/1324/412 1127/1338/412 1132/1339/412
f 1119/1324/412 1132/1339/412 1134/1337/412
f 1127/1340/413 1129/1341/413 1131/1334/413
f 1127/1340/413 1131/1334/413 1132/1333/413
f 1128/1327/363 1129/1326/363 1137/1342/363
f 1128/1327/363 1137/1342/363 1136/1343/363
f 1127/1329/364 1130/1328/364 1138/1344/364
f 1127/1329/364 1138/1344/364 1135/1345/364
f 1137/1346/414 1129/1341/414 1141/1347/414
f 1137/1346/414 1141/1347/414 1139/1348/414
f 1140/1349/415 1139/1350/415 1141/1351/415
f 1140/1349/415 1141/1351/415 1142/1352/415
f 1129/1341/416 1127/1340/416 1142/1353/416
f 1129/1341/416 1142/1353/416 1141/1347/416
f 1127/1340/417 1135/1354/417 1140/1355/417
f 1127/1340/417 1140/1355/417 1142/1353/417
f 1135/1356/418 1137/1357/418 1139/1350/418
f 1135/1356/418 1139/1350/418 1140/1349/418
f 1136/1343/363 1137/1342/363 1056/1358/363
f 1136/1343/363 1056/1358/363 1054/1359/363
f 1135/1345/364 1138/1344/364 1058/1360/364
f 1135/1345/364 1058/1360/364 1052/1361/364
f 1056/1362/419 1137/1357/419 1145/1363/419
f 1056/1362/419 1145/1363/419 1143/1364/419
f 1144/1365/420 1143/1366/420 1145/1367/420
f 1144/1365/420 1145/1367/420 1146/1368/420
f 1137/1357/421 1135/1356/421 1146/1369/421
f 1137/1357/421 1146/1369/421 1145/1363/421
f 1135/1356/422 1052/1370/422 1144/1371/422
f 1135/1356/422 1144/1371/422 1146/1369/422
f 1052/1188/423 1056/1185/423 1143/1366/423
f 1052/1188/423 1143/1366/423 1144/1365/423
f 1153/1372/424 1147/1190/424 1151/1193/424
f 1153/1372/424 1151/1193/424 1157/1373/424
f 1055/1374/365 1149/1375/365 1152/1376/365
f 1055/1374/365 1152/1376/365 1059/1377/365
f 1153/1378/364 1156/1379/364 1150/1181/364
f 1153/1378/364 1150/1181/364 1147/1180/364
f 1154/1380/363 1155/1381/363 1149/1177/363
f 1154/1380/363 1149/1177/363 1148/1176/363
f 1054/1359/363 1056/1358/363 1155/1381/363
f 1054/1359/363 1155/1381/363 1154/1380/363
f 1052/1361/364 1058/1360/364 1156/1379/364
f 1052/1361/364 1156/1379/364 1153/1378/364
f 1052/1188/425 1153/1372/425 1157/1373/425
f 1052/1188/425 1157/1373/425 1062/1189/425
f 1149/1375/365 1155/1184/365 1158/1187/365
f 1149/1375/365 1158/1187/365 1152/1376/365
f 1061/1382/426 1062/1383/426 1162/1384/426
f 1061/1382/426 1162/1384/426 1166/1385/426
f 1151/1386/427 1060/1387/427 1165/1388/427
f 1151/1386/427 1165/1388/427 1163/1389/427
f 1060/1387/428 1059/1390/428 1164/1391/428
f 1060/1387/428 1164/1391/428 1165/1388/428
f 1157/1392/429 1151/1386/429 1163/1389/429
f 1157/1392/429 1163/1389/429 1161/1393/429
f 1062/1383/430 1157/1392/430 1161/1393/430
f 1062/1383/430 1161/1393/430 1162/1384/430
f 1061/1382/363 1166/1385/363 1164/1394/363
f 1061/1382/363 1164/1394/363 1059/1395/363
f 1061/1382/363 1059/1395/363 1152/1396/363
f 1061/1382/363 1152/1396/363 1158/1397/363
f 1166/1385/431 1162/1384/431 1167/1398/431
f 1166/1385/431 1167/1398/431 1168/1399/431
f 1165/1388/432 1164/1391/432 1171/1400/432
f 1165/1388/432 1171/1400/432 1169/1401/432
f 1167/1402/433 1169/1403/433 1171/1404/433
f 1167/1402/433 1171/1404/433 1168/1399/433
f 1169/1403/434 1167/1402/434 1172/1405/434
f 1169/1403/434 1172/1405/434 1170/1406/434
f 1164/1394/435 1166/1385/435 1168/1399/435
f 1164/1394/435 1168/1399/435 1171/1404/435
f 1161/1393/436 1163/1389/436 1170/1407/436
f 1161/1393/436 1170/1407/436 1172/1408/436
f 1163/1389/437 1165/1388/437 1169/1401/437
f 1163/1389/437 1169/1401/437 1170/1407/437
f 1162/1384/438 1161/1393/438 1172/1408/438
f 1162/1384/438 1172/1408/438 1167/1398/438

o mech3_1
v 1.411982 5.096348 3.903393
v 1.411984 2.065971 3.903395
v 1.430904 5.096347 3.850646
v 1.430906 2.065971 3.850647
v 0.980424 3.815659 3.867652
v 1.075035 3.815658 3.603914
v 1.411982 3.738228 3.903394
v 1.430905 3.738227 3.850646
v 0.980424 3.738228 3.867652
v 1.075035 3.738227 3.603914
v 1.411982 3.81566 3.903394
v 1.430905 3.815659 3.850646
v 0.909685 3.763731 3.744231
v 0.909685 3.790156 3.744231
v 0.941973 3.763731 3.654225
v 0.941973 3.790156 3.654225
v 1.421968 5.096348 3.958535
v 1.42197 2.065971 3.958537
v 1.030358 3.815659 4.143361
v 1.421969 3.738228 3.958536
v 1.030357 3.738228 4.143362
v 1.421969 3.815659 3.958536
v 0.907385 3.763731 4.071846
v 0.907385 3.790156 4.071846
v 0.890344 3.763731 3.977754
v 0.890344 3.790156 3.977754
v 1.458188 5.096347 4.001296
v 1.45819 2.065971 4.001298
v 1.211456 3.815659 4.357166
v 1.458188 3.738228 4.001297
v 1.211456 3.738228 4.357166
v 1.458189 3.815659 4.001297
v 1.069201 3.763731 4.356717
v 1.069201 3.790156 4.356717
v 1.007397 3.763731 4.283752
v 1.007397 3.790156 4.283752
v 1.510935 5.096348 4.020218
v 1.510938 2.065971 4.02022
v 1.475194 3.815659 4.451777
v 1.510936 3.738228 4.020219
v 1.475194 3.738228 4.451777
v 1.510936 3.815659 4.020219
v 1.351773 3.763731 4.522516
v 1.351773 3.790156 4.522516
v 1.261767 3.763731 4.490228
v 1.261767 3.790156 4.490228
v 1.566076 5.096347 4.010231
v 1.56608 2.065971 4.010233
v 1.750904 3.81566 4.401844
v 1.566078 3.738228 4.010232
v 1.750904 3.738228 4.401844
v 1.566078 3.815659 4.010232
v 1.679387 3.763731 4.524816
v 1.679387 3.790156 4.524816
v 1.585296 3.763731 4.541856
v 1.585296 3.790156 4.541856
v 1.608837 5.096346 3.974012
v 1.608841 2.065972 3.974014
v 1.964708 3.81566 4.220745
v 1.608839 3.738228 3.974013
v 1.964708 3.738228 4.220745
v 1.608839 3.815659 3.974013
v 1.964259 3.763731 4.363
v 1.964259 3.790156 4.363
v 1.891294 3.763731 4.424803
v 1.891294 3.790156 4.424803
v 1.627759 5.096347 3.921265
v 1.627763 2.065972 3.921266
v 2.059319 3.815659 3.957006
v 1.627761 3.738228 3.921265
v 2.059319 3.738228 3.957006
v 1.627761 3.815659 3.921265
v 2.130058 3.763731 4.080428
v 2.130058 3.790156 4.080428
v 2.097771 3.763731 4.170433
v 2.097771 3.790156 4.170433
v 1.617773 5.096347 3.866123
v 1.617776 2.065972 3.866124
v 2.009385 3.815659 3.681297
v 1.617774 3.738228 3.866123
v 2.009385 3.738228 3.681297
v 1.617774 3.815659 3.866123
v 2.132358 3.763731 3.752813
v 2.132358 3.790156 3.752813
v 2.149399 3.763731 3.846904
v 2.149398 3.790156 3.846904
v 1.581553 5.096346 3.823363
v 1.581556 2.065972 3.823363
v 1.828287 3.815659 3.467493
v 1.581555 3.738227 3.823362
v 1.828287 3.738228 3.467493
v 1.581555 3.815659 3.823362
v 1.970542 3.763731 3.467941
v 1.970542 3.790156 3.467941
v 2.032345 3.763731 3.540906
v 2.032345 3.790156 3.540906
v 1.528806 5.096345 3.80444
v 1.528809 2.065972 3.804441
v 1.564548 3.815658 3.372881
v 1.528808 3.738227 3.80444
v 1.564548 3.738227 3.372881
v 1.528807 3.815659 3.80444
v 1.687969 3.763731 3.302143
v 1.687969 3.790155 3.302143
v 1.777975 3.763731 3.334431
v 1.777975 3.790155 3.334431
v 1.473664 5.096346 3.814427
v 1.473667 2.065972 3.814428
v 1.288839 3.815658 3.422815
v 1.473666 3.738227 3.814427
v 1.288839 3.738227 3.422815
v 1.473665 3.815658 3.814427
v 1.360355 3.76373 3.299843
v 1.360355 3.790155 3.299843
v 1.454446 3.76373 3.282802
v 1.454446 3.790155 3.282802
v 1.075483 3.76373 3.461659
v 1.075483 3.790154 3.461659
v 1.148448 3.76373 3.399856
v 1.148448 3.790154 3.399856
v 1.411986 -0.018458 3.903395
v 1.411983 3.011918 3.903394
v 1.430908 -0.018457 3.850648
v 1.430905 3.011918 3.850647
v 0.980426 1.26223 3.867653
v 1.075037 1.26223 3.603916
v 1.411985 1.339661 3.903395
v 1.430907 1.339662 3.850648
v 0.980426 1.339661 3.867653
v 1.075037 1.339661 3.603916
v 1.411985 1.26223 3.903395
v 1.430907 1.262231 3.850648
v 0.909687 1.314158 3.744232
v 0.909687 1.287733 3.744232
v 0.941975 1.314158 3.654226
v 0.941975 1.287733 3.654226
v 1.421973 -0.018458 3.958537
v 1.421969 3.011918 3.958536
v 1.03036 1.26223 4.143363
v 1.421971 1.339661 3.958537
v 1.03036 1.339661 4.143363
v 1.421971 1.26223 3.958537
v 0.907387 1.314158 4.071846
v 0.907387 1.287733 4.071846
v 0.890346 1.314158 3.977756
v 0.890347 1.287733 3.977756
v 1.458192 -0.018458 4.001298
v 1.458189 3.011918 4.001297
v 1.211458 1.26223 4.357168
v 1.458191 1.339662 4.001297
v 1.211458 1.339662 4.357168
v 1.458191 1.26223 4.001298
v 1.069203 1.314158 4.356719
v 1.069203 1.287733 4.356719
v 1.0074 1.314158 4.283754
v 1.0074 1.287733 4.283754
v 1.51094 -0.018457 4.02022
v 1.510937 3.011918 4.020219
v 1.475197 1.262231 4.451779
v 1.510939 1.339662 4.02022
v 1.475196 1.339662 4.451778
v 1.510939 1.262231 4.02022
v 1.351776 1.314159 4.522518
v 1.351776 1.287734 4.522518
v 1.26177 1.314159 4.49023
v 1.26177 1.287734 4.49023
v 1.566081 -0.018457 4.010233
v 1.566079 3.011918 4.010232
v 1.750906 1.262231 4.401845
v 1.56608 1.339662 4.010233
v 1.750906 1.339662 4.401845
v 1.56608 1.262231 4.010233
v 1.67939 1.314159 4.524817
v 1.679389 1.287734 4.524817
v 1.585299 1.314159 4.541858
v 1.585299 1.287734 4.541858
v 1.608842 -0.018457 3.974014
v 1.60884 3.011918 3.974013
v 1.964711 1.262231 4.220747
v 1.608841 1.339662 3.974014
v 1.964711 1.339663 4.220747
v 1.608841 1.262231 3.974014
v 1.964262 1.31416 4.363001
v 1.964262 1.287735 4.363001
v 1.891297 1.31416 4.424805
v 1.891297 1.287735 4.424805
v 1.627764 -0.018456 3.921267
v 1.627762 3.011918 3.921265
v 2.059321 1.262231 3.957008
v 1.627763 1.339662 3.921267
v 2.059321 1.339663 3.957008
v 1.627764 1.262231 3.921267
v 2.13006 1.31416 4.080429
v 2.13006 1.287735 4.080429
v 2.097773 1.31416 4.170434
v 2.097773 1.287735 4.170434
v 1.617778 -0.018456 3.866125
v 1.617775 3.011918 3.866123
v 2.009388 1.262231 3.681298
v 1.617777 1.339662 3.866125
v 2.009388 1.339663 3.681298
v 1.617777 1.262231 3.866125
v 2.13236 1.31416 3.752815
v 2.13236 1.287735 3.752815
v 2.149401 1.31416 3.846906
v 2.149401 1.287735 3.846906
v 1.581558 -0.018456 3.823365
v 1.581555 3.011918 3.823362
v 1.828289 1.262231 3.467494
v 1.581557 1.339662 3.823364
v 1.828289 1.339662 3.467494
v 1.581557 1.262231 3.823364
v 1.970544 1.314159 3.467943
v 1.970544 1.287735 3.467943
v 2.032348 1.31416 3.540907
v 2.032348 1.287735 3.540907
v 1.528811 -0.018456 3.804442
v 1.528808 3.011918 3.80444
v 1.564551 1.262231 3.372883
v 1.528809 1.339662 3.804441
v 1.564551 1.339662 3.372883
v 1.52881 1.262231 3.804441
v 1.687972 1.314159 3.302144
v 1.687972 1.287734 3.302144
v 1.777977 1.314159 3.334432
v 1.777978 1.287734 3.334432
v 1.473669 -0.018456 3.814429
v 1.473666 3.011918 3.814427
v 1.288841 1.262231 3.422817
v 1.473668 1.339662 3.814428
v 1.288841 1.339662 3.422817
v 1.473668 1.262231 3.814428
v 1.360357 1.314159 3.299844
v 1.360357 1.287734 3.299844
v 1.454449 1.314159 3.282804
v 1.454449 1.287734 3.282804
v 1.075485 1.314159 3.46166
v 1.075485 1.287734 3.46166
v 1.14845 1.314159 3.399857
v 1.14845 1.287734 3.399857
vt 0.054283 0.024588
vt 0.039436 0.024588
vt 0.039436 0.467645
vt 0.054283 0.467645
vt 0.383035 0.523899
vt 0.397882 0.523899
vt 0.427577 0.413078
vt 0.353341 0.413078
vt 0.580684 0.301642
vt 0.65492 0.301642
vt 0.625226 0.19082
vt 0.610379 0.19082
vt 0.024588 0.975099
vt 0.062878 0.975412
vt 0.079214 0.956048
vt 0.072457 0.918358
vt 0.281627 0.024588
vt 0.26678 0.024589
vt 0.266779 0.363901
vt 0.281626 0.363901
vt 0.313559 0.764643
vt 0.313559 0.739308
vt 0.306558 0.739308
vt 0.306558 0.764643
vt 0.086215 0.956048
vt 0.092972 0.918358
vt 0.102552 0.975412
vt 0.140841 0.975099
vt 0.320316 0.802333
vt 0.299801 0.802333
vt 0.06913 0.024588
vt 0.06913 0.467645
vt 0.41074 0.531323
vt 0.491868 0.450196
vt 0.719211 0.264524
vt 0.638084 0.183397
vt 0.251932 0.859074
vt 0.290222 0.859387
vt 0.306558 0.840023
vt 0.296474 0.024588
vt 0.296474 0.363901
vt 0.086215 0.711412
vt 0.086215 0.686078
vt 0.079214 0.686078
vt 0.079214 0.711412
vt 0.313559 0.840023
vt 0.329895 0.859387
vt 0.368185 0.859074
vt 0.092972 0.749102
vt 0.072457 0.749102
vt 0.083977 0.024588
vt 0.083977 0.467645
vt 0.418164 0.544181
vt 0.528986 0.514487
vt 0.756329 0.200233
vt 0.645508 0.170539
vt 0.024588 0.805844
vt 0.062878 0.806156
vt 0.079214 0.786792
vt 0.311321 0.024588
vt 0.311321 0.363901
vt 0.086215 0.542157
vt 0.086215 0.516822
vt 0.079214 0.516822
vt 0.079214 0.542157
vt 0.086215 0.786792
vt 0.102552 0.806156
vt 0.140841 0.805844
vt 0.092972 0.579847
vt 0.072457 0.579847
vt 0.098825 0.024588
vt 0.098825 0.467645
vt 0.418164 0.559028
vt 0.528986 0.588723
vt 0.756329 0.125997
vt 0.645508 0.155692
vt 0.024588 0.636588
vt 0.062878 0.636901
vt 0.079214 0.617537
vt 0.326168 0.024588
vt 0.326168 0.363901
vt 0.639789 0.776923
vt 0.639789 0.751589
vt 0.632788 0.751589
vt 0.632788 0.776923
vt 0.086215 0.617537
vt 0.102552 0.636901
vt 0.140841 0.636588
vt 0.646546 0.814614
vt 0.626031 0.814614
vt 0.113672 0.024588
vt 0.113672 0.467645
vt 0.410741 0.571886
vt 0.491868 0.653013
vt 0.719211 0.061707
vt 0.638084 0.142833
vt 0.578162 0.871355
vt 0.616452 0.871668
vt 0.632788 0.852304
vt 0.341015 0.024589
vt 0.341015 0.363901
vt 0.860132 0.119333
vt 0.860132 0.144667
vt 0.867133 0.144667
vt 0.867133 0.119333
vt 0.639789 0.852304
vt 0.656126 0.871668
vt 0.694415 0.871355
vt 0.853375 0.081642
vt 0.87389 0.081642
vt 0.128519 0.024588
vt 0.128519 0.467645
vt 0.397883 0.57931
vt 0.427577 0.690132
vt 0.65492 0.024588
vt 0.625226 0.13541
vt 0.921759 0.024901
vt 0.883469 0.024588
vt 0.867133 0.043952
vt 0.355863 0.024589
vt 0.355863 0.363901
vt 0.632788 0.677078
vt 0.632788 0.702412
vt 0.639789 0.702412
vt 0.639789 0.677078
vt 0.860132 0.043952
vt 0.843795 0.024588
vt 0.805506 0.024901
vt 0.626031 0.639387
vt 0.646546 0.639387
vt 0.143366 0.024588
vt 0.143366 0.467645
vt 0.383035 0.57931
vt 0.353341 0.690131
vt 0.580684 0.024588
vt 0.610379 0.13541
vt 0.694415 0.582646
vt 0.656125 0.582333
vt 0.639789 0.601697
vt 0.37071 0.024589
vt 0.37071 0.363901
vt 0.805219 0.438412
vt 0.805219 0.413078
vt 0.798218 0.413078
vt 0.798218 0.438412
vt 0.632788 0.601697
vt 0.616452 0.582333
vt 0.578162 0.582646
vt 0.811976 0.476102
vt 0.791461 0.476102
vt 0.158213 0.024589
vt 0.158214 0.467645
vt 0.370177 0.571886
vt 0.28905 0.653013
vt 0.516394 0.061707
vt 0.597521 0.142833
vt 0.743592 0.532844
vt 0.781881 0.533157
vt 0.798218 0.513793
vt 0.385557 0.024589
vt 0.385557 0.363901
vt 0.805219 0.607668
vt 0.805219 0.582333
vt 0.798218 0.582333
vt 0.798218 0.607668
vt 0.805219 0.513793
vt 0.821555 0.533157
vt 0.859845 0.532844
vt 0.811976 0.645358
vt 0.791461 0.645358
vt 0.173061 0.024589
vt 0.173061 0.467645
vt 0.362754 0.559028
vt 0.251932 0.588723
vt 0.479275 0.125997
vt 0.590097 0.155691
vt 0.743592 0.702099
vt 0.781881 0.702412
vt 0.798218 0.683048
vt 0.400404 0.024589
vt 0.400404 0.363901
vt 0.860132 0.288588
vt 0.860132 0.313922
vt 0.867133 0.313922
vt 0.867133 0.288588
vt 0.805219 0.683048
vt 0.821555 0.702412
vt 0.859845 0.702099
vt 0.853375 0.250898
vt 0.87389 0.250898
vt 0.187908 0.024589
vt 0.187908 0.467645
vt 0.362754 0.544181
vt 0.251932 0.514487
vt 0.479275 0.200233
vt 0.590097 0.170539
vt 0.921759 0.194156
vt 0.883469 0.193844
vt 0.867133 0.213208
vt 0.415251 0.024589
vt 0.415252 0.363901
vt 0.798218 0.846333
vt 0.798218 0.871668
vt 0.805219 0.871668
vt 0.805219 0.846333
vt 0.860132 0.213208
vt 0.843795 0.193844
vt 0.805506 0.194156
vt 0.791461 0.808643
vt 0.811976 0.808643
vt 0.202755 0.024589
vt 0.202755 0.467645
vt 0.370177 0.531323
vt 0.28905 0.450196
vt 0.516394 0.264524
vt 0.597521 0.183397
vt 0.859845 0.751902
vt 0.821555 0.751589
vt 0.805219 0.770953
vt 0.430098 0.024589
vt 0.430099 0.363901
vt 0.639789 0.438412
vt 0.639789 0.413078
vt 0.632788 0.413078
vt 0.632788 0.438412
vt 0.798218 0.770953
vt 0.781882 0.751589
vt 0.743592 0.751902
vt 0.646546 0.476103
vt 0.626031 0.476103
vt 0.024588 0.024589
vt 0.024588 0.467645
vt 0.578162 0.532844
vt 0.616452 0.533157
vt 0.632788 0.513793
vt 0.251932 0.024589
vt 0.251932 0.363901
vt 0.086215 0.880668
vt 0.086215 0.855333
vt 0.079214 0.855333
vt 0.079214 0.880668
vt 0.639789 0.513793
vt 0.656125 0.533157
vt 0.694415 0.532844
vn -0.9413 0 -0.3377
vn 0 -1 0
vn 0 1 0
vn -0.2158 -0.9734 -0.0774
vn -0.3537 0 -0.9354
vn -0.2158 0.9734 -0.0774
vn -0.8676 0 0.4973
vn -0.984 0 0.1782
vn -0.2256 -0.9734 0.0409
vn -0.774 0 -0.6332
vn -0.2256 0.9734 0.0409
vn -0.5027 0 0.8644
vn -0.7631 0 0.6463
vn -0.175 -0.9734 0.1482
vn -0.9869 0 -0.1614
vn -0.175 0.9734 0.1482
vn -0.0032 0 1
vn -0.3377 0 0.9413
vn -0.0774 -0.9734 0.2158
vn -0.9354 0 0.3537
vn -0.0774 0.9734 0.2158
vn 0.4973 0 0.8676
vn 0.1782 0 0.984
vn 0.0409 -0.9734 0.2256
vn -0.6332 0 0.774
vn 0.0409 0.9734 0.2256
vn 0.8644 0 0.5027
vn 0.6463 0 0.7631
vn 0.1482 -0.9734 0.175
vn -0.1614 0 0.9869
vn 0.1482 0.9734 0.175
vn 1 0 0.0032
vn 0.9413 0 0.3377
vn 0.2158 -0.9734 0.0774
vn 0.3537 0 0.9354
vn 0.2158 0.9734 0.0774
vn 0.8676 0 -0.4973
vn 0.984 0 -0.1782
vn 0.2256 -0.9734 -0.0409
vn 0.774 0 0.6332
vn 0.2256 0.9734 -0.0409
vn 0.5027 0 -0.8644
vn 0.7631 0 -0.6463
vn 0.175 -0.9734 -0.1482
vn 0.9869 0 0.1614
vn 0.175 0.9734 -0.1482
vn 0.0031 0 -1
vn 0.3377 0 -0.9413
vn 0.0774 -0.9734 -0.2158
vn 0.9354 0 -0.3537
vn 0.0774 0.9734 -0.2158
vn -0.4973 0 -0.8676
vn -0.1782 0 -0.984
vn -0.0409 -0.9734 -0.2256
vn 0.6332 0 -0.774
vn -0.0409 0.9734 -0.2256
vn -0.8644 0 -0.5027
vn -0.6463 0 -0.7631
vn -0.1482 -0.9734 -0.175
vn 0.1614 0 -0.9869
vn -0.1482 0.9734 -0.175
vn -1 0 -0.0032
vn 0.0032 0 -1
s off
usemtl Material.003
f 1179/1409/439 1180/1410/439 1176/1411/439
f 1179/1409/439 1176/1411/439 1174/1412/439
f 1180/1413/440 1179/1414/440 1181/1415/440
f 1180/1413/440 1181/1415/440 1182/1416/440
f 1178/1417/441 1177/1418/441 1183/1419/441
f 1178/1417/441 1183/1419/441 1184/1420/441
f 1181/1421/442 1185/1422/442 1187/1423/442
f 1181/1421/442 1187/1423/442 1182/1424/442
f 1173/1425/439 1175/1426/439 1184/1427/439
f 1173/1425/439 1184/1427/439 1183/1428/439
f 1186/1429/439 1188/1430/439 1187/1431/439
f 1186/1429/439 1187/1431/439 1185/1432/439
f 1182/1424/443 1187/1423/443 1188/1433/443
f 1182/1424/443 1188/1433/443 1178/1434/443
f 1178/1434/444 1188/1433/444 1186/1435/444
f 1178/1434/444 1186/1435/444 1177/1436/444
f 1177/1437/445 1186/1429/445 1185/1432/445
f 1177/1437/445 1185/1432/445 1181/1438/445
f 1192/1439/446 1179/1409/446 1174/1412/446
f 1192/1439/446 1174/1412/446 1190/1440/446
f 1179/1414/440 1192/1441/440 1193/1442/440
f 1179/1414/440 1193/1442/440 1181/1415/440
f 1177/1418/441 1191/1443/441 1194/1444/441
f 1177/1418/441 1194/1444/441 1183/1419/441
f 1193/1445/447 1195/1446/447 1197/1447/447
f 1193/1445/447 1197/1447/447 1181/1438/447
f 1189/1448/446 1173/1425/446 1183/1428/446
f 1189/1448/446 1183/1428/446 1194/1449/446
f 1196/1450/446 1198/1451/446 1197/1452/446
f 1196/1450/446 1197/1452/446 1195/1453/446
f 1181/1438/448 1197/1447/448 1198/1454/448
f 1181/1438/448 1198/1454/448 1177/1437/448
f 1177/1437/449 1198/1454/449 1196/1455/449
f 1177/1437/449 1196/1455/449 1191/1456/449
f 1191/1457/450 1196/1450/450 1195/1453/450
f 1191/1457/450 1195/1453/450 1193/1458/450
f 1202/1459/451 1192/1439/451 1190/1440/451
f 1202/1459/451 1190/1440/451 1200/1460/451
f 1192/1441/440 1202/1461/440 1203/1462/440
f 1192/1441/440 1203/1462/440 1193/1442/440
f 1191/1443/441 1201/1463/441 1204/1464/441
f 1191/1443/441 1204/1464/441 1194/1444/441
f 1203/1465/452 1205/1466/452 1207/1467/452
f 1203/1465/452 1207/1467/452 1193/1458/452
f 1199/1468/451 1189/1448/451 1194/1449/451
f 1199/1468/451 1194/1449/451 1204/1469/451
f 1206/1470/451 1208/1471/451 1207/1472/451
f 1206/1470/451 1207/1472/451 1205/1473/451
f 1193/1458/453 1207/1467/453 1208/1474/453
f 1193/1458/453 1208/1474/453 1191/1457/453
f 1191/1457/454 1208/1474/454 1206/1475/454
f 1191/1457/454 1206/1475/454 1201/1476/454
f 1201/1477/455 1206/1470/455 1205/1473/455
f 1201/1477/455 1205/1473/455 1203/1478/455
f 1212/1479/456 1202/1459/456 1200/1460/456
f 1212/1479/456 1200/1460/456 1210/1480/456
f 1202/1461/440 1212/1481/440 1213/1482/440
f 1202/1461/440 1213/1482/440 1203/1462/440
f 1201/1463/441 1211/1483/441 1214/1484/441
f 1201/1463/441 1214/1484/441 1204/1464/441
f 1213/1485/457 1215/1486/457 1217/1487/457
f 1213/1485/457 1217/1487/457 1203/1478/457
f 1209/1488/456 1199/1468/456 1204/1469/456
f 1209/1488/456 1204/1469/456 1214/1489/456
f 1216/1490/456 1218/1491/456 1217/1492/456
f 1216/1490/456 1217/1492/456 1215/1493/456
f 1203/1478/458 1217/1487/458 1218/1494/458
f 1203/1478/458 1218/1494/458 1201/1477/458
f 1201/1477/459 1218/1494/459 1216/1495/459
f 1201/1477/459 1216/1495/459 1211/1496/459
f 1211/1497/460 1216/1490/460 1215/1493/460
f 1211/1497/460 1215/1493/460 1213/1498/460
f 1222/1499/461 1212/1479/461 1210/1480/461
f 1222/1499/461 1210/1480/461 1220/1500/461
f 1212/1481/440 1222/1501/440 1223/1502/440
f 1212/1481/440 1223/1502/440 1213/1482/440
f 1211/1483/441 1221/1503/441 1224/1504/441
f 1211/1483/441 1224/1504/441 1214/1484/441
f 1223/1505/462 1225/1506/462 1227/1507/462
f 1223/1505/462 1227/1507/462 1213/1498/462
f 1219/1508/461 1209/1488/461 1214/1489/461
f 1219/1508/461 1214/1489/461 1224/1509/461
f 1226/1510/461 1228/1511/461 1227/1512/461
f 1226/1510/461 1227/1512/461 1225/1513/461
f 1213/1498/463 1227/1507/463 1228/1514/463
f 1213/1498/463 1228/1514/463 1211/1497/463
f 1211/1497/464 1228/1514/464 1226/1515/464
f 1211/1497/464 1226/1515/464 1221/1516/464
f 1221/1517/465 1226/1510/465 1225/1513/465
f 1221/1517/465 1225/1513/465 1223/1518/465
f 1232/1519/466 1222/1499/466 1220/1500/466
f 1232/1519/466 1220/1500/466 1230/1520/466
f 1222/1501/440 1232/1521/440 1233/1522/440
f 1222/1501/440 1233/1522/440 1223/1502/440
f 1221/1503/441 1231/1523/441 1234/1524/441
f 1221/1503/441 1234/1524/441 1224/1504/441
f 1233/1525/467 1235/1526/467 1237/1527/467
f 1233/1525/467 1237/1527/467 1223/1518/467
f 1229/1528/466 1219/1508/466 1224/1509/466
f 1229/1528/466 1224/1509/466 1234/1529/466
f 1236/1530/466 1238/1531/466 1237/1532/466
f 1236/1530/466 1237/1532/466 1235/1533/466
f 1223/1518/468 1237/1527/468 1238/1534/468
f 1223/1518/468 1238/1534/468 1221/1517/468
f 1221/1517/469 1238/1534/469 1236/1535/469
f 1221/1517/469 1236/1535/469 1231/1536/469
f 1231/1537/470 1236/1530/470 1235/1533/470
f 1231/1537/470 1235/1533/470 1233/1538/470
f 1242/1539/471 1232/1519/471 1230/1520/471
f 1242/1539/471 1230/1520/471 1240/1540/471
f 1232/1521/440 1242/1541/440 1243/1542/440
f 1232/1521/440 1243/1542/440 1233/1522/440
f 1231/1523/441 1241/1543/441 1244/1544/441
f 1231/1523/441 1244/1544/441 1234/1524/441
f 1243/1545/472 1245/1546/472 1247/1547/472
f 1243/1545/472 1247/1547/472 1233/1538/472
f 1239/1548/471 1229/1528/471 1234/1529/471
f 1239/1548/471 1234/1529/471 1244/1549/471
f 1246/1550/471 1248/1551/471 1247/1552/471
f 1246/1550/471 1247/1552/471 1245/1553/471
f 1233/1538/473 1247/1547/473 1248/1554/473
f 1233/1538/473 1248/1554/473 1231/1537/473
f 1231/1537/474 1248/1554/474 1246/1555/474
f 1231/1537/474 1246/1555/474 1241/1556/474
f 1241/1557/475 1246/1550/475 1245/1553/475
f 1241/1557/475 1245/1553/475 1243/1558/475
f 1252/1559/476 1242/1539/476 1240/1540/476
f 1252/1559/476 1240/1540/476 1250/1560/476
f 1242/1541/440 1252/1561/440 1253/1562/440
f 1242/1541/440 1253/1562/440 1243/1542/440
f 1241/1543/441 1251/1563/441 1254/1564/441
f 1241/1543/441 1254/1564/441 1244/1544/441
f 1253/1565/477 1255/1566/477 1257/1567/477
f 1253/1565/477 1257/1567/477 1243/1558/477
f 1249/1568/476 1239/1548/476 1244/1549/476
f 1249/1568/476 1244/1549/476 1254/1569/476
f 1256/1570/476 1258/1571/476 1257/1572/476
f 1256/1570/476 1257/1572/476 1255/1573/476
f 1243/1558/478 1257/1567/478 1258/1574/478
f 1243/1558/478 1258/1574/478 1241/1557/478
f 1241/1557/479 1258/1574/479 1256/1575/479
f 1241/1557/479 1256/1575/479 1251/1576/479
f 1251/1577/480 1256/1570/480 1255/1573/480
f 1251/1577/480 1255/1573/480 1253/1578/480
f 1262/1579/481 1252/1559/481 1250/1560/481
f 1262/1579/481 1250/1560/481 1260/1580/481
f 1252/1561/440 1262/1581/440 1263/1582/440
f 1252/1561/440 1263/1582/440 1253/1562/440
f 1251/1563/441 1261/1583/441 1264/1584/441
f 1251/1563/441 1264/1584/441 1254/1564/441
f 1263/1585/482 1265/1586/482 1267/1587/482
f 1263/1585/482 1267/1587/482 1253/1578/482
f 1259/1588/481 1249/1568/481 1254/1569/481
f 1259/1588/481 1254/1569/481 1264/1589/481
f 1266/1590/481 1268/1591/481 1267/1592/481
f 1266/1590/481 1267/1592/481 1265/1593/481
f 1253/1578/483 1267/1587/483 1268/1594/483
f 1253/1578/483 1268/1594/483 1251/1577/483
f 1251/1577/484 1268/1594/484 1266/1595/484
f 1251/1577/484 1266/1595/484 1261/1596/484
f 1261/1597/485 1266/1590/485 1265/1593/485
f 1261/1597/485 1265/1593/485 1263/1598/485
f 1272/1599/486 1262/1579/486 1260/1580/486
f 1272/1599/486 1260/1580/486 1270/1600/486
f 1262/1581/440 1272/1601/440 1273/1602/440
f 1262/1581/440 1273/1602/440 1263/1582/440
f 1261/1583/441 1271/1603/441 1274/1604/441
f 1261/1583/441 1274/1604/441 1264/1584/441
f 1273/1605/487 1275/1606/487 1277/1607/487
f 1273/1605/487 1277/1607/487 1263/1598/487
f 1269/1608/486 1259/1588/486 1264/1589/486
f 1269/1608/486 1264/1589/486 1274/1609/486
f 1276/1610/486 1278/1611/486 1277/1612/486
f 1276/1610/486 1277/1612/486 1275/1613/486
f 1263/1598/488 1277/1607/488 1278/1614/488
f 1263/1598/488 1278/1614/488 1261/1597/488
f 1261/1597/489 1278/1614/489 1276/1615/489
f 1261/1597/489 1276/1615/489 1271/1616/489
f 1271/1617/490 1276/1610/490 1275/1613/490
f 1271/1617/490 1275/1613/490 1273/1618/490
f 1282/1619/491 1272/1599/491 1270/1600/491
f 1282/1619/491 1270/1600/491 1280/1620/491
f 1272/1601/440 1282/1621/440 1283/1622/440
f 1272/1601/440 1283/1622/440 1273/1602/440
f 1271/1603/441 1281/1623/441 1284/1624/441
f 1271/1603/441 1284/1624/441 1274/1604/441
f 1283/1625/492 1285/1626/492 1287/1627/492
f 1283/1625/492 1287/1627/492 1273/1618/492
f 1279/1628/491 1269/1608/491 1274/1609/491
f 1279/1628/491 1274/1609/491 1284/1629/491
f 1286/1630/491 1288/1631/491 1287/1632/491
f 1286/1630/491 1287/1632/491 1285/1633/491
f 1273/1618/493 1287/1627/493 1288/1634/493
f 1273/1618/493 1288/1634/493 1271/1617/493
f 1271/1617/494 1288/1634/494 1286/1635/494
f 1271/1617/494 1286/1635/494 1281/1636/494
f 1281/1637/495 1286/1630/495 1285/1633/495
f 1281/1637/495 1285/1633/495 1283/1638/495
f 1180/1410/496 1282/1639/496 1280/1640/496
f 1180/1410/496 1280/1640/496 1176/1411/496
f 1282/1621/440 1180/1413/440 1182/1416/440
f 1282/1621/440 1182/1416/440 1283/1622/440
f 1281/1623/441 1178/1417/441 1184/1420/441
f 1281/1623/441 1184/1420/441 1284/1624/441
f 1182/1641/497 1289/1642/497 1291/1643/497
f 1182/1641/497 1291/1643/497 1283/1638/497
f 1175/1426/496 1279/1644/496 1284/1645/496
f 1175/1426/496 1284/1645/496 1184/1427/496
f 1290/1646/496 1292/1647/496 1291/1648/496
f 1290/1646/496 1291/1648/496 1289/1649/496
f 1283/1638/498 1291/1643/498 1292/1650/498
f 1283/1638/498 1292/1650/498 1281/1637/498
f 1281/1637/499 1292/1650/499 1290/1651/499
f 1281/1637/499 1290/1651/499 1178/1652/499
f 1178/1434/500 1290/1646/500 1289/1649/500
f 1178/1434/500 1289/1649/500 1182/1424/500
f 1299/1409/439 1294/1412/439 1296/1411/439
f 1299/1409/439 1296/1411/439 1300/1410/439
f 1300/1413/441 1302/1416/441 1301/1415/441
f 1300/1413/441 1301/1415/441 1299/1414/441
f 1298/1417/440 1304/1420/440 1303/1419/440
f 1298/1417/440 1303/1419/440 1297/1418/440
f 1301/1421/444 1302/1424/444 1307/1423/444
f 1301/1421/444 1307/1423/444 1305/1422/444
f 1293/1425/439 1303/1428/439 1304/1427/439
f 1293/1425/439 1304/1427/439 1295/1426/439
f 1306/1429/439 1305/1432/439 1307/1431/439
f 1306/1429/439 1307/1431/439 1308/1430/439
f 1302/1424/443 1298/1434/443 1308/1433/443
f 1302/1424/443 1308/1433/443 1307/1423/443
f 1298/1434/442 1297/1436/442 1306/1435/442
f 1298/1434/442 1306/1435/442 1308/1433/442
f 1297/1437/445 1301/1438/445 1305/1432/445
f 1297/1437/445 1305/1432/445 1306/1429/445
f 1312/1439/446 1310/1440/446 1294/1412/446
f 1312/1439/446 1294/1412/446 1299/1409/446
f 1299/1414/441 1301/1415/441 1313/1442/441
f 1299/1414/441 1313/1442/441 1312/1441/441
f 1297/1418/440 1303/1419/440 1314/1444/440
f 1297/1418/440 1314/1444/440 1311/1443/440
f 1313/1445/449 1301/1438/449 1317/1447/449
f 1313/1445/449 1317/1447/449 1315/1446/449
f 1309/1448/446 1314/1449/446 1303/1428/446
f 1309/1448/446 1303/1428/446 1293/1425/446
f 1316/1450/446 1315/1453/446 1317/1452/446
f 1316/1450/446 1317/1452/446 1318/1451/446
f 1301/1438/448 1297/1437/448 1318/1454/448
f 1301/1438/448 1318/1454/448 1317/1447/448
f 1297/1437/447 1311/1456/447 1316/1455/447
f 1297/1437/447 1316/1455/447 1318/1454/447
f 1311/1457/450 1313/1458/450 1315/1453/450
f 1311/1457/450 1315/1453/450 1316/1450/450
f 1322/1459/451 1320/1460/451 1310/1440/451
f 1322/1459/451 1310/1440/451 1312/1439/451
f 1312/1441/441 1313/1442/441 1323/1462/441
f 1312/1441/441 1323/1462/441 1322/1461/441
f 1311/1443/440 1314/1444/440 1324/1464/440
f 1311/1443/440 1324/1464/440 1321/1463/440
f 1323/1465/454 1313/1458/454 1327/1467/454
f 1323/1465/454 1327/1467/454 1325/1466/454
f 1319/1468/451 1324/1469/451 1314/1449/451
f 1319/1468/451 1314/1449/451 1309/1448/451
f 1326/1470/451 1325/1473/451 1327/1472/451
f 1326/1470/451 1327/1472/451 1328/1471/451
f 1313/1458/453 1311/1457/453 1328/1474/453
f 1313/1458/453 1328/1474/453 1327/1467/453
f 1311/1457/452 1321/1476/452 1326/1475/452
f 1311/1457/452 1326/1475/452 1328/1474/452
f 1321/1477/455 1323/1478/455 1325/1473/455
f 1321/1477/455 1325/1473/455 1326/1470/455
f 1332/1479/456 1330/1480/456 1320/1460/456
f 1332/1479/456 1320/1460/456 1322/1459/456
f 1322/1461/441 1323/1462/441 1333/1482/441
f 1322/1461/441 1333/1482/441 1332/1481/441
f 1321/1463/440 1324/1464/440 1334/1484/440
f 1321/1463/440 1334/1484/440 1331/1483/440
f 1333/1485/459 1323/1478/459 1337/1487/459
f 1333/1485/459 1337/1487/459 1335/1486/459
f 1329/1488/456 1334/1489/456 1324/1469/456
f 1329/1488/456 1324/1469/456 1319/1468/456
f 1336/1490/456 1335/1493/456 1337/1492/456
f 1336/1490/456 1337/1492/456 1338/1491/456
f 1323/1478/458 1321/1477/458 1338/1494/458
f 1323/1478/458 1338/1494/458 1337/1487/458
f 1321/1477/457 1331/1496/457 1336/1495/457
f 1321/1477/457 1336/1495/457 1338/1494/457
f 1331/1497/460 1333/1498/460 1335/1493/460
f 1331/1497/460 1335/1493/460 1336/1490/460
f 1342/1499/461 1340/1500/461 1330/1480/461
f 1342/1499/461 1330/1480/461 1332/1479/461
f 1332/1481/441 1333/1482/441 1343/1502/441
f 1332/1481/441 1343/1502/441 1342/1501/441
f 1331/1483/440 1334/1484/440 1344/1504/440
f 1331/1483/440 1344/1504/440 1341/1503/440
f 1343/1505/464 1333/1498/464 1347/1507/464
f 1343/1505/464 1347/1507/464 1345/1506/464
f 1339/1508/461 1344/1509/461 1334/1489/461
f 1339/1508/461 1334/1489/461 1329/1488/461
f 1346/1510/461 1345/1513/461 1347/1512/461
f 1346/1510/461 1347/1512/461 1348/1511/461
f 1333/1498/463 1331/1497/463 1348/1514/463
f 1333/1498/463 1348/1514/463 1347/1507/463
f 1331/1497/462 1341/1516/462 1346/1515/462
f 1331/1497/462 1346/1515/462 1348/1514/462
f 1341/1517/465 1343/1518/465 1345/1513/465
f 1341/1517/465 1345/1513/465 1346/1510/465
f 1352/1519/466 1350/1520/466 1340/1500/466
f 1352/1519/466 1340/1500/466 1342/1499/466
f 1342/1501/441 1343/1502/441 1353/1522/441
f 1342/1501/441 1353/1522/441 1352/1521/441
f 1341/1503/440 1344/1504/440 1354/1524/440
f 1341/1503/440 1354/1524/440 1351/1523/440
f 1353/1525/469 1343/1518/469 1357/1527/469
f 1353/1525/469 1357/1527/469 1355/1526/469
f 1349/1528/466 1354/1529/466 1344/1509/466
f 1349/1528/466 1344/1509/466 1339/1508/466
f 1356/1530/466 1355/1533/466 1357/1532/466
f 1356/1530/466 1357/1532/466 1358/1531/466
f 1343/1518/468 1341/1517/468 1358/1534/468
f 1343/1518/468 1358/1534/468 1357/1527/468
f 1341/1517/467 1351/1536/467 1356/1535/467
f 1341/1517/467 1356/1535/467 1358/1534/467
f 1351/1537/470 1353/1538/470 1355/1533/470
f 1351/1537/470 1355/1533/470 1356/1530/470
f 1362/1539/471 1360/1540/471 1350/1520/471
f 1362/1539/471 1350/1520/471 1352/1519/471
f 1352/1521/441 1353/1522/441 1363/1542/441
f 1352/1521/441 1363/1542/441 1362/1541/441
f 1351/1523/440 1354/1524/440 1364/1544/440
f 1351/1523/440 1364/1544/440 1361/1543/440
f 1363/1545/474 1353/1538/474 1367/1547/474
f 1363/1545/474 1367/1547/474 1365/1546/474
f 1359/1548/471 1364/1549/471 1354/1529/471
f 1359/1548/471 1354/1529/471 1349/1528/471
f 1366/1550/471 1365/1553/471 1367/1552/471
f 1366/1550/471 1367/1552/471 1368/1551/471
f 1353/1538/473 1351/1537/473 1368/1554/473
f 1353/1538/473 1368/1554/473 1367/1547/473
f 1351/1537/472 1361/1556/472 1366/1555/472
f 1351/1537/472 1366/1555/472 1368/1554/472
f 1361/1557/475 1363/1558/475 1365/1553/475
f 1361/1557/475 1365/1553/475 1366/1550/475
f 1372/1559/476 1370/1560/476 1360/1540/476
f 1372/1559/476 1360/1540/476 1362/1539/476
f 1362/1541/441 1363/1542/441 1373/1562/441
f 1362/1541/441 1373/1562/441 1372/1561/441
f 1361/1543/440 1364/1544/440 1374/1564/440
f 1361/1543/440 1374/1564/440 1371/1563/440
f 1373/1565/479 1363/1558/479 1377/1567/479
f 1373/1565/479 1377/1567/479 1375/1566/479
f 1369/1568/476 1374/1569/476 1364/1549/476
f 1369/1568/476 1364/1549/476 1359/1548/476
f 1376/1570/476 1375/1573/476 1377/1572/476
f 1376/1570/476 1377/1572/476 1378/1571/476
f 1363/1558/478 1361/1557/478 1378/1574/478
f 1363/1558/478 1378/1574/478 1377/1567/478
f 1361/1557/477 1371/1576/477 1376/1575/477
f 1361/1557/477 1376/1575/477 1378/1574/477
f 1371/1577/480 1373/1578/480 1375/1573/480
f 1371/1577/480 1375/1573/480 1376/1570/480
f 1382/1579/481 1380/1580/481 1370/1560/481
f 1382/1579/481 1370/1560/481 1372/1559/481
f 1372/1561/441 1373/1562/441 1383/1582/441
f 1372/1561/441 1383/1582/441 1382/1581/441
f 1371/1563/440 1374/1564/440 1384/1584/440
f 1371/1563/440 1384/1584/440 1381/1583/440
f 1383/1585/484 1373/1578/484 1387/1587/484
f 1383/1585/484 1387/1587/484 1385/1586/484
f 1379/1588/481 1384/1589/481 1374/1569/481
f 1379/1588/481 1374/1569/481 1369/1568/481
f 1386/1590/481 1385/1593/481 1387/1592/481
f 1386/1590/481 1387/1592/481 1388/1591/481
f 1373/1578/483 1371/1577/483 1388/1594/483
f 1373/1578/483 1388/1594/483 1387/1587/483
f 1371/1577/482 1381/1596/482 1386/1595/482
f 1371/1577/482 1386/1595/482 1388/1594/482
f 1381/1597/501 1383/1598/501 1385/1593/501
f 1381/1597/501 1385/1593/501 1386/1590/501
f 1392/1599/486 1390/1600/486 1380/1580/486
f 1392/1599/486 1380/1580/486 1382/1579/486
f 1382/1581/441 1383/1582/441 1393/1602/441
f 1382/1581/441 1393/1602/441 1392/1601/441
f 1381/1583/440 1384/1584/440 1394/1604/440
f 1381/1583/440 1394/1604/440 1391/1603/440
f 1393/1605/489 1383/1598/489 1397/1607/489
f 1393/1605/489 1397/1607/489 1395/1606/489
f 1389/1608/486 1394/1609/486 1384/1589/486
f 1389/1608/486 1384/1589/486 1379/1588/486
f 1396/1610/486 1395/1613/486 1397/1612/486
f 1396/1610/486 1397/1612/486 1398/1611/486
f 1383/1598/488 1381/1597/488 1398/1614/488
f 1383/1598/488 1398/1614/488 1397/1607/488
f 1381/1597/487 1391/1616/487 1396/1615/487
f 1381/1597/487 1396/1615/487 1398/1614/487
f 1391/1617/490 1393/1618/490 1395/1613/490
f 1391/1617/490 1395/1613/490 1396/1610/490
f 1402/1619/491 1400/1620/491 1390/1600/491
f 1402/1619/491 1390/1600/491 1392/1599/491
f 1392/1601/441 1393/1602/441 1403/1622/441
f 1392/1601/441 1403/1622/441 1402/1621/441
f 1391/1603/440 1394/1604/440 1404/1624/440
f 1391/1603/440 1404/1624/440 1401/1623/440
f 1403/1625/494 1393/1618/494 1407/1627/494
f 1403/1625/494 1407/1627/494 1405/1626/494
f 1399/1628/491 1404/1629/491 1394/1609/491
f 1399/1628/491 1394/1609/491 1389/1608/491
f 1406/1630/491 1405/1633/491 1407/1632/491
f 1406/1630/491 1407/1632/491 1408/1631/491
f 1393/1618/493 1391/1617/493 1408/1634/493
f 1393/1618/493 1408/1634/493 1407/1627/493
f 1391/1617/492 1401/1636/492 1406/1635/492
f 1391/1617/492 1406/1635/492 1408/1634/492
f 1401/1637/495 1403/1638/495 1405/1633/495
f 1401/1637/495 1405/1633/495 1406/1630/495
f 1300/1410/496 1296/1411/496 1400/1640/496
f 1300/1410/496 1400/1640/496 1402/1639/496
f 1402/1621/441 1403/1622/441 1302/1416/441
f 1402/1621/441 1302/1416/441 1300/1413/441
f 1401/1623/440 1404/1624/440 1304/1420/440
f 1401/1623/440 1304/1420/440 1298/1417/440
f 1302/1641/499 1403/1638/499 1411/1643/499
f 1302/1641/499 1411/1643/499 1409/1642/499
f 1295/1426/496 1304/1427/496 1404/1645/496
f 1295/1426/496 1404/1645/496 1399/1644/496
f 1410/1646/496 1409/1649/496 1411/1648/496
f 1410/1646/496 1411/1648/496 1412/1647/496
f 1403/1638/498 1401/1637/498 1412/1650/498
f 1403/1638/498 1412/1650/498 1411/1643/498
f 1401/1637/497 1298/1652/497 1410/1651/497
f 1401/1637/497 1410/1651/497 1412/1650/497
f 1298/1434/500 1302/1424/500 1409/1649/500
f 1298/1434/500 1409/1649/500 1410/1646/500

o mech3_2
v 1.411981 5.096348 -0.903394
v 1.411983 2.065971 -0.903395
v 1.430904 5.096347 -0.850646
v 1.430906 2.065971 -0.850648
v 0.980424 3.815659 -0.867652
v 1.075034 3.815659 -0.603914
v 1.411982 3.738228 -0.903394
v 1.430905 3.738228 -0.850647
v 0.980424 3.738228 -0.867652
v 1.075035 3.738227 -0.603914
v 1.411982 3.81566 -0.903394
v 1.430904 3.815659 -0.850647
v 0.909685 3.763731 -0.744231
v 0.909685 3.790156 -0.744231
v 0.941973 3.763731 -0.654225
v 0.941972 3.790156 -0.654225
v 1.421968 5.096348 -0.958535
v 1.42197 2.065971 -0.958537
v 1.030357 3.815659 -1.143362
v 1.421969 3.738228 -0.958536
v 1.030357 3.738228 -1.143362
v 1.421969 3.81566 -0.958536
v 0.907385 3.763731 -1.071846
v 0.907385 3.790156 -1.071846
v 0.890344 3.763731 -0.977754
v 0.890344 3.790156 -0.977754
v 1.458187 5.096348 -1.001296
v 1.45819 2.065971 -1.001298
v 1.211456 3.81566 -1.357167
v 1.458188 3.738228 -1.001297
v 1.211456 3.738228 -1.357167
v 1.458188 3.81566 -1.001297
v 1.0692 3.763731 -1.356718
v 1.0692 3.790156 -1.356718
v 1.007397 3.763731 -1.283753
v 1.007397 3.790156 -1.283753
v 1.510935 5.096348 -1.020218
v 1.510938 2.065971 -1.02022
v 1.475194 3.81566 -1.451778
v 1.510936 3.738228 -1.020219
v 1.475194 3.738228 -1.451778
v 1.510936 3.815659 -1.020219
v 1.351773 3.763731 -1.522517
v 1.351773 3.790156 -1.522517
v 1.261767 3.763731 -1.490229
v 1.261767 3.790156 -1.490229
v 1.566076 5.096347 -1.010232
v 1.566079 2.065972 -1.010234
v 1.750903 3.81566 -1.401844
v 1.566078 3.738228 -1.010233
v 1.750903 3.738228 -1.401844
v 1.566077 3.815659 -1.010233
v 1.679387 3.763732 -1.524816
v 1.679387 3.790157 -1.524816
v 1.585296 3.763731 -1.541857
v 1.585296 3.790156 -1.541857
v 1.608837 5.096347 -0.974012
v 1.60884 2.065972 -0.974014
v 1.964708 3.81566 -1.220745
v 1.608839 3.738228 -0.974013
v 1.964708 3.738228 -1.220745
v 1.608838 3.815659 -0.974013
v 1.964259 3.763731 -1.363001
v 1.964259 3.790156 -1.363001
v 1.891294 3.763731 -1.424804
v 1.891294 3.790156 -1.424804
v 1.627759 5.096347 -0.921265
v 1.627763 2.065972 -0.921266
v 2.059319 3.81566 -0.957007
v 1.627761 3.738228 -0.921266
v 2.059319 3.738228 -0.957007
v 1.627761 3.815659 -0.921266
v 2.130058 3.763731 -1.080428
v 2.130058 3.790156 -1.080428
v 2.09777 3.763732 -1.170434
v 2.09777 3.790156 -1.170434
v 1.617773 5.096347 -0.866123
v 1.617776 2.065972 -0.866124
v 2.009385 3.815659 -0.681297
v 1.617774 3.738228 -0.866124
v 2.009385 3.738228 -0.681297
v 1.617774 3.815659 -0.866124
v 2.132357 3.763731 -0.752814
v 2.132357 3.790156 -0.752814
v 2.149398 3.763731 -0.846905
v 2.149398 3.790156 -0.846905
v 1.581553 5.096346 -0.823363
v 1.581556 2.065972 -0.823363
v 1.828286 3.815659 -0.467493
v 1.581555 3.738228 -0.823363
v 1.828287 3.738228 -0.467493
v 1.581555 3.815659 -0.823363
v 1.970542 3.763731 -0.467942
v 1.970542 3.790156 -0.467942
v 2.032345 3.763731 -0.540906
v 2.032345 3.790156 -0.540906
v 1.528806 5.096346 -0.80444
v 1.528808 2.065972 -0.804441
v 1.564548 3.815659 -0.372882
v 1.528807 3.738227 -0.804441
v 1.564548 3.738227 -0.372882
v 1.528807 3.815659 -0.804441
v 1.687969 3.763731 -0.302143
v 1.687969 3.790155 -0.302143
v 1.777975 3.763731 -0.334431
v 1.777975 3.790155 -0.334431
v 1.473664 5.096346 -0.814427
v 1.473667 2.065972 -0.814428
v 1.288839 3.815658 -0.422816
v 1.473665 3.738227 -0.814427
v 1.288839 3.738227 -0.422816
v 1.473665 3.815658 -0.814427
v 1.360355 3.76373 -0.299843
v 1.360355 3.790155 -0.299843
v 1.454446 3.76373 -0.282802
v 1.454446 3.790155 -0.282802
v 1.075483 3.76373 -0.461659
v 1.075483 3.790155 -0.461659
v 1.148448 3.76373 -0.399856
v 1.148448 3.790155 -0.399856
v 1.411986 -0.018458 -0.903396
v 1.411983 3.011919 -0.903395
v 1.430908 -0.018457 -0.850649
v 1.430905 3.011918 -0.850647
v 0.980426 1.26223 -0.867654
v 1.075037 1.26223 -0.603916
v 1.411984 1.339661 -0.903395
v 1.430907 1.339662 -0.850648
v 0.980426 1.339661 -0.867654
v 1.075037 1.339661 -0.603916
v 1.411985 1.26223 -0.903395
v 1.430907 1.262231 -0.850648
v 0.909687 1.314158 -0.744232
v 0.909687 1.287733 -0.744232
v 0.941975 1.314157 -0.654227
v 0.941975 1.287733 -0.654227
v 1.421973 -0.018458 -0.958538
v 1.421969 3.011919 -0.958537
v 1.03036 1.26223 -1.143363
v 1.421971 1.339661 -0.958537
v 1.03036 1.339661 -1.143363
v 1.421971 1.26223 -0.958537
v 0.907387 1.314158 -1.071847
v 0.907387 1.287733 -1.071847
v 0.890346 1.314158 -0.977756
v 0.890346 1.287733 -0.977756
v 1.458192 -0.018458 -1.001298
v 1.458189 3.011919 -1.001298
v 1.211458 1.26223 -1.357168
v 1.458191 1.339662 -1.001298
v 1.211458 1.339661 -1.357168
v 1.458191 1.26223 -1.001298
v 1.069203 1.314158 -1.356719
v 1.069203 1.287733 -1.356719
v 1.007399 1.314158 -1.283754
v 1.007399 1.287733 -1.283754
v 1.510939 -0.018458 -1.020221
v 1.510937 3.011919 -1.02022
v 1.475196 1.262231 -1.451779
v 1.510938 1.339662 -1.020221
v 1.475196 1.339662 -1.451779
v 1.510938 1.262231 -1.020221
v 1.351775 1.314159 -1.522518
v 1.351775 1.287734 -1.522518
v 1.261769 1.314159 -1.49023
v 1.261769 1.287734 -1.49023
v 1.566081 -0.018457 -1.010234
v 1.566079 3.011919 -1.010233
v 1.750906 1.262231 -1.401845
v 1.56608 1.339662 -1.010234
v 1.750906 1.339662 -1.401845
v 1.56608 1.262231 -1.010234
v 1.679389 1.314159 -1.524817
v 1.679389 1.287734 -1.524817
v 1.585298 1.314159 -1.541858
v 1.585298 1.287734 -1.541858
v 1.608842 -0.018457 -0.974015
v 1.60884 3.011919 -0.974013
v 1.96471 1.262231 -1.220747
v 1.608841 1.339662 -0.974014
v 1.96471 1.339663 -1.220747
v 1.608841 1.262231 -0.974014
v 1.964261 1.31416 -1.363002
v 1.964262 1.287735 -1.363002
v 1.891297 1.31416 -1.424805
v 1.891297 1.287735 -1.424805
v 1.627764 -0.018457 -0.921267
v 1.627762 3.011919 -0.921266
v 2.059321 1.262231 -0.957008
v 1.627763 1.339662 -0.921267
v 2.059321 1.339663 -0.957008
v 1.627763 1.262231 -0.921267
v 2.13006 1.31416 -1.080429
v 2.13006 1.287735 -1.080429
v 2.097773 1.31416 -1.170435
v 2.097773 1.287735 -1.170435
v 1.617777 -0.018457 -0.866126
v 1.617775 3.011918 -0.866124
v 2.009387 1.262231 -0.681299
v 1.617776 1.339662 -0.866125
v 2.009387 1.339663 -0.681299
v 1.617777 1.262231 -0.866125
v 2.13236 1.31416 -0.752815
v 2.13236 1.287735 -0.752815
v 2.149401 1.31416 -0.846906
v 2.149401 1.287735 -0.846906
v 1.581558 -0.018456 -0.823365
v 1.581555 3.011918 -0.823363
v 1.828289 1.262231 -0.467494
v 1.581557 1.339662 -0.823364
v 1.828289 1.339662 -0.467494
v 1.581557 1.262231 -0.823364
v 1.970544 1.314159 -0.467943
v 1.970544 1.287735 -0.467943
v 2.032347 1.314159 -0.540908
v 2.032347 1.287735 -0.540908
v 1.528811 -0.018456 -0.804443
v 1.528808 3.011918 -0.804441
v 1.564551 1.262231 -0.372883
v 1.528809 1.339662 -0.804442
v 1.564551 1.339662 -0.372883
v 1.528809 1.262231 -0.804442
v 1.687972 1.314159 -0.302145
v 1.687972 1.287734 -0.302145
v 1.777977 1.314159 -0.334432
v 1.777977 1.287734 -0.334432
v 1.473669 -0.018456 -0.814429
v 1.473666 3.011918 -0.814428
v 1.288841 1.262231 -0.422817
v 1.473668 1.339662 -0.814428
v 1.288841 1.339662 -0.422817
v 1.473668 1.262231 -0.814428
v 1.360357 1.314159 -0.299845
v 1.360357 1.287734 -0.299845
v 1.454448 1.314159 -0.282804
v 1.454448 1.287734 -0.282804
v 1.075485 1.314159 -0.461661
v 1.075485 1.287734 -0.461661
v 1.14845 1.314159 -0.399857
v 1.14845 1.287734 -0.399857
vt 0.054283 0.024588
vt 0.054283 0.467645
vt 0.039436 0.467645
vt 0.039436 0.024588
vt 0.383035 0.523899
vt 0.353341 0.413078
vt 0.427577 0.413078
vt 0.397882 0.523899
vt 0.580684 0.301642
vt 0.610379 0.19082
vt 0.625226 0.19082
vt 0.65492 0.301642
vt 0.024588 0.975099
vt 0.072457 0.918358
vt 0.079214 0.956048
vt 0.062878 0.975412
vt 0.281627 0.024588
vt 0.281626 0.363901
vt 0.266779 0.363901
vt 0.26678 0.024589
vt 0.313559 0.764643
vt 0.306558 0.764643
vt 0.306558 0.739308
vt 0.313559 0.739308
vt 0.092972 0.918358
vt 0.086215 0.956048
vt 0.140841 0.975099
vt 0.102552 0.975412
vt 0.320316 0.802333
vt 0.299801 0.802333
vt 0.06913 0.024588
vt 0.06913 0.467645
vt 0.491868 0.450196
vt 0.41074 0.531323
vt 0.638084 0.183397
vt 0.719211 0.264524
vt 0.251932 0.859074
vt 0.306558 0.840023
vt 0.290222 0.859387
vt 0.296474 0.024588
vt 0.296474 0.363901
vt 0.086215 0.711412
vt 0.079214 0.711412
vt 0.079214 0.686078
vt 0.086215 0.686078
vt 0.313559 0.840023
vt 0.368185 0.859074
vt 0.329895 0.859387
vt 0.092972 0.749102
vt 0.072457 0.749102
vt 0.083977 0.024588
vt 0.083977 0.467645
vt 0.528986 0.514487
vt 0.418164 0.544181
vt 0.645508 0.170539
vt 0.756329 0.200233
vt 0.024588 0.805844
vt 0.079214 0.786792
vt 0.062878 0.806156
vt 0.311321 0.024588
vt 0.311321 0.363901
vt 0.086215 0.542157
vt 0.079214 0.542157
vt 0.079214 0.516822
vt 0.086215 0.516822
vt 0.086215 0.786792
vt 0.140841 0.805844
vt 0.102552 0.806156
vt 0.092972 0.579847
vt 0.072457 0.579847
vt 0.098825 0.024588
vt 0.098825 0.467645
vt 0.528986 0.588723
vt 0.418164 0.559028
vt 0.645508 0.155692
vt 0.756329 0.125997
vt 0.024588 0.636588
vt 0.079214 0.617537
vt 0.062878 0.636901
vt 0.326168 0.024588
vt 0.326168 0.363901
vt 0.639789 0.776923
vt 0.632788 0.776923
vt 0.632788 0.751589
vt 0.639789 0.751589
vt 0.086215 0.617537
vt 0.140841 0.636588
vt 0.102552 0.636901
vt 0.646546 0.814614
vt 0.626031 0.814614
vt 0.113672 0.024588
vt 0.113672 0.467645
vt 0.491868 0.653013
vt 0.410741 0.571886
vt 0.638084 0.142833
vt 0.719211 0.061707
vt 0.578162 0.871355
vt 0.632788 0.852304
vt 0.616452 0.871668
vt 0.341015 0.024589
vt 0.341015 0.363901
vt 0.860132 0.119333
vt 0.867133 0.119333
vt 0.867133 0.144667
vt 0.860132 0.144667
vt 0.639789 0.852304
vt 0.694415 0.871355
vt 0.656126 0.871668
vt 0.853375 0.081642
vt 0.87389 0.081642
vt 0.128519 0.024588
vt 0.128519 0.467645
vt 0.427577 0.690132
vt 0.397883 0.57931
vt 0.625226 0.13541
vt 0.65492 0.024588
vt 0.921759 0.024901
vt 0.867133 0.043952
vt 0.883469 0.024588
vt 0.355863 0.024589
vt 0.355863 0.363901
vt 0.632788 0.677078
vt 0.639789 0.677078
vt 0.639789 0.702412
vt 0.632788 0.702412
vt 0.860132 0.043952
vt 0.805506 0.024901
vt 0.843795 0.024588
vt 0.626031 0.639387
vt 0.646546 0.639387
vt 0.143366 0.024588
vt 0.143366 0.467645
vt 0.353341 0.690131
vt 0.383035 0.57931
vt 0.610379 0.13541
vt 0.580684 0.024588
vt 0.694415 0.582646
vt 0.639789 0.601697
vt 0.656125 0.582333
vt 0.37071 0.024589
vt 0.37071 0.363901
vt 0.805219 0.438412
vt 0.798218 0.438412
vt 0.798218 0.413078
vt 0.805219 0.413078
vt 0.632788 0.601697
vt 0.578162 0.582646
vt 0.616452 0.582333
vt 0.811976 0.476102
vt 0.791461 0.476102
vt 0.158213 0.024589
vt 0.158214 0.467645
vt 0.28905 0.653013
vt 0.370177 0.571886
vt 0.597521 0.142833
vt 0.516394 0.061707
vt 0.743592 0.532844
vt 0.798218 0.513793
vt 0.781881 0.533157
vt 0.385557 0.024589
vt 0.385557 0.363901
vt 0.805219 0.607668
vt 0.798218 0.607668
vt 0.798218 0.582333
vt 0.805219 0.582333
vt 0.805219 0.513793
vt 0.859845 0.532844
vt 0.821555 0.533157
vt 0.811976 0.645358
vt 0.791461 0.645358
vt 0.173061 0.024589
vt 0.173061 0.467645
vt 0.251932 0.588723
vt 0.362754 0.559028
vt 0.590097 0.155691
vt 0.479275 0.125997
vt 0.743592 0.702099
vt 0.798218 0.683048
vt 0.781881 0.702412
vt 0.400404 0.024589
vt 0.400404 0.363901
vt 0.860132 0.288588
vt 0.867133 0.288588
vt 0.867133 0.313922
vt 0.860132 0.313922
vt 0.805219 0.683048
vt 0.859845 0.702099
vt 0.821555 0.702412
vt 0.853375 0.250898
vt 0.87389 0.250898
vt 0.187908 0.024589
vt 0.187908 0.467645
vt 0.251932 0.514487
vt 0.362754 0.544181
vt 0.590097 0.170539
vt 0.479275 0.200233
vt 0.921759 0.194156
vt 0.867133 0.213208
vt 0.883469 0.193844
vt 0.415251 0.024589
vt 0.415252 0.363901
vt 0.798218 0.846333
vt 0.805219 0.846333
vt 0.805219 0.871668
vt 0.798218 0.871668
vt 0.860132 0.213208
vt 0.805506 0.194156
vt 0.843795 0.193844
vt 0.791461 0.808643
vt 0.811976 0.808643
vt 0.202755 0.024589
vt 0.202755 0.467645
vt 0.28905 0.450196
vt 0.370177 0.531323
vt 0.597521 0.183397
vt 0.516394 0.264524
vt 0.859845 0.751902
vt 0.805219 0.770953
vt 0.821555 0.751589
vt 0.430098 0.024589
vt 0.430099 0.363901
vt 0.639789 0.438412
vt 0.632788 0.438412
vt 0.632788 0.413078
vt 0.639789 0.413078
vt 0.798218 0.770953
vt 0.743592 0.751902
vt 0.781882 0.751589
vt 0.646546 0.476103
vt 0.626031 0.476103
vt 0.024588 0.467645
vt 0.024588 0.024589
vt 0.578162 0.532844
vt 0.632788 0.513793
vt 0.616452 0.533157
vt 0.251932 0.363901
vt 0.251932 0.024589
vt 0.086215 0.880668
vt 0.079214 0.880668
vt 0.079214 0.855333
vt 0.086215 0.855333
vt 0.639789 0.513793
vt 0.694415 0.532844
vt 0.656125 0.533157
vn -0.9413 0 0.3377
vn 0 -1 0
vn 0 1 0
vn -0.2158 -0.9734 0.0774
vn -0.3537 0 0.9354
vn -0.2158 0.9734 0.0774
vn -0.8676 0 -0.4973
vn -0.984 0 -0.1782
vn -0.2256 -0.9734 -0.0409
vn -0.774 0 0.6332
vn -0.2256 0.9734 -0.0409
vn -0.5027 0 -0.8644
vn -0.7631 0 -0.6463
vn -0.175 -0.9734 -0.1482
vn -0.9869 0 0.1614
vn -0.175 0.9734 -0.1482
vn -0.0032 0 -1
vn -0.3377 0 -0.9413
vn -0.0774 -0.9734 -0.2158
vn -0.9354 0 -0.3537
vn -0.0774 0.9734 -0.2158
vn 0.4973 0 -0.8676
vn 0.1782 0 -0.984
vn 0.0409 -0.9734 -0.2256
vn -0.6332 0 -0.774
vn 0.0409 0.9734 -0.2256
vn 0.8644 0 -0.5027
vn 0.6463 0 -0.7631
vn 0.1482 -0.9734 -0.175
vn -0.1614 0 -0.9869
vn 0.1482 0.9734 -0.175
vn 1 0 -0.0032
vn 0.9413 0 -0.3377
vn 0.2158 -0.9734 -0.0774
vn 0.3537 0 -0.9354
vn 0.2158 0.9734 -0.0774
vn 0.8676 0 0.4973
vn 0.984 0 0.1782
vn 0.2256 -0.9734 0.0409
vn 0.774 0 -0.6332
vn 0.2256 0.9734 0.0409
vn 0.5027 0 0.8644
vn 0.7631 0 0.6463
vn 0.175 -0.9734 0.1482
vn 0.9869 0 -0.1614
vn 0.175 0.9734 0.1482
vn 0.0032 0 1
vn 0.3377 0 0.9413
vn 0.0774 -0.9734 0.2158
vn 0.9354 0 0.3537
vn 0.0774 0.9734 0.2158
vn -0.4973 0 0.8676
vn -0.1782 0 0.984
vn -0.0409 -0.9734 0.2256
vn 0.6332 0 0.774
vn -0.0409 0.9734 0.2256
vn -0.8644 0 0.5027
vn -0.6463 0 0.7631
vn -0.1482 -0.9734 0.175
vn 0.1614 0 0.9869
vn -0.1482 0.9734 0.175
vn -1 0 0.0032
s off
usemtl Material.003
f 1419/1653/502 1414/1654/502 1416/1655/502
f 1419/1653/502 1416/1655/502 1420/1656/502
f 1420/1657/503 1422/1658/503 1421/1659/503
f 1420/1657/503 1421/1659/503 1419/1660/503
f 1418/1661/504 1424/1662/504 1423/1663/504
f 1418/1661/504 1423/1663/504 1417/1664/504
f 1421/1665/505 1422/1666/505 1427/1667/505
f 1421/1665/505 1427/1667/505 1425/1668/505
f 1413/1669/502 1423/1670/502 1424/1671/502
f 1413/1669/502 1424/1671/502 1415/1672/502
f 1426/1673/502 1425/1674/502 1427/1675/502
f 1426/1673/502 1427/1675/502 1428/1676/502
f 1422/1666/506 1418/1677/506 1428/1678/506
f 1422/1666/506 1428/1678/506 1427/1667/506
f 1418/1677/507 1417/1679/507 1426/1680/507
f 1418/1677/507 1426/1680/507 1428/1678/507
f 1417/1681/508 1421/1682/508 1425/1674/508
f 1417/1681/508 1425/1674/508 1426/1673/508
f 1432/1683/509 1430/1684/509 1414/1654/509
f 1432/1683/509 1414/1654/509 1419/1653/509
f 1419/1660/503 1421/1659/503 1433/1685/503
f 1419/1660/503 1433/1685/503 1432/1686/503
f 1417/1664/504 1423/1663/504 1434/1687/504
f 1417/1664/504 1434/1687/504 1431/1688/504
f 1433/1689/510 1421/1682/510 1437/1690/510
f 1433/1689/510 1437/1690/510 1435/1691/510
f 1429/1692/509 1434/1693/509 1423/1670/509
f 1429/1692/509 1423/1670/509 1413/1669/509
f 1436/1694/509 1435/1695/509 1437/1696/509
f 1436/1694/509 1437/1696/509 1438/1697/509
f 1421/1682/511 1417/1681/511 1438/1698/511
f 1421/1682/511 1438/1698/511 1437/1690/511
f 1417/1681/512 1431/1699/512 1436/1700/512
f 1417/1681/512 1436/1700/512 1438/1698/512
f 1431/1701/513 1433/1702/513 1435/1695/513
f 1431/1701/513 1435/1695/513 1436/1694/513
f 1442/1703/514 1440/1704/514 1430/1684/514
f 1442/1703/514 1430/1684/514 1432/1683/514
f 1432/1686/503 1433/1685/503 1443/1705/503
f 1432/1686/503 1443/1705/503 1442/1706/503
f 1431/1688/504 1434/1687/504 1444/1707/504
f 1431/1688/504 1444/1707/504 1441/1708/504
f 1443/1709/515 1433/1702/515 1447/1710/515
f 1443/1709/515 1447/1710/515 1445/1711/515
f 1439/1712/514 1444/1713/514 1434/1693/514
f 1439/1712/514 1434/1693/514 1429/1692/514
f 1446/1714/514 1445/1715/514 1447/1716/514
f 1446/1714/514 1447/1716/514 1448/1717/514
f 1433/1702/516 1431/1701/516 1448/1718/516
f 1433/1702/516 1448/1718/516 1447/1710/516
f 1431/1701/517 1441/1719/517 1446/1720/517
f 1431/1701/517 1446/1720/517 1448/1718/517
f 1441/1721/518 1443/1722/518 1445/1715/518
f 1441/1721/518 1445/1715/518 1446/1714/518
f 1452/1723/519 1450/1724/519 1440/1704/519
f 1452/1723/519 1440/1704/519 1442/1703/519
f 1442/1706/503 1443/1705/503 1453/1725/503
f 1442/1706/503 1453/1725/503 1452/1726/503
f 1441/1708/504 1444/1707/504 1454/1727/504
f 1441/1708/504 1454/1727/504 1451/1728/504
f 1453/1729/520 1443/1722/520 1457/1730/520
f 1453/1729/520 1457/1730/520 1455/1731/520
f 1449/1732/519 1454/1733/519 1444/1713/519
f 1449/1732/519 1444/1713/519 1439/1712/519
f 1456/1734/519 1455/1735/519 1457/1736/519
f 1456/1734/519 1457/1736/519 1458/1737/519
f 1443/1722/521 1441/1721/521 1458/1738/521
f 1443/1722/521 1458/1738/521 1457/1730/521
f 1441/1721/522 1451/1739/522 1456/1740/522
f 1441/1721/522 1456/1740/522 1458/1738/522
f 1451/1741/523 1453/1742/523 1455/1735/523
f 1451/1741/523 1455/1735/523 1456/1734/523
f 1462/1743/524 1460/1744/524 1450/1724/524
f 1462/1743/524 1450/1724/524 1452/1723/524
f 1452/1726/503 1453/1725/503 1463/1745/503
f 1452/1726/503 1463/1745/503 1462/1746/503
f 1451/1728/504 1454/1727/504 1464/1747/504
f 1451/1728/504 1464/1747/504 1461/1748/504
f 1463/1749/525 1453/1742/525 1467/1750/525
f 1463/1749/525 1467/1750/525 1465/1751/525
f 1459/1752/524 1464/1753/524 1454/1733/524
f 1459/1752/524 1454/1733/524 1449/1732/524
f 1466/1754/524 1465/1755/524 1467/1756/524
f 1466/1754/524 1467/1756/524 1468/1757/524
f 1453/1742/526 1451/1741/526 1468/1758/526
f 1453/1742/526 1468/1758/526 1467/1750/526
f 1451/1741/527 1461/1759/527 1466/1760/527
f 1451/1741/527 1466/1760/527 1468/1758/527
f 1461/1761/528 1463/1762/528 1465/1755/528
f 1461/1761/528 1465/1755/528 1466/1754/528
f 1472/1763/529 1470/1764/529 1460/1744/529
f 1472/1763/529 1460/1744/529 1462/1743/529
f 1462/1746/503 1463/1745/503 1473/1765/503
f 1462/1746/503 1473/1765/503 1472/1766/503
f 1461/1748/504 1464/1747/504 1474/1767/504
f 1461/1748/504 1474/1767/504 1471/1768/504
f 1473/1769/530 1463/1762/530 1477/1770/530
f 1473/1769/530 1477/1770/530 1475/1771/530
f 1469/1772/529 1474/1773/529 1464/1753/529
f 1469/1772/529 1464/1753/529 1459/1752/529
f 1476/1774/529 1475/1775/529 1477/1776/529
f 1476/1774/529 1477/1776/529 1478/1777/529
f 1463/1762/531 1461/1761/531 1478/1778/531
f 1463/1762/531 1478/1778/531 1477/1770/531
f 1461/1761/532 1471/1779/532 1476/1780/532
f 1461/1761/532 1476/1780/532 1478/1778/532
f 1471/1781/533 1473/1782/533 1475/1775/533
f 1471/1781/533 1475/1775/533 1476/1774/533
f 1482/1783/534 1480/1784/534 1470/1764/534
f 1482/1783/534 1470/1764/534 1472/1763/534
f 1472/1766/503 1473/1765/503 1483/1785/503
f 1472/1766/503 1483/1785/503 1482/1786/503
f 1471/1768/504 1474/1767/504 1484/1787/504
f 1471/1768/504 1484/1787/504 1481/1788/504
f 1483/1789/535 1473/1782/535 1487/1790/535
f 1483/1789/535 1487/1790/535 1485/1791/535
f 1479/1792/534 1484/1793/534 1474/1773/534
f 1479/1792/534 1474/1773/534 1469/1772/534
f 1486/1794/534 1485/1795/534 1487/1796/534
f 1486/1794/534 1487/1796/534 1488/1797/534
f 1473/1782/536 1471/1781/536 1488/1798/536
f 1473/1782/536 1488/1798/536 1487/1790/536
f 1471/1781/537 1481/1799/537 1486/1800/537
f 1471/1781/537 1486/1800/537 1488/1798/537
f 1481/1801/538 1483/1802/538 1485/1795/538
f 1481/1801/538 1485/1795/538 1486/1794/538
f 1492/1803/539 1490/1804/539 1480/1784/539
f 1492/1803/539 1480/1784/539 1482/1783/539
f 1482/1786/503 1483/1785/503 1493/1805/503
f 1482/1786/503 1493/1805/503 1492/1806/503
f 1481/1788/504 1484/1787/504 1494/1807/504
f 1481/1788/504 1494/1807/504 1491/1808/504
f 1493/1809/540 1483/1802/540 1497/1810/540
f 1493/1809/540 1497/1810/540 1495/1811/540
f 1489/1812/539 1494/1813/539 1484/1793/539
f 1489/1812/539 1484/1793/539 1479/1792/539
f 1496/1814/539 1495/1815/539 1497/1816/539
f 1496/1814/539 1497/1816/539 1498/1817/539
f 1483/1802/541 1481/1801/541 1498/1818/541
f 1483/1802/541 1498/1818/541 1497/1810/541
f 1481/1801/542 1491/1819/542 1496/1820/542
f 1481/1801/542 1496/1820/542 1498/1818/542
f 1491/1821/543 1493/1822/543 1495/1815/543
f 1491/1821/543 1495/1815/543 1496/1814/543
f 1502/1823/544 1500/1824/544 1490/1804/544
f 1502/1823/544 1490/1804/544 1492/1803/544
f 1492/1806/503 1493/1805/503 1503/1825/503
f 1492/1806/503 1503/1825/503 1502/1826/503
f 1491/1808/504 1494/1807/504 1504/1827/504
f 1491/1808/504 1504/1827/504 1501/1828/504
f 1503/1829/545 1493/1822/545 1507/1830/545
f 1503/1829/545 1507/1830/545 1505/1831/545
f 1499/1832/544 1504/1833/544 1494/1813/544
f 1499/1832/544 1494/1813/544 1489/1812/544
f 1506/1834/544 1505/1835/544 1507/1836/544
f 1506/1834/544 1507/1836/544 1508/1837/544
f 1493/1822/546 1491/1821/546 1508/1838/546
f 1493/1822/546 1508/1838/546 1507/1830/546
f 1491/1821/547 1501/1839/547 1506/1840/547
f 1491/1821/547 1506/1840/547 1508/1838/547
f 1501/1841/548 1503/1842/548 1505/1835/548
f 1501/1841/548 1505/1835/548 1506/1834/548
f 1512/1843/549 1510/1844/549 1500/1824/549
f 1512/1843/549 1500/1824/549 1502/1823/549
f 1502/1826/503 1503/1825/503 1513/1845/503
f 1502/1826/503 1513/1845/503 1512/1846/503
f 1501/1828/504 1504/1827/504 1514/1847/504
f 1501/1828/504 1514/1847/504 1511/1848/504
f 1513/1849/550 1503/1842/550 1517/1850/550
f 1513/1849/550 1517/1850/550 1515/1851/550
f 1509/1852/549 1514/1853/549 1504/1833/549
f 1509/1852/549 1504/1833/549 1499/1832/549
f 1516/1854/549 1515/1855/549 1517/1856/549
f 1516/1854/549 1517/1856/549 1518/1857/549
f 1503/1842/551 1501/1841/551 1518/1858/551
f 1503/1842/551 1518/1858/551 1517/1850/551
f 1501/1841/552 1511/1859/552 1516/1860/552
f 1501/1841/552 1516/1860/552 1518/1858/552
f 1511/1861/553 1513/1862/553 1515/1855/553
f 1511/1861/553 1515/1855/553 1516/1854/553
f 1522/1863/554 1520/1864/554 1510/1844/554
f 1522/1863/554 1510/1844/554 1512/1843/554
f 1512/1846/503 1513/1845/503 1523/1865/503
f 1512/1846/503 1523/1865/503 1522/1866/503
f 1511/1848/504 1514/1847/504 1524/1867/504
f 1511/1848/504 1524/1867/504 1521/1868/504
f 1523/1869/555 1513/1862/555 1527/1870/555
f 1523/1869/555 1527/1870/555 1525/1871/555
f 1519/1872/554 1524/1873/554 1514/1853/554
f 1519/1872/554 1514/1853/554 1509/1852/554
f 1526/1874/554 1525/1875/554 1527/1876/554
f 1526/1874/554 1527/1876/554 1528/1877/554
f 1513/1862/556 1511/1861/556 1528/1878/556
f 1513/1862/556 1528/1878/556 1527/1870/556
f 1511/1861/557 1521/1879/557 1526/1880/557
f 1511/1861/557 1526/1880/557 1528/1878/557
f 1521/1881/558 1523/1882/558 1525/1875/558
f 1521/1881/558 1525/1875/558 1526/1874/558
f 1420/1656/559 1416/1655/559 1520/1883/559
f 1420/1656/559 1520/1883/559 1522/1884/559
f 1522/1866/503 1523/1865/503 1422/1658/503
f 1522/1866/503 1422/1658/503 1420/1657/503
f 1521/1868/504 1524/1867/504 1424/1662/504
f 1521/1868/504 1424/1662/504 1418/1661/504
f 1422/1885/560 1523/1882/560 1531/1886/560
f 1422/1885/560 1531/1886/560 1529/1887/560
f 1415/1672/559 1424/1671/559 1524/1888/559
f 1415/1672/559 1524/1888/559 1519/1889/559
f 1530/1890/559 1529/1891/559 1531/1892/559
f 1530/1890/559 1531/1892/559 1532/1893/559
f 1523/1882/561 1521/1881/561 1532/1894/561
f 1523/1882/561 1532/1894/561 1531/1886/561
f 1521/1881/562 1418/1895/562 1530/1896/562
f 1521/1881/562 1530/1896/562 1532/1894/562
f 1418/1677/563 1422/1666/563 1529/1891/563
f 1418/1677/563 1529/1891/563 1530/1890/563
f 1539/1653/502 1540/1656/502 1536/1655/502
f 1539/1653/502 1536/1655/502 1534/1654/502
f 1540/1657/504 1539/1660/504 1541/1659/504
f 1540/1657/504 1541/1659/504 1542/1658/504
f 1538/1661/503 1537/1664/503 1543/1663/503
f 1538/1661/503 1543/1663/503 1544/1662/503
f 1541/1665/507 1545/1668/507 1547/1667/507
f 1541/1665/507 1547/1667/507 1542/1666/507
f 1533/1669/502 1535/1672/502 1544/1671/502
f 1533/1669/502 1544/1671/502 1543/1670/502
f 1546/1673/502 1548/1676/502 1547/1675/502
f 1546/1673/502 1547/1675/502 1545/1674/502
f 1542/1666/506 1547/1667/506 1548/1678/506
f 1542/1666/506 1548/1678/506 1538/1677/506
f 1538/1677/505 1548/1678/505 1546/1680/505
f 1538/1677/505 1546/1680/505 1537/1679/505
f 1537/1681/508 1546/1673/508 1545/1674/508
f 1537/1681/508 1545/1674/508 1541/1682/508
f 1552/1683/509 1539/1653/509 1534/1654/509
f 1552/1683/509 1534/1654/509 1550/1684/509
f 1539/1660/504 1552/1686/504 1553/1685/504
f 1539/1660/504 1553/1685/504 1541/1659/504
f 1537/1664/503 1551/1688/503 1554/1687/503
f 1537/1664/503 1554/1687/503 1543/1663/503
f 1553/1689/512 1555/1691/512 1557/1690/512
f 1553/1689/512 1557/1690/512 1541/1682/512
f 1549/1692/509 1533/1669/509 1543/1670/509
f 1549/1692/509 1543/1670/509 1554/1693/509
f 1556/1694/509 1558/1697/509 1557/1696/509
f 1556/1694/509 1557/1696/509 1555/1695/509
f 1541/1682/511 1557/1690/511 1558/1698/511
f 1541/1682/511 1558/1698/511 1537/1681/511
f 1537/1681/510 1558/1698/510 1556/1700/510
f 1537/1681/510 1556/1700/510 1551/1699/510
f 1551/1701/513 1556/1694/513 1555/1695/513
f 1551/1701/513 1555/1695/513 1553/1702/513
f 1562/1703/514 1552/1683/514 1550/1684/514
f 1562/1703/514 1550/1684/514 1560/1704/514
f 1552/1686/504 1562/1706/504 1563/1705/504
f 1552/1686/504 1563/1705/504 1553/1685/504
f 1551/1688/503 1561/1708/503 1564/1707/503
f 1551/1688/503 1564/1707/503 1554/1687/503
f 1563/1709/517 1565/1711/517 1567/1710/517
f 1563/1709/517 1567/1710/517 1553/1702/517
f 1559/1712/514 1549/1692/514 1554/1693/514
f 1559/1712/514 1554/1693/514 1564/1713/514
f 1566/1714/514 1568/1717/514 1567/1716/514
f 1566/1714/514 1567/1716/514 1565/1715/514
f 1553/1702/516 1567/1710/516 1568/1718/516
f 1553/1702/516 1568/1718/516 1551/1701/516
f 1551/1701/515 1568/1718/515 1566/1720/515
f 1551/1701/515 1566/1720/515 1561/1719/515
f 1561/1721/518 1566/1714/518 1565/1715/518
f 1561/1721/518 1565/1715/518 1563/1722/518
f 1572/1723/519 1562/1703/519 1560/1704/519
f 1572/1723/519 1560/1704/519 1570/1724/519
f 1562/1706/504 1572/1726/504 1573/1725/504
f 1562/1706/504 1573/1725/504 1563/1705/504
f 1561/1708/503 1571/1728/503 1574/1727/503
f 1561/1708/503 1574/1727/503 1564/1707/503
f 1573/1729/522 1575/1731/522 1577/1730/522
f 1573/1729/522 1577/1730/522 1563/1722/522
f 1569/1732/519 1559/1712/519 1564/1713/519
f 1569/1732/519 1564/1713/519 1574/1733/519
f 1576/1734/519 1578/1737/519 1577/1736/519
f 1576/1734/519 1577/1736/519 1575/1735/519
f 1563/1722/521 1577/1730/521 1578/1738/521
f 1563/1722/521 1578/1738/521 1561/1721/521
f 1561/1721/520 1578/1738/520 1576/1740/520
f 1561/1721/520 1576/1740/520 1571/1739/520
f 1571/1741/523 1576/1734/523 1575/1735/523
f 1571/1741/523 1575/1735/523 1573/1742/523
f 1582/1743/524 1572/1723/524 1570/1724/524
f 1582/1743/524 1570/1724/524 1580/1744/524
f 1572/1726/504 1582/1746/504 1583/1745/504
f 1572/1726/504 1583/1745/504 1573/1725/504
f 1571/1728/503 1581/1748/503 1584/1747/503
f 1571/1728/503 1584/1747/503 1574/1727/503
f 1583/1749/527 1585/1751/527 1587/1750/527
f 1583/1749/527 1587/1750/527 1573/1742/527
f 1579/1752/524 1569/1732/524 1574/1733/524
f 1579/1752/524 1574/1733/524 1584/1753/524
f 1586/1754/524 1588/1757/524 1587/1756/524
f 1586/1754/524 1587/1756/524 1585/1755/524
f 1573/1742/526 1587/1750/526 1588/1758/526
f 1573/1742/526 1588/1758/526 1571/1741/526
f 1571/1741/525 1588/1758/525 1586/1760/525
f 1571/1741/525 1586/1760/525 1581/1759/525
f 1581/1761/528 1586/1754/528 1585/1755/528
f 1581/1761/528 1585/1755/528 1583/1762/528
f 1592/1763/529 1582/1743/529 1580/1744/529
f 1592/1763/529 1580/1744/529 1590/1764/529
f 1582/1746/504 1592/1766/504 1593/1765/504
f 1582/1746/504 1593/1765/504 1583/1745/504
f 1581/1748/503 1591/1768/503 1594/1767/503
f 1581/1748/503 1594/1767/503 1584/1747/503
f 1593/1769/532 1595/1771/532 1597/1770/532
f 1593/1769/532 1597/1770/532 1583/1762/532
f 1589/1772/529 1579/1752/529 1584/1753/529
f 1589/1772/529 1584/1753/529 1594/1773/529
f 1596/1774/529 1598/1777/529 1597/1776/529
f 1596/1774/529 1597/1776/529 1595/1775/529
f 1583/1762/531 1597/1770/531 1598/1778/531
f 1583/1762/531 1598/1778/531 1581/1761/531
f 1581/1761/530 1598/1778/530 1596/1780/530
f 1581/1761/530 1596/1780/530 1591/1779/530
f 1591/1781/533 1596/1774/533 1595/1775/533
f 1591/1781/533 1595/1775/533 1593/1782/533
f 1602/1783/534 1592/1763/534 1590/1764/534
f 1602/1783/534 1590/1764/534 1600/1784/534
f 1592/1766/504 1602/1786/504 1603/1785/504
f 1592/1766/504 1603/1785/504 1593/1765/504
f 1591/1768/503 1601/1788/503 1604/1787/503
f 1591/1768/503 1604/1787/503 1594/1767/503
f 1603/1789/537 1605/1791/537 1607/1790/537
f 1603/1789/537 1607/1790/537 1593/1782/537
f 1599/1792/534 1589/1772/534 1594/1773/534
f 1599/1792/534 1594/1773/534 1604/1793/534
f 1606/1794/534 1608/1797/534 1607/1796/534
f 1606/1794/534 1607/1796/534 1605/1795/534
f 1593/1782/536 1607/1790/536 1608/1798/536
f 1593/1782/536 1608/1798/536 1591/1781/536
f 1591/1781/535 1608/1798/535 1606/1800/535
f 1591/1781/535 1606/1800/535 1601/1799/535
f 1601/1801/538 1606/1794/538 1605/1795/538
f 1601/1801/538 1605/1795/538 1603/1802/538
f 1612/1803/539 1602/1783/539 1600/1784/539
f 1612/1803/539 1600/1784/539 1610/1804/539
f 1602/1786/504 1612/1806/504 1613/1805/504
f 1602/1786/504 1613/1805/504 1603/1785/504
f 1601/1788/503 1611/1808/503 1614/1807/503
f 1601/1788/503 1614/1807/503 1604/1787/503
f 1613/1809/542 1615/1811/542 1617/1810/542
f 1613/1809/542 1617/1810/542 1603/1802/542
f 1609/1812/539 1599/1792/539 1604/1793/539
f 1609/1812/539 1604/1793/539 1614/1813/539
f 1616/1814/539 1618/1817/539 1617/1816/539
f 1616/1814/539 1617/1816/539 1615/1815/539
f 1603/1802/541 1617/1810/541 1618/1818/541
f 1603/1802/541 1618/1818/541 1601/1801/541
f 1601/1801/540 1618/1818/540 1616/1820/540
f 1601/1801/540 1616/1820/540 1611/1819/540
f 1611/1821/543 1616/1814/543 1615/1815/543
f 1611/1821/543 1615/1815/543 1613/1822/543
f 1622/1823/544 1612/1803/544 1610/1804/544
f 1622/1823/544 1610/1804/544 1620/1824/544
f 1612/1806/504 1622/1826/504 1623/1825/504
f 1612/1806/504 1623/1825/504 1613/1805/504
f 1611/1808/503 1621/1828/503 1624/1827/503
f 1611/1808/503 1624/1827/503 1614/1807/503
f 1623/1829/547 1625/1831/547 1627/1830/547
f 1623/1829/547 1627/1830/547 1613/1822/547
f 1619/1832/544 1609/1812/544 1614/1813/544
f 1619/1832/544 1614/1813/544 1624/1833/544
f 1626/1834/544 1628/1837/544 1627/1836/544
f 1626/1834/544 1627/1836/544 1625/1835/544
f 1613/1822/546 1627/1830/546 1628/1838/546
f 1613/1822/546 1628/1838/546 1611/1821/546
f 1611/1821/545 1628/1838/545 1626/1840/545
f 1611/1821/545 1626/1840/545 1621/1839/545
f 1621/1841/548 1626/1834/548 1625/1835/548
f 1621/1841/548 1625/1835/548 1623/1842/548
f 1632/1843/549 1622/1823/549 1620/1824/549
f 1632/1843/549 1620/1824/549 1630/1844/549
f 1622/1826/504 1632/1846/504 1633/1845/504
f 1622/1826/504 1633/1845/504 1623/1825/504
f 1621/1828/503 1631/1848/503 1634/1847/503
f 1621/1828/503 1634/1847/503 1624/1827/503
f 1633/1849/552 1635/1851/552 1637/1850/552
f 1633/1849/552 1637/1850/552 1623/1842/552
f 1629/1852/549 1619/1832/549 1624/1833/549
f 1629/1852/549 1624/1833/549 1634/1853/549
f 1636/1854/549 1638/1857/549 1637/1856/549
f 1636/1854/549 1637/1856/549 1635/1855/549
f 1623/1842/551 1637/1850/551 1638/1858/551
f 1623/1842/551 1638/1858/551 1621/1841/551
f 1621/1841/550 1638/1858/550 1636/1860/550
f 1621/1841/550 1636/1860/550 1631/1859/550
f 1631/1861/553 1636/1854/553 1635/1855/553
f 1631/1861/553 1635/1855/553 1633/1862/553
f 1642/1863/554 1632/1843/554 1630/1844/554
f 1642/1863/554 1630/1844/554 1640/1864/554
f 1632/1846/504 1642/1866/504 1643/1865/504
f 1632/1846/504 1643/1865/504 1633/1845/504
f 1631/1848/503 1641/1868/503 1644/1867/503
f 1631/1848/503 1644/1867/503 1634/1847/503
f 1643/1869/557 1645/1871/557 1647/1870/557
f 1643/1869/557 1647/1870/557 1633/1862/557
f 1639/1872/554 1629/1852/554 1634/1853/554
f 1639/1872/554 1634/1853/554 1644/1873/554
f 1646/1874/554 1648/1877/554 1647/1876/554
f 1646/1874/554 1647/1876/554 1645/1875/554
f 1633/1862/556 1647/1870/556 1648/1878/556
f 1633/1862/556 1648/1878/556 1631/1861/556
f 1631/1861/555 1648/1878/555 1646/1880/555
f 1631/1861/555 1646/1880/555 1641/1879/555
f 1641/1881/558 1646/1874/558 1645/1875/558
f 1641/1881/558 1645/1875/558 1643/1882/558
f 1540/1656/559 1642/1884/559 1640/1883/559
f 1540/1656/559 1640/1883/559 1536/1655/559
f 1642/1866/504 1540/1657/504 1542/1658/504
f 1642/1866/504 1542/1658/504 1643/1865/504
f 1641/1868/503 1538/1661/503 1544/1662/503
f 1641/1868/503 1544/1662/503 1644/1867/503
f 1542/1885/562 1649/1887/562 1651/1886/562
f 1542/1885/562 1651/1886/562 1643/1882/562
f 1535/1672/559 1639/1889/559 1644/1888/559
f 1535/1672/559 1644/1888/559 1544/1671/559
f 1650/1890/559 1652/1893/559 1651/1892/559
f 1650/1890/559 1651/1892/559 1649/1891/559
f 1643/1882/561 1651/1886/561 1652/1894/561
f 1643/1882/561 1652/1894/561 1641/1881/561
f 1641/1881/560 1652/1894/560 1650/1896/560
f 1641/1881/560 1650/1896/560 1538/1895/560
f 1538/1677/563 1650/1890/563 1649/1891/563
f 1538/1677/563 1649/1891/563 1542/1666/563

o mech2
v 1.66689 0.803907 -0.702971
v 1.66689 0.803906 3.564564
v 1.712034 0.791811 -0.702971
v 1.712034 0.79181 3.564564
v 1.745081 0.758763 -0.702971
v 1.745081 0.758763 3.564564
v 1.757177 0.713619 -0.702971
v 1.757177 0.713619 3.564564
v 1.745081 0.668476 -0.702971
v 1.745081 0.668476 3.564564
v 1.712034 0.635428 -0.702971
v 1.712034 0.635428 3.564564
v 1.66689 0.623332 -0.702971
v 1.66689 0.623332 3.564564
v 1.621746 0.635428 -0.702971
v 1.621746 0.635428 3.564564
v 1.588699 0.668476 -0.702971
v 1.588699 0.668476 3.564564
v 1.576603 0.713619 -0.702971
v 1.576603 0.713619 3.564564
v 1.588699 0.758763 -0.702971
v 1.588699 0.758763 3.564564
v 1.621746 0.79181 -0.702971
v 1.621746 0.79181 3.564564
v 1.66689 1.165055 0.962067
v 1.892608 1.104575 0.962067
v 2.057845 0.939338 0.962067
v 2.118326 0.71362 0.962067
v 2.057845 0.487902 0.962067
v 1.892608 0.322664 0.962067
v 1.66689 0.262183 0.962067
v 1.441172 0.322664 0.962067
v 1.275935 0.487901 0.962067
v 1.215454 0.713619 0.962067
v 1.275935 0.939337 0.962067
v 1.441172 1.104574 0.962067
v 1.892608 1.104575 0.913055
v 2.057845 0.939338 0.913055
v 2.118326 0.71362 0.913055
v 2.057845 0.487902 0.913055
v 1.892608 0.322664 0.913055
v 1.66689 0.262183 0.913055
v 1.441172 0.322664 0.913055
v 1.275935 0.487901 0.913055
v 1.215454 0.713619 0.913055
v 1.275935 0.939337 0.913055
v 1.441172 1.104574 0.913055
v 1.66689 1.165055 0.913055
v 1.66689 0.803907 0.962067
v 1.712034 0.79181 0.962067
v 1.745081 0.758763 0.962067
v 1.757177 0.713619 0.962067
v 1.745081 0.668476 0.962067
v 1.712034 0.635428 0.962067
v 1.66689 0.623332 0.962067
v 1.621746 0.635428 0.962067
v 1.588699 0.668476 0.962067
v 1.576603 0.713619 0.962067
v 1.588699 0.758763 0.962067
v 1.621746 0.79181 0.962067
v 1.712034 0.79181 0.913055
v 1.745081 0.758763 0.913055
v 1.757177 0.713619 0.913055
v 1.745081 0.668476 0.913055
v 1.712034 0.635428 0.913055
v 1.66689 0.623332 0.913055
v 1.621746 0.635428 0.913055
v 1.588699 0.668476 0.913055
v 1.576603 0.713619 0.913055
v 1.588699 0.758763 0.913055
v 1.621746 0.79181 0.913055
v 1.66689 0.803907 0.913055
v 1.937751 1.182766 -0.256492
v 2.136036 0.984481 -0.256492
v 2.208613 0.71362 -0.256492
v 2.136036 0.442758 -0.256492
v 1.937752 0.244473 -0.256492
v 1.66689 0.171896 -0.256492
v 1.396029 0.244473 -0.256492
v 1.197744 0.442757 -0.256492
v 1.125167 0.713619 -0.256492
v 1.197744 0.984481 -0.256492
v 1.396028 1.182765 -0.256492
v 1.66689 1.255343 -0.256492
v 1.937751 1.182766 -0.34252
v 2.136036 0.984481 -0.34252
v 2.208613 0.71362 -0.34252
v 2.136036 0.442758 -0.34252
v 1.937752 0.244473 -0.34252
v 1.66689 0.171896 -0.34252
v 1.396029 0.244473 -0.34252
v 1.197744 0.442757 -0.34252
v 1.125167 0.713619 -0.34252
v 1.197744 0.984481 -0.34252
v 1.396028 1.182765 -0.34252
v 1.66689 1.255343 -0.34252
v 1.712034 0.79181 -0.34252
v 1.745081 0.758763 -0.34252
v 1.757177 0.713619 -0.34252
v 1.745081 0.668476 -0.34252
v 1.712034 0.635428 -0.34252
v 1.66689 0.623332 -0.34252
v 1.621746 0.635428 -0.34252
v 1.588699 0.668476 -0.34252
v 1.576603 0.713619 -0.34252
v 1.588699 0.758763 -0.34252
v 1.621746 0.79181 -0.34252
v 1.66689 0.803907 -0.34252
v 1.66689 0.803907 -0.256492
v 1.712034 0.79181 -0.256492
v 1.745081 0.758763 -0.256492
v 1.757177 0.713619 -0.256492
v 1.745081 0.668476 -0.256492
v 1.712034 0.635428 -0.256492
v 1.66689 0.623332 -0.256492
v 1.621746 0.635428 -0.256492
v 1.588699 0.668476 -0.256492
v 1.576603 0.713619 -0.256492
v 1.588699 0.758763 -0.256492
v 1.621746 0.79181 -0.256492
v 1.66689 1.255342 3.331537
v 1.937751 1.182766 3.331537
v 2.136036 0.984481 3.331537
v 2.208613 0.71362 3.331537
v 2.136036 0.442758 3.331537
v 1.937752 0.244473 3.331537
v 1.66689 0.171896 3.331537
v 1.396029 0.244473 3.331537
v 1.197744 0.442757 3.331537
v 1.125167 0.713619 3.331537
v 1.197744 0.984481 3.331537
v 1.396028 1.182765 3.331537
v 1.937751 1.182766 3.256625
v 2.136036 0.984481 3.256625
v 2.208613 0.71362 3.256625
v 2.136036 0.442758 3.256625
v 1.937752 0.244473 3.256625
v 1.66689 0.171896 3.256625
v 1.396029 0.244473 3.256625
v 1.197744 0.442757 3.256625
v 1.125167 0.713619 3.256625
v 1.197744 0.984481 3.256625
v 1.396028 1.182765 3.256625
v 1.66689 1.255342 3.256625
v 1.66689 0.803906 3.331537
v 1.712034 0.79181 3.331537
v 1.745081 0.758763 3.331537
v 1.757177 0.713619 3.331537
v 1.745081 0.668476 3.331537
v 1.712034 0.635428 3.331537
v 1.66689 0.623332 3.331537
v 1.621746 0.635428 3.331537
v 1.588699 0.668476 3.331537
v 1.576603 0.713619 3.331537
v 1.588699 0.758763 3.331537
v 1.621746 0.79181 3.331537
v 1.712034 0.79181 3.256625
v 1.745081 0.758763 3.256625
v 1.757177 0.713619 3.256625
v 1.745081 0.668476 3.256625
v 1.712034 0.635428 3.256625
v 1.66689 0.623332 3.256625
v 1.621746 0.635428 3.256625
v 1.588699 0.668476 3.256625
v 1.576603 0.713619 3.256625
v 1.588699 0.758763 3.256625
v 1.621746 0.79181 3.256625
v 1.66689 0.803906 3.256625
v 2.138799 0.890387 0.947755
v 2.163959 0.796489 0.947755
v 2.138799 0.890387 0.927367
v 2.163959 0.796489 0.927367
v 2.248472 0.926444 3.308788
v 2.276968 0.820098 3.308788
v 2.248472 0.926444 3.279375
v 2.276968 0.820098 3.279375
v 2.254336 0.935922 -0.280275
v 2.286784 0.814822 -0.280275
v 2.254336 0.935922 -0.318737
v 2.286784 0.814822 -0.318737
v 1.987192 1.102659 0.947756
v 2.055929 1.033921 0.947755
v 1.987192 1.102659 0.927367
v 2.055929 1.033921 0.927367
v 2.064142 1.188722 3.308788
v 2.141993 1.110871 3.308788
v 2.064142 1.188722 3.279375
v 2.141993 1.110871 3.279375
v 2.064482 1.199862 -0.280275
v 2.153133 1.111211 -0.280275
v 2.064482 1.199862 -0.318737
v 2.153133 1.111211 -0.318737
v 1.74976 1.210688 0.947756
v 1.843657 1.185529 0.947756
v 1.74976 1.210688 0.927367
v 1.843657 1.185529 0.927367
v 1.773369 1.323697 3.308788
v 1.879715 1.295201 3.308788
v 1.773369 1.323697 3.279375
v 1.879715 1.295201 3.279375
v 1.768093 1.333514 -0.280275
v 1.889193 1.301065 -0.280275
v 1.768093 1.333514 -0.318737
v 1.889193 1.301065 -0.318737
v 1.490123 1.185529 0.947756
v 1.58402 1.210688 0.947756
v 1.490123 1.185529 0.927367
v 1.58402 1.210688 0.927367
v 1.454065 1.295202 3.308788
v 1.560411 1.323697 3.308788
v 1.454065 1.295202 3.279375
v 1.560411 1.323697 3.279375
v 1.444587 1.301065 -0.280275
v 1.565687 1.333514 -0.280275
v 1.444587 1.301065 -0.318737
v 1.565687 1.333514 -0.318737
v 1.277851 1.033921 0.947755
v 1.346588 1.102659 0.947756
v 1.277851 1.033921 0.927367
v 1.346588 1.102659 0.927367
v 1.191787 1.110872 3.308788
v 1.269638 1.188722 3.308788
v 1.191787 1.110872 3.279375
v 1.269638 1.188722 3.279375
v 1.180648 1.111211 -0.280275
v 1.269299 1.199862 -0.280275
v 1.180648 1.111211 -0.318737
v 1.269299 1.199862 -0.318737
v 1.169821 0.796489 0.947755
v 1.194981 0.890386 0.947755
v 1.169821 0.796489 0.927367
v 1.194981 0.890386 0.927367
v 1.056813 0.820098 3.308788
v 1.085308 0.926444 3.308788
v 1.056813 0.820098 3.279375
v 1.085308 0.926444 3.279375
v 1.046996 0.814823 -0.280275
v 1.079445 0.935922 -0.280275
v 1.046996 0.814823 -0.318737
v 1.079445 0.935922 -0.318737
v 1.194981 0.536852 0.947755
v 1.169821 0.630749 0.947755
v 1.194981 0.536852 0.927366
v 1.169821 0.630749 0.927367
v 1.085308 0.500794 3.308788
v 1.056813 0.60714 3.308788
v 1.085308 0.500794 3.279375
v 1.056813 0.60714 3.279375
v 1.079445 0.491317 -0.280275
v 1.046996 0.612416 -0.280275
v 1.079445 0.491317 -0.318737
v 1.046996 0.612416 -0.318737
v 1.346589 0.32458 0.947755
v 1.277851 0.393317 0.947755
v 1.346589 0.32458 0.927366
v 1.277851 0.393317 0.927366
v 1.269639 0.238516 3.308788
v 1.191788 0.316367 3.308788
v 1.269639 0.238516 3.279375
v 1.191788 0.316367 3.279375
v 1.269299 0.227377 -0.280275
v 1.180648 0.316028 -0.280275
v 1.269299 0.227377 -0.318737
v 1.180648 0.316028 -0.318737
v 1.584021 0.21655 0.947755
v 1.490124 0.24171 0.947755
v 1.584021 0.21655 0.927366
v 1.490124 0.24171 0.927366
v 1.560412 0.103542 3.308788
v 1.454066 0.132037 3.308788
v 1.560412 0.103542 3.279375
v 1.454066 0.132037 3.279375
v 1.565688 0.093725 -0.280275
v 1.444588 0.126174 -0.280275
v 1.565688 0.093725 -0.318737
v 1.444588 0.126174 -0.318737
v 1.843658 0.241711 0.947755
v 1.74976 0.216551 0.947755
v 1.843658 0.241711 0.927366
v 1.74976 0.216551 0.927366
v 1.879716 0.132038 3.308788
v 1.77337 0.103542 3.308788
v 1.879716 0.132038 3.279375
v 1.77337 0.103542 3.279375
v 1.889193 0.126174 -0.280275
v 1.768093 0.093726 -0.280275
v 1.889193 0.126174 -0.318737
v 1.768093 0.093726 -0.318737
v 2.05593 0.393318 0.947755
v 1.987192 0.32458 0.947755
v 2.05593 0.393318 0.927366
v 1.987192 0.32458 0.927366
v 2.141994 0.316367 3.308788
v 2.064143 0.238517 3.308788
v 2.141994 0.316367 3.279375
v 2.064143 0.238517 3.279375
v 2.153133 0.316028 -0.280275
v 2.064482 0.227377 -0.280275
v 2.153133 0.316028 -0.318737
v 2.064482 0.227377 -0.318737
v 2.163959 0.63075 0.947755
v 2.138799 0.536853 0.947755
v 2.163959 0.63075 0.927366
v 2.138799 0.536853 0.927366
v 2.276968 0.607141 3.308788
v 2.248472 0.500795 3.308788
v 2.276968 0.607141 3.279375
v 2.248472 0.500795 3.279375
v 2.286784 0.612417 -0.280275
v 2.254336 0.491317 -0.280275
v 2.286784 0.612417 -0.318737
v 2.254336 0.491317 -0.318737
vt 0.588755 0.637589
vt 0.640565 0.637589
vt 0.640565 0.64798
vt 0.588755 0.64798
vt 0.640565 0.658371
vt 0.588755 0.658371
vt 0.588754 0.533678
vt 0.640564 0.533678
vt 0.640564 0.544069
vt 0.588754 0.544069
vt 0.640564 0.55446
vt 0.588754 0.55446
vt 0.640564 0.564851
vt 0.588755 0.564852
vt 0.640564 0.575242
vt 0.588755 0.575243
vt 0.640564 0.585633
vt 0.588755 0.585634
vt 0.640564 0.596025
vt 0.588755 0.596025
vt 0.640564 0.606416
vt 0.588755 0.606416
vt 0.640565 0.616807
vt 0.588755 0.616807
vt 0.64576 0.524679
vt 0.654759 0.519484
vt 0.66515 0.519484
vt 0.674149 0.524679
vt 0.679344 0.533678
vt 0.679344 0.544069
vt 0.674149 0.553068
vt 0.66515 0.558264
vt 0.654759 0.558264
vt 0.64576 0.553068
vt 0.640565 0.627198
vt 0.588755 0.627198
vt 0.09969 0.665111
vt 0.090691 0.659915
vt 0.085496 0.650916
vt 0.085496 0.640525
vt 0.090691 0.631526
vt 0.09969 0.626331
vt 0.110081 0.626331
vt 0.11908 0.631526
vt 0.124275 0.640525
vt 0.124275 0.650916
vt 0.11908 0.659915
vt 0.110081 0.665111
vt 0.795206 0.939832
vt 0.825674 0.981916
vt 0.804699 0.978372
vt 0.792024 0.960866
vt 0.461705 0.611238
vt 0.384145 0.590456
vt 0.410123 0.545461
vt 0.466901 0.602239
vt 0.455118 0.519484
vt 0.4759 0.597044
vt 0.507073 0.519484
vt 0.486291 0.597044
vt 0.552067 0.545461
vt 0.49529 0.602239
vt 0.578045 0.590456
vt 0.500485 0.611238
vt 0.578045 0.642411
vt 0.500485 0.621629
vt 0.552067 0.687406
vt 0.49529 0.630628
vt 0.507073 0.713383
vt 0.486291 0.635823
vt 0.455118 0.713383
vt 0.4759 0.635823
vt 0.410123 0.687406
vt 0.466901 0.630628
vt 0.384145 0.642411
vt 0.461705 0.621629
vt 0.545525 0.173277
vt 0.602303 0.116499
vt 0.611302 0.121694
vt 0.59052 0.199254
vt 0.519547 0.128282
vt 0.597107 0.1075
vt 0.519547 0.076327
vt 0.597107 0.097109
vt 0.545525 0.031332
vt 0.602303 0.08811
vt 0.59052 0.005355
vt 0.611302 0.082915
vt 0.642475 0.005355
vt 0.621693 0.082915
vt 0.687469 0.031332
vt 0.630692 0.08811
vt 0.713447 0.076327
vt 0.635887 0.097109
vt 0.713447 0.128282
vt 0.635887 0.1075
vt 0.687469 0.173277
vt 0.630692 0.116499
vt 0.642475 0.199254
vt 0.621693 0.121694
vt 0.17193 0.005355
vt 0.17193 0.265385
vt 0.161539 0.265385
vt 0.161539 0.005355
vt 0.182321 0.005355
vt 0.182321 0.265385
vt 0.192712 0.005355
vt 0.192712 0.265385
vt 0.203103 0.005355
vt 0.203103 0.265385
vt 0.213494 0.005355
vt 0.213494 0.265385
vt 0.223885 0.005355
vt 0.223885 0.265385
vt 0.234276 0.005355
vt 0.234276 0.265385
vt 0.244667 0.005355
vt 0.244667 0.265385
vt 0.255058 0.005355
vt 0.255058 0.265385
vt 0.265449 0.005355
vt 0.265449 0.265385
vt 0.151148 0.005355
vt 0.151148 0.265385
vt 0.140757 0.265385
vt 0.140757 0.005355
vt 0.183181 0.81173
vt 0.202308 0.81173
vt 0.197021 0.840161
vt 0.188469 0.840161
vt 0.271291 0.621629
vt 0.342263 0.550657
vt 0.373436 0.60465
vt 0.276486 0.630628
vt 0.262292 0.616434
vt 0.288269 0.519484
vt 0.251901 0.616434
vt 0.225923 0.519484
vt 0.242902 0.621629
vt 0.17193 0.550657
vt 0.237706 0.630628
vt 0.140757 0.60465
vt 0.237706 0.641019
vt 0.140757 0.666997
vt 0.242902 0.650018
vt 0.17193 0.72099
vt 0.251901 0.655213
vt 0.225923 0.752163
vt 0.262292 0.655213
vt 0.28827 0.752163
vt 0.271291 0.650018
vt 0.342263 0.72099
vt 0.276486 0.641019
vt 0.373436 0.666997
vt 0.085496 0.547006
vt 0.005355 0.547006
vt 0.005355 0.536614
vt 0.085496 0.536615
vt 0.005355 0.526224
vt 0.085496 0.526224
vt 0.005355 0.650916
vt 0.005355 0.640525
vt 0.005355 0.630134
vt 0.085496 0.630134
vt 0.005355 0.619743
vt 0.085496 0.619743
vt 0.005355 0.609352
vt 0.085496 0.609352
vt 0.005355 0.598961
vt 0.085496 0.598961
vt 0.005355 0.58857
vt 0.085496 0.58857
vt 0.005355 0.578179
vt 0.085496 0.578179
vt 0.005355 0.567788
vt 0.085496 0.567788
vt 0.005355 0.557397
vt 0.085496 0.557397
vt 0.140757 0.423608
vt 0.237706 0.39763
vt 0.242902 0.406629
vt 0.17193 0.477601
vt 0.251901 0.411825
vt 0.225923 0.508774
vt 0.262292 0.411825
vt 0.28827 0.508774
vt 0.271291 0.406629
vt 0.342263 0.477601
vt 0.276486 0.39763
vt 0.373436 0.423608
vt 0.276486 0.387239
vt 0.373436 0.361261
vt 0.271291 0.37824
vt 0.342263 0.307268
vt 0.262292 0.373045
vt 0.28827 0.276095
vt 0.251901 0.373045
vt 0.225923 0.276095
vt 0.242902 0.37824
vt 0.17193 0.307268
vt 0.237706 0.387239
vt 0.140757 0.361261
vt 0.478122 0.839965
vt 0.439462 0.888878
vt 0.434404 0.860745
vt 0.449583 0.841541
vt 0.406693 0.1075
vt 0.477665 0.036528
vt 0.508838 0.090521
vt 0.411888 0.116499
vt 0.508838 0.152868
vt 0.411888 0.12689
vt 0.477665 0.206861
vt 0.406693 0.135889
vt 0.423671 0.238034
vt 0.397694 0.141084
vt 0.361325 0.238034
vt 0.387303 0.141084
vt 0.307332 0.206861
vt 0.378304 0.135889
vt 0.276158 0.152868
vt 0.373108 0.12689
vt 0.276158 0.090521
vt 0.373108 0.116499
vt 0.307332 0.036528
vt 0.378304 0.1075
vt 0.361325 0.005355
vt 0.387303 0.102304
vt 0.423671 0.005355
vt 0.397694 0.102304
vt 0.531658 0.508774
vt 0.505681 0.411825
vt 0.51468 0.406629
vt 0.585652 0.477601
vt 0.469312 0.508774
vt 0.49529 0.411825
vt 0.415319 0.477601
vt 0.486291 0.406629
vt 0.384145 0.423608
vt 0.481095 0.39763
vt 0.384145 0.361261
vt 0.481095 0.387239
vt 0.415319 0.307268
vt 0.486291 0.37824
vt 0.469312 0.276095
vt 0.49529 0.373045
vt 0.531658 0.276095
vt 0.505681 0.373045
vt 0.585652 0.307268
vt 0.51468 0.37824
vt 0.616825 0.361261
vt 0.519875 0.387239
vt 0.616825 0.423608
vt 0.519875 0.39763
vt 0.036528 0.005355
vt 0.036528 0.515514
vt 0.026137 0.515514
vt 0.026137 0.005355
vt 0.046919 0.005355
vt 0.046919 0.515514
vt 0.05731 0.005355
vt 0.05731 0.515514
vt 0.067701 0.005355
vt 0.067701 0.515514
vt 0.078092 0.005355
vt 0.078092 0.515514
vt 0.088483 0.005355
vt 0.088483 0.515514
vt 0.098874 0.005355
vt 0.098874 0.515514
vt 0.109265 0.005355
vt 0.109265 0.515514
vt 0.119656 0.005355
vt 0.119656 0.515514
vt 0.130047 0.005355
vt 0.130047 0.515514
vt 0.015746 0.005355
vt 0.015746 0.515514
vt 0.005355 0.515514
vt 0.005355 0.005355
vt 0.956462 0.66908
vt 0.960995 0.66908
vt 0.960995 0.690693
vt 0.956462 0.690693
vt 0.964177 0.711727
vt 0.95328 0.711727
vt 0.75384 0.981916
vt 0.784309 0.939832
vt 0.787491 0.960866
vt 0.774816 0.978372
vt 0.900625 0.391968
vt 0.907164 0.391968
vt 0.907164 0.416446
vt 0.900625 0.416446
vt 0.422806 0.888878
vt 0.427864 0.860745
vt 0.384145 0.839965
vt 0.412685 0.841541
vt 0.912222 0.444578
vt 0.895567 0.444578
vt 0.197021 0.868036
vt 0.188469 0.868036
vt 0.732478 0.568341
vt 0.690053 0.522655
vt 0.718798 0.519484
vt 0.737766 0.539909
vt 0.751605 0.568341
vt 0.746317 0.539909
vt 0.794029 0.522655
vt 0.765285 0.519484
vt 0.712663 0.939832
vt 0.743131 0.981916
vt 0.722156 0.978372
vt 0.709481 0.960866
vt 0.746317 0.596773
vt 0.737766 0.596773
vt 0.838842 0.106878
vt 0.877502 0.057965
vt 0.88256 0.086098
vt 0.867381 0.105302
vt 0.787491 0.897186
vt 0.792024 0.897186
vt 0.792024 0.918799
vt 0.787491 0.918799
vt 0.671298 0.981916
vt 0.701766 0.939832
vt 0.704948 0.960866
vt 0.692273 0.978372
vt 0.434404 0.941488
vt 0.427864 0.941488
vt 0.427864 0.91701
vt 0.434404 0.91701
vt 0.894158 0.057965
vt 0.8891 0.086098
vt 0.932818 0.106878
vt 0.904279 0.105302
vt 0.746317 0.624647
vt 0.737766 0.624647
vt 0.650306 0.725386
vt 0.69273 0.771072
vt 0.663986 0.774244
vt 0.645018 0.753818
vt 0.631179 0.725386
vt 0.636467 0.753818
vt 0.588754 0.771072
vt 0.617499 0.774244
vt 0.944178 0.8276
vt 0.974646 0.869683
vt 0.953671 0.86614
vt 0.940996 0.848633
vt 0.636467 0.696955
vt 0.645018 0.696955
vt 0.005355 0.893216
vt 0.044015 0.844303
vt 0.049073 0.872436
vt 0.033894 0.89164
vt 0.704948 0.897186
vt 0.709481 0.897186
vt 0.709481 0.918799
vt 0.704948 0.918799
vt 0.902813 0.869683
vt 0.933281 0.8276
vt 0.936463 0.848633
vt 0.923788 0.86614
vt 0.88256 0.005355
vt 0.8891 0.005355
vt 0.8891 0.029833
vt 0.88256 0.029833
vt 0.060671 0.844303
vt 0.055613 0.872436
vt 0.099331 0.893216
vt 0.070792 0.89164
vt 0.636467 0.66908
vt 0.645018 0.66908
vt 0.689086 0.332401
vt 0.73151 0.378087
vt 0.702766 0.381258
vt 0.683798 0.360833
vt 0.669959 0.332401
vt 0.675247 0.360833
vt 0.627534 0.378087
vt 0.656279 0.381258
vt 0.04672 0.946572
vt 0.077188 0.988655
vt 0.056213 0.985112
vt 0.043538 0.967605
vt 0.675247 0.303969
vt 0.683798 0.303969
vt 0.856905 0.377618
vt 0.895566 0.328705
vt 0.900624 0.356838
vt 0.885445 0.376042
vt 0.936463 0.784953
vt 0.940996 0.784953
vt 0.940996 0.806566
vt 0.936463 0.806566
vt 0.005355 0.988655
vt 0.035823 0.946572
vt 0.039005 0.967605
vt 0.02633 0.985112
vt 0.049073 0.791693
vt 0.055613 0.791693
vt 0.055613 0.816171
vt 0.049073 0.816171
vt 0.912221 0.328705
vt 0.907163 0.356838
vt 0.950882 0.377618
vt 0.922342 0.376042
vt 0.675247 0.276095
vt 0.683798 0.276095
vt 0.766581 0.054212
vt 0.724156 0.008526
vt 0.752901 0.005355
vt 0.771869 0.02578
vt 0.785708 0.054212
vt 0.78042 0.02578
vt 0.828132 0.008526
vt 0.799388 0.005355
vt 0.95079 0.56213
vt 0.981258 0.604214
vt 0.960283 0.60067
vt 0.947608 0.583164
vt 0.78042 0.082644
vt 0.771869 0.082644
vt 0.804739 0.621007
vt 0.843399 0.572094
vt 0.848457 0.600226
vt 0.833278 0.61943
vt 0.039005 0.903925
vt 0.043538 0.903925
vt 0.043538 0.925538
vt 0.039005 0.925538
vt 0.909425 0.604214
vt 0.939893 0.56213
vt 0.943075 0.583164
vt 0.9304 0.60067
vt 0.900624 0.276095
vt 0.907163 0.276095
vt 0.907163 0.300573
vt 0.900624 0.300573
vt 0.860055 0.572094
vt 0.854997 0.600226
vt 0.898715 0.621007
vt 0.870176 0.61943
vt 0.78042 0.110518
vt 0.771869 0.110518
vt 0.785708 0.177533
vt 0.828132 0.22322
vt 0.799388 0.226391
vt 0.78042 0.205965
vt 0.766581 0.177533
vt 0.771869 0.205965
vt 0.724156 0.22322
vt 0.752901 0.226391
vt 0.296808 0.917752
vt 0.327276 0.959835
vt 0.3063 0.956292
vt 0.293626 0.938785
vt 0.771869 0.149102
vt 0.78042 0.149102
vt 0.588754 0.886476
vt 0.627415 0.837564
vt 0.632473 0.865696
vt 0.617294 0.8849
vt 0.943075 0.519484
vt 0.947608 0.519484
vt 0.947608 0.541097
vt 0.943075 0.541097
vt 0.255442 0.959835
vt 0.285911 0.917752
vt 0.289093 0.938785
vt 0.276418 0.956292
vt 0.848458 0.519484
vt 0.854997 0.519484
vt 0.854997 0.543962
vt 0.848458 0.543962
vt 0.644071 0.837564
vt 0.639012 0.865696
vt 0.682731 0.886476
vt 0.654191 0.8849
vt 0.771869 0.121227
vt 0.78042 0.121227
vt 0.745864 0.717938
vt 0.70344 0.672252
vt 0.732184 0.66908
vt 0.751152 0.689506
vt 0.764991 0.717938
vt 0.759703 0.689506
vt 0.807416 0.672252
vt 0.778671 0.66908
vt 0.182122 0.921392
vt 0.21259 0.963476
vt 0.191615 0.959932
vt 0.17894 0.942425
vt 0.759703 0.746369
vt 0.751152 0.746369
vt 0.892103 0.784953
vt 0.853443 0.833866
vt 0.848385 0.805733
vt 0.863564 0.786529
vt 0.289093 0.875105
vt 0.293626 0.875105
vt 0.293626 0.896718
vt 0.289093 0.896718
vt 0.140757 0.963476
vt 0.171225 0.921392
vt 0.174407 0.942425
vt 0.161732 0.959932
vt 0.632473 0.784953
vt 0.639013 0.784953
vt 0.639012 0.809432
vt 0.632473 0.809432
vt 0.836787 0.833866
vt 0.841845 0.805733
vt 0.798127 0.784953
vt 0.826666 0.786529
vt 0.759703 0.774244
vt 0.751152 0.774244
vt 0.42657 0.77295
vt 0.384145 0.727264
vt 0.41289 0.724093
vt 0.431858 0.744518
vt 0.445697 0.77295
vt 0.440409 0.744518
vt 0.488122 0.727264
vt 0.459377 0.724093
vt 0.540196 0.862179
vt 0.570665 0.904263
vt 0.549689 0.900719
vt 0.537014 0.883212
vt 0.440409 0.801382
vt 0.431858 0.801382
vt 0.787417 0.784953
vt 0.748757 0.833866
vt 0.743699 0.805733
vt 0.758878 0.786529
vt 0.174407 0.878745
vt 0.17894 0.878745
vt 0.17894 0.900358
vt 0.174407 0.900358
vt 0.498831 0.904263
vt 0.529299 0.862179
vt 0.532481 0.883212
vt 0.519806 0.900719
vt 0.848385 0.886476
vt 0.841845 0.886476
vt 0.841845 0.861998
vt 0.848385 0.861998
vt 0.732101 0.833865
vt 0.737159 0.805733
vt 0.69344 0.784953
vt 0.72198 0.786529
vt 0.440409 0.829256
vt 0.431858 0.829256
vt 0.784644 0.324952
vt 0.74222 0.279266
vt 0.770964 0.276095
vt 0.789932 0.296521
vt 0.803771 0.324952
vt 0.798483 0.296521
vt 0.846196 0.279266
vt 0.817451 0.276095
vt 0.619223 0.939269
vt 0.588754 0.897186
vt 0.60973 0.900729
vt 0.622405 0.918236
vt 0.798483 0.353384
vt 0.789932 0.353384
vt 0.818125 0.770603
vt 0.856786 0.721691
vt 0.861844 0.749823
vt 0.846665 0.769027
vt 0.532481 0.819532
vt 0.537014 0.819532
vt 0.537014 0.841145
vt 0.532481 0.841145
vt 0.660588 0.897186
vt 0.63012 0.939269
vt 0.626938 0.918236
vt 0.639613 0.900729
vt 0.743698 0.886476
vt 0.737159 0.886476
vt 0.737159 0.861998
vt 0.743698 0.861998
vt 0.873441 0.721691
vt 0.868383 0.749823
vt 0.912102 0.770603
vt 0.883562 0.769027
vt 0.798483 0.381258
vt 0.789932 0.381258
vt 0.803772 0.448274
vt 0.846197 0.49396
vt 0.817452 0.497131
vt 0.798484 0.476705
vt 0.784645 0.448274
vt 0.789933 0.476705
vt 0.74222 0.49396
vt 0.770965 0.497131
vt 0.529299 0.766176
vt 0.498831 0.724093
vt 0.519806 0.727636
vt 0.532481 0.745143
vt 0.789933 0.419842
vt 0.798484 0.419842
vt 0.349419 0.762873
vt 0.310759 0.811785
vt 0.305701 0.783653
vt 0.32088 0.764449
vt 0.626938 0.981916
vt 0.622405 0.981916
vt 0.622405 0.960303
vt 0.626938 0.960303
vt 0.570665 0.724093
vt 0.540196 0.766176
vt 0.537014 0.745143
vt 0.549689 0.727636
vt 0.861844 0.66908
vt 0.868383 0.66908
vt 0.868383 0.693559
vt 0.861844 0.693559
vt 0.294103 0.811785
vt 0.299161 0.783653
vt 0.255442 0.762873
vt 0.283982 0.764449
vt 0.789933 0.391968
vt 0.798484 0.391968
vt 0.047779 0.724677
vt 0.005355 0.678991
vt 0.034099 0.67582
vt 0.053067 0.696246
vt 0.066906 0.724677
vt 0.061618 0.696246
vt 0.109331 0.678991
vt 0.080586 0.67582
vt 0.933281 0.922476
vt 0.902813 0.880393
vt 0.923788 0.883936
vt 0.936463 0.901443
vt 0.061618 0.753109
vt 0.053067 0.753109
vt 0.932819 0.121227
vt 0.894158 0.17014
vt 0.8891 0.142007
vt 0.904279 0.122803
vt 0.537014 0.808823
vt 0.532481 0.808823
vt 0.532481 0.78721
vt 0.537014 0.78721
vt 0.974647 0.880393
vt 0.944178 0.922476
vt 0.940996 0.901443
vt 0.953671 0.883936
vt 0.3057 0.864396
vt 0.299161 0.864396
vt 0.299161 0.839917
vt 0.3057 0.839917
vt 0.877502 0.17014
vt 0.88256 0.142007
vt 0.838841 0.121227
vt 0.867381 0.122803
vt 0.061618 0.780983
vt 0.053067 0.780983
vt 0.689086 0.448274
vt 0.731511 0.49396
vt 0.702766 0.497131
vt 0.683798 0.476706
vt 0.669959 0.448274
vt 0.675247 0.476706
vt 0.627534 0.49396
vt 0.656279 0.497131
vt 0.994645 0.75381
vt 0.97367 0.750267
vt 0.960995 0.73276
vt 0.675247 0.419842
vt 0.683798 0.419842
vt 0.856906 0.49349
vt 0.900625 0.47271
vt 0.885446 0.491914
vt 0.940996 0.965123
vt 0.936463 0.965123
vt 0.936463 0.94351
vt 0.940996 0.94351
vt 0.922811 0.75381
vt 0.956462 0.73276
vt 0.943787 0.750267
vt 0.8891 0.22275
vt 0.88256 0.22275
vt 0.88256 0.198272
vt 0.8891 0.198272
vt 0.907164 0.47271
vt 0.950883 0.49349
vt 0.922343 0.491914
vt 0.675247 0.391968
vt 0.683798 0.391968
vt 0.140757 0.766044
vt 0.169501 0.762873
vt 0.188469 0.783298
vt 0.197021 0.783298
vt 0.244733 0.766044
vt 0.215988 0.762873
vn 0.2588 0.9659 0
vn 0.7071 0.7071 0
vn 0.9659 0.2588 0
vn 0.9659 -0.2588 0
vn 0.7071 -0.7071 0
vn 0.2588 -0.9659 0
vn -0.2588 -0.9659 0
vn -0.7071 -0.7071 0
vn -0.9659 -0.2588 0
vn -0.9659 0.2588 0
vn 0 0 1
vn -0.7071 0.7071 0
vn -0.2588 0.9659 0
vn 0 0 -1
vn 0.2061 0.0552 0.977
vn 0.7914 -0.6113 0
vn 0.2282 0.0611 -0.9717
vn 0.876 -0.4824 0
vn 0.2061 0.0552 -0.977
vn 0.5174 0.8557 0
vn 0.4587 0.8886 0
vn 0.2282 0.0611 0.9717
vn 0.8415 -0.5402 0
vn 0.2199 0.0589 0.9737
vn 0.3797 0.9251 0
vn 0.2199 0.0589 -0.9737
vn 0.1509 0.1509 0.977
vn 0.991 -0.1337 0
vn 0.167 0.167 -0.9717
vn 0.9998 0.0202 0
vn 0.1509 0.1509 -0.977
vn 0.0203 0.9998 0
vn -0.0471 0.9989 0
vn 0.167 0.167 0.9717
vn 0.9989 -0.0471 0
vn 0.161 0.161 0.9737
vn -0.1337 0.991 0
vn 0.161 0.161 -0.9737
vn 0.0552 0.2061 0.977
vn 0.9251 0.3797 0
vn 0.0611 0.2282 -0.9717
vn 0.8557 0.5174 0
vn 0.0552 0.2061 -0.977
vn -0.4824 0.876 0
vn -0.5402 0.8415 0
vn 0.0611 0.2282 0.9717
vn 0.8886 0.4587 0
vn 0.0589 0.2199 0.9737
vn -0.6113 0.7914 0
vn 0.0589 0.2199 -0.9737
vn -0.0552 0.2061 0.977
vn 0.6113 0.7914 0
vn -0.0611 0.2282 -0.9717
vn 0.4824 0.876 0
vn -0.0552 0.2061 -0.977
vn -0.8557 0.5174 0
vn -0.8886 0.4587 0
vn -0.0611 0.2282 0.9717
vn 0.5402 0.8415 0
vn -0.0589 0.2199 0.9737
vn -0.9251 0.3797 0
vn -0.0589 0.2199 -0.9737
vn -0.1509 0.1509 0.977
vn 0.1337 0.991 0
vn -0.167 0.167 -0.9717
vn -0.0202 0.9998 0
vn -0.1509 0.1509 -0.977
vn -0.9998 0.0203 0
vn -0.9989 -0.0471 0
vn -0.167 0.167 0.9717
vn 0.0471 0.9989 0
vn -0.161 0.161 0.9737
vn -0.991 -0.1337 0
vn -0.161 0.161 -0.9737
vn -0.2061 0.0552 0.977
vn -0.3797 0.9251 0
vn -0.2282 0.0611 -0.9717
vn -0.5174 0.8557 0
vn -0.2061 0.0552 -0.977
vn -0.876 -0.4824 0
vn -0.8415 -0.5402 0
vn -0.2282 0.0611 0.9717
vn -0.4587 0.8886 0
vn -0.2199 0.0589 0.9737
vn -0.7914 -0.6113 0
vn -0.2199 0.0589 -0.9737
vn -0.2061 -0.0552 0.977
vn -0.7914 0.6113 0
vn -0.2282 -0.0611 -0.9717
vn -0.876 0.4824 0
vn -0.2061 -0.0552 -0.977
vn -0.5174 -0.8557 0
vn -0.4587 -0.8886 0
vn -0.2282 -0.0611 0.9717
vn -0.8415 0.5402 0
vn -0.2199 -0.0589 0.9737
vn -0.3797 -0.9251 0
vn -0.2199 -0.0589 -0.9737
vn -0.1509 -0.1509 0.977
vn -0.991 0.1337 0
vn -0.167 -0.167 -0.9717
vn -0.9998 -0.0203 0
vn -0.1509 -0.1509 -0.977
vn -0.0202 -0.9998 0
vn 0.0471 -0.9989 0
vn -0.167 -0.167 0.9717
vn -0.9989 0.0471 0
vn -0.161 -0.161 0.9737
vn 0.1337 -0.991 0
vn -0.161 -0.161 -0.9737
vn -0.0552 -0.2061 0.977
vn -0.9251 -0.3797 0
vn -0.0611 -0.2282 -0.9717
vn -0.8557 -0.5174 0
vn -0.0552 -0.2061 -0.977
vn 0.4824 -0.876 0
vn 0.5402 -0.8415 0
vn -0.0611 -0.2282 0.9717
vn -0.8886 -0.4587 0
vn -0.0589 -0.2199 0.9737
vn 0.6113 -0.7914 0
vn -0.0589 -0.2199 -0.9737
vn 0.0552 -0.2061 0.977
vn -0.6113 -0.7914 0
vn 0.0611 -0.2282 -0.9717
vn -0.4824 -0.876 0
vn 0.0552 -0.2061 -0.977
vn 0.8557 -0.5174 0
vn 0.8886 -0.4587 0
vn 0.0611 -0.2282 0.9717
vn -0.5402 -0.8415 0
vn 0.0589 -0.2199 0.9737
vn 0.9251 -0.3797 0
vn 0.0589 -0.2199 -0.9737
vn 0.1509 -0.1509 0.977
vn -0.1337 -0.991 0
vn 0.167 -0.167 -0.9717
vn 0.0202 -0.9998 0
vn 0.1509 -0.1509 -0.977
vn 0.9998 -0.0202 0
vn 0.9989 0.0471 0
vn 0.167 -0.167 0.9717
vn -0.0471 -0.9989 0
vn 0.161 -0.161 0.9737
vn 0.991 0.1337 0
vn 0.161 -0.161 -0.9737
vn 0.2061 -0.0552 0.977
vn 0.3797 -0.9251 0
vn 0.2282 -0.0611 -0.9717
vn 0.5174 -0.8557 0
vn 0.2061 -0.0552 -0.977
vn 0.876 0.4824 0
vn 0.8415 0.5402 0
vn 0.2282 -0.0611 0.9717
vn 0.4587 -0.8886 0
vn 0.2199 -0.0589 0.9737
vn 0.7914 0.6113 0
vn 0.2199 -0.0589 -0.9737
s off
usemtl Material.001
f 1797/1897/564 1654/1898/564 1656/1899/564
f 1797/1897/564 1656/1899/564 1798/1900/564
f 1798/1900/565 1656/1899/565 1658/1901/565
f 1798/1900/565 1658/1901/565 1799/1902/565
f 1799/1903/566 1658/1904/566 1660/1905/566
f 1799/1903/566 1660/1905/566 1800/1906/566
f 1800/1906/567 1660/1905/567 1662/1907/567
f 1800/1906/567 1662/1907/567 1801/1908/567
f 1801/1908/568 1662/1907/568 1664/1909/568
f 1801/1908/568 1664/1909/568 1802/1910/568
f 1802/1910/569 1664/1909/569 1666/1911/569
f 1802/1910/569 1666/1911/569 1803/1912/569
f 1803/1912/570 1666/1911/570 1668/1913/570
f 1803/1912/570 1668/1913/570 1804/1914/570
f 1804/1914/571 1668/1913/571 1670/1915/571
f 1804/1914/571 1670/1915/571 1805/1916/571
f 1805/1916/572 1670/1915/572 1672/1917/572
f 1805/1916/572 1672/1917/572 1806/1918/572
f 1806/1918/573 1672/1917/573 1674/1919/573
f 1806/1918/573 1674/1919/573 1807/1920/573
f 1656/1921/574 1654/1922/574 1676/1923/574
f 1656/1921/574 1676/1923/574 1674/1924/574
f 1656/1921/574 1674/1924/574 1672/1925/574
f 1656/1921/574 1672/1925/574 1670/1926/574
f 1656/1921/574 1670/1926/574 1668/1927/574
f 1656/1921/574 1668/1927/574 1666/1928/574
f 1656/1921/574 1666/1928/574 1664/1929/574
f 1656/1921/574 1664/1929/574 1662/1930/574
f 1656/1921/574 1662/1930/574 1660/1905/574
f 1656/1921/574 1660/1905/574 1658/1904/574
f 1807/1920/575 1674/1919/575 1676/1931/575
f 1807/1920/575 1676/1931/575 1808/1932/575
f 1808/1932/576 1676/1931/576 1654/1898/576
f 1808/1932/576 1654/1898/576 1797/1897/576
f 1653/1933/577 1655/1934/577 1657/1935/577
f 1653/1933/577 1657/1935/577 1659/1936/577
f 1653/1933/577 1659/1936/577 1661/1937/577
f 1653/1933/577 1661/1937/577 1663/1938/577
f 1653/1933/577 1663/1938/577 1665/1939/577
f 1653/1933/577 1665/1939/577 1667/1940/577
f 1653/1933/577 1667/1940/577 1669/1941/577
f 1653/1933/577 1669/1941/577 1671/1942/577
f 1653/1933/577 1671/1942/577 1673/1943/577
f 1653/1933/577 1673/1943/577 1675/1944/577
f 1679/1945/578 1680/1946/578 1822/1947/578
f 1679/1945/578 1822/1947/578 1821/1948/578
f 1724/1949/577 1700/1950/577 1689/1951/577
f 1724/1949/577 1689/1951/577 1713/1952/577
f 1713/1952/577 1689/1951/577 1690/1953/577
f 1713/1952/577 1690/1953/577 1714/1954/577
f 1714/1954/577 1690/1953/577 1691/1955/577
f 1714/1954/577 1691/1955/577 1715/1956/577
f 1715/1956/577 1691/1955/577 1692/1957/577
f 1715/1956/577 1692/1957/577 1716/1958/577
f 1716/1958/577 1692/1957/577 1693/1959/577
f 1716/1958/577 1693/1959/577 1717/1960/577
f 1717/1960/577 1693/1959/577 1694/1961/577
f 1717/1960/577 1694/1961/577 1718/1962/577
f 1718/1962/577 1694/1961/577 1695/1963/577
f 1718/1962/577 1695/1963/577 1719/1964/577
f 1719/1964/577 1695/1963/577 1696/1965/577
f 1719/1964/577 1696/1965/577 1720/1966/577
f 1720/1966/577 1696/1965/577 1697/1967/577
f 1720/1966/577 1697/1967/577 1721/1968/577
f 1721/1968/577 1697/1967/577 1698/1969/577
f 1721/1968/577 1698/1969/577 1722/1970/577
f 1722/1970/577 1698/1969/577 1699/1971/577
f 1722/1970/577 1699/1971/577 1723/1972/577
f 1723/1972/577 1699/1971/577 1700/1950/577
f 1723/1972/577 1700/1950/577 1724/1949/577
f 1688/1973/574 1712/1974/574 1701/1975/574
f 1688/1973/574 1701/1975/574 1677/1976/574
f 1687/1977/574 1711/1978/574 1712/1974/574
f 1687/1977/574 1712/1974/574 1688/1973/574
f 1686/1979/574 1710/1980/574 1711/1978/574
f 1686/1979/574 1711/1978/574 1687/1977/574
f 1685/1981/574 1709/1982/574 1710/1980/574
f 1685/1981/574 1710/1980/574 1686/1979/574
f 1684/1983/574 1708/1984/574 1709/1982/574
f 1684/1983/574 1709/1982/574 1685/1981/574
f 1683/1985/574 1707/1986/574 1708/1984/574
f 1683/1985/574 1708/1984/574 1684/1983/574
f 1682/1987/574 1706/1988/574 1707/1986/574
f 1682/1987/574 1707/1986/574 1683/1985/574
f 1681/1989/574 1705/1990/574 1706/1988/574
f 1681/1989/574 1706/1988/574 1682/1987/574
f 1680/1991/574 1704/1992/574 1705/1990/574
f 1680/1991/574 1705/1990/574 1681/1989/574
f 1679/1993/574 1703/1994/574 1704/1992/574
f 1679/1993/574 1704/1992/574 1680/1991/574
f 1678/1995/574 1702/1996/574 1703/1994/574
f 1678/1995/574 1703/1994/574 1679/1993/574
f 1677/1976/574 1701/1975/574 1702/1996/574
f 1677/1976/574 1702/1996/574 1678/1995/574
f 1772/1997/576 1723/1998/576 1724/1999/576
f 1772/1997/576 1724/1999/576 1761/2000/576
f 1771/2001/575 1722/2002/575 1723/1998/575
f 1771/2001/575 1723/1998/575 1772/1997/575
f 1770/2003/573 1721/2004/573 1722/2002/573
f 1770/2003/573 1722/2002/573 1771/2001/573
f 1769/2005/572 1720/2006/572 1721/2004/572
f 1769/2005/572 1721/2004/572 1770/2003/572
f 1768/2007/571 1719/2008/571 1720/2006/571
f 1768/2007/571 1720/2006/571 1769/2005/571
f 1767/2009/570 1718/2010/570 1719/2008/570
f 1767/2009/570 1719/2008/570 1768/2007/570
f 1766/2011/569 1717/2012/569 1718/2010/569
f 1766/2011/569 1718/2010/569 1767/2009/569
f 1765/2013/568 1716/2014/568 1717/2012/568
f 1765/2013/568 1717/2012/568 1766/2011/568
f 1764/2015/567 1715/2016/567 1716/2014/567
f 1764/2015/567 1716/2014/567 1765/2013/567
f 1763/2017/566 1714/2018/566 1715/2016/566
f 1763/2017/566 1715/2016/566 1764/2015/566
f 1762/2019/565 1713/2020/565 1714/2021/565
f 1762/2019/565 1714/2021/565 1763/2022/565
f 1761/2000/564 1724/1999/564 1713/2020/564
f 1761/2000/564 1713/2020/564 1762/2019/564
f 1727/2023/579 1739/2024/579 1832/2025/579
f 1727/2023/579 1832/2025/579 1830/2026/579
f 1759/2027/577 1747/2028/577 1748/2029/577
f 1759/2027/577 1748/2029/577 1760/2030/577
f 1758/2031/577 1746/2032/577 1747/2028/577
f 1758/2031/577 1747/2028/577 1759/2027/577
f 1757/2033/577 1745/2034/577 1746/2032/577
f 1757/2033/577 1746/2032/577 1758/2031/577
f 1756/2035/577 1744/2036/577 1745/2034/577
f 1756/2035/577 1745/2034/577 1757/2033/577
f 1755/2037/577 1743/2038/577 1744/2036/577
f 1755/2037/577 1744/2036/577 1756/2035/577
f 1754/2039/577 1742/2040/577 1743/2038/577
f 1754/2039/577 1743/2038/577 1755/2037/577
f 1753/2041/577 1741/2042/577 1742/2040/577
f 1753/2041/577 1742/2040/577 1754/2039/577
f 1752/2043/577 1740/2044/577 1741/2042/577
f 1752/2043/577 1741/2042/577 1753/2041/577
f 1751/2045/577 1739/2046/577 1740/2044/577
f 1751/2045/577 1740/2044/577 1752/2043/577
f 1750/2047/577 1738/2048/577 1739/2046/577
f 1750/2047/577 1739/2046/577 1751/2045/577
f 1749/2049/577 1737/2050/577 1738/2048/577
f 1749/2049/577 1738/2048/577 1750/2047/577
f 1760/2030/577 1748/2029/577 1737/2050/577
f 1760/2030/577 1737/2050/577 1749/2049/577
f 1653/2051/564 1760/2052/564 1749/2053/564
f 1653/2051/564 1749/2053/564 1655/2054/564
f 1655/2054/565 1749/2053/565 1750/2055/565
f 1655/2054/565 1750/2055/565 1657/2056/565
f 1657/1935/566 1750/2057/566 1751/2058/566
f 1657/1935/566 1751/2058/566 1659/1936/566
f 1659/1936/567 1751/2058/567 1752/2059/567
f 1659/1936/567 1752/2059/567 1661/2060/567
f 1661/2060/568 1752/2059/568 1753/2061/568
f 1661/2060/568 1753/2061/568 1663/2062/568
f 1663/2062/569 1753/2061/569 1754/2063/569
f 1663/2062/569 1754/2063/569 1665/2064/569
f 1665/2064/570 1754/2063/570 1755/2065/570
f 1665/2064/570 1755/2065/570 1667/2066/570
f 1667/2066/571 1755/2065/571 1756/2067/571
f 1667/2066/571 1756/2067/571 1669/2068/571
f 1669/2068/572 1756/2067/572 1757/2069/572
f 1669/2068/572 1757/2069/572 1671/2070/572
f 1671/2070/573 1757/2069/573 1758/2071/573
f 1671/2070/573 1758/2071/573 1673/2072/573
f 1673/2072/575 1758/2071/575 1759/2073/575
f 1673/2072/575 1759/2073/575 1675/2074/575
f 1675/2074/576 1759/2073/576 1760/2052/576
f 1675/2074/576 1760/2052/576 1653/2051/576
f 1736/2075/574 1761/2076/574 1762/2077/574
f 1736/2075/574 1762/2077/574 1725/2078/574
f 1725/2078/574 1762/2077/574 1763/2079/574
f 1725/2078/574 1763/2079/574 1726/2080/574
f 1726/2080/574 1763/2079/574 1764/2081/574
f 1726/2080/574 1764/2081/574 1727/2082/574
f 1727/2082/574 1764/2081/574 1765/2083/574
f 1727/2082/574 1765/2083/574 1728/2084/574
f 1728/2084/574 1765/2083/574 1766/2085/574
f 1728/2084/574 1766/2085/574 1729/2086/574
f 1729/2086/574 1766/2085/574 1767/2087/574
f 1729/2086/574 1767/2087/574 1730/2088/574
f 1730/2088/574 1767/2087/574 1768/2089/574
f 1730/2088/574 1768/2089/574 1731/2090/574
f 1731/2090/574 1768/2089/574 1769/2091/574
f 1731/2090/574 1769/2091/574 1732/2092/574
f 1732/2092/574 1769/2091/574 1770/2093/574
f 1732/2092/574 1770/2093/574 1733/2094/574
f 1733/2094/574 1770/2093/574 1771/2095/574
f 1733/2094/574 1771/2095/574 1734/2096/574
f 1734/2096/574 1771/2095/574 1772/2097/574
f 1734/2096/574 1772/2097/574 1735/2098/574
f 1735/2098/574 1772/2097/574 1761/2076/574
f 1735/2098/574 1761/2076/574 1736/2075/574
f 1787/2099/580 1786/2100/580 1827/2101/580
f 1787/2099/580 1827/2101/580 1828/2102/580
f 1820/2103/577 1796/2104/577 1785/2105/577
f 1820/2103/577 1785/2105/577 1809/2106/577
f 1809/2106/577 1785/2105/577 1786/2107/577
f 1809/2106/577 1786/2107/577 1810/2108/577
f 1810/2108/577 1786/2107/577 1787/2109/577
f 1810/2108/577 1787/2109/577 1811/2110/577
f 1811/2110/577 1787/2109/577 1788/2111/577
f 1811/2110/577 1788/2111/577 1812/2112/577
f 1812/2112/577 1788/2111/577 1789/2113/577
f 1812/2112/577 1789/2113/577 1813/2114/577
f 1813/2114/577 1789/2113/577 1790/2115/577
f 1813/2114/577 1790/2115/577 1814/2116/577
f 1814/2116/577 1790/2115/577 1791/2117/577
f 1814/2116/577 1791/2117/577 1815/2118/577
f 1815/2118/577 1791/2117/577 1792/2119/577
f 1815/2118/577 1792/2119/577 1816/2120/577
f 1816/2120/577 1792/2119/577 1793/2121/577
f 1816/2120/577 1793/2121/577 1817/2122/577
f 1817/2122/577 1793/2121/577 1794/2123/577
f 1817/2122/577 1794/2123/577 1818/2124/577
f 1818/2124/577 1794/2123/577 1795/2125/577
f 1818/2124/577 1795/2125/577 1819/2126/577
f 1819/2126/577 1795/2125/577 1796/2104/577
f 1819/2126/577 1796/2104/577 1820/2103/577
f 1784/2127/574 1808/2128/574 1797/2129/574
f 1784/2127/574 1797/2129/574 1773/2130/574
f 1783/2131/574 1807/2132/574 1808/2128/574
f 1783/2131/574 1808/2128/574 1784/2127/574
f 1782/2133/574 1806/2134/574 1807/2132/574
f 1782/2133/574 1807/2132/574 1783/2131/574
f 1781/2135/574 1805/2136/574 1806/2134/574
f 1781/2135/574 1806/2134/574 1782/2133/574
f 1780/2137/574 1804/2138/574 1805/2136/574
f 1780/2137/574 1805/2136/574 1781/2135/574
f 1779/2139/574 1803/2140/574 1804/2138/574
f 1779/2139/574 1804/2138/574 1780/2137/574
f 1778/2141/574 1802/2142/574 1803/2140/574
f 1778/2141/574 1803/2140/574 1779/2139/574
f 1777/2143/574 1801/2144/574 1802/2142/574
f 1777/2143/574 1802/2142/574 1778/2141/574
f 1776/2145/574 1800/2146/574 1801/2144/574
f 1776/2145/574 1801/2144/574 1777/2143/574
f 1775/2147/574 1799/2148/574 1800/2146/574
f 1775/2147/574 1800/2146/574 1776/2145/574
f 1774/2149/574 1798/2150/574 1799/2148/574
f 1774/2149/574 1799/2148/574 1775/2147/574
f 1773/2130/574 1797/2129/574 1798/2150/574
f 1773/2130/574 1798/2150/574 1774/2149/574
f 1712/2151/576 1819/2152/576 1820/2153/576
f 1712/2151/576 1820/2153/576 1701/2154/576
f 1711/2155/575 1818/2156/575 1819/2152/575
f 1711/2155/575 1819/2152/575 1712/2151/575
f 1710/2157/573 1817/2158/573 1818/2156/573
f 1710/2157/573 1818/2156/573 1711/2155/573
f 1709/2159/572 1816/2160/572 1817/2158/572
f 1709/2159/572 1817/2158/572 1710/2157/572
f 1708/2161/571 1815/2162/571 1816/2160/571
f 1708/2161/571 1816/2160/571 1709/2159/571
f 1707/2163/570 1814/2164/570 1815/2162/570
f 1707/2163/570 1815/2162/570 1708/2161/570
f 1706/2165/569 1813/2166/569 1814/2164/569
f 1706/2165/569 1814/2164/569 1707/2163/569
f 1705/2167/568 1812/2168/568 1813/2166/568
f 1705/2167/568 1813/2166/568 1706/2165/568
f 1704/2169/567 1811/2170/567 1812/2168/567
f 1704/2169/567 1812/2168/567 1705/2167/567
f 1703/2171/566 1810/2172/566 1811/2170/566
f 1703/2171/566 1811/2170/566 1704/2169/566
f 1702/2173/565 1809/2174/565 1810/2175/565
f 1702/2173/565 1810/2175/565 1703/2176/565
f 1701/2154/564 1820/2153/564 1809/2174/564
f 1701/2154/564 1809/2174/564 1702/2173/564
f 1823/2177/566 1821/2178/566 1822/2179/566
f 1823/2177/566 1822/2179/566 1824/2180/566
f 1680/2181/581 1691/2182/581 1824/2180/581
f 1680/2181/581 1824/2180/581 1822/2179/581
f 1691/2183/582 1690/2184/582 1823/2185/582
f 1691/2183/582 1823/2185/582 1824/2186/582
f 1690/2184/583 1679/1945/583 1821/1948/583
f 1690/2184/583 1821/1948/583 1823/2185/583
f 1827/2187/566 1825/2188/566 1826/2189/566
f 1827/2187/566 1826/2189/566 1828/2190/566
f 1786/2100/584 1775/2191/584 1825/2192/584
f 1786/2100/584 1825/2192/584 1827/2101/584
f 1775/2191/585 1776/2193/585 1826/2194/585
f 1775/2191/585 1826/2194/585 1825/2192/585
f 1776/2195/586 1787/2196/586 1828/2190/586
f 1776/2195/586 1828/2190/586 1826/2189/586
f 1831/2197/566 1829/2198/566 1830/2026/566
f 1831/2197/566 1830/2026/566 1832/2025/566
f 1726/2199/587 1727/2200/587 1830/2201/587
f 1726/2199/587 1830/2201/587 1829/2202/587
f 1738/2203/588 1726/2199/588 1829/2202/588
f 1738/2203/588 1829/2202/588 1831/2204/588
f 1739/2205/589 1738/2203/589 1831/2204/589
f 1739/2205/589 1831/2204/589 1832/2206/589
f 1678/2207/590 1679/2208/590 1834/2209/590
f 1678/2207/590 1834/2209/590 1833/2210/590
f 1726/2199/591 1738/2203/591 1844/2211/591
f 1726/2199/591 1844/2211/591 1842/2212/591
f 1786/2213/592 1785/2214/592 1839/2215/592
f 1786/2213/592 1839/2215/592 1840/2216/592
f 1835/2217/565 1833/2218/565 1834/2219/565
f 1835/2217/565 1834/2219/565 1836/2220/565
f 1679/1945/593 1690/2184/593 1836/2220/593
f 1679/1945/593 1836/2220/593 1834/2219/593
f 1690/2221/594 1689/2222/594 1835/2223/594
f 1690/2221/594 1835/2223/594 1836/2224/594
f 1689/2222/595 1678/2207/595 1833/2210/595
f 1689/2222/595 1833/2210/595 1835/2223/595
f 1839/2225/565 1837/2226/565 1838/2227/565
f 1839/2225/565 1838/2227/565 1840/2228/565
f 1785/2214/596 1774/2229/596 1837/2230/596
f 1785/2214/596 1837/2230/596 1839/2215/596
f 1774/2229/597 1775/2231/597 1838/2232/597
f 1774/2229/597 1838/2232/597 1837/2230/597
f 1775/2191/598 1786/2100/598 1840/2228/598
f 1775/2191/598 1840/2228/598 1838/2227/598
f 1843/2233/565 1841/2234/565 1842/2212/565
f 1843/2233/565 1842/2212/565 1844/2211/565
f 1725/2235/599 1726/2236/599 1842/2237/599
f 1725/2235/599 1842/2237/599 1841/2238/599
f 1737/2239/600 1725/2235/600 1841/2238/600
f 1737/2239/600 1841/2238/600 1843/2240/600
f 1738/2241/601 1737/2239/601 1843/2240/601
f 1738/2241/601 1843/2240/601 1844/2242/601
f 1677/2243/602 1678/2244/602 1846/2245/602
f 1677/2243/602 1846/2245/602 1845/2246/602
f 1725/2235/603 1737/2239/603 1856/2247/603
f 1725/2235/603 1856/2247/603 1854/2248/603
f 1785/2249/604 1796/2250/604 1851/2251/604
f 1785/2249/604 1851/2251/604 1852/2252/604
f 1847/2253/564 1845/2254/564 1846/2255/564
f 1847/2253/564 1846/2255/564 1848/2256/564
f 1678/2207/605 1689/2222/605 1848/2256/605
f 1678/2207/605 1848/2256/605 1846/2255/605
f 1689/2257/606 1700/2258/606 1847/2259/606
f 1689/2257/606 1847/2259/606 1848/2260/606
f 1700/2258/607 1677/2243/607 1845/2246/607
f 1700/2258/607 1845/2246/607 1847/2259/607
f 1851/2261/564 1849/2262/564 1850/2263/564
f 1851/2261/564 1850/2263/564 1852/2264/564
f 1796/2250/608 1773/2265/608 1849/2266/608
f 1796/2250/608 1849/2266/608 1851/2251/608
f 1773/2265/609 1774/2267/609 1850/2268/609
f 1773/2265/609 1850/2268/609 1849/2266/609
f 1774/2229/610 1785/2214/610 1852/2264/610
f 1774/2229/610 1852/2264/610 1850/2263/610
f 1855/2269/564 1853/2270/564 1854/2248/564
f 1855/2269/564 1854/2248/564 1856/2247/564
f 1736/2271/611 1725/2272/611 1854/2273/611
f 1736/2271/611 1854/2273/611 1853/2274/611
f 1748/2275/612 1736/2271/612 1853/2274/612
f 1748/2275/612 1853/2274/612 1855/2276/612
f 1737/2277/613 1748/2275/613 1855/2276/613
f 1737/2277/613 1855/2276/613 1856/2278/613
f 1688/2279/614 1677/2280/614 1858/2281/614
f 1688/2279/614 1858/2281/614 1857/2282/614
f 1736/2271/615 1748/2275/615 1868/2283/615
f 1736/2271/615 1868/2283/615 1866/2284/615
f 1796/2285/616 1795/2286/616 1863/2287/616
f 1796/2285/616 1863/2287/616 1864/2288/616
f 1859/2289/576 1857/2290/576 1858/2291/576
f 1859/2289/576 1858/2291/576 1860/2292/576
f 1677/2243/617 1700/2258/617 1860/2292/617
f 1677/2243/617 1860/2292/617 1858/2291/617
f 1700/2293/618 1699/2294/618 1859/2295/618
f 1700/2293/618 1859/2295/618 1860/2296/618
f 1699/2294/619 1688/2279/619 1857/2282/619
f 1699/2294/619 1857/2282/619 1859/2295/619
f 1863/2297/576 1861/2298/576 1862/2299/576
f 1863/2297/576 1862/2299/576 1864/2300/576
f 1795/2286/620 1784/2301/620 1861/2302/620
f 1795/2286/620 1861/2302/620 1863/2287/620
f 1784/2301/621 1773/2303/621 1862/2304/621
f 1784/2301/621 1862/2304/621 1861/2302/621
f 1773/2265/622 1796/2250/622 1864/2300/622
f 1773/2265/622 1864/2300/622 1862/2299/622
f 1867/2305/576 1865/2306/576 1866/2284/576
f 1867/2305/576 1866/2284/576 1868/2283/576
f 1735/2307/623 1736/2308/623 1866/2309/623
f 1735/2307/623 1866/2309/623 1865/2310/623
f 1747/2311/624 1735/2307/624 1865/2310/624
f 1747/2311/624 1865/2310/624 1867/2312/624
f 1748/2313/625 1747/2311/625 1867/2312/625
f 1748/2313/625 1867/2312/625 1868/2314/625
f 1687/2315/626 1688/2316/626 1870/2317/626
f 1687/2315/626 1870/2317/626 1869/2318/626
f 1735/2307/627 1747/2311/627 1880/2319/627
f 1735/2307/627 1880/2319/627 1878/2320/627
f 1795/2321/628 1794/2322/628 1875/2323/628
f 1795/2321/628 1875/2323/628 1876/2324/628
f 1871/2325/575 1869/2326/575 1870/2327/575
f 1871/2325/575 1870/2327/575 1872/2328/575
f 1688/2279/629 1699/2294/629 1872/2328/629
f 1688/2279/629 1872/2328/629 1870/2327/629
f 1699/2329/630 1698/2330/630 1871/2331/630
f 1699/2329/630 1871/2331/630 1872/2332/630
f 1698/2330/631 1687/2315/631 1869/2318/631
f 1698/2330/631 1869/2318/631 1871/2331/631
f 1875/2333/575 1873/2334/575 1874/2335/575
f 1875/2333/575 1874/2335/575 1876/2336/575
f 1794/2322/632 1783/2337/632 1873/2338/632
f 1794/2322/632 1873/2338/632 1875/2323/632
f 1783/2337/633 1784/2339/633 1874/2340/633
f 1783/2337/633 1874/2340/633 1873/2338/633
f 1784/2301/634 1795/2286/634 1876/2336/634
f 1784/2301/634 1876/2336/634 1874/2335/634
f 1879/2341/575 1877/2342/575 1878/2320/575
f 1879/2341/575 1878/2320/575 1880/2319/575
f 1734/2343/635 1735/2344/635 1878/2345/635
f 1734/2343/635 1878/2345/635 1877/2346/635
f 1746/2347/636 1734/2343/636 1877/2346/636
f 1746/2347/636 1877/2346/636 1879/2348/636
f 1747/2349/637 1746/2347/637 1879/2348/637
f 1747/2349/637 1879/2348/637 1880/2350/637
f 1686/2351/638 1687/2352/638 1882/2353/638
f 1686/2351/638 1882/2353/638 1881/2354/638
f 1734/2343/639 1746/2347/639 1892/2355/639
f 1734/2343/639 1892/2355/639 1890/2356/639
f 1794/2357/640 1793/2358/640 1887/2359/640
f 1794/2357/640 1887/2359/640 1888/2360/640
f 1883/2361/573 1881/2362/573 1882/2363/573
f 1883/2361/573 1882/2363/573 1884/2364/573
f 1687/2315/641 1698/2330/641 1884/2364/641
f 1687/2315/641 1884/2364/641 1882/2363/641
f 1698/2365/642 1697/2366/642 1883/2367/642
f 1698/2365/642 1883/2367/642 1884/2368/642
f 1697/2366/643 1686/2351/643 1881/2354/643
f 1697/2366/643 1881/2354/643 1883/2367/643
f 1887/2369/573 1885/2370/573 1886/2371/573
f 1887/2369/573 1886/2371/573 1888/2372/573
f 1793/2358/644 1782/2373/644 1885/2374/644
f 1793/2358/644 1885/2374/644 1887/2359/644
f 1782/2373/645 1783/2375/645 1886/2376/645
f 1782/2373/645 1886/2376/645 1885/2374/645
f 1783/2337/646 1794/2322/646 1888/2372/646
f 1783/2337/646 1888/2372/646 1886/2371/646
f 1891/2377/573 1889/2378/573 1890/2356/573
f 1891/2377/573 1890/2356/573 1892/2355/573
f 1733/2379/647 1734/2380/647 1890/2381/647
f 1733/2379/647 1890/2381/647 1889/2382/647
f 1745/2383/648 1733/2379/648 1889/2382/648
f 1745/2383/648 1889/2382/648 1891/2384/648
f 1746/2385/649 1745/2383/649 1891/2384/649
f 1746/2385/649 1891/2384/649 1892/2386/649
f 1685/2387/650 1686/2388/650 1894/2389/650
f 1685/2387/650 1894/2389/650 1893/2390/650
f 1733/2379/651 1745/2383/651 1904/2391/651
f 1733/2379/651 1904/2391/651 1902/2392/651
f 1793/2393/652 1792/2394/652 1899/2395/652
f 1793/2393/652 1899/2395/652 1900/2396/652
f 1895/2397/572 1893/2398/572 1894/2399/572
f 1895/2397/572 1894/2399/572 1896/2400/572
f 1686/2351/653 1697/2366/653 1896/2400/653
f 1686/2351/653 1896/2400/653 1894/2399/653
f 1697/2401/654 1696/2402/654 1895/2403/654
f 1697/2401/654 1895/2403/654 1896/2404/654
f 1696/2402/655 1685/2387/655 1893/2390/655
f 1696/2402/655 1893/2390/655 1895/2403/655
f 1899/2405/572 1897/2406/572 1898/2407/572
f 1899/2405/572 1898/2407/572 1900/2408/572
f 1792/2394/656 1781/2409/656 1897/2410/656
f 1792/2394/656 1897/2410/656 1899/2395/656
f 1781/2409/657 1782/2411/657 1898/2412/657
f 1781/2409/657 1898/2412/657 1897/2410/657
f 1782/2373/658 1793/2358/658 1900/2408/658
f 1782/2373/658 1900/2408/658 1898/2407/658
f 1903/2413/572 1901/2414/572 1902/2392/572
f 1903/2413/572 1902/2392/572 1904/2391/572
f 1732/2415/659 1733/2416/659 1902/2417/659
f 1732/2415/659 1902/2417/659 1901/2418/659
f 1744/2419/660 1732/2415/660 1901/2418/660
f 1744/2419/660 1901/2418/660 1903/2420/660
f 1745/2421/661 1744/2419/661 1903/2420/661
f 1745/2421/661 1903/2420/661 1904/2422/661
f 1684/2423/662 1685/2424/662 1906/2425/662
f 1684/2423/662 1906/2425/662 1905/2426/662
f 1732/2415/663 1744/2419/663 1916/2427/663
f 1732/2415/663 1916/2427/663 1914/2428/663
f 1792/2429/664 1791/2430/664 1911/2431/664
f 1792/2429/664 1911/2431/664 1912/2432/664
f 1907/2433/571 1905/2434/571 1906/2435/571
f 1907/2433/571 1906/2435/571 1908/2436/571
f 1685/2387/665 1696/2402/665 1908/2436/665
f 1685/2387/665 1908/2436/665 1906/2435/665
f 1696/2437/666 1695/2438/666 1907/2439/666
f 1696/2437/666 1907/2439/666 1908/2440/666
f 1695/2438/667 1684/2423/667 1905/2426/667
f 1695/2438/667 1905/2426/667 1907/2439/667
f 1911/2441/571 1909/2442/571 1910/2443/571
f 1911/2441/571 1910/2443/571 1912/2444/571
f 1791/2430/668 1780/2445/668 1909/2446/668
f 1791/2430/668 1909/2446/668 1911/2431/668
f 1780/2445/669 1781/2447/669 1910/2448/669
f 1780/2445/669 1910/2448/669 1909/2446/669
f 1781/2409/670 1792/2394/670 1912/2444/670
f 1781/2409/670 1912/2444/670 1910/2443/670
f 1915/2449/571 1913/2450/571 1914/2428/571
f 1915/2449/571 1914/2428/571 1916/2427/571
f 1731/2451/671 1732/2452/671 1914/2453/671
f 1731/2451/671 1914/2453/671 1913/2454/671
f 1743/2455/672 1731/2451/672 1913/2454/672
f 1743/2455/672 1913/2454/672 1915/2456/672
f 1744/2457/673 1743/2455/673 1915/2456/673
f 1744/2457/673 1915/2456/673 1916/2458/673
f 1683/2459/674 1684/2460/674 1918/2461/674
f 1683/2459/674 1918/2461/674 1917/2462/674
f 1731/2451/675 1743/2455/675 1928/2463/675
f 1731/2451/675 1928/2463/675 1926/2464/675
f 1791/2465/676 1790/2466/676 1923/2467/676
f 1791/2465/676 1923/2467/676 1924/2468/676
f 1919/2469/570 1917/2470/570 1918/2471/570
f 1919/2469/570 1918/2471/570 1920/2472/570
f 1684/2423/677 1695/2438/677 1920/2472/677
f 1684/2423/677 1920/2472/677 1918/2471/677
f 1695/2473/678 1694/2474/678 1919/2475/678
f 1695/2473/678 1919/2475/678 1920/2476/678
f 1694/2474/679 1683/2459/679 1917/2462/679
f 1694/2474/679 1917/2462/679 1919/2475/679
f 1923/2477/570 1921/2478/570 1922/2479/570
f 1923/2477/570 1922/2479/570 1924/2480/570
f 1790/2466/680 1779/2481/680 1921/2482/680
f 1790/2466/680 1921/2482/680 1923/2467/680
f 1779/2481/681 1780/2483/681 1922/2484/681
f 1779/2481/681 1922/2484/681 1921/2482/681
f 1780/2445/682 1791/2430/682 1924/2480/682
f 1780/2445/682 1924/2480/682 1922/2479/682
f 1927/2485/570 1925/2486/570 1926/2464/570
f 1927/2485/570 1926/2464/570 1928/2463/570
f 1730/2487/683 1731/2488/683 1926/2489/683
f 1730/2487/683 1926/2489/683 1925/2490/683
f 1742/2491/684 1730/2487/684 1925/2490/684
f 1742/2491/684 1925/2490/684 1927/2492/684
f 1743/2493/685 1742/2491/685 1927/2492/685
f 1743/2493/685 1927/2492/685 1928/2494/685
f 1682/2495/686 1683/2496/686 1930/2497/686
f 1682/2495/686 1930/2497/686 1929/2498/686
f 1730/2487/687 1742/2491/687 1940/2499/687
f 1730/2487/687 1940/2499/687 1938/2500/687
f 1790/2501/688 1789/2502/688 1935/2503/688
f 1790/2501/688 1935/2503/688 1936/2504/688
f 1931/2505/569 1929/2506/569 1930/2507/569
f 1931/2505/569 1930/2507/569 1932/2508/569
f 1683/2459/689 1694/2474/689 1932/2508/689
f 1683/2459/689 1932/2508/689 1930/2507/689
f 1694/2509/690 1693/2510/690 1931/2511/690
f 1694/2509/690 1931/2511/690 1932/2512/690
f 1693/2510/691 1682/2495/691 1929/2498/691
f 1693/2510/691 1929/2498/691 1931/2511/691
f 1935/2513/569 1933/2514/569 1934/2515/569
f 1935/2513/569 1934/2515/569 1936/2516/569
f 1789/2502/692 1778/2517/692 1933/2518/692
f 1789/2502/692 1933/2518/692 1935/2503/692
f 1778/2517/693 1779/2519/693 1934/2520/693
f 1778/2517/693 1934/2520/693 1933/2518/693
f 1779/2481/694 1790/2466/694 1936/2516/694
f 1779/2481/694 1936/2516/694 1934/2515/694
f 1939/2521/569 1937/2522/569 1938/2500/569
f 1939/2521/569 1938/2500/569 1940/2499/569
f 1729/2523/695 1730/2524/695 1938/2525/695
f 1729/2523/695 1938/2525/695 1937/2526/695
f 1741/2527/696 1729/2523/696 1937/2526/696
f 1741/2527/696 1937/2526/696 1939/2528/696
f 1742/2529/697 1741/2527/697 1939/2528/697
f 1742/2529/697 1939/2528/697 1940/2530/697
f 1681/2531/698 1682/2532/698 1942/2533/698
f 1681/2531/698 1942/2533/698 1941/2534/698
f 1729/2523/699 1741/2527/699 1952/2535/699
f 1729/2523/699 1952/2535/699 1950/2536/699
f 1789/2537/700 1788/2538/700 1947/2539/700
f 1789/2537/700 1947/2539/700 1948/2540/700
f 1943/2541/568 1941/2542/568 1942/2543/568
f 1943/2541/568 1942/2543/568 1944/2544/568
f 1682/2495/701 1693/2510/701 1944/2544/701
f 1682/2495/701 1944/2544/701 1942/2543/701
f 1693/2545/702 1692/2546/702 1943/2547/702
f 1693/2545/702 1943/2547/702 1944/2548/702
f 1692/2546/703 1681/2531/703 1941/2534/703
f 1692/2546/703 1941/2534/703 1943/2547/703
f 1947/2549/568 1945/2550/568 1946/2551/568
f 1947/2549/568 1946/2551/568 1948/2552/568
f 1788/2538/704 1777/2553/704 1945/2554/704
f 1788/2538/704 1945/2554/704 1947/2539/704
f 1777/2553/705 1778/2555/705 1946/2556/705
f 1777/2553/705 1946/2556/705 1945/2554/705
f 1778/2517/706 1789/2502/706 1948/2552/706
f 1778/2517/706 1948/2552/706 1946/2551/706
f 1951/2557/568 1949/2558/568 1950/2536/568
f 1951/2557/568 1950/2536/568 1952/2535/568
f 1728/2559/707 1729/2560/707 1950/2561/707
f 1728/2559/707 1950/2561/707 1949/2562/707
f 1740/2563/708 1728/2559/708 1949/2562/708
f 1740/2563/708 1949/2562/708 1951/2564/708
f 1741/2565/709 1740/2563/709 1951/2564/709
f 1741/2565/709 1951/2564/709 1952/2566/709
f 1680/2181/710 1681/2567/710 1954/2568/710
f 1680/2181/710 1954/2568/710 1953/2569/710
f 1728/2559/711 1740/2563/711 1964/2570/711
f 1728/2559/711 1964/2570/711 1962/2571/711
f 1788/2572/712 1787/2196/712 1959/2573/712
f 1788/2572/712 1959/2573/712 1960/2574/712
f 1955/2575/567 1953/2576/567 1954/2577/567
f 1955/2575/567 1954/2577/567 1956/2578/567
f 1681/2531/713 1692/2546/713 1956/2578/713
f 1681/2531/713 1956/2578/713 1954/2577/713
f 1692/2579/714 1691/2182/714 1955/2580/714
f 1692/2579/714 1955/2580/714 1956/2581/714
f 1691/2182/715 1680/2181/715 1953/2569/715
f 1691/2182/715 1953/2569/715 1955/2580/715
f 1959/2582/567 1957/2583/567 1958/2584/567
f 1959/2582/567 1958/2584/567 1960/2585/567
f 1787/2196/716 1776/2195/716 1957/2586/716
f 1787/2196/716 1957/2586/716 1959/2573/716
f 1776/2195/717 1777/2587/717 1958/2588/717
f 1776/2195/717 1958/2588/717 1957/2586/717
f 1777/2553/718 1788/2538/718 1960/2585/718
f 1777/2553/718 1960/2585/718 1958/2584/718
f 1963/2589/567 1961/2590/567 1962/2571/567
f 1963/2589/567 1962/2571/567 1964/2570/567
f 1727/2023/719 1728/2591/719 1962/2592/719
f 1727/2023/719 1962/2592/719 1961/2593/719
f 1739/2024/720 1727/2023/720 1961/2593/720
f 1739/2024/720 1961/2593/720 1963/2594/720
f 1740/2595/721 1739/2024/721 1963/2594/721
f 1740/2595/721 1963/2594/721 1964/2596/721

o mech1
v 0.877014 0.907239 1.520275
v 1.842177 0.907239 1.520275
v 0.877014 0.929007 1.567503
v 1.842177 0.929007 1.567503
v 1.241158 0.511189 1.588297
v 1.241158 0.620028 1.824436
v 1.313013 0.907239 1.520275
v 1.313013 0.929007 1.567503
v 1.313013 0.511189 1.588297
v 1.313013 0.620028 1.824436
v 1.241158 0.907239 1.520275
v 1.241158 0.929007 1.567503
v 1.289346 0.4558 1.708125
v 1.264825 0.4558 1.708125
v 1.289346 0.492943 1.788713
v 1.264825 0.492943 1.788713
v 0.877014 0.912002 1.468491
v 1.842177 0.912002 1.468491
v 1.241158 0.535002 1.329374
v 1.313013 0.912002 1.468491
v 1.313013 0.535002 1.329374
v 1.241158 0.912002 1.468491
v 1.289346 0.427119 1.405454
v 1.264825 0.427119 1.405454
v 1.289346 0.418992 1.493816
v 1.264825 0.418992 1.493816
v 0.877014 0.942018 1.426025
v 1.842177 0.942018 1.426025
v 1.241158 0.685085 1.117047
v 1.313013 0.942018 1.426025
v 1.313013 0.685085 1.117047
v 1.241158 0.942018 1.426025
v 1.289346 0.553616 1.128992
v 1.264825 0.553616 1.128992
v 1.289346 0.502397 1.201453
v 1.264825 0.502397 1.201453
v 0.877014 0.989246 1.404258
v 1.842177 0.989246 1.404257
v 1.241158 0.921225 1.008208
v 1.313013 0.989246 1.404258
v 1.313013 0.921225 1.008208
v 1.241158 0.989246 1.404258
v 1.289346 0.801396 0.952818
v 1.264824 0.801396 0.952818
v 1.289346 0.720809 0.989961
v 1.264825 0.720809 0.989961
v 0.877014 1.041031 1.40902
v 1.842177 1.041031 1.40902
v 1.241158 1.180147 1.03202
v 1.313013 1.041031 1.40902
v 1.313013 1.180147 1.03202
v 1.241158 1.041031 1.40902
v 1.289346 1.104068 0.924137
v 1.264824 1.104068 0.924137
v 1.289346 1.015705 0.916011
v 1.264824 1.015705 0.916011
v 0.877014 1.083496 1.439037
v 1.842177 1.083496 1.439037
v 1.241158 1.392475 1.182104
v 1.313013 1.083496 1.439037
v 1.313012 1.392475 1.182104
v 1.241158 1.083496 1.439037
v 1.289346 1.380529 1.050634
v 1.264824 1.380529 1.050634
v 1.289346 1.308068 0.999415
v 1.264824 1.308068 0.999415
v 0.877014 1.105264 1.486265
v 1.842177 1.105264 1.486265
v 1.241158 1.501314 1.418244
v 1.313013 1.105264 1.486265
v 1.313012 1.501314 1.418244
v 1.241158 1.105264 1.486265
v 1.289346 1.556703 1.298415
v 1.264824 1.556703 1.298415
v 1.289346 1.51956 1.217828
v 1.264824 1.51956 1.217828
v 0.877014 1.100501 1.538049
v 1.842176 1.100502 1.538049
v 1.241158 1.477501 1.677166
v 1.313013 1.100502 1.538049
v 1.313012 1.477501 1.677166
v 1.241158 1.100502 1.538049
v 1.289346 1.585384 1.601087
v 1.264824 1.585384 1.601087
v 1.289346 1.593511 1.512724
v 1.264824 1.593511 1.512724
v 0.877014 1.070485 1.580515
v 1.842176 1.070485 1.580515
v 1.241158 1.327418 1.889493
v 1.313013 1.070485 1.580515
v 1.313013 1.327418 1.889493
v 1.241158 1.070485 1.580515
v 1.289346 1.458887 1.877548
v 1.264824 1.458887 1.877548
v 1.289346 1.510106 1.805087
v 1.264824 1.510106 1.805087
v 0.877014 1.023257 1.602282
v 1.842176 1.023257 1.602282
v 1.241158 1.091278 1.998333
v 1.313013 1.023257 1.602282
v 1.313013 1.091278 1.998333
v 1.241158 1.023257 1.602282
v 1.289346 1.211106 2.053722
v 1.264824 1.211106 2.053722
v 1.289346 1.291693 2.016579
v 1.264824 1.291693 2.016579
v 0.877014 0.971472 1.59752
v 1.842176 0.971473 1.59752
v 1.241158 0.832355 1.97452
v 1.313013 0.971472 1.59752
v 1.313013 0.832355 1.97452
v 1.241158 0.971472 1.59752
v 1.289346 0.908435 2.082403
v 1.264825 0.908435 2.082403
v 1.289346 0.996797 2.09053
v 1.264825 0.996797 2.09053
v 1.289346 0.631973 1.955905
v 1.264825 0.631973 1.955905
v 1.289346 0.704434 2.007124
v 1.264825 0.704434 2.007124
vt 0.225 0.598982
vt 0.024952 0.598982
vt 0.024952 0.579323
vt 0.225 0.579323
vt 0.245062 0.198548
vt 0.391803 0.159229
vt 0.391803 0.257526
vt 0.245062 0.218207
vt 0.490856 0.074101
vt 0.598277 0.181522
vt 0.588447 0.198548
vt 0.441707 0.159229
vt 0.858462 0.122458
vt 0.870912 0.024952
vt 0.905516 0.062009
vt 0.901267 0.095285
vt 0.274904 0.520345
vt 0.412567 0.520345
vt 0.412567 0.540004
vt 0.274904 0.540004
vt 0.907538 0.102112
vt 0.925971 0.072591
vt 0.932243 0.079418
vt 0.956671 0.03224
vt 0.975048 0.052245
vt 0.975048 0.138313
vt 0.876838 0.142462
vt 0.941054 0.100696
vt 0.225 0.618642
vt 0.024952 0.618642
vt 0.342654 0.342654
vt 0.235233 0.235233
vt 0.588447 0.218207
vt 0.441707 0.257526
vt 0.480848 0.776536
vt 0.579057 0.780685
vt 0.545064 0.818303
vt 0.511548 0.816887
vt 0.274904 0.500685
vt 0.412567 0.500685
vt 0.505276 0.823714
vt 0.536252 0.839581
vt 0.529981 0.846408
vt 0.579057 0.866754
vt 0.560681 0.886758
vt 0.474921 0.894047
vt 0.462471 0.796541
vt 0.509525 0.85699
vt 0.225 0.638301
vt 0.024952 0.638301
vt 0.257526 0.391803
vt 0.218207 0.245062
vt 0.598277 0.235233
vt 0.490855 0.342654
vt 0.462471 0.706627
vt 0.474922 0.609122
vt 0.509525 0.646179
vt 0.505276 0.679454
vt 0.274904 0.481026
vt 0.412567 0.481026
vt 0.511548 0.686281
vt 0.529981 0.656761
vt 0.536252 0.663588
vt 0.560681 0.61641
vt 0.579057 0.636415
vt 0.579057 0.722483
vt 0.480848 0.726632
vt 0.545064 0.684866
vt 0.225 0.657961
vt 0.024952 0.657961
vt 0.159229 0.391803
vt 0.198548 0.245062
vt 0.615302 0.245062
vt 0.575983 0.391803
vt 0.123162 0.845035
vt 0.024952 0.840886
vt 0.058946 0.803268
vt 0.092462 0.804684
vt 0.274904 0.461366
vt 0.412567 0.461366
vt 0.098733 0.797857
vt 0.067757 0.78199
vt 0.074029 0.775163
vt 0.024952 0.754817
vt 0.043329 0.734813
vt 0.129088 0.727525
vt 0.141539 0.82503
vt 0.094484 0.764582
vt 0.225 0.67762
vt 0.024952 0.67762
vt 0.074101 0.342654
vt 0.181522 0.235233
vt 0.634962 0.245062
vt 0.674281 0.391803
vt 0.813829 0.441707
vt 0.912039 0.445856
vt 0.878045 0.483473
vt 0.844529 0.482057
vt 0.274904 0.441707
vt 0.412567 0.441707
vt 0.838258 0.488884
vt 0.869233 0.504751
vt 0.862962 0.511578
vt 0.912039 0.531924
vt 0.893662 0.551929
vt 0.807903 0.559217
vt 0.795452 0.461712
vt 0.842507 0.52216
vt 0.225 0.461366
vt 0.024952 0.461366
vt 0.024952 0.441707
vt 0.225 0.441707
vt 0.024952 0.257526
vt 0.171692 0.218207
vt 0.651987 0.235233
vt 0.759409 0.342654
vt 0.628962 0.539212
vt 0.641412 0.441707
vt 0.676016 0.478764
vt 0.671767 0.51204
vt 0.274904 0.657961
vt 0.412567 0.657961
vt 0.412567 0.67762
vt 0.274904 0.67762
vt 0.678038 0.518867
vt 0.696471 0.489346
vt 0.702743 0.496173
vt 0.727171 0.448995
vt 0.745548 0.469
vt 0.745548 0.555068
vt 0.647338 0.559217
vt 0.711554 0.517451
vt 0.225 0.481026
vt 0.024952 0.481026
vt 0.024952 0.159229
vt 0.171692 0.198548
vt 0.661817 0.218207
vt 0.808557 0.257526
vt 0.628962 0.706627
vt 0.641412 0.609122
vt 0.676016 0.646179
vt 0.671767 0.679455
vt 0.274904 0.638301
vt 0.412567 0.638301
vt 0.678038 0.686282
vt 0.696471 0.656761
vt 0.702743 0.663588
vt 0.727171 0.61641
vt 0.745548 0.636415
vt 0.745548 0.722483
vt 0.647338 0.726632
vt 0.711554 0.684866
vt 0.225 0.500685
vt 0.024952 0.500685
vt 0.074101 0.074101
vt 0.181522 0.181522
vt 0.661817 0.198548
vt 0.808557 0.159229
vt 0.20982 0.727525
vt 0.308029 0.731673
vt 0.274036 0.769291
vt 0.24052 0.767875
vt 0.274904 0.618642
vt 0.412567 0.618642
vt 0.234248 0.774702
vt 0.265224 0.790569
vt 0.258953 0.797396
vt 0.308029 0.817742
vt 0.289653 0.837746
vt 0.203894 0.845035
vt 0.191443 0.747529
vt 0.238497 0.807978
vt 0.225 0.520345
vt 0.024952 0.520345
vt 0.159229 0.024952
vt 0.198548 0.171692
vt 0.651987 0.181522
vt 0.759408 0.074101
vt 0.647338 0.776536
vt 0.745548 0.780685
vt 0.711554 0.818302
vt 0.678038 0.816887
vt 0.274904 0.598982
vt 0.412567 0.598982
vt 0.671767 0.823714
vt 0.702743 0.839581
vt 0.696471 0.846407
vt 0.745548 0.866753
vt 0.727171 0.886758
vt 0.641412 0.894046
vt 0.628962 0.796541
vt 0.676016 0.856989
vt 0.225 0.540004
vt 0.024952 0.540004
vt 0.257526 0.024952
vt 0.218207 0.171692
vt 0.634962 0.171692
vt 0.674281 0.024952
vt 0.813829 0.609122
vt 0.912039 0.613271
vt 0.878045 0.650888
vt 0.844529 0.649472
vt 0.274904 0.579323
vt 0.412567 0.579323
vt 0.838258 0.656299
vt 0.869234 0.672166
vt 0.862962 0.678993
vt 0.912039 0.699339
vt 0.893662 0.719343
vt 0.807903 0.726632
vt 0.795452 0.629126
vt 0.842507 0.689575
vt 0.225 0.559664
vt 0.024952 0.559664
vt 0.342654 0.074101
vt 0.235233 0.181522
vt 0.615302 0.171692
vt 0.575983 0.024952
vt 0.560681 0.559217
vt 0.462471 0.555068
vt 0.496465 0.517451
vt 0.529981 0.518867
vt 0.274904 0.559664
vt 0.412567 0.559664
vt 0.536252 0.51204
vt 0.505276 0.496173
vt 0.511548 0.489346
vt 0.462471 0.469
vt 0.480848 0.448995
vt 0.566607 0.441707
vt 0.579057 0.539213
vt 0.532003 0.478764
vt 0.893662 0.894046
vt 0.795452 0.889898
vt 0.829446 0.85228
vt 0.862962 0.853696
vt 0.869234 0.846869
vt 0.838258 0.831002
vt 0.844529 0.824175
vt 0.795452 0.803829
vt 0.813829 0.783824
vt 0.899588 0.776536
vt 0.912039 0.874042
vt 0.864985 0.813593
vn 0 -0.9082 0.4186
vn 1 0 0
vn -1 0 0
vn 0.9734 -0.2082 0.096
vn 0 -0.2706 0.9627
vn -0.9734 -0.2082 0.096
vn 0 -0.9077 -0.4196
vn 0 -0.9958 -0.0916
vn 0.9734 -0.2283 -0.021
vn 0 -0.7157 0.6984
vn -0.9734 -0.2283 -0.021
vn 0 -0.5763 -0.8172
vn 0 -0.8166 -0.5772
vn 0.9734 -0.1872 -0.1324
vn 0 -0.969 0.247
vn -0.9734 -0.1872 -0.1324
vn 0 -0.0905 -0.9959
vn 0 -0.4186 -0.9082
vn 0.9734 -0.096 -0.2082
vn 0 -0.9627 -0.2706
vn -0.9734 -0.096 -0.2082
vn 0 0.4196 -0.9077
vn 0 0.0916 -0.9958
vn 0.9734 0.021 -0.2283
vn 0 -0.6984 -0.7157
vn -0.9734 0.021 -0.2283
vn 0 0.8172 -0.5763
vn 0 0.5772 -0.8166
vn 0.9734 0.1324 -0.1872
vn 0 -0.247 -0.969
vn -0.9734 0.1324 -0.1872
vn 0 0.9959 -0.0905
vn 0 0.9082 -0.4186
vn 0.9734 0.2082 -0.096
vn 0 0.2706 -0.9627
vn -0.9734 0.2082 -0.096
vn 0 0.9077 0.4196
vn 0 0.9958 0.0916
vn 0.9734 0.2283 0.021
vn 0 0.7157 -0.6984
vn -0.9734 0.2283 0.021
vn 0 0.5763 0.8172
vn 0 0.8166 0.5772
vn 0.9734 0.1872 0.1324
vn 0 0.969 -0.247
vn -0.9734 0.1872 0.1324
vn 0 0.0905 0.9959
vn 0 0.4186 0.9082
vn 0.9734 0.096 0.2082
vn 0 0.9627 0.2706
vn -0.9734 0.096 0.2082
vn 0 -0.4196 0.9077
vn 0 -0.0916 0.9958
vn 0.9734 -0.021 0.2283
vn 0 0.6984 0.7157
vn -0.9734 -0.021 0.2283
vn 0 -0.8172 0.5763
vn 0 -0.5772 0.8166
vn 0.9734 -0.1324 0.1872
vn 0 0.247 0.969
vn -0.9734 -0.1324 0.1872
vn 0 -0.9959 0.0905
s off
usemtl Material.004
f 1971/2597/722 1966/2598/722 1968/2599/722
f 1971/2597/722 1968/2599/722 1972/2600/722
f 1972/2601/723 1974/2602/723 1973/2603/723
f 1972/2601/723 1973/2603/723 1971/2604/723
f 1970/2605/724 1976/2606/724 1975/2607/724
f 1970/2605/724 1975/2607/724 1969/2608/724
f 1973/2609/725 1974/2610/725 1979/2611/725
f 1973/2609/725 1979/2611/725 1977/2612/725
f 1965/2613/722 1975/2614/722 1976/2615/722
f 1965/2613/722 1976/2615/722 1967/2616/722
f 1978/2617/722 1977/2612/722 1979/2618/722
f 1978/2617/722 1979/2618/722 1980/2619/722
f 1974/2620/726 1970/2621/726 1980/2619/726
f 1974/2620/726 1980/2619/726 1979/2618/726
f 1970/2622/727 1969/2623/727 1978/2617/727
f 1970/2622/727 1978/2617/727 1980/2624/727
f 1969/2623/728 1973/2609/728 1977/2612/728
f 1969/2623/728 1977/2612/728 1978/2617/728
f 1984/2625/729 1982/2626/729 1966/2598/729
f 1984/2625/729 1966/2598/729 1971/2597/729
f 1971/2604/723 1973/2603/723 1985/2627/723
f 1971/2604/723 1985/2627/723 1984/2628/723
f 1969/2608/724 1975/2607/724 1986/2629/724
f 1969/2608/724 1986/2629/724 1983/2630/724
f 1985/2631/730 1973/2632/730 1989/2633/730
f 1985/2631/730 1989/2633/730 1987/2634/730
f 1981/2635/729 1986/2636/729 1975/2614/729
f 1981/2635/729 1975/2614/729 1965/2613/729
f 1988/2637/729 1987/2634/729 1989/2638/729
f 1988/2637/729 1989/2638/729 1990/2639/729
f 1973/2640/731 1969/2641/731 1990/2639/731
f 1973/2640/731 1990/2639/731 1989/2638/731
f 1969/2642/732 1983/2643/732 1988/2637/732
f 1969/2642/732 1988/2637/732 1990/2644/732
f 1983/2643/733 1985/2631/733 1987/2634/733
f 1983/2643/733 1987/2634/733 1988/2637/733
f 1994/2645/734 1992/2646/734 1982/2626/734
f 1994/2645/734 1982/2626/734 1984/2625/734
f 1984/2628/723 1985/2627/723 1995/2647/723
f 1984/2628/723 1995/2647/723 1994/2648/723
f 1983/2630/724 1986/2629/724 1996/2649/724
f 1983/2630/724 1996/2649/724 1993/2650/724
f 1995/2651/735 1985/2652/735 1999/2653/735
f 1995/2651/735 1999/2653/735 1997/2654/735
f 1991/2655/734 1996/2656/734 1986/2636/734
f 1991/2655/734 1986/2636/734 1981/2635/734
f 1998/2657/734 1997/2654/734 1999/2658/734
f 1998/2657/734 1999/2658/734 2000/2659/734
f 1985/2660/736 1983/2661/736 2000/2659/736
f 1985/2660/736 2000/2659/736 1999/2658/736
f 1983/2662/737 1993/2663/737 1998/2657/737
f 1983/2662/737 1998/2657/737 2000/2664/737
f 1993/2663/738 1995/2651/738 1997/2654/738
f 1993/2663/738 1997/2654/738 1998/2657/738
f 2004/2665/739 2002/2666/739 1992/2646/739
f 2004/2665/739 1992/2646/739 1994/2645/739
f 1994/2648/723 1995/2647/723 2005/2667/723
f 1994/2648/723 2005/2667/723 2004/2668/723
f 1993/2650/724 1996/2649/724 2006/2669/724
f 1993/2650/724 2006/2669/724 2003/2670/724
f 2005/2671/740 1995/2672/740 2009/2673/740
f 2005/2671/740 2009/2673/740 2007/2674/740
f 2001/2675/739 2006/2676/739 1996/2656/739
f 2001/2675/739 1996/2656/739 1991/2655/739
f 2008/2677/739 2007/2674/739 2009/2678/739
f 2008/2677/739 2009/2678/739 2010/2679/739
f 1995/2680/741 1993/2681/741 2010/2679/741
f 1995/2680/741 2010/2679/741 2009/2678/741
f 1993/2682/742 2003/2683/742 2008/2677/742
f 1993/2682/742 2008/2677/742 2010/2684/742
f 2003/2683/743 2005/2671/743 2007/2674/743
f 2003/2683/743 2007/2674/743 2008/2677/743
f 2014/2685/744 2012/2686/744 2002/2666/744
f 2014/2685/744 2002/2666/744 2004/2665/744
f 2004/2668/723 2005/2667/723 2015/2687/723
f 2004/2668/723 2015/2687/723 2014/2688/723
f 2003/2670/724 2006/2669/724 2016/2689/724
f 2003/2670/724 2016/2689/724 2013/2690/724
f 2015/2691/745 2005/2692/745 2019/2693/745
f 2015/2691/745 2019/2693/745 2017/2694/745
f 2011/2695/744 2016/2696/744 2006/2676/744
f 2011/2695/744 2006/2676/744 2001/2675/744
f 2018/2697/744 2017/2694/744 2019/2698/744
f 2018/2697/744 2019/2698/744 2020/2699/744
f 2005/2700/746 2003/2701/746 2020/2699/746
f 2005/2700/746 2020/2699/746 2019/2698/746
f 2003/2702/747 2013/2703/747 2018/2697/747
f 2003/2702/747 2018/2697/747 2020/2704/747
f 2013/2703/748 2015/2691/748 2017/2694/748
f 2013/2703/748 2017/2694/748 2018/2697/748
f 2024/2705/749 2022/2706/749 2012/2707/749
f 2024/2705/749 2012/2707/749 2014/2708/749
f 2014/2688/723 2015/2687/723 2025/2709/723
f 2014/2688/723 2025/2709/723 2024/2710/723
f 2013/2690/724 2016/2689/724 2026/2711/724
f 2013/2690/724 2026/2711/724 2023/2712/724
f 2025/2713/750 2015/2714/750 2029/2715/750
f 2025/2713/750 2029/2715/750 2027/2716/750
f 2021/2717/749 2026/2718/749 2016/2719/749
f 2021/2717/749 2016/2719/749 2011/2720/749
f 2028/2721/749 2027/2716/749 2029/2722/749
f 2028/2721/749 2029/2722/749 2030/2723/749
f 2015/2724/751 2013/2725/751 2030/2723/751
f 2015/2724/751 2030/2723/751 2029/2722/751
f 2013/2726/752 2023/2727/752 2028/2721/752
f 2013/2726/752 2028/2721/752 2030/2728/752
f 2023/2727/753 2025/2713/753 2027/2716/753
f 2023/2727/753 2027/2716/753 2028/2721/753
f 2034/2729/754 2032/2730/754 2022/2706/754
f 2034/2729/754 2022/2706/754 2024/2705/754
f 2024/2710/723 2025/2709/723 2035/2731/723
f 2024/2710/723 2035/2731/723 2034/2732/723
f 2023/2712/724 2026/2711/724 2036/2733/724
f 2023/2712/724 2036/2733/724 2033/2734/724
f 2035/2735/755 2025/2736/755 2039/2737/755
f 2035/2735/755 2039/2737/755 2037/2738/755
f 2031/2739/754 2036/2740/754 2026/2718/754
f 2031/2739/754 2026/2718/754 2021/2717/754
f 2038/2741/754 2037/2738/754 2039/2742/754
f 2038/2741/754 2039/2742/754 2040/2743/754
f 2025/2744/756 2023/2745/756 2040/2743/756
f 2025/2744/756 2040/2743/756 2039/2742/756
f 2023/2746/757 2033/2747/757 2038/2741/757
f 2023/2746/757 2038/2741/757 2040/2748/757
f 2033/2747/758 2035/2735/758 2037/2738/758
f 2033/2747/758 2037/2738/758 2038/2741/758
f 2044/2749/759 2042/2750/759 2032/2730/759
f 2044/2749/759 2032/2730/759 2034/2729/759
f 2034/2732/723 2035/2731/723 2045/2751/723
f 2034/2732/723 2045/2751/723 2044/2752/723
f 2033/2734/724 2036/2733/724 2046/2753/724
f 2033/2734/724 2046/2753/724 2043/2754/724
f 2045/2755/760 2035/2756/760 2049/2757/760
f 2045/2755/760 2049/2757/760 2047/2758/760
f 2041/2759/759 2046/2760/759 2036/2740/759
f 2041/2759/759 2036/2740/759 2031/2739/759
f 2048/2761/759 2047/2758/759 2049/2762/759
f 2048/2761/759 2049/2762/759 2050/2763/759
f 2035/2764/761 2033/2765/761 2050/2763/761
f 2035/2764/761 2050/2763/761 2049/2762/761
f 2033/2766/762 2043/2767/762 2048/2761/762
f 2033/2766/762 2048/2761/762 2050/2768/762
f 2043/2767/763 2045/2755/763 2047/2758/763
f 2043/2767/763 2047/2758/763 2048/2761/763
f 2054/2769/764 2052/2770/764 2042/2750/764
f 2054/2769/764 2042/2750/764 2044/2749/764
f 2044/2752/723 2045/2751/723 2055/2771/723
f 2044/2752/723 2055/2771/723 2054/2772/723
f 2043/2754/724 2046/2753/724 2056/2773/724
f 2043/2754/724 2056/2773/724 2053/2774/724
f 2055/2775/765 2045/2776/765 2059/2777/765
f 2055/2775/765 2059/2777/765 2057/2778/765
f 2051/2779/764 2056/2780/764 2046/2760/764
f 2051/2779/764 2046/2760/764 2041/2759/764
f 2058/2781/764 2057/2778/764 2059/2782/764
f 2058/2781/764 2059/2782/764 2060/2783/764
f 2045/2784/766 2043/2785/766 2060/2783/766
f 2045/2784/766 2060/2783/766 2059/2782/766
f 2043/2786/767 2053/2787/767 2058/2781/767
f 2043/2786/767 2058/2781/767 2060/2788/767
f 2053/2787/768 2055/2775/768 2057/2778/768
f 2053/2787/768 2057/2778/768 2058/2781/768
f 2064/2789/769 2062/2790/769 2052/2770/769
f 2064/2789/769 2052/2770/769 2054/2769/769
f 2054/2772/723 2055/2771/723 2065/2791/723
f 2054/2772/723 2065/2791/723 2064/2792/723
f 2053/2774/724 2056/2773/724 2066/2793/724
f 2053/2774/724 2066/2793/724 2063/2794/724
f 2065/2795/770 2055/2796/770 2069/2797/770
f 2065/2795/770 2069/2797/770 2067/2798/770
f 2061/2799/769 2066/2800/769 2056/2780/769
f 2061/2799/769 2056/2780/769 2051/2779/769
f 2068/2801/769 2067/2798/769 2069/2802/769
f 2068/2801/769 2069/2802/769 2070/2803/769
f 2055/2804/771 2053/2805/771 2070/2803/771
f 2055/2804/771 2070/2803/771 2069/2802/771
f 2053/2806/772 2063/2807/772 2068/2801/772
f 2053/2806/772 2068/2801/772 2070/2808/772
f 2063/2807/773 2065/2795/773 2067/2798/773
f 2063/2807/773 2067/2798/773 2068/2801/773
f 2074/2809/774 2072/2810/774 2062/2790/774
f 2074/2809/774 2062/2790/774 2064/2789/774
f 2064/2792/723 2065/2791/723 2075/2811/723
f 2064/2792/723 2075/2811/723 2074/2812/723
f 2063/2794/724 2066/2793/724 2076/2813/724
f 2063/2794/724 2076/2813/724 2073/2814/724
f 2075/2815/775 2065/2816/775 2079/2817/775
f 2075/2815/775 2079/2817/775 2077/2818/775
f 2071/2819/774 2076/2820/774 2066/2800/774
f 2071/2819/774 2066/2800/774 2061/2799/774
f 2078/2821/774 2077/2818/774 2079/2822/774
f 2078/2821/774 2079/2822/774 2080/2823/774
f 2065/2824/776 2063/2825/776 2080/2823/776
f 2065/2824/776 2080/2823/776 2079/2822/776
f 2063/2826/777 2073/2827/777 2078/2821/777
f 2063/2826/777 2078/2821/777 2080/2828/777
f 2073/2827/778 2075/2815/778 2077/2818/778
f 2073/2827/778 2077/2818/778 2078/2821/778
f 1972/2600/779 1968/2599/779 2072/2810/779
f 1972/2600/779 2072/2810/779 2074/2809/779
f 2074/2812/723 2075/2811/723 1974/2602/723
f 2074/2812/723 1974/2602/723 1972/2601/723
f 2073/2814/724 2076/2813/724 1976/2606/724
f 2073/2814/724 1976/2606/724 1970/2605/724
f 1974/2829/780 2075/2830/780 2083/2831/780
f 1974/2829/780 2083/2831/780 2081/2832/780
f 1967/2616/779 1976/2615/779 2076/2820/779
f 1967/2616/779 2076/2820/779 2071/2819/779
f 2082/2833/779 2081/2832/779 2083/2834/779
f 2082/2833/779 2083/2834/779 2084/2835/779
f 2075/2836/781 2073/2837/781 2084/2835/781
f 2075/2836/781 2084/2835/781 2083/2834/781
f 2073/2838/782 1970/2839/782 2082/2833/782
f 2073/2838/782 2082/2833/782 2084/2840/782
f 1970/2839/783 1974/2829/783 2081/2832/783
f 1970/2839/783 2081/2832/783 2082/2833/783
