# moved_half_block
# Fixed for ELN - Merged Objects
mtllib StirlingEngine.mtl
o static
v -0.571945 -0.369075 0.165496
v -0.491073 -0.323068 0.165496
v -0.576168 -0.361652 0.128019
v -0.495296 -0.315645 0.128019
v -0.587704 -0.341373 0.100585
v -0.506833 -0.295366 0.100585
v -0.603464 -0.313671 0.090543
v -0.522592 -0.267664 0.090543
v -0.619223 -0.285969 0.100585
v -0.538351 -0.239962 0.100585
v -0.63076 -0.26569 0.128019
v -0.549888 -0.219683 0.128019
v -0.634983 -0.258267 0.165496
v -0.554111 -0.21226 0.165496
v -0.63076 -0.26569 0.202972
v -0.549888 -0.219683 0.202972
v -0.619223 -0.285969 0.230406
v -0.538351 -0.239962 0.230406
v -0.603464 -0.313671 0.240448
v -0.522592 -0.267664 0.240448
v -0.587704 -0.341373 0.230406
v -0.506833 -0.295366 0.230406
v -0.576168 -0.361652 0.202972
v -0.495296 -0.315645 0.202972
v -0.316461 -0.031526 0.165524
v -0.438123 -0.097777 0.165524
v -0.309255 -0.044192 0.111143
v -0.430918 -0.110442 0.111143
v -0.289571 -0.078794 0.071334
v -0.411233 -0.145044 0.071334
v -0.26268 -0.126061 0.056762
v -0.384343 -0.192312 0.056762
v -0.23579 -0.173329 0.071334
v -0.357453 -0.239579 0.071334
v -0.216105 -0.207931 0.111143
v -0.337768 -0.274181 0.111143
v -0.2089 -0.220596 0.165524
v -0.330563 -0.286847 0.165524
v -0.216105 -0.207931 0.219905
v -0.337768 -0.274181 0.219905
v -0.23579 -0.173329 0.259715
v -0.357453 -0.239579 0.259715
v -0.26268 -0.126061 0.274286
v -0.384343 -0.192312 0.274286
v -0.289571 -0.078794 0.259715
v -0.411233 -0.145044 0.259715
v -0.309255 -0.044192 0.219905
v -0.430918 -0.110442 0.219905
v -0.310029 -0.042831 0.165524
v -0.303686 -0.053982 0.117647
v -0.286355 -0.084446 0.082598
v -0.26268 -0.126061 0.069769
v -0.239006 -0.167676 0.082598
v -0.221675 -0.198141 0.117647
v -0.215332 -0.209291 0.165524
v -0.221675 -0.198141 0.213402
v -0.239006 -0.167676 0.248451
v -0.26268 -0.126061 0.26128
v -0.286355 -0.084446 0.248451
v -0.303686 -0.053982 0.213402
v -0.516177 -0.158056 0.165524
v -0.509833 -0.169207 0.117647
v -0.492502 -0.199671 0.082598
v -0.468828 -0.241286 0.069769
v -0.445153 -0.282901 0.082598
v -0.427823 -0.313365 0.117647
v -0.421479 -0.324516 0.165524
v -0.427823 -0.313365 0.213402
v -0.445153 -0.282901 0.248451
v -0.468828 -0.241286 0.26128
v -0.492502 -0.199671 0.248451
v -0.509833 -0.169207 0.213402
v -0.534998 -0.169652 0.111143
v -0.542204 -0.156987 0.165524
v -0.515314 -0.204254 0.071334
v -0.488423 -0.251522 0.056762
v -0.461533 -0.298789 0.071334
v -0.441849 -0.333392 0.111143
v -0.434643 -0.346057 0.165524
v -0.441849 -0.333392 0.219905
v -0.461533 -0.298789 0.259715
v -0.488423 -0.251522 0.274286
v -0.515314 -0.204254 0.259715
v -0.534998 -0.169652 0.219905
v -0.526161 -0.231104 0.144504
v -0.528946 -0.226208 0.165524
v -0.518553 -0.244479 0.129117
v -0.508159 -0.262749 0.123485
v -0.497765 -0.281019 0.129117
v -0.490156 -0.294394 0.144504
v -0.487371 -0.29929 0.165524
v -0.490156 -0.294394 0.186544
v -0.497765 -0.281019 0.201932
v -0.508159 -0.262749 0.207564
v -0.518553 -0.244479 0.201932
v -0.526161 -0.231104 0.186544
v -0.573275 -0.257906 0.144504
v -0.57606 -0.253011 0.165524
v -0.565666 -0.271281 0.129117
v -0.555272 -0.289551 0.123485
v -0.544878 -0.307822 0.129117
v -0.53727 -0.321197 0.144504
v -0.534485 -0.326092 0.165524
v -0.53727 -0.321197 0.186544
v -0.544878 -0.307822 0.201932
v -0.555272 -0.289551 0.207564
v -0.565666 -0.271281 0.201932
v -0.573275 -0.257906 0.186544
v -0.484572 -0.499135 0.014367
v 0.00206 -0.499135 -0.001581
v -0.484571 -0.493924 -0.005081
v 0.00206 -0.493924 -0.021029
v -0.484571 -0.479687 -0.019318
v 0.005368 -0.479687 -0.035761
v -0.484571 -0.460239 -0.024529
v 0.00206 -0.460239 -0.040477
v -0.484571 -0.440791 -0.019318
v 0.00206 -0.44079 -0.035266
v -0.484571 -0.426553 -0.005081
v 0.00206 -0.426553 -0.021029
v -0.484571 -0.421342 0.014367
v 0.00206 -0.421342 -0.001581
v -0.484571 -0.426553 0.033815
v 0.00206 -0.426553 0.017867
v -0.484571 -0.440791 0.048052
v 0.00206 -0.44079 0.032104
v -0.484571 -0.460239 0.053263
v 0.00206 -0.460239 0.037315
v -0.484571 -0.479687 0.048052
v -0.001249 -0.479687 0.032599
v -0.484571 -0.493924 0.033815
v 0.00206 -0.493924 0.017867
v -0.562181 -0.499135 0.063115
v -0.574664 -0.493924 0.048202
v -0.583802 -0.479687 0.037285
v -0.587147 -0.460239 0.033289
v -0.583802 -0.440791 0.037285
v -0.574664 -0.426553 0.048202
v -0.562181 -0.421342 0.063116
v -0.549697 -0.426553 0.078029
v -0.540559 -0.440791 0.088946
v -0.537214 -0.460239 0.092942
v -0.540559 -0.479687 0.088946
v -0.549697 -0.493924 0.078029
v -0.605257 -0.499135 0.099173
v -0.622946 -0.493924 0.091091
v -0.635896 -0.479687 0.085175
v -0.640636 -0.460239 0.08301
v -0.635896 -0.440791 0.085175
v -0.622946 -0.426553 0.091091
v -0.605257 -0.421342 0.099173
v -0.587567 -0.426554 0.107255
v -0.574618 -0.440791 0.113171
v -0.569878 -0.460239 0.115336
v -0.574618 -0.479687 0.113171
v -0.587567 -0.493924 0.107255
v -0.638541 -0.472478 0.17045
v -0.655635 -0.469515 0.160232
v -0.6659 -0.459876 0.145841
v -0.666585 -0.446143 0.131133
v -0.657507 -0.431997 0.120048
v -0.641098 -0.421228 0.115558
v -0.621755 -0.416721 0.118864
v -0.604662 -0.419684 0.129082
v -0.594397 -0.429323 0.143474
v -0.593712 -0.443056 0.158182
v -0.60279 -0.457202 0.169266
v -0.619198 -0.467971 0.173757
v -0.646401 -0.372293 0.202143
v -0.660198 -0.366283 0.188767
v -0.665416 -0.362124 0.169771
v -0.660656 -0.36093 0.150243
v -0.647195 -0.363023 0.135418
v -0.628542 -0.367489 0.129266
v -0.609863 -0.373741 0.133437
v -0.596162 -0.380102 0.146813
v -0.590945 -0.384261 0.165809
v -0.595704 -0.385454 0.185336
v -0.609166 -0.383362 0.200162
v -0.627722 -0.378545 0.206313
v -0.596047 -0.29337 0.199911
v -0.603454 -0.280814 0.186023
v -0.605147 -0.275135 0.16678
v -0.600673 -0.277856 0.147339
v -0.59123 -0.288248 0.132908
v -0.579349 -0.303525 0.127355
v -0.568213 -0.319594 0.132167
v -0.560806 -0.33215 0.146055
v -0.559113 -0.337828 0.165297
v -0.563587 -0.335107 0.184738
v -0.57303 -0.324716 0.199169
v -0.584911 -0.309439 0.204723
v 0.576064 -0.369075 -0.168658
v 0.495193 -0.323068 -0.168658
v 0.580287 -0.361653 -0.131181
v 0.499415 -0.315646 -0.131181
v 0.591824 -0.341373 -0.103747
v 0.510952 -0.295366 -0.103747
v 0.607583 -0.313672 -0.093705
v 0.526711 -0.267664 -0.093705
v 0.623343 -0.285969 -0.103747
v 0.542471 -0.239962 -0.103747
v 0.634879 -0.26569 -0.131181
v 0.554008 -0.219683 -0.131181
v 0.639102 -0.258267 -0.168658
v 0.55823 -0.21226 -0.168658
v 0.634879 -0.26569 -0.206134
v 0.554008 -0.219683 -0.206134
v 0.623343 -0.285969 -0.233568
v 0.542471 -0.239962 -0.233568
v 0.607583 -0.313672 -0.24361
v 0.526711 -0.267664 -0.24361
v 0.591824 -0.341373 -0.233568
v 0.510952 -0.295366 -0.233568
v 0.580287 -0.361653 -0.206134
v 0.499415 -0.315646 -0.206134
v 0.32058 -0.031526 -0.168686
v 0.442243 -0.097777 -0.168686
v 0.313375 -0.044192 -0.114305
v 0.435038 -0.110442 -0.114305
v 0.29369 -0.078794 -0.074496
v 0.415353 -0.145044 -0.074496
v 0.2668 -0.126061 -0.059924
v 0.388463 -0.192312 -0.059924
v 0.23991 -0.173329 -0.074496
v 0.361573 -0.239579 -0.074496
v 0.220225 -0.207931 -0.114305
v 0.341888 -0.274181 -0.114305
v 0.21302 -0.220596 -0.168686
v 0.334682 -0.286847 -0.168686
v 0.220225 -0.207931 -0.223067
v 0.341888 -0.274181 -0.223067
v 0.23991 -0.173329 -0.262877
v 0.361573 -0.239579 -0.262877
v 0.2668 -0.126061 -0.277448
v 0.388463 -0.192312 -0.277448
v 0.29369 -0.078794 -0.262877
v 0.415353 -0.145044 -0.262877
v 0.313375 -0.044192 -0.223067
v 0.435038 -0.110442 -0.223067
v 0.314149 -0.042831 -0.168686
v 0.307805 -0.053982 -0.120809
v 0.290474 -0.084446 -0.08576
v 0.2668 -0.126061 -0.072931
v 0.243126 -0.167676 -0.08576
v 0.225795 -0.198141 -0.120809
v 0.219451 -0.209291 -0.168686
v 0.225795 -0.198141 -0.216564
v 0.243126 -0.167676 -0.251613
v 0.2668 -0.126061 -0.264442
v 0.290474 -0.084446 -0.251613
v 0.307805 -0.053982 -0.216564
v 0.520296 -0.158056 -0.168686
v 0.513952 -0.169207 -0.120809
v 0.496622 -0.199671 -0.08576
v 0.472947 -0.241286 -0.072931
v 0.449273 -0.282901 -0.08576
v 0.431942 -0.313365 -0.120809
v 0.425598 -0.324516 -0.168686
v 0.431942 -0.313365 -0.216564
v 0.449273 -0.282901 -0.251613
v 0.472947 -0.241286 -0.264442
v 0.496622 -0.199671 -0.251613
v 0.513952 -0.169207 -0.216564
v 0.539118 -0.169652 -0.114305
v 0.546323 -0.156987 -0.168686
v 0.519433 -0.204255 -0.074496
v 0.492543 -0.251522 -0.059924
v 0.465653 -0.29879 -0.074496
v 0.445968 -0.333392 -0.114305
v 0.438763 -0.346057 -0.168686
v 0.445968 -0.333392 -0.223067
v 0.465653 -0.29879 -0.262877
v 0.492543 -0.251522 -0.277448
v 0.519433 -0.204255 -0.262877
v 0.539118 -0.169652 -0.223067
v 0.530281 -0.231104 -0.147667
v 0.533066 -0.226209 -0.168686
v 0.522672 -0.244479 -0.132279
v 0.512278 -0.262749 -0.126647
v 0.501884 -0.28102 -0.132279
v 0.494276 -0.294395 -0.147667
v 0.491491 -0.29929 -0.168686
v 0.494276 -0.294395 -0.189706
v 0.501884 -0.28102 -0.205094
v 0.512278 -0.262749 -0.210726
v 0.522672 -0.244479 -0.205094
v 0.530281 -0.231104 -0.189706
v 0.577394 -0.257907 -0.147667
v 0.580179 -0.253011 -0.168686
v 0.569786 -0.271281 -0.132279
v 0.559392 -0.289552 -0.126647
v 0.548998 -0.307822 -0.132279
v 0.541389 -0.321197 -0.147667
v 0.538604 -0.326092 -0.168686
v 0.541389 -0.321197 -0.189706
v 0.548998 -0.307822 -0.205094
v 0.559392 -0.289552 -0.210726
v 0.569786 -0.271281 -0.205094
v 0.577394 -0.257907 -0.189706
v 0.488691 -0.499135 -0.017529
v 0.488691 -0.493924 0.001919
v 0.488691 -0.479687 0.016156
v 0.488691 -0.460239 0.021367
v 0.488691 -0.440791 0.016156
v 0.488691 -0.426554 0.001919
v 0.488691 -0.421343 -0.017529
v 0.488691 -0.426554 -0.036977
v 0.488691 -0.440791 -0.051214
v 0.488691 -0.460239 -0.056425
v 0.488691 -0.479687 -0.051214
v 0.488691 -0.493924 -0.036977
v 0.5663 -0.499135 -0.066278
v 0.578783 -0.493924 -0.051364
v 0.587922 -0.479687 -0.040447
v 0.591266 -0.460239 -0.036451
v 0.587922 -0.440791 -0.040447
v 0.578783 -0.426554 -0.051364
v 0.5663 -0.421343 -0.066278
v 0.553817 -0.426554 -0.081191
v 0.544678 -0.440791 -0.092108
v 0.541334 -0.460239 -0.096104
v 0.544678 -0.479687 -0.092108
v 0.553817 -0.493924 -0.081191
v 0.609376 -0.499135 -0.102335
v 0.627066 -0.493924 -0.094253
v 0.640015 -0.479687 -0.088337
v 0.644755 -0.460239 -0.086172
v 0.640015 -0.440791 -0.088337
v 0.627066 -0.426554 -0.094253
v 0.609376 -0.421343 -0.102335
v 0.591687 -0.426554 -0.110417
v 0.578737 -0.440791 -0.116333
v 0.573997 -0.460239 -0.118498
v 0.578737 -0.479687 -0.116333
v 0.591687 -0.493924 -0.110417
v 0.64266 -0.472478 -0.173612
v 0.659754 -0.469515 -0.163394
v 0.670019 -0.459876 -0.149003
v 0.670704 -0.446144 -0.134295
v 0.661626 -0.431998 -0.12321
v 0.645218 -0.421228 -0.11872
v 0.625875 -0.416721 -0.122026
v 0.608781 -0.419684 -0.132244
v 0.598516 -0.429323 -0.146636
v 0.597831 -0.443056 -0.161344
v 0.606909 -0.457202 -0.172429
v 0.623318 -0.467971 -0.176919
v 0.650521 -0.372294 -0.205305
v 0.664317 -0.366283 -0.191929
v 0.669535 -0.362124 -0.172933
v 0.664776 -0.360931 -0.153406
v 0.651314 -0.363023 -0.13858
v 0.632661 -0.36749 -0.132428
v 0.613982 -0.373741 -0.136599
v 0.600282 -0.380102 -0.149975
v 0.595064 -0.384261 -0.168971
v 0.599824 -0.385454 -0.188498
v 0.613285 -0.383362 -0.203324
v 0.631841 -0.378545 -0.209476
v 0.600167 -0.29337 -0.203073
v 0.607574 -0.280814 -0.189185
v 0.609267 -0.275136 -0.169942
v 0.604792 -0.277857 -0.150501
v 0.59535 -0.288248 -0.13607
v 0.583468 -0.303525 -0.130517
v 0.572332 -0.319594 -0.135329
v 0.564926 -0.33215 -0.149217
v 0.563233 -0.337828 -0.168459
v 0.567707 -0.335107 -0.187901
v 0.57715 -0.324716 -0.202331
v 0.589031 -0.309439 -0.207885
v -0.358757 0 0.291481
v -0.310416 -0.180408 0.291481
v -0.178348 -0.312476 0.291481
v 0.00206 -0.360817 0.291481
v 0.182468 -0.312476 0.291481
v 0.314536 -0.180408 0.291481
v 0.362876 0 0.291481
v 0.314536 0.180408 0.291481
v 0.182468 0.312476 0.291481
v 0.00206 0.360817 0.291481
v -0.178348 0.312476 0.291481
v -0.310416 0.180408 0.291481
v -0.231826 0 0.339209
v -0.200491 -0.116943 0.339209
v -0.114883 -0.202551 0.339209
v 0.00206 -0.233885 0.339209
v 0.119003 -0.202551 0.339209
v 0.204611 -0.116943 0.339209
v 0.235945 0 0.339209
v 0.204611 0.116943 0.339209
v 0.119003 0.202551 0.339209
v 0.00206 0.233885 0.339209
v -0.114883 0.202551 0.339209
v -0.200491 0.116943 0.339209
v 0.18956 -0.5 -0.221615
v -0.18544 -0.5 -0.221615
v -0.18544 -0.5 -0.596614
v 0.18956 -0.5 -0.596614
v 0.18956 -0.4375 -0.271615
v -0.18544 -0.4375 -0.271615
v -0.18544 -0.4375 -0.546615
v 0.18956 -0.4375 -0.546615
v 0.12706 -0.4375 -0.334115
v -0.12294 -0.4375 -0.334115
v -0.12294 -0.4375 -0.484115
v 0.12706 -0.4375 -0.484115
v 0.06456 -0.125 -0.346615
v -0.06044 -0.125 -0.346615
v -0.06044 -0.125 -0.471615
v 0.06456 -0.125 -0.471615
v 0.06456 -0.125 -0.346615
v -0.06044 -0.125 -0.346615
v -0.06044 -0.125 -0.471615
v 0.06456 -0.125 -0.471615
v -0.06044 -0.125 -0.393485
v -0.06044 -0.125 -0.424745
v 0.06456 -0.125 -0.393485
v 0.06456 -0.125 -0.424745
v -0.06044 -0.125 -0.393485
v -0.06044 -0.125 -0.424745
v 0.06456 -0.125 -0.393485
v 0.06456 -0.125 -0.424745
v 0.07706 -0.059855 -0.379115
v -0.07294 -0.059855 -0.379115
v -0.07294 -0.059855 -0.439115
v 0.07706 -0.059855 -0.439115
v -0.064231 -0.066291 -0.483061
v 0.00206 -0.09375 -0.483061
v 0.068351 -0.066291 -0.483061
v 0.09581 0 -0.483061
v 0.09581 0 -0.34814
v 0.068351 -0.066291 -0.34814
v 0.00206 -0.09375 -0.34814
v -0.064231 -0.066291 -0.34814
v -0.09169 0 -0.34814
v -0.064231 0.066291 -0.34814
v 0.00206 0.09375 -0.34814
v 0.068351 0.066291 -0.34814
v -0.09169 0 -0.483061
v -0.064231 0.066291 -0.483061
v 0.00206 0.09375 -0.483061
v 0.068351 0.066291 -0.483061
v -0.358757 0 -0.294643
v -0.358757 0 0.291481
v -0.310416 -0.180408 -0.294643
v -0.178348 -0.312476 -0.294643
v 0.00206 -0.360817 -0.294643
v 0.182468 -0.312476 -0.294643
v 0.314536 -0.180408 -0.294643
v 0.362876 0 -0.294643
v 0.362876 0 0.291481
v 0.314536 0.180408 -0.294643
v 0.314536 0.180408 0.291481
v 0.182468 0.312476 -0.294643
v 0.182468 0.312476 0.291481
v 0.00206 0.360817 -0.294643
v 0.00206 0.360817 0.291481
v -0.178348 0.312476 -0.294643
v -0.178348 0.312476 0.291481
v -0.310416 0.180408 -0.294643
v -0.310416 0.180408 0.291481
v -0.231826 0 -0.342371
v -0.200491 -0.116943 -0.342371
v -0.114883 -0.202551 -0.342371
v 0.00206 -0.233885 -0.342371
v 0.119003 -0.202551 -0.342371
v 0.204611 -0.116943 -0.342371
v 0.235945 0 -0.342371
v 0.204611 0.116943 -0.342371
v 0.119003 0.202551 -0.342371
v 0.00206 0.233885 -0.342371
v -0.114883 0.202551 -0.342371
v -0.200491 0.116943 -0.342371
v 0.18956 -0.5 0.218452
v -0.18544 -0.5 0.218452
v -0.18544 -0.5 0.593452
v 0.18956 -0.5 0.593452
v 0.18956 -0.4375 0.268452
v -0.18544 -0.4375 0.268452
v -0.18544 -0.4375 0.543453
v 0.18956 -0.4375 0.543453
v 0.12706 -0.4375 0.330952
v -0.12294 -0.4375 0.330952
v -0.12294 -0.4375 0.480952
v 0.12706 -0.4375 0.480952
v 0.06456 -0.125 0.343453
v -0.06044 -0.125 0.343453
v -0.06044 -0.125 0.468453
v 0.06456 -0.125 0.468453
v 0.06456 -0.125 0.343453
v -0.06044 -0.125 0.343453
v -0.06044 -0.125 0.468453
v 0.06456 -0.125 0.468453
v -0.06044 -0.125 0.390323
v -0.06044 -0.125 0.421583
v 0.06456 -0.125 0.390323
v 0.06456 -0.125 0.421583
v -0.06044 -0.125 0.390323
v -0.06044 -0.125 0.421583
v 0.06456 -0.125 0.390323
v 0.06456 -0.125 0.421583
v 0.07706 -0.059855 0.375952
v -0.07294 -0.059855 0.375952
v -0.07294 -0.059855 0.435952
v 0.07706 -0.059855 0.435952
v -0.064231 -0.066291 0.479899
v 0.00206 -0.09375 0.479899
v 0.068351 -0.066291 0.479899
v 0.09581 0 0.479899
v 0.09581 0 0.344978
v 0.068351 -0.066291 0.344978
v 0.00206 -0.09375 0.344978
v -0.064231 -0.066291 0.344978
v -0.09169 0 0.344978
v -0.064231 0.066291 0.344978
v 0.00206 0.09375 0.344978
v 0.068351 0.066291 0.344978
v -0.09169 0 0.479899
v -0.064231 0.066291 0.479899
v 0.00206 0.09375 0.479899
v 0.068351 0.066291 0.479899
vt 0.836037 0.786687
vt 0.78795 0.772946
vt 0.835829 0.769727
vt 0.789182 0.753388
vt 0.83706 0.750168
vt 0.791193 0.731562
vt 0.839071 0.728342
vt 0.793204 0.709736
vt 0.841082 0.706516
vt 0.794435 0.690178
vt 0.842314 0.686958
vt 0.857883 0.918473
vt 0.809796 0.904733
vt 0.857674 0.901513
vt 0.85561 0.884678
vt 0.807732 0.887898
vt 0.851771 0.86546
vt 0.803892 0.86868
vt 0.846856 0.8441
vt 0.798977 0.84732
vt 0.841941 0.82274
vt 0.723241 0.706927
vt 0.785963 0.675483
vt 0.765463 0.742584
vt 0.794062 0.82596
vt 0.838102 0.803522
vt 0.790223 0.806742
vt 0.849197 0.726877
vt 0.86908 0.669591
vt 0.909614 0.732062
vt 0.930047 0.2474
vt 0.956111 0.174411
vt 0.955802 0.252443
vt 0.622693 0.268038
vt 0.650047 0.190007
vt 0.656835 0.264567
vt 0.687663 0.198314
vt 0.693367 0.264619
vt 0.720659 0.205482
vt 0.725999 0.263331
vt 0.746418 0.209793
vt 0.750499 0.261225
vt 0.766162 0.210959
vt 0.767579 0.259799
vt 0.784636 0.260149
vt 0.785721 0.209248
vt 0.808901 0.260541
vt 0.810537 0.204395
vt 0.840811 0.259199
vt 0.840996 0.19696
vt 0.875393 0.255156
vt 0.613496 0.182932
vt 0.661526 0.124712
vt 0.873384 0.188886
vt 0.905939 0.250129
vt 0.902767 0.181866
vt 0.723975 0.268522
vt 0.693285 0.269524
vt 0.841294 0.263913
vt 0.820984 0.38309
vt 0.811228 0.26547
vt 0.929584 0.257105
vt 0.903815 0.257832
vt 0.659707 0.270685
vt 0.873803 0.261126
vt 0.629877 0.274729
vt 0.78702 0.265756
vt 0.767795 0.266826
vt 0.748448 0.267041
vt 0.693236 0.407087
vt 0.721452 0.489659
vt 0.613496 0.442525
vt 0.772691 0.38119
vt 0.751772 0.383299
vt 0.692063 0.393184
vt 0.65977 0.39875
vt 0.853477 0.385458
vt 0.72454 0.38767
vt 0.88574 0.387951
vt 0.953944 0.389109
vt 0.933228 0.390696
vt 0.793658 0.381321
vt 0.91248 0.390066
vt 0.63067 0.403188
vt 0.80307 0.155618
vt 0.780951 0.112628
vt 0.799908 0.108065
vt 0.833461 0.14234
vt 0.867226 0.133884
vt 0.782065 0.165885
vt 0.766004 0.169337
vt 0.749858 0.165734
vt 0.728549 0.154857
vt 0.928293 0.176816
vt 0.893292 0.129323
vt 0.91235 0.122492
vt 0.935146 0.106724
vt 0.697577 0.139457
vt 0.877007 0.075662
vt 0.844674 0.043611
vt 0.855834 0.037012
vt 0.751601 0.112603
vt 0.676742 0.083992
vt 0.69205 0.092327
vt 0.82239 0.102078
vt 0.766261 0.113752
vt 0.711354 0.101636
vt 0.843904 0.092425
vt 0.732917 0.107964
vt 0.863027 0.083723
vt 0.889213 0.065777
vt 0.702888 0.054181
vt 0.794536 0.067374
vt 0.812761 0.060527
vt 0.766086 0.072911
vt 0.720107 0.061786
vt 0.830359 0.051901
vt 0.778653 0.071489
vt 0.737915 0.068043
vt 0.867387 0.031165
vt 0.753578 0.071787
vt 0.053953 0.793545
vt 0.053393 0.509775
vt 0.062266 0.792372
vt 0.063505 0.509919
vt 0.071999 0.793238
vt 0.074806 0.514979
vt 0.08271 0.79559
vt 0.085982 0.518175
vt 0.09319 0.798751
vt 0.095953 0.520569
vt 0.102422 0.801979
vt 0.104668 0.521452
vt 0.110501 0.804429
vt 0.118986 0.805172
vt 0.113196 0.520471
vt 0.129199 0.803525
vt 0.12308 0.51779
vt 0.140608 0.799716
vt 0.015355 0.517721
vt 0.035799 0.801161
vt 0.024127 0.805489
vt 0.026253 0.515754
vt 0.045731 0.796712
vt 0.036096 0.510757
vt 0.095771 0.857804
vt 0.023423 0.845354
vt 0.039122 0.865941
vt 0.028124 0.870528
vt 0.085472 0.855442
vt 0.054436 0.843813
vt 0.045455 0.841563
vt 0.074716 0.851743
vt 0.035527 0.841908
vt 0.064162 0.847567
vt 0.146151 0.837026
vt 0.134601 0.842981
vt 0.123734 0.849524
vt 0.113979 0.854845
vt 0.105123 0.857779
vt 0.082131 0.887794
vt 0.070301 0.906363
vt 0.0736 0.881863
vt 0.124676 0.879678
vt 0.112213 0.889183
vt 0.056943 0.870279
vt 0.137209 0.868393
vt 0.101001 0.893497
vt 0.091149 0.892367
vt 0.048547 0.866255
vt 0.065198 0.875822
vt 0.14891 0.859484
vt 0.039471 0.897965
vt 0.031097 0.937545
vt 0.03114 0.899924
vt 0.125394 0.901812
vt 0.108965 0.907993
vt 0.077051 0.909322
vt 0.05538 0.900869
vt 0.140546 0.894812
vt 0.09498 0.910901
vt 0.084538 0.911186
vt 0.047489 0.898716
vt 0.063083 0.903489
vt 0.152424 0.889382
vt 0.083109 0.950438
vt 0.079108 0.999839
vt 0.076147 0.950842
vt 0.130939 0.937121
vt 0.116533 0.941042
vt 0.04064 0.941164
vt 0.060259 0.948227
vt 0.143284 0.935297
vt 0.09152 0.948443
vt 0.050615 0.945101
vt 0.068844 0.95012
vt 0.153924 0.935935
vt 0.102384 0.945162
vt 0.020557 0.969665
vt 0.1369 0.973431
vt 0.126302 0.979921
vt 0.0889 0.998815
vt 0.031351 0.976527
vt 0.057422 0.992582
vt 0.145812 0.969757
vt 0.113764 0.987705
vt 0.100525 0.994529
vt 0.044107 0.985052
vt 0.069262 0.997659
vt 0.155156 0.969489
vt 0.385342 0.792564
vt 0.447701 0.777247
vt 0.448088 0.793793
vt 0.384955 0.776018
vt 0.446084 0.760556
vt 0.383338 0.759327
vt 0.44376 0.743732
vt 0.381013 0.742503
vt 0.441435 0.726908
vt 0.378688 0.725679
vt 0.439818 0.710217
vt 0.377072 0.708988
vt 0.439431 0.693671
vt 0.435518 0.893498
vt 0.373806 0.875751
vt 0.436552 0.87698
vt 0.376075 0.859137
vt 0.438821 0.860366
vt 0.379056 0.842417
vt 0.441803 0.843645
vt 0.382038 0.825696
vt 0.444785 0.826925
vt 0.321496 0.680217
vt 0.376685 0.692442
vt 0.337445 0.73313
vt 0.384307 0.809082
vt 0.447053 0.81031
vt 0.463547 0.732623
vt 0.447588 0.67927
vt 0.502815 0.693136
vt 0.477141 0.210403
vt 0.505215 0.289507
vt 0.483916 0.289579
vt 0.500536 0.205044
vt 0.531013 0.292009
vt 0.229887 0.216052
vt 0.259443 0.304264
vt 0.231462 0.309209
vt 0.259585 0.214243
vt 0.287592 0.301023
vt 0.287948 0.212518
vt 0.313866 0.298039
vt 0.312973 0.211228
vt 0.338071 0.295768
vt 0.35706 0.211306
vt 0.362161 0.295539
vt 0.380396 0.212511
vt 0.387853 0.295489
vt 0.405375 0.213692
vt 0.414603 0.29472
vt 0.43057 0.214139
vt 0.440292 0.292969
vt 0.526689 0.19685
vt 0.478143 0.133902
vt 0.499442 0.115988
vt 0.454496 0.213239
vt 0.463244 0.29107
vt 0.287337 0.306939
vt 0.260324 0.309464
vt 0.388816 0.30108
vt 0.416561 0.464274
vt 0.392791 0.468587
vt 0.48428 0.296222
vt 0.46273 0.296782
vt 0.23484 0.314355
vt 0.43973 0.298271
vt 0.506086 0.295316
vt 0.414745 0.299526
vt 0.363204 0.301957
vt 0.338435 0.30345
vt 0.313471 0.304671
vt 0.284874 0.474619
vt 0.312114 0.541071
vt 0.231793 0.522996
vt 0.331108 0.475451
vt 0.260533 0.474529
vt 0.440588 0.460341
vt 0.371039 0.472291
vt 0.351142 0.474648
vt 0.462982 0.457632
vt 0.483468 0.456757
vt 0.309032 0.47518
vt 0.529865 0.297641
vt 0.503984 0.45792
vt 0.374248 0.148596
vt 0.356181 0.103255
vt 0.373417 0.104131
vt 0.418918 0.148666
vt 0.396388 0.148302
vt 0.33523 0.210752
vt 0.355044 0.149256
vt 0.320923 0.147262
vt 0.338079 0.148931
vt 0.300888 0.143837
vt 0.276254 0.139044
vt 0.459324 0.14389
vt 0.245538 0.131153
vt 0.439835 0.147987
vt 0.426276 0.100891
vt 0.424525 0.045116
vt 0.440193 0.096791
vt 0.325236 0.102191
vt 0.453552 0.091399
vt 0.465928 0.082613
vt 0.391689 0.105497
vt 0.340705 0.102056
vt 0.275651 0.096515
vt 0.290998 0.100446
vt 0.409907 0.103308
vt 0.308388 0.101607
vt 0.43622 0.04065
vt 0.449133 0.034265
vt 0.383576 0.049014
vt 0.329548 0.046209
vt 0.342199 0.04608
vt 0.286136 0.046783
vt 0.300925 0.047151
vt 0.398515 0.049077
vt 0.354853 0.046785
vt 0.315786 0.046777
vt 0.412282 0.047808
vt 0.368643 0.047984
vt 0.044773 0.509318
vt 0.022843 0.221125
vt 0.030944 0.217755
vt 0.0136 0.22531
vt 0.003076 0.229491
vt 0.134218 0.514025
vt 0.114672 0.230613
vt 0.125726 0.228079
vt 0.104557 0.231657
vt 0.095793 0.230596
vt 0.08698 0.227431
vt 0.076267 0.223009
vt 0.063626 0.218828
vt 0.050828 0.216247
vt 0.03975 0.215895
vt 0.107668 0.171618
vt 0.119754 0.16897
vt 0.049667 0.173992
vt 0.059327 0.150117
vt 0.06292 0.176998
vt 0.131103 0.168153
vt 0.037443 0.170663
vt 0.018651 0.166192
vt 0.02723 0.167791
vt 0.000161 0.168765
vt 0.009883 0.166567
vt 0.075531 0.178705
vt 0.086527 0.17805
vt 0.09656 0.17524
vt 0.009038 0.13806
vt 0.005082 0.114625
vt 0.012246 0.117687
vt 0.090135 0.14223
vt 0.105007 0.13629
vt 0.04426 0.150013
vt 0.022732 0.14364
vt 0.075646 0.147448
vt 0.121114 0.13424
vt 0.135066 0.136945
vt 0.031806 0.1473
vt 0.015839 0.140507
vt 0.000407 0.136472
vt 0.059114 0.117945
vt 0.053616 0.070645
vt 0.064999 0.069858
vt 0.091882 0.116412
vt 0.11248 0.116567
vt 0.144851 0.141266
vt 0.1454 0.12275
vt 0.155156 0.126618
vt 0.045488 0.119696
vt 0.025134 0.119785
vt 0.074097 0.117157
vt 0.131212 0.118816
vt 0.034151 0.120178
vt 0.018111 0.118997
vt 0.007627 0.067365
vt 0.028495 0.002398
vt 0.015242 0.069882
vt 0.10094 0.072522
vt 0.136968 0.077163
vt 0.042325 0.071373
vt 0.02326 0.071224
vt 0.032075 0.071625
vt 0.088201 0.070679
vt 0.126417 0.076608
vt 0.07615 0.069661
vt 0.114043 0.074681
vt 0.061582 0.022322
vt 0.069996 0.024988
vt 0.085674 0.022595
vt 0.093892 0.018337
vt 0.120954 0.00566
vt 0.052923 0.017517
vt 0.044561 0.011807
vt 0.077907 0.025005
vt 0.111739 0.008928
vt 0.036495 0.00645
vt 0.102629 0.013532
vt 0.788159 0.789907
vt 0.810004 0.921693
vt 0.746386 0.747072
vt 0.730481 0.74118
vt 0.722009 0.726485
vt 0.733845 0.687745
vt 0.750982 0.674079
vt 0.770058 0.669591
vt 0.782599 0.728918
vt 0.899366 0.745578
vt 0.882848 0.749429
vt 0.864485 0.742584
vt 0.852561 0.673442
vt 0.887443 0.676436
vt 0.90273 0.692143
vt 0.910845 0.712503
vt 0.627597 0.107836
vt 0.954597 0.260177
vt 0.613732 0.419211
vt 0.722099 0.425963
vt 0.738627 0.450322
vt 0.73839 0.473636
vt 0.692352 0.494096
vt 0.658887 0.48576
vt 0.630023 0.466884
vt 0.687567 0.047272
vt 0.372771 0.89227
vt 0.322554 0.725421
vt 0.313733 0.711418
vt 0.313345 0.694872
vt 0.336001 0.671381
vt 0.352972 0.67073
vt 0.367864 0.678439
vt 0.368921 0.723643
vt 0.354417 0.732479
vt 0.503202 0.709681
vt 0.495046 0.724082
vt 0.480531 0.732479
vt 0.448646 0.724474
vt 0.462102 0.670873
vt 0.479086 0.67073
vt 0.493988 0.678878
vt 0.229887 0.502459
vt 0.240407 0.484719
vt 0.306907 0.484964
vt 0.320727 0.502794
vt 0.322634 0.52333
vt 0.291987 0.551261
vt 0.267647 0.551171
vt 0.245614 0.540825
vt 0.527849 0.461108
vt 0.020278 0.000161
vt 0.438526 0.490619
vt 0.484552 0.420743
vt 0.511968 0.470702
vt 0.519037 0.29047
vt 0.436946 0.433653
vt 0.35399 0.290968
vt 0.514403 0.469286
vt 0.519325 0.385759
vt 0.568048 0.415317
vt 0.56758 0.260618
vt 0.484053 0.255696
vt 0.513611 0.206974
vt 0.358912 0.207441
vt 0.305267 0.261411
vt 0.303867 0.263854
vt 0.341368 0.338652
vt 0.284394 0.337416
vt 0.569449 0.412873
vt 0.531947 0.338076
vt 0.588921 0.339312
vt 0.284402 0.340232
vt 0.354278 0.386258
vt 0.304319 0.413674
vt 0.511167 0.205573
vt 0.43637 0.243074
vt 0.437606 0.1861
vt 0.359705 0.469754
vt 0.389262 0.421031
vt 0.434789 0.186108
vt 0.388763 0.255984
vt 0.361347 0.206025
vt 0.435709 0.490627
vt 0.588913 0.336495
vt 0.568996 0.263053
vt 0.890632 0.199338
vt 0.727606 0.224802
vt 0.702526 0.199338
vt 0.666784 0.046555
vt 0.666784 0.199338
vt 0.727607 0.021091
vt 0.890632 0.046555
vt 0.702526 0.046555
vt 0.865551 0.377585
vt 0.727606 0.377585
vt 0.730652 0.446181
vt 0.879664 0.377933
vt 0.88735 0.452782
vt 0.869881 0.553129
vt 0.926373 0.199338
vt 0.926373 0.046555
vt 0.70716 0.533529
vt 0.837354 0.620977
vt 0.071228 0.977051
vt 0.000174 0.957395
vt 0.018502 0.93462
vt 0.110142 0.820745
vt 0.181196 0.840401
vt 0.162868 0.863176
vt 0.03683 0.911845
vt 0.055158 0.88907
vt 0.089556 0.954276
vt 0.073486 0.866295
vt 0.107884 0.931501
vt 0.14454 0.885951
vt 0.126212 0.908726
vt 0.091814 0.84352
vt 0.152132 0.956118
vt 0.173604 0.882806
vt 0.018502 0.822047
vt 0.065895 0.796128
vt 0.770061 0.697437
vt 0.666784 0.422485
vt 0.669859 0.452424
vt 0.146798 0.775195
vt 0.12847 0.79797
vt 0.588921 0.754462
vt 0.362148 0.471155
vt 0.360473 0.774847
vt 0.305735 0.416109
vt 0.152438 0.678277
vt 0.020559 0.490627
vt 0.000174 0.262179
vt 0.096744 0.054144
vt 0.865551 0.224802
vt 0.720171 0.506389
vt 0.0529 0.999826
vt 0.199524 0.930198
vt 0.044422 0.869439
vt 0.199524 0.817626
vt 0 0
vt 0.286911 0.755375
vt 0.000642 0.417185
vt 0.150389 0.000174
vt 0.865551 0.021091
vt 0.727578 0.416242
vt 0.196379 0.901134
vt 0.181196 0.952973
vt 0.129357 0.93779
vt 0.021647 0.851112
vt 0.03683 0.799272
vt 0.08867 0.814456
vt 0.666784 0.579405
vt 0.515479 0.774379
vt 0.098468 0.624633
vt 0.019647 0.188617
vn 0.4821 -0.8475 -0.2222
vn 0.3767 -0.6621 -0.6478
vn 0.1486 -0.2612 -0.9538
vn -0.1486 0.2612 -0.9538
vn -0.3767 0.6621 -0.6478
vn -0.4821 0.8475 -0.2222
vn -0.4821 0.8475 0.2222
vn -0.3767 0.6621 0.6478
vn -0.1486 0.2612 0.9538
vn 0.1486 -0.2612 0.9538
vn 0.8692 0.4945 0
vn 0.3767 -0.6621 0.6478
vn 0.4821 -0.8475 0.2222
vn -0.8692 -0.4945 0
vn -0.4619 0.8483 -0.2588
vn -0.3382 0.6211 -0.707
vn -0.1238 0.2273 -0.9659
vn 0.1238 -0.2273 -0.9659
vn 0.3382 -0.6211 -0.707
vn 0.4619 -0.8483 -0.2588
vn 0.4619 -0.8483 0.2588
vn 0.3382 -0.6211 0.707
vn 0.1238 -0.2273 0.9659
vn -0.1238 0.2273 0.9659
vn -0.3496 0.6146 -0.7071
vn -0.3382 0.6211 0.707
vn -0.4619 0.8483 0.2588
vn -0.1263 0.2259 -0.9659
vn -0.4713 0.8432 0.2588
vn 0.1263 -0.2259 0.9659
vn 0.1263 -0.2259 -0.9659
vn -0.4713 0.8432 -0.2588
vn -0.1263 0.2259 0.9659
vn 0.345 -0.6172 -0.7071
vn 0.4713 -0.8432 0.2588
vn -0.345 0.6172 -0.7071
vn -0.345 0.6172 0.7071
vn 0.4713 -0.8432 -0.2588
vn 0.345 -0.6172 0.7071
vn -0.7036 -0.6706 0.235
vn -0.128 0.225 0.9659
vn 0.128 -0.225 0.9659
vn 0.3496 -0.6146 0.7071
vn 0.4776 -0.8396 0.2588
vn 0.4776 -0.8396 -0.2588
vn 0.3496 -0.6146 -0.7071
vn 0.128 -0.225 -0.9659
vn -0.4776 0.8396 0.2588
vn -0.4776 0.8396 -0.2588
vn -0.128 0.225 -0.9659
vn -0.3496 0.6146 0.7071
vn -0.7036 -0.6706 -0.235
vn -0.9785 -0.1874 0.086
vn -0.936 -0.2622 -0.235
vn -0.7773 -0.5411 0.321
vn -0.6611 -0.7454 -0.086
vn -0.8623 -0.3916 -0.321
vn -0.8623 -0.3916 0.321
vn -0.6611 -0.7454 0.086
vn -0.7773 -0.5411 -0.321
vn -0.936 -0.2622 0.235
vn -0.9785 -0.1874 -0.086
vn -0.0085 -0.9659 -0.2588
vn -0.0237 -0.7069 -0.7069
vn -0.0316 -0.2587 -0.9654
vn -0.0316 0.2587 -0.9654
vn -0.0232 0.7069 -0.7069
vn -0.0085 0.9659 -0.2588
vn 0.0085 0.9659 0.2588
vn 0.0232 0.7069 0.7069
vn 0.0316 0.2587 0.9654
vn 0.0316 -0.2587 0.9654
vn 0.0226 -0.7069 0.7069
vn 0.0085 -0.9659 0.2588
vn -0.3741 0.6558 -0.6558
vn 0.5511 -0.2238 0.8038
vn -0.4782 0.2273 -0.8483
vn 0.1461 -0.9656 0.2151
vn -0.1605 -0.9534 -0.2555
vn -0.4826 -0.2267 -0.846
vn 0.4175 -0.7063 0.5716
vn -0.3858 -0.6524 -0.6524
vn 0.5814 -0.2585 0.7714
vn 0.5698 0.2583 0.7801
vn 0.3982 0.7053 0.5865
vn 0.1389 0.9653 0.2211
vn -0.1513 0.9548 -0.2558
vn -0.8968 -0.2585 -0.3591
vn 0.1827 0.9586 0.2183
vn 0.4105 -0.706 0.5771
vn -0.1661 -0.9659 -0.1985
vn 0.4576 0.6626 0.5929
vn -0.4977 0.6777 -0.5414
vn 0.1582 -0.9659 0.205
vn -0.4697 -0.707 -0.5288
vn 0.5646 0.226 0.7938
vn -0.1867 0.9597 -0.2102
vn -0.6538 -0.2585 -0.7112
vn 0.8643 -0.1897 0.4658
vn 0.8428 -0.132 0.5218
vn 0.2042 0.9772 -0.0582
vn -0.8173 0.2566 -0.5159
vn 0.5075 -0.681 0.5279
vn -0.3524 -0.9186 0.179
vn 0.5421 0.8239 0.1652
vn -0.5647 0.6465 -0.513
vn 0.0872 -0.9133 0.3979
vn -0.7165 -0.6911 -0.0948
vn 0.8199 0.437 0.3698
vn -0.162 0.9324 -0.3231
vn -0.8135 0.558 -0.1642
vn 0.7081 0.043 -0.7048
vn -0.8572 0.1688 -0.4866
vn 0.4371 -0.3148 0.8425
vn -0.5274 -0.2936 0.7972
vn 0.9566 -0.0799 -0.2802
vn -0.408 0.2563 -0.8763
vn -0.0787 -0.3476 0.9343
vn -0.853 -0.1737 0.4921
vn 0.9576 -0.1835 0.2222
vn 0.2708 0.1781 -0.946
vn -0.9991 -0.0053 0.0416
vn 0.6476 -0.4054 0.6452
vn 0.5578 -0.4455 -0.7003
vn -0.6348 0.436 -0.6379
vn 0.2749 -0.1533 0.9492
vn -0.5556 0.3755 0.7418
vn 0.7797 -0.5787 -0.2393
vn -0.2488 0.1541 -0.9562
vn -0.1743 0.1304 0.976
vn -0.7814 0.5294 0.3305
vn 0.7978 -0.5441 0.2598
vn 0.1788 -0.1665 -0.9697
vn -0.6577 0.2585 -0.7075
vn -0.4821 -0.8475 0.2222
vn -0.3767 -0.6621 0.6478
vn -0.1486 -0.2612 0.9538
vn 0.1486 0.2612 0.9538
vn 0.3767 0.6621 0.6478
vn 0.4821 0.8475 0.2222
vn 0.4821 0.8475 -0.2222
vn 0.3767 0.6621 -0.6478
vn 0.1486 0.2612 -0.9538
vn -0.1486 -0.2612 -0.9538
vn -0.8692 0.4945 0
vn -0.3767 -0.6621 -0.6478
vn -0.4821 -0.8475 -0.2222
vn 0.8692 -0.4945 0
vn 0.4619 0.8483 0.2588
vn 0.3382 0.6211 0.707
vn 0.1238 0.2273 0.9659
vn -0.1238 -0.2273 0.9659
vn -0.3382 -0.6211 0.707
vn -0.4619 -0.8483 0.2588
vn -0.4619 -0.8483 -0.2588
vn -0.3382 -0.6211 -0.707
vn -0.1238 -0.2273 -0.9659
vn 0.1238 0.2273 -0.9659
vn 0.3496 0.6146 0.7071
vn 0.3382 0.6211 -0.707
vn 0.4619 0.8483 -0.2588
vn 0.1263 0.2259 0.9659
vn 0.4713 0.8432 -0.2588
vn -0.1263 -0.2259 -0.9659
vn -0.1263 -0.2259 0.9659
vn 0.4713 0.8432 0.2588
vn 0.1263 0.2259 -0.9659
vn -0.345 -0.6172 0.7071
vn -0.4713 -0.8432 -0.2588
vn 0.345 0.6172 0.7071
vn 0.345 0.6172 -0.7071
vn -0.4713 -0.8432 0.2588
vn -0.345 -0.6172 -0.7071
vn 0.7036 -0.6706 -0.235
vn 0.128 0.225 -0.9659
vn -0.128 -0.225 -0.9659
vn -0.3496 -0.6146 -0.7071
vn -0.4776 -0.8396 -0.2588
vn -0.4776 -0.8396 0.2588
vn -0.3496 -0.6146 0.7071
vn -0.128 -0.225 0.9659
vn 0.4776 0.8396 -0.2588
vn 0.4776 0.8396 0.2588
vn 0.128 0.225 0.9659
vn 0.3496 0.6146 -0.7071
vn 0.7036 -0.6706 0.235
vn 0.9785 -0.1874 -0.086
vn 0.936 -0.2622 0.235
vn 0.7773 -0.5411 -0.321
vn 0.6611 -0.7454 0.086
vn 0.8623 -0.3916 0.321
vn 0.8623 -0.3916 -0.321
vn 0.6611 -0.7454 -0.086
vn 0.7773 -0.5411 0.321
vn 0.936 -0.2622 -0.235
vn 0.9785 -0.1874 0.086
vn 0.0232 -0.7069 0.7069
vn 0.0324 -0.2587 0.9654
vn -0.0309 -0.2587 -0.9655
vn -0.0232 -0.7069 -0.7069
vn 0.3532 0.7014 0.6191
vn -0.5464 -0.2577 -0.7969
vn 0.4748 0.2547 0.8424
vn -0.1731 -0.9514 -0.2549
vn 0.1389 -0.9653 0.2211
vn 0.4791 -0.255 0.8399
vn -0.4589 -0.6283 -0.6283
vn 0.3623 -0.7024 0.6127
vn -0.5886 -0.2092 -0.7809
vn -0.5765 0.2115 -0.7893
vn -0.4328 0.6375 -0.6375
vn -0.1605 0.9534 -0.2555
vn 0.1334 0.9651 0.2256
vn 0.8737 -0.3752 0.3096
vn -0.1827 0.9586 -0.2183
vn -0.4105 -0.706 -0.5771
vn 0.1661 -0.9659 0.1985
vn -0.4576 0.6626 -0.5929
vn 0.4977 0.6777 0.5414
vn -0.1582 -0.9659 -0.205
vn 0.4697 -0.707 0.5288
vn -0.56 0.2581 -0.7873
vn 0.1867 0.9597 0.2102
vn 0.657 -0.2397 0.7147
vn -0.6878 -0.2899 -0.6655
vn -0.7978 -0.2553 -0.5462
vn -0.2042 0.9772 0.0583
vn 0.8508 0.1517 0.5032
vn -0.5075 -0.681 -0.5279
vn 0.3524 -0.9186 -0.179
vn -0.5421 0.8239 -0.1652
vn 0.5647 0.6465 0.513
vn -0.0872 -0.9133 -0.3979
vn 0.7165 -0.6911 0.0948
vn -0.8199 0.437 -0.3698
vn 0.162 0.9324 0.3231
vn 0.8135 0.558 0.1642
vn -0.5257 0.1391 0.8392
vn 0.8572 0.1688 0.4866
vn -0.2072 -0.3623 -0.9087
vn 0.7281 -0.258 -0.6351
vn -0.833 0.0671 0.5492
vn 0.408 0.2563 0.8763
vn 0.3144 -0.3511 -0.882
vn 0.853 -0.1737 -0.4921
vn -0.9576 -0.1835 -0.2222
vn -0.1142 0.2204 0.9687
vn 0.9991 -0.0052 -0.0416
vn -0.619 -0.3868 -0.6835
vn -0.5578 -0.4455 0.7003
vn 0.6348 0.436 0.6379
vn -0.2605 -0.1444 -0.9546
vn 0.5556 0.3755 -0.7418
vn -0.7797 -0.5787 0.2393
vn 0.2713 0.1713 0.9471
vn 0.2038 0.1485 -0.9677
vn 0.7814 0.5294 -0.3305
vn -0.7978 -0.5441 -0.2598
vn -0.1652 -0.1561 0.9738
vn 0.6538 0.2586 0.7112
vn -0.0229 -0.7163 -0.6974
vn -0.0326 -0.2408 -0.97
vn 0.031 -0.2406 0.9701
vn 0.0229 -0.7163 0.6974
vn -0.3624 0.7024 -0.6127
vn 0.56 -0.2581 0.7873
vn -0.4791 0.255 -0.8399
vn 0.1605 -0.9534 0.2555
vn -0.1334 -0.9651 -0.2256
vn -0.4748 -0.2547 -0.8424
vn 0.4328 -0.6375 0.6375
vn -0.3532 -0.7014 -0.6191
vn 0.5765 -0.2115 0.7893
vn 0.5886 0.2092 0.7809
vn 0.4589 0.6283 0.6283
vn 0.1731 0.9513 0.2549
vn -0.1389 0.9653 -0.2211
vn -0.8489 -0.4055 -0.339
vn 0.1582 0.9659 0.205
vn 0.4576 -0.6626 0.5929
vn -0.1867 -0.9597 -0.2102
vn 0.4105 0.706 0.5771
vn -0.4697 0.707 -0.5288
vn 0.1827 -0.9586 0.2183
vn -0.4977 -0.6777 -0.5414
vn 0.5464 0.2577 0.7969
vn -0.1661 0.9659 -0.1985
vn -0.6609 -0.2402 -0.711
vn 0.7065 -0.2204 0.6726
vn 0.8185 -0.2567 0.514
vn 0.3067 0.95 -0.0588
vn -0.8325 0.1085 -0.5433
vn 0.5637 -0.6426 0.5189
vn -0.2814 -0.9389 0.1984
vn 0.6881 0.7021 0.1834
vn -0.5089 0.6815 -0.5259
vn 0.1415 -0.9037 0.4041
vn -0.6351 -0.7699 -0.0627
vn 0.8845 0.2588 0.3882
vn -0.1269 0.9367 -0.3262
vn -0.7873 0.5594 -0.2595
vn 0.5283 0.25 -0.8114
vn -0.6981 0.2536 -0.6696
vn 0.2242 -0.3145 0.9224
vn -0.7263 -0.2128 0.6536
vn 0.8535 0.1774 -0.4899
vn -0.2359 0.2916 -0.927
vn -0.3046 -0.3089 0.901
vn -0.9658 -0.0571 0.2528
vn 0.9992 0.0392 -0.0099
vn 0.0934 0.2964 -0.9505
vn -0.9664 0.1184 -0.2283
vn 0.6282 -0.3755 0.6814
vn 0.5349 -0.4061 -0.741
vn -0.5912 0.4194 -0.6889
vn 0.2639 -0.1415 0.9541
vn -0.5918 0.4151 0.6909
vn 0.7767 -0.5361 -0.3307
vn -0.2693 0.1788 -0.9463
vn -0.1973 0.1532 0.9683
vn -0.7952 0.559 0.2349
vn 0.8317 -0.5285 0.1704
vn 0.1669 -0.1513 -0.9743
vn -0.657 0.2397 -0.7147
vn 0.0234 -0.7162 0.6975
vn 0.0318 -0.2407 0.9701
vn -0.0318 -0.2407 -0.9701
vn -0.0223 -0.7164 -0.6974
vn 0.3858 0.6524 0.6524
vn -0.5646 -0.226 -0.7938
vn 0.4826 0.2267 0.846
vn -0.1389 -0.9653 -0.2211
vn 0.1513 -0.9548 0.2558
vn 0.4782 -0.2273 0.8483
vn -0.3982 -0.7053 -0.5865
vn 0.3741 -0.6558 0.6558
vn -0.5698 -0.2583 -0.7801
vn -0.5814 0.2585 -0.7714
vn -0.4175 0.7063 -0.5716
vn -0.1461 0.9656 -0.2151
vn 0.1605 0.9534 0.2555
vn 0.8798 -0.2588 0.3986
vn -0.1582 0.9659 -0.205
vn -0.4576 -0.6626 -0.5929
vn 0.1867 -0.9597 0.2102
vn -0.4105 0.706 -0.5771
vn 0.4697 0.707 0.5288
vn -0.1827 -0.9586 -0.2183
vn 0.4977 -0.6777 0.5414
vn -0.5511 0.2238 -0.8038
vn 0.1661 0.9659 0.1985
vn 0.6577 -0.2585 0.7075
vn -0.8467 -0.1415 -0.5129
vn -0.8545 -0.1614 -0.4938
vn -0.3067 0.95 0.0588
vn 0.7919 0.2548 0.555
vn -0.5638 -0.6426 -0.5189
vn 0.2813 -0.9389 -0.1984
vn -0.6881 0.7021 -0.1834
vn 0.5089 0.6815 0.5259
vn -0.1415 -0.9037 -0.4041
vn 0.6351 -0.7699 0.0627
vn -0.8845 0.2588 -0.3882
vn 0.1269 0.9367 0.3262
vn 0.7873 0.5594 0.2595
vn -0.7249 0.1459 0.6732
vn 0.6981 0.2536 0.6696
vn -0.4177 -0.2754 -0.8658
vn 0.5284 -0.2478 -0.812
vn -0.9658 0.0519 0.2539
vn 0.2359 0.2916 0.927
vn 0.0905 -0.3068 -0.9475
vn 0.9658 -0.0571 -0.2528
vn -0.9992 0.0392 0.0099
vn -0.2862 0.2357 0.9287
vn 0.9664 0.1184 0.2283
vn -0.6531 -0.3914 -0.6483
vn -0.5349 -0.4061 0.741
vn 0.5912 0.4194 0.6889
vn -0.276 -0.1492 -0.9495
vn 0.5918 0.4151 -0.6909
vn -0.7767 -0.5361 0.3307
vn 0.2434 0.1586 0.9569
vn 0.1719 0.1373 -0.9755
vn 0.7952 0.559 -0.2349
vn -0.8317 -0.5285 -0.1704
vn -0.183 -0.1635 0.9694
vn 0.6609 0.2402 0.711
vn 0.3504 0.0939 0.9319
vn 0 0 1
vn 0.3504 -0.0939 0.9319
vn -0.0939 -0.3504 0.9319
vn -0.3504 0.0939 0.9319
vn -0.2565 0.2565 0.9319
vn 0.2565 -0.2565 0.9319
vn -0.0939 0.3504 0.9319
vn -0.2565 -0.2565 0.9319
vn 0.0939 0.3504 0.9319
vn -0.3504 -0.0939 0.9319
vn 0.2565 0.2565 0.9319
vn 0.0939 -0.3504 0.9319
vn -0.4785 -0.2827 0.8313
vn -0.6155 0.7006 -0.3611
vn -0.4785 -0.2827 -0.8313
vn 0.6155 0.7005 -0.3611
vn 0.4785 -0.2827 0.8313
vn 0.4785 -0.2827 -0.8313
vn 0.6155 0.7006 0.3611
vn -0.5045 0.6061 0.6149
vn -0.618 0.1732 -0.7669
vn -0.618 0.1732 0.7669
vn 0.618 0.1732 0.7669
vn -0.6155 0.7005 0.3611
vn 0.5045 0.6061 -0.6149
vn 0.618 0.1732 -0.7669
vn 0.5001 0.5001 -0.7069
vn 0 0.7073 0.7069
vn 0.5001 0.5001 0.7069
vn -0.7073 0 0.7069
vn -0.5001 0.5001 -0.7069
vn -0.7073 0 -0.7069
vn 0.7073 0 0.7069
vn 0.5001 -0.5001 0.7069
vn 0.7073 0 -0.7069
vn 0 -0.7073 0.7069
vn 0.5001 -0.5001 -0.7069
vn -0.5001 -0.5001 -0.7069
vn 0 -0.7073 -0.7069
vn -0.5001 -0.5001 0.7069
vn -0.5001 0.5001 0.7069
vn 0.5045 0.6062 0.6148
vn 0.9659 0.2588 0
vn 0.7071 0.7071 0
vn 0.2588 0.9659 0
vn -0.2588 0.9659 0
vn 0 0 -1
vn -0.7071 0.7071 0
vn -0.9659 0.2588 0
vn 0.3504 0.0939 -0.9319
vn 0.3504 -0.0939 -0.9319
vn -0.0939 -0.3504 -0.9319
vn -0.3504 0.0939 -0.9319
vn -0.2565 0.2565 -0.9319
vn 0.2565 -0.2565 -0.9319
vn -0.0939 0.3504 -0.9319
vn -0.2565 -0.2565 -0.9319
vn 0.0939 0.3504 -0.9319
vn -0.3504 -0.0939 -0.9319
vn 0.2565 0.2565 -0.9319
vn 0.0939 -0.3504 -0.9319
vn -0.6155 0.7006 0.3611
vn -0.6155 0.7005 -0.3611
vn 0.6155 0.7005 0.3611
vn 0.6155 0.7006 -0.3611
vn -0.5045 0.6061 -0.6149
vn 0.6179 0.1732 0.7669
vn 0.5045 0.6062 -0.6148
vn 0.5045 0.6061 0.6149
vn 0 0.7073 -0.7069
vn 0.866 0.5 0
vn 0 1 0
vn 0.866 -0.5 0
vn -0.5045 0.6062 -0.6148
vn -0.5045 0.6062 0.6148
s off
usemtl Material
f 1/1/1 3/3/1 4/2/1
f 3/3/2 5/5/2 6/4/2
f 5/5/3 7/7/3 8/6/3
f 7/7/4 9/9/4 10/8/4
f 9/9/5 11/11/5 12/10/5
f 11/12/6 13/14/6 14/13/6
f 14/13/7 13/14/7 15/15/7
f 16/16/8 15/15/8 17/17/8
f 18/18/9 17/17/9 19/19/9
f 20/20/10 19/19/10 21/21/10
f 22/22/11 6/24/11 14/23/11
f 22/25/12 21/21/12 23/26/12
f 24/27/13 23/26/13 1/1/13
f 7/28/14 23/30/14 15/29/14
f 25/31/15 27/33/15 28/32/15
f 27/34/16 29/36/16 30/35/16
f 29/36/17 31/38/17 32/37/17
f 31/38/18 33/40/18 34/39/18
f 33/40/19 35/42/19 36/41/19
f 35/42/20 37/44/20 38/43/20
f 38/43/21 37/44/21 39/45/21
f 40/46/22 39/45/22 41/47/22
f 42/48/23 41/47/23 43/49/23
f 44/50/24 43/49/24 45/51/24
f 28/52/25 30/35/25 75/53/25
f 46/54/26 45/51/26 47/55/26
f 48/56/27 47/55/27 25/31/27
f 31/38/11 52/58/11 53/57/11
f 58/59/28 57/61/28 69/60/28
f 47/55/11 60/63/11 49/62/11
f 27/33/11 25/31/11 49/62/11
f 31/38/11 29/36/11 51/64/11
f 45/51/11 59/65/11 60/63/11
f 29/36/11 27/34/11 50/66/11
f 43/49/11 58/59/11 59/65/11
f 43/49/11 41/47/11 57/61/11
f 41/47/11 39/45/11 56/67/11
f 39/45/11 37/44/11 55/68/11
f 35/42/11 54/69/11 55/68/11
f 33/40/11 53/57/11 54/69/11
f 64/70/11 72/72/11 68/71/11
f 54/69/29 66/74/29 67/73/29
f 51/64/30 63/76/30 64/75/30
f 59/65/31 58/59/31 70/77/31
f 56/67/32 55/68/32 67/73/32
f 52/58/33 64/75/33 65/78/33
f 60/63/34 59/65/34 71/79/34
f 49/62/35 61/81/35 62/80/35
f 57/61/36 56/67/36 68/82/36
f 53/57/37 65/78/37 66/74/37
f 49/62/38 60/63/38 72/83/38
f 50/66/39 62/84/39 63/76/39
f 81/85/40 93/87/40 92/86/40
f 46/54/41 83/89/41 82/88/41
f 44/50/42 82/88/42 81/85/42
f 42/48/43 81/85/43 80/90/43
f 40/46/44 80/90/44 79/91/44
f 36/41/45 38/43/45 79/91/45
f 34/39/46 36/41/46 78/92/46
f 32/37/47 34/39/47 77/93/47
f 26/94/48 74/96/48 84/95/48
f 26/94/49 28/32/49 73/97/49
f 30/35/50 32/37/50 76/98/50
f 48/56/51 84/95/51 83/89/51
f 86/99/48 98/101/48 108/100/48
f 77/93/52 78/92/52 90/102/52
f 84/95/53 74/96/53 86/99/53
f 75/53/54 87/104/54 85/103/54
f 82/88/55 94/105/55 93/87/55
f 78/92/56 79/91/56 91/106/56
f 76/98/57 88/107/57 87/104/57
f 82/88/58 83/89/58 95/108/58
f 80/90/59 92/86/59 91/106/59
f 76/98/60 77/93/60 89/109/60
f 83/89/61 84/95/61 96/110/61
f 73/97/62 85/111/62 86/99/62
f 85/103/25 87/104/25 99/112/25
f 94/105/42 106/114/42 105/113/42
f 90/102/45 91/106/45 103/115/45
f 87/104/50 88/107/50 100/116/50
f 95/108/41 107/117/41 106/114/41
f 92/86/44 104/118/44 103/115/44
f 88/107/47 89/109/47 101/119/47
f 96/110/51 108/100/51 107/117/51
f 86/99/49 85/111/49 97/120/49
f 93/87/43 105/113/43 104/118/43
f 89/109/46 90/102/46 102/121/46
f 109/122/63 111/124/63 112/123/63
f 111/124/64 113/126/64 114/125/64
f 113/126/65 115/128/65 116/127/65
f 115/128/66 117/130/66 118/129/66
f 117/130/67 119/132/67 120/131/67
f 119/132/68 121/134/68 122/133/68
f 122/133/69 121/134/69 123/135/69
f 124/136/70 123/135/70 125/137/70
f 126/138/71 125/137/71 127/139/71
f 128/140/72 127/142/72 129/141/72
f 130/143/73 129/141/73 131/144/73
f 132/145/74 131/144/74 109/122/74
f 119/132/75 117/130/75 137/146/75
f 142/147/76 154/149/76 155/148/76
f 117/130/77 115/128/77 136/150/77
f 131/144/78 144/152/78 133/151/78
f 111/124/79 109/122/79 133/151/79
f 115/128/80 113/126/80 135/153/80
f 129/141/81 143/154/81 144/152/81
f 113/126/82 111/124/82 134/155/82
f 127/142/83 142/147/83 143/154/83
f 125/137/84 141/157/84 142/156/84
f 123/135/85 140/158/85 141/157/85
f 121/134/86 139/159/86 140/158/86
f 121/134/87 119/132/87 138/160/87
f 148/161/88 147/163/88 159/162/88
f 139/159/89 151/165/89 152/164/89
f 144/152/90 143/154/90 155/148/90
f 134/155/91 133/151/91 145/166/91
f 140/158/92 152/164/92 153/167/92
f 137/146/93 149/169/93 150/168/93
f 133/151/94 144/152/94 156/170/94
f 135/153/95 134/155/95 146/171/95
f 141/157/96 153/167/96 154/172/96
f 138/160/97 150/168/97 151/165/97
f 136/150/98 135/153/98 147/163/98
f 167/173/99 166/175/99 178/174/99
f 154/149/100 166/175/100 167/173/100
f 151/165/101 163/177/101 164/176/101
f 149/169/102 148/161/102 160/178/102
f 156/170/103 155/148/103 167/173/103
f 146/171/104 145/166/104 157/179/104
f 152/164/105 164/176/105 165/180/105
f 149/169/106 161/182/106 162/181/106
f 145/166/107 156/170/107 168/183/107
f 147/163/108 146/171/108 158/184/108
f 153/167/109 165/180/109 166/185/109
f 150/168/110 162/181/110 163/177/110
f 172/186/111 171/188/111 183/187/111
f 163/177/112 175/190/112 176/189/112
f 161/182/113 160/178/113 172/186/113
f 168/183/114 167/173/114 179/191/114
f 158/184/115 157/179/115 169/192/115
f 164/176/116 176/189/116 177/193/116
f 162/181/117 161/182/117 173/194/117
f 157/179/118 168/183/118 180/195/118
f 159/162/119 158/184/119 170/196/119
f 165/180/120 177/193/120 178/197/120
f 162/181/121 174/198/121 175/190/121
f 160/178/122 159/162/122 171/188/122
f 179/191/123 178/174/123 190/199/123
f 175/190/124 187/201/124 188/200/124
f 173/194/125 172/186/125 184/202/125
f 180/195/126 179/191/126 191/203/126
f 170/196/127 169/192/127 181/204/127
f 176/189/128 188/200/128 189/205/128
f 173/194/129 185/207/129 186/206/129
f 169/192/130 180/195/130 192/208/130
f 171/188/131 170/196/131 182/209/131
f 177/193/132 189/205/132 190/210/132
f 174/198/133 186/206/133 187/201/133
f 137/146/134 136/150/134 148/161/134
f 194/211/135 193/213/135 195/212/135
f 196/214/136 195/212/136 197/215/136
f 198/216/137 197/215/137 199/217/137
f 200/218/138 199/217/138 201/219/138
f 202/220/139 201/219/139 203/221/139
f 204/222/140 203/221/140 205/223/140
f 205/224/141 207/226/141 208/225/141
f 207/226/142 209/228/142 210/227/142
f 209/228/143 211/230/143 212/229/143
f 211/230/144 213/232/144 214/231/144
f 214/233/145 198/235/145 206/234/145
f 213/232/146 215/237/146 216/236/146
f 215/237/147 193/213/147 194/211/147
f 199/238/148 215/240/148 207/239/148
f 218/241/149 217/243/149 219/242/149
f 220/244/150 219/242/150 221/245/150
f 222/246/151 221/248/151 223/247/151
f 224/249/152 223/247/152 225/250/152
f 226/251/153 225/250/153 227/252/153
f 228/253/154 227/252/154 229/254/154
f 229/254/155 231/256/155 232/255/155
f 231/256/156 233/258/156 234/257/156
f 233/258/157 235/260/157 236/259/157
f 235/260/158 237/262/158 238/261/158
f 222/263/159 267/265/159 265/264/159
f 237/262/160 239/267/160 240/266/160
f 239/267/161 217/243/161 218/241/161
f 223/247/145 244/269/145 245/268/145
f 249/270/162 261/272/162 262/271/162
f 239/267/145 252/274/145 241/273/145
f 219/242/145 217/243/145 241/273/145
f 223/247/145 221/248/145 243/275/145
f 237/262/145 251/276/145 252/274/145
f 221/245/145 219/242/145 242/277/145
f 235/260/145 250/278/145 251/276/145
f 235/260/145 233/258/145 249/270/145
f 233/258/145 231/256/145 248/279/145
f 231/256/145 229/254/145 247/280/145
f 227/252/145 246/281/145 247/280/145
f 225/250/145 245/268/145 246/281/145
f 256/282/145 264/284/145 260/283/145
f 247/280/163 246/281/163 258/285/163
f 244/269/164 243/275/164 255/286/164
f 250/278/165 262/271/165 263/287/165
f 247/280/166 259/289/166 260/288/166
f 245/268/167 244/269/167 256/282/167
f 251/276/168 263/287/168 264/290/168
f 242/277/169 241/273/169 253/291/169
f 248/279/170 260/288/170 261/272/170
f 246/281/171 245/268/171 257/292/171
f 252/274/172 264/290/172 253/291/172
f 243/293/173 242/277/173 254/294/173
f 273/295/174 285/297/174 284/296/174
f 236/259/175 238/261/175 275/298/175
f 234/257/176 236/259/176 274/299/176
f 232/255/177 234/257/177 273/295/177
f 230/300/178 232/255/178 272/301/178
f 230/300/179 271/303/179 270/302/179
f 228/253/180 270/302/180 269/304/180
f 226/251/181 269/304/181 268/305/181
f 240/266/182 218/241/182 266/306/182
f 220/244/183 265/264/183 266/306/183
f 224/249/184 268/305/184 267/307/184
f 238/261/185 240/266/185 276/308/185
f 288/309/182 278/311/182 290/310/182
f 269/304/186 270/302/186 282/312/186
f 276/308/187 266/306/187 278/311/187
f 267/265/188 279/314/188 277/313/188
f 274/299/189 286/315/189 285/297/189
f 270/302/190 271/303/190 283/316/190
f 268/305/191 280/318/191 279/317/191
f 274/299/192 275/298/192 287/319/192
f 272/301/193 284/296/193 283/316/193
f 268/305/194 269/304/194 281/320/194
f 275/298/195 276/308/195 288/309/195
f 265/264/196 277/313/196 278/311/196
f 279/314/159 291/322/159 289/321/159
f 285/297/176 286/315/176 298/323/176
f 283/316/179 295/325/179 294/324/179
f 280/318/184 292/327/184 291/326/184
f 286/315/175 287/319/175 299/328/175
f 283/316/178 284/296/178 296/329/178
f 281/320/181 293/330/181 292/327/181
f 287/319/185 288/309/185 300/331/185
f 277/313/183 289/321/183 290/310/183
f 284/296/177 285/297/177 297/332/177
f 282/312/180 294/324/180 293/330/180
f 110/333/74 301/335/74 302/334/74
f 132/145/197 302/334/197 303/336/197
f 130/143/198 303/336/198 304/337/198
f 128/338/71 304/340/71 305/339/71
f 126/138/70 305/339/70 306/341/70
f 124/136/69 306/341/69 307/342/69
f 307/342/68 308/343/68 120/131/68
f 308/343/67 309/344/67 118/129/67
f 309/344/66 310/345/66 116/127/66
f 310/345/199 311/346/199 114/125/199
f 311/346/200 312/347/200 112/123/200
f 312/347/63 301/335/63 110/333/63
f 305/339/201 317/349/201 318/348/201
f 323/350/202 322/352/202 334/351/202
f 304/340/203 316/353/203 317/349/203
f 301/335/204 312/347/204 324/354/204
f 301/335/205 313/356/205 314/355/205
f 303/336/206 315/358/206 316/357/206
f 312/347/207 311/346/207 323/350/207
f 302/334/208 314/355/208 315/358/208
f 311/346/209 310/345/209 322/352/209
f 310/345/210 309/344/210 321/359/210
f 309/344/211 308/343/211 320/360/211
f 308/343/212 307/342/212 319/361/212
f 306/341/213 318/348/213 319/361/213
f 327/362/214 339/364/214 340/363/214
f 319/361/215 331/366/215 332/365/215
f 324/354/216 323/350/216 335/367/216
f 314/355/217 313/356/217 325/368/217
f 320/360/218 332/365/218 333/369/218
f 317/349/219 329/371/219 330/370/219
f 313/356/220 324/354/220 336/372/220
f 315/358/221 314/355/221 326/373/221
f 322/352/222 321/359/222 333/369/222
f 318/348/223 330/370/223 331/366/223
f 315/358/224 327/362/224 328/374/224
f 346/375/225 358/377/225 359/376/225
f 335/367/226 334/351/226 346/375/226
f 331/366/227 343/379/227 344/378/227
f 328/380/228 340/382/228 341/381/228
f 336/372/229 335/367/229 347/383/229
f 326/373/230 325/368/230 337/384/230
f 332/365/231 344/378/231 345/385/231
f 329/371/232 341/381/232 342/386/232
f 325/368/233 336/372/233 348/387/233
f 327/362/234 326/373/234 338/388/234
f 333/369/235 345/385/235 346/375/235
f 330/370/236 342/386/236 343/379/236
f 352/389/237 351/391/237 363/390/237
f 344/378/238 343/379/238 355/392/238
f 341/381/239 340/382/239 352/393/239
f 347/383/240 359/376/240 360/394/240
f 337/384/241 349/396/241 350/395/241
f 345/385/242 344/378/242 356/397/242
f 342/386/243 341/381/243 353/398/243
f 348/387/244 360/394/244 349/396/244
f 339/364/245 338/388/245 350/395/245
f 345/385/246 357/399/246 358/377/246
f 343/379/247 342/386/247 354/400/247
f 340/363/248 339/364/248 351/391/248
f 358/377/249 370/402/249 371/401/249
f 355/392/250 367/404/250 368/403/250
f 353/398/251 352/393/251 364/405/251
f 359/376/252 371/401/252 372/406/252
f 350/395/253 349/396/253 361/407/253
f 356/397/254 368/403/254 369/408/254
f 354/400/255 353/398/255 365/409/255
f 360/394/256 372/406/256 361/407/256
f 351/391/257 350/395/257 362/410/257
f 357/399/258 369/408/258 370/402/258
f 355/392/259 354/400/259 366/411/259
f 329/371/260 317/349/260 316/353/260
f 1/1/1 4/2/1 2/412/1
f 3/3/2 6/4/2 4/2/2
f 5/5/3 8/6/3 6/4/3
f 7/7/4 10/8/4 8/6/4
f 9/9/5 12/10/5 10/8/5
f 11/12/6 14/13/6 12/413/6
f 14/13/7 15/15/7 16/16/7
f 16/16/8 17/17/8 18/18/8
f 18/18/9 19/19/9 20/20/9
f 20/20/10 21/21/10 22/25/10
f 6/24/11 2/415/11 4/414/11
f 2/415/11 22/22/11 24/416/11
f 22/22/11 18/418/11 20/417/11
f 18/418/11 14/23/11 16/419/11
f 14/23/11 10/8/11 12/10/11
f 10/8/11 6/24/11 8/420/11
f 6/24/11 22/22/11 2/415/11
f 22/22/11 14/23/11 18/418/11
f 14/23/11 6/24/11 10/8/11
f 22/25/12 23/26/12 24/27/12
f 24/27/13 1/1/13 2/412/13
f 23/30/14 3/422/14 1/421/14
f 3/422/14 7/28/14 5/423/14
f 7/28/14 11/11/14 9/9/14
f 11/11/14 15/29/14 13/424/14
f 15/29/14 19/426/14 17/425/14
f 19/426/14 23/30/14 21/427/14
f 23/30/14 7/28/14 3/422/14
f 7/28/14 15/29/14 11/11/14
f 15/29/14 23/30/14 19/426/14
f 25/31/15 28/32/15 26/94/15
f 27/34/16 30/35/16 28/52/16
f 29/36/17 32/37/17 30/35/17
f 31/38/18 34/39/18 32/37/18
f 33/40/19 36/41/19 34/39/19
f 35/42/20 38/43/20 36/41/20
f 38/43/21 39/45/21 40/46/21
f 40/46/22 41/47/22 42/48/22
f 42/48/23 43/49/23 44/50/23
f 44/50/24 45/51/24 46/54/24
f 28/52/25 75/53/25 73/428/25
f 46/54/26 47/55/26 48/56/26
f 48/56/27 25/31/27 26/94/27
f 31/38/11 53/57/11 33/40/11
f 58/59/28 69/60/28 70/77/28
f 47/55/11 49/62/11 25/31/11
f 27/33/11 49/62/11 50/429/11
f 31/38/11 51/64/11 52/58/11
f 45/51/11 60/63/11 47/55/11
f 29/36/11 50/66/11 51/64/11
f 43/49/11 59/65/11 45/51/11
f 43/49/11 57/61/11 58/59/11
f 41/47/11 56/67/11 57/61/11
f 39/45/11 55/68/11 56/67/11
f 35/42/11 55/68/11 37/44/11
f 33/40/11 54/69/11 35/42/11
f 72/72/11 62/84/11 61/430/11
f 62/84/11 64/70/11 63/76/11
f 64/70/11 66/432/11 65/431/11
f 66/432/11 68/71/11 67/433/11
f 68/71/11 70/435/11 69/434/11
f 70/435/11 72/72/11 71/436/11
f 72/72/11 64/70/11 62/84/11
f 64/70/11 68/71/11 66/432/11
f 68/71/11 72/72/11 70/435/11
f 54/69/29 67/73/29 55/68/29
f 51/64/30 64/75/30 52/58/30
f 59/65/31 70/77/31 71/79/31
f 56/67/32 67/73/32 68/82/32
f 52/58/33 65/78/33 53/57/33
f 60/63/34 71/79/34 72/83/34
f 49/62/35 62/80/35 50/429/35
f 57/61/36 68/82/36 69/60/36
f 53/57/37 66/74/37 54/69/37
f 49/62/38 72/83/38 61/81/38
f 50/66/39 63/76/39 51/64/39
f 81/85/40 92/86/40 80/90/40
f 46/54/41 82/88/41 44/50/41
f 44/50/42 81/85/42 42/48/42
f 42/48/43 80/90/43 40/46/43
f 40/46/44 79/91/44 38/43/44
f 36/41/45 79/91/45 78/92/45
f 34/39/46 78/92/46 77/93/46
f 32/37/47 77/93/47 76/98/47
f 26/94/48 84/95/48 48/56/48
f 26/94/49 73/97/49 74/96/49
f 30/35/50 76/98/50 75/53/50
f 48/56/51 83/89/51 46/54/51
f 86/99/48 108/100/48 96/110/48
f 77/93/52 90/102/52 89/109/52
f 84/95/53 86/99/53 96/110/53
f 75/53/54 85/103/54 73/428/54
f 82/88/55 93/87/55 81/85/55
f 78/92/56 91/106/56 90/102/56
f 76/98/57 87/104/57 75/53/57
f 82/88/58 95/108/58 94/105/58
f 80/90/59 91/106/59 79/91/59
f 76/98/60 89/109/60 88/107/60
f 83/89/61 96/110/61 95/108/61
f 73/97/62 86/99/62 74/96/62
f 85/103/25 99/112/25 97/437/25
f 94/105/42 105/113/42 93/87/42
f 90/102/45 103/115/45 102/121/45
f 87/104/50 100/116/50 99/112/50
f 95/108/41 106/114/41 94/105/41
f 92/86/44 103/115/44 91/106/44
f 88/107/47 101/119/47 100/116/47
f 96/110/51 107/117/51 95/108/51
f 86/99/49 97/120/49 98/101/49
f 93/87/43 104/118/43 92/86/43
f 89/109/46 102/121/46 101/119/46
f 109/122/63 112/123/63 110/333/63
f 111/124/261 114/125/261 112/123/261
f 113/126/262 116/127/262 114/125/262
f 115/128/66 118/129/66 116/127/66
f 117/130/67 120/131/67 118/129/67
f 119/132/68 122/133/68 120/131/68
f 122/133/69 123/135/69 124/136/69
f 124/136/70 125/137/70 126/138/70
f 126/138/71 127/139/71 128/338/71
f 128/140/263 129/141/263 130/143/263
f 130/143/264 131/144/264 132/145/264
f 132/145/74 109/122/74 110/333/74
f 119/132/265 137/146/265 138/160/265
f 142/147/266 155/148/266 143/154/266
f 117/130/267 136/150/267 137/146/267
f 131/144/268 133/151/268 109/122/268
f 111/124/269 133/151/269 134/155/269
f 115/128/270 135/153/270 136/150/270
f 129/141/271 144/152/271 131/144/271
f 113/126/272 134/155/272 135/153/272
f 127/142/273 143/154/273 129/141/273
f 125/137/274 142/156/274 127/139/274
f 123/135/275 141/157/275 125/137/275
f 121/134/276 140/158/276 123/135/276
f 121/134/277 138/160/277 139/159/277
f 148/161/278 159/162/278 160/178/278
f 139/159/279 152/164/279 140/158/279
f 144/152/280 155/148/280 156/170/280
f 134/155/281 145/166/281 146/171/281
f 140/158/282 153/167/282 141/157/282
f 137/146/283 150/168/283 138/160/283
f 133/151/284 156/170/284 145/166/284
f 135/153/285 146/171/285 147/163/285
f 141/157/286 154/172/286 142/156/286
f 138/160/287 151/165/287 139/159/287
f 136/150/288 147/163/288 148/161/288
f 167/173/289 178/174/289 179/191/289
f 154/149/290 167/173/290 155/148/290
f 151/165/291 164/176/291 152/164/291
f 149/169/292 160/178/292 161/182/292
f 156/170/293 167/173/293 168/183/293
f 146/171/294 157/179/294 158/184/294
f 152/164/295 165/180/295 153/167/295
f 149/169/296 162/181/296 150/168/296
f 145/166/297 168/183/297 157/179/297
f 147/163/298 158/184/298 159/162/298
f 153/167/299 166/185/299 154/172/299
f 150/168/300 163/177/300 151/165/300
f 172/186/301 183/187/301 184/202/301
f 163/177/302 176/189/302 164/176/302
f 161/182/303 172/186/303 173/194/303
f 168/183/304 179/191/304 180/195/304
f 158/184/305 169/192/305 170/196/305
f 164/176/306 177/193/306 165/180/306
f 162/181/307 173/194/307 174/198/307
f 157/179/308 180/195/308 169/192/308
f 159/162/309 170/196/309 171/188/309
f 165/180/310 178/197/310 166/185/310
f 162/181/311 175/190/311 163/177/311
f 160/178/312 171/188/312 172/186/312
f 179/191/313 190/199/313 191/203/313
f 175/190/314 188/200/314 176/189/314
f 173/194/315 184/202/315 185/207/315
f 180/195/316 191/203/316 192/208/316
f 170/196/317 181/204/317 182/209/317
f 176/189/318 189/205/318 177/193/318
f 173/194/319 186/206/319 174/198/319
f 169/192/320 192/208/320 181/204/320
f 171/188/321 182/209/321 183/187/321
f 177/193/322 190/210/322 178/197/322
f 174/198/323 187/201/323 175/190/323
f 137/146/324 148/161/324 149/169/324
f 194/211/135 195/212/135 196/214/135
f 196/214/136 197/215/136 198/216/136
f 198/216/137 199/217/137 200/218/137
f 200/218/138 201/219/138 202/220/138
f 202/220/139 203/221/139 204/222/139
f 204/222/140 205/223/140 206/234/140
f 205/224/141 208/225/141 206/438/141
f 207/226/142 210/227/142 208/225/142
f 209/228/143 212/229/143 210/227/143
f 211/230/144 214/231/144 212/229/144
f 198/235/145 194/440/145 196/439/145
f 194/440/145 214/233/145 216/441/145
f 214/233/145 210/443/145 212/442/145
f 210/443/145 206/234/145 208/444/145
f 206/234/145 202/445/145 204/222/145
f 202/445/145 198/235/145 200/446/145
f 198/235/145 214/233/145 194/440/145
f 214/233/145 206/234/145 210/443/145
f 206/234/145 198/235/145 202/445/145
f 213/232/146 216/236/146 214/231/146
f 215/237/147 194/211/147 216/236/147
f 215/240/148 195/448/148 193/447/148
f 195/448/148 199/238/148 197/449/148
f 199/238/148 203/221/148 201/450/148
f 203/221/148 207/239/148 205/223/148
f 207/239/148 211/452/148 209/451/148
f 211/452/148 215/240/148 213/453/148
f 215/240/148 199/238/148 195/448/148
f 199/238/148 207/239/148 203/221/148
f 207/239/148 215/240/148 211/452/148
f 218/241/149 219/242/149 220/244/149
f 220/244/150 221/245/150 222/263/150
f 222/246/151 223/247/151 224/249/151
f 224/249/152 225/250/152 226/251/152
f 226/251/153 227/252/153 228/253/153
f 228/253/154 229/254/154 230/300/154
f 229/254/155 232/255/155 230/300/155
f 231/256/156 234/257/156 232/255/156
f 233/258/157 236/259/157 234/257/157
f 235/260/158 238/261/158 236/259/158
f 222/263/159 265/264/159 220/244/159
f 237/262/160 240/266/160 238/261/160
f 239/267/161 218/241/161 240/266/161
f 223/247/145 245/268/145 225/250/145
f 249/270/162 262/271/162 250/278/162
f 239/267/145 241/273/145 217/243/145
f 219/242/145 241/273/145 242/277/145
f 223/247/145 243/275/145 244/269/145
f 237/262/145 252/274/145 239/267/145
f 221/245/145 242/277/145 243/293/145
f 235/260/145 251/276/145 237/262/145
f 235/260/145 249/270/145 250/278/145
f 233/258/145 248/279/145 249/270/145
f 231/256/145 247/280/145 248/279/145
f 227/252/145 247/280/145 229/254/145
f 225/250/145 246/281/145 227/252/145
f 264/284/145 254/455/145 253/454/145
f 254/455/145 256/282/145 255/286/145
f 256/282/145 258/457/145 257/456/145
f 258/457/145 260/283/145 259/458/145
f 260/283/145 262/460/145 261/459/145
f 262/460/145 264/284/145 263/461/145
f 264/284/145 256/282/145 254/455/145
f 256/282/145 260/283/145 258/457/145
f 260/283/145 264/284/145 262/460/145
f 247/280/163 258/285/163 259/289/163
f 244/269/164 255/286/164 256/282/164
f 250/278/165 263/287/165 251/276/165
f 247/280/166 260/288/166 248/279/166
f 245/268/167 256/282/167 257/292/167
f 251/276/168 264/290/168 252/274/168
f 242/277/169 253/291/169 254/294/169
f 248/279/170 261/272/170 249/270/170
f 246/281/171 257/292/171 258/285/171
f 252/274/172 253/291/172 241/273/172
f 243/293/173 254/294/173 255/462/173
f 273/295/174 284/296/174 272/301/174
f 236/259/175 275/298/175 274/299/175
f 234/257/176 274/299/176 273/295/176
f 232/255/177 273/295/177 272/301/177
f 230/300/178 272/301/178 271/303/178
f 230/300/179 270/302/179 228/253/179
f 228/253/180 269/304/180 226/251/180
f 226/251/181 268/305/181 224/249/181
f 240/266/182 266/306/182 276/308/182
f 220/244/183 266/306/183 218/241/183
f 224/249/184 267/307/184 222/246/184
f 238/261/185 276/308/185 275/298/185
f 288/309/182 290/310/182 300/331/182
f 269/304/186 282/312/186 281/320/186
f 276/308/187 278/311/187 288/309/187
f 267/265/188 277/313/188 265/264/188
f 274/299/189 285/297/189 273/295/189
f 270/302/190 283/316/190 282/312/190
f 268/305/191 279/317/191 267/307/191
f 274/299/192 287/319/192 286/315/192
f 272/301/193 283/316/193 271/303/193
f 268/305/194 281/320/194 280/318/194
f 275/298/195 288/309/195 287/319/195
f 265/264/196 278/311/196 266/306/196
f 279/314/159 289/321/159 277/313/159
f 285/297/176 298/323/176 297/332/176
f 283/316/179 294/324/179 282/312/179
f 280/318/184 291/326/184 279/317/184
f 286/315/175 299/328/175 298/323/175
f 283/316/178 296/329/178 295/325/178
f 281/320/181 292/327/181 280/318/181
f 287/319/185 300/331/185 299/328/185
f 277/313/183 290/310/183 278/311/183
f 284/296/177 297/332/177 296/329/177
f 282/312/180 293/330/180 281/320/180
f 110/333/74 302/334/74 132/145/74
f 132/145/325 303/336/325 130/143/325
f 130/143/326 304/337/326 128/140/326
f 128/338/71 305/339/71 126/138/71
f 126/138/70 306/341/70 124/136/70
f 124/136/69 307/342/69 122/133/69
f 307/342/68 120/131/68 122/133/68
f 308/343/67 118/129/67 120/131/67
f 309/344/66 116/127/66 118/129/66
f 310/345/327 114/125/327 116/127/327
f 311/346/328 112/123/328 114/125/328
f 312/347/63 110/333/63 112/123/63
f 305/339/329 318/348/329 306/341/329
f 323/350/330 334/351/330 335/367/330
f 304/340/331 317/349/331 305/339/331
f 301/335/332 324/354/332 313/356/332
f 301/335/333 314/355/333 302/334/333
f 303/336/334 316/357/334 304/337/334
f 312/347/335 323/350/335 324/354/335
f 302/334/336 315/358/336 303/336/336
f 311/346/337 322/352/337 323/350/337
f 310/345/338 321/359/338 322/352/338
f 309/344/339 320/360/339 321/359/339
f 308/343/340 319/361/340 320/360/340
f 306/341/341 319/361/341 307/342/341
f 327/362/342 340/363/342 328/374/342
f 319/361/343 332/365/343 320/360/343
f 324/354/344 335/367/344 336/372/344
f 314/355/345 325/368/345 326/373/345
f 320/360/346 333/369/346 321/359/346
f 317/349/347 330/370/347 318/348/347
f 313/356/348 336/372/348 325/368/348
f 315/358/349 326/373/349 327/362/349
f 322/352/350 333/369/350 334/351/350
f 318/348/351 331/366/351 319/361/351
f 315/358/352 328/374/352 316/357/352
f 346/375/353 359/376/353 347/383/353
f 335/367/354 346/375/354 347/383/354
f 331/366/355 344/378/355 332/365/355
f 328/380/356 341/381/356 329/371/356
f 336/372/357 347/383/357 348/387/357
f 326/373/358 337/384/358 338/388/358
f 332/365/359 345/385/359 333/369/359
f 329/371/360 342/386/360 330/370/360
f 325/368/361 348/387/361 337/384/361
f 327/362/362 338/388/362 339/364/362
f 333/369/363 346/375/363 334/351/363
f 330/370/364 343/379/364 331/366/364
f 352/389/365 363/390/365 364/463/365
f 344/378/366 355/392/366 356/397/366
f 341/381/367 352/393/367 353/398/367
f 347/383/368 360/394/368 348/387/368
f 337/384/369 350/395/369 338/388/369
f 345/385/370 356/397/370 357/399/370
f 342/386/371 353/398/371 354/400/371
f 348/387/372 349/396/372 337/384/372
f 339/364/373 350/395/373 351/391/373
f 345/385/374 358/377/374 346/375/374
f 343/379/375 354/400/375 355/392/375
f 340/363/376 351/391/376 352/389/376
f 358/377/377 371/401/377 359/376/377
f 355/392/378 368/403/378 356/397/378
f 353/398/379 364/405/379 365/409/379
f 359/376/380 372/406/380 360/394/380
f 350/395/381 361/407/381 362/410/381
f 356/397/382 369/408/382 357/399/382
f 354/400/383 365/409/383 366/411/383
f 360/394/384 361/407/384 349/396/384
f 351/391/385 362/410/385 363/390/385
f 357/399/386 370/402/386 358/377/386
f 355/392/387 366/411/387 367/404/387
f 329/371/388 316/353/388 328/380/388
usemtl Material.003
f 380/464/389 391/465/389 379/466/389
f 388/467/390 392/468/390 396/469/390
f 379/470/391 390/471/391 378/472/391
f 376/473/392 387/474/392 375/475/392
f 373/476/393 396/469/393 384/477/393
f 384/478/394 395/479/394 383/480/394
f 378/481/395 389/482/395 377/483/395
f 383/484/396 394/485/396 382/486/396
f 375/487/397 386/488/397 374/489/397
f 381/490/398 394/485/398 393/491/398
f 374/492/399 385/493/399 373/494/399
f 380/495/400 393/491/400 392/468/400
f 377/496/401 388/467/401 376/497/401
f 454/464/432 453/539/432 452/466/432
f 456/540/433 455/541/433 454/495/433
f 458/542/434 457/543/434 456/490/434
f 460/484/435 459/544/435 458/486/435
f 382/486/436 378/472/436 374/489/436
f 462/478/437 461/545/437 460/480/437
f 445/476/438 463/546/438 462/477/438
f 470/465/439 454/464/439 452/466/439
f 473/485/436 469/471/436 465/488/436
f 469/471/440 452/470/440 451/472/440
f 466/474/441 449/473/441 448/475/441
f 475/469/442 445/476/442 462/477/442
f 474/479/443 462/478/443 460/480/443
f 468/482/444 451/481/444 450/483/444
f 473/485/445 460/484/445 458/486/445
f 465/488/446 448/487/446 447/489/446
f 456/490/447 473/485/447 458/542/447
f 445/494/448 465/488/448 447/492/448
f 454/495/449 472/491/449 456/540/449
f 467/467/450 450/496/450 449/497/450
f 448/553/390 452/553/390 460/553/390
f 452/466/460 457/554/460 453/539/460
f 456/540/461 461/555/461 457/554/461
f 445/476/462 461/555/462 446/556/462
f 380/464/389 392/468/389 391/465/389
f 396/469/390 385/493/390 386/488/390
f 386/488/390 387/474/390 388/467/390
f 388/467/390 389/482/390 390/471/390
f 390/471/390 391/465/390 392/468/390
f 392/468/390 393/491/390 394/485/390
f 394/485/390 395/479/390 396/469/390
f 396/469/390 386/488/390 388/467/390
f 388/467/390 390/471/390 392/468/390
f 392/468/390 394/485/390 396/469/390
f 379/470/391 391/465/391 390/471/391
f 376/473/392 388/467/392 387/474/392
f 373/476/393 385/493/393 396/469/393
f 384/478/394 396/469/394 395/479/394
f 378/481/395 390/471/395 389/482/395
f 383/484/396 395/479/396 394/485/396
f 375/487/397 387/474/397 386/488/397
f 381/490/398 382/542/398 394/485/398
f 374/492/399 386/488/399 385/493/399
f 380/495/400 381/540/400 393/491/400
f 377/496/401 389/482/401 388/467/401
f 454/464/432 455/566/432 453/539/432
f 456/540/433 457/554/433 455/541/433
f 458/542/434 459/567/434 457/543/434
f 460/484/435 461/555/435 459/544/435
f 374/489/436 373/476/436 384/477/436
f 384/477/436 383/480/436 382/486/436
f 382/486/436 381/490/436 380/495/436
f 380/495/436 379/466/436 378/472/436
f 378/472/436 377/483/436 376/497/436
f 376/497/436 375/475/436 374/489/436
f 374/489/436 384/477/436 382/486/436
f 382/486/436 380/495/436 378/472/436
f 378/472/436 376/497/436 374/489/436
f 462/478/437 463/568/437 461/545/437
f 445/476/438 446/556/438 463/546/438
f 470/465/439 471/468/439 454/464/439
f 465/488/436 464/493/436 475/469/436
f 475/469/436 474/479/436 473/485/436
f 473/485/436 472/491/436 471/468/436
f 471/468/436 470/465/436 469/471/436
f 469/471/436 468/482/436 467/467/436
f 467/467/436 466/474/436 465/488/436
f 465/488/436 475/469/436 473/485/436
f 473/485/436 471/468/436 469/471/436
f 469/471/436 467/467/436 465/488/436
f 469/471/440 470/465/440 452/470/440
f 466/474/441 467/467/441 449/473/441
f 475/469/442 464/493/442 445/476/442
f 474/479/443 475/469/443 462/478/443
f 468/482/444 469/471/444 451/481/444
f 473/485/445 474/479/445 460/484/445
f 465/488/446 466/474/446 448/487/446
f 456/490/447 472/491/447 473/485/447
f 445/494/448 464/493/448 465/488/448
f 454/495/449 471/468/449 472/491/449
f 467/467/450 468/482/450 450/496/450
f 460/553/390 462/553/390 445/553/390
f 445/553/390 447/553/390 448/553/390
f 448/553/390 449/553/390 450/553/390
f 450/553/390 451/553/390 452/553/390
f 452/553/390 454/553/390 456/553/390
f 456/553/390 458/553/390 460/553/390
f 460/553/390 445/553/390 448/553/390
f 448/553/390 450/553/390 452/553/390
f 452/553/390 456/553/390 460/553/390
f 452/466/460 456/540/460 457/554/460
f 456/540/461 460/484/461 461/555/461
f 445/476/462 460/484/462 461/555/462
usemtl None_base.png
f 398/498/402 403/499/403 399/500/404
f 404/501/405 399/500/404 403/502/403
f 404/503/405 397/504/406 400/505/407
f 398/498/402 400/505/407 397/504/406
f 403/499/403 401/506/408 404/507/405
f 426/508/409 407/509/410 406/510/411
f 405/511/412 426/508/409 406/510/411
f 402/512/413 397/504/406 401/513/408
f 428/514/414 405/511/412 408/515/415
f 407/534/410 428/514/414 408/515/415
f 428/535/414 426/508/409 425/536/431
f 477/498/404 482/499/451 481/547/452
f 478/500/402 483/501/453 482/502/451
f 476/504/407 483/503/453 479/505/406
f 479/505/406 477/498/404 476/504/407
f 480/506/454 482/499/451 483/507/453
f 486/509/411 505/508/455 485/510/410
f 505/508/455 484/511/415 485/510/410
f 476/504/407 481/512/452 480/513/454
f 487/515/456 504/548/457 507/514/458
f 507/514/458 486/534/411 487/515/456
f 505/508/455 507/535/458 504/536/457
f 398/498/402 402/547/413 403/499/403
f 404/501/405 400/505/407 399/500/404
f 404/503/405 401/557/408 397/504/406
f 398/498/402 399/500/404 400/505/407
f 403/499/403 402/547/413 401/506/408
f 426/508/409 427/558/463 407/509/410
f 405/511/412 425/548/431 426/508/409
f 402/512/413 398/498/402 397/504/406
f 428/514/414 425/548/431 405/511/412
f 407/534/410 427/565/463 428/514/414
f 428/535/414 427/558/463 426/508/409
f 477/498/404 478/500/402 482/499/451
f 478/500/402 479/505/406 483/501/453
f 476/504/407 480/557/454 483/503/453
f 479/505/406 478/500/402 477/498/404
f 480/506/454 481/547/452 482/499/451
f 486/509/411 506/558/464 505/508/455
f 505/508/455 504/548/457 484/511/415
f 476/504/407 477/498/404 481/512/452
f 487/515/456 484/511/415 504/548/457
f 507/514/458 506/565/464 486/534/411
f 505/508/455 506/558/464 507/535/458
usemtl None_cowl.png.001
f 444/516/416 439/517/417 440/518/418
f 437/519/419 442/520/420 441/521/421
f 433/522/422 444/516/416 440/518/418
f 434/523/423 432/524/424 433/522/422
f 435/525/425 431/526/426 434/523/423
f 435/525/425 429/527/427 430/528/428
f 436/529/429 441/521/421 429/527/427
f 432/530/424 430/528/428 441/531/421
f 440/532/418 438/533/430 436/529/429
f 439/537/417 442/520/420 438/538/430
f 519/518/416 522/549/417 523/516/418
f 521/520/430 516/519/421 520/521/419
f 523/516/418 512/522/424 519/518/416
f 511/524/422 513/523/426 512/522/424
f 510/526/423 514/525/428 513/523/426
f 508/527/429 514/525/428 509/528/425
f 520/521/419 515/529/427 508/527/429
f 509/528/425 511/530/422 522/550/417
f 517/533/420 519/532/416 513/551/426
f 517/538/420 522/552/417 518/537/459
f 444/516/416 443/549/459 439/517/417
f 437/519/419 438/538/430 442/520/420
f 433/522/422 432/524/424 444/516/416
f 434/523/423 431/526/426 432/524/424
f 435/525/425 430/528/428 431/526/426
f 435/525/425 436/529/429 429/527/427
f 436/529/429 437/519/419 441/521/421
f 441/531/421 442/559/420 443/550/459
f 443/550/459 444/560/416 432/530/424
f 432/530/424 431/561/426 430/528/428
f 430/528/428 429/527/427 441/531/421
f 441/531/421 443/550/459 432/530/424
f 436/529/429 435/525/425 434/551/423
f 434/551/423 433/562/422 440/532/418
f 440/532/418 439/563/417 438/533/430
f 438/533/430 437/564/419 436/529/429
f 436/529/429 434/551/423 440/532/418
f 439/537/417 443/552/459 442/520/420
f 519/518/416 518/517/459 522/549/417
f 521/520/430 517/538/420 516/519/421
f 523/516/418 511/524/422 512/522/424
f 511/524/422 510/526/423 513/523/426
f 510/526/423 509/528/425 514/525/428
f 508/527/429 515/529/427 514/525/428
f 520/521/419 516/519/421 515/529/427
f 522/550/417 521/559/430 520/531/419
f 520/531/419 508/527/429 509/528/425
f 509/528/425 510/561/423 511/530/422
f 511/530/422 523/560/418 522/550/417
f 522/550/417 520/531/419 509/528/425
f 513/551/426 514/525/428 515/529/427
f 515/529/427 516/564/421 517/533/420
f 517/533/420 518/563/459 519/532/416
f 519/532/416 512/562/424 513/551/426
f 513/551/426 515/529/427 517/533/420
f 517/538/420 521/520/430 522/552/417

o rotating
v -0.32835 -0.063107 0.172647
v -0.18079 0.022087 0.172647
v -0.322643 -0.072992 0.13005
v -0.175083 0.012202 0.13005
v -0.307052 -0.099997 0.098867
v -0.159491 -0.014803 0.098867
v -0.285753 -0.136887 0.087453
v -0.138193 -0.051693 0.087453
v -0.264455 -0.173777 0.098867
v -0.116894 -0.088583 0.098867
v -0.248863 -0.200783 0.13005
v -0.101303 -0.115589 0.13005
v -0.243156 -0.210667 0.172647
v -0.095596 -0.125473 0.172647
v -0.248863 -0.200783 0.215244
v -0.101303 -0.115589 0.215244
v -0.264455 -0.173777 0.246428
v -0.116894 -0.088583 0.246428
v -0.285753 -0.136887 0.257841
v -0.138193 -0.051693 0.257841
v -0.307052 -0.099997 0.246428
v -0.159491 -0.014803 0.246428
v -0.322643 -0.072992 0.215244
v -0.175083 0.012202 0.215244
v -0.197181 -0.024039 0.141792
v -0.201315 -0.016879 0.172647
v -0.185887 -0.043601 0.119204
v -0.170459 -0.070322 0.110936
v -0.155032 -0.097044 0.119204
v -0.143738 -0.116606 0.141792
v -0.139604 -0.123766 0.172647
v -0.143738 -0.116606 0.203503
v -0.155032 -0.097044 0.226091
v -0.170459 -0.070322 0.234358
v -0.185887 -0.043601 0.226091
v -0.197181 -0.024039 0.203503
v -0.174378 -0.041589 0.157149
v -0.176454 -0.037992 0.172647
v -0.168705 -0.051414 0.145804
v -0.160956 -0.064836 0.141652
v -0.153207 -0.078257 0.145804
v -0.147534 -0.088082 0.157149
v -0.145458 -0.091679 0.172647
v -0.147534 -0.088082 0.188145
v -0.153207 -0.078257 0.199491
v -0.160956 -0.064836 0.203643
v -0.168705 -0.051414 0.199491
v -0.174378 -0.041589 0.188145
v -0.048784 -0.000073 0.141511
v -0.041 -0.013556 0.145683
v -0.035302 -0.023425 0.157079
v -0.00548 0.024928 0.139778
v -0.033216 -0.027038 0.172647
v -0.006384 0.024407 0.172647
v -0.00548 0.024928 0.205517
v -0.035302 -0.023425 0.188216
v -0.041 -0.013556 0.199612
v -0.048784 -0.000073 0.203784
v -0.056568 0.013409 0.199612
v -0.062267 0.023279 0.188216
v -0.064352 0.026892 0.172647
v -0.062267 0.023279 0.157079
v 0.026856 -0.000266 0.139778
v 0.026949 -0.001072 0.172647
v -0.056568 0.013409 0.145683
v 0.026856 -0.000266 0.205517
v 0.001734 -0.004775 0.121844
v -0.012931 0.020626 0.113985
v 0.01247 -0.023371 0.143316
v 0.0164 -0.030177 0.172647
v 0.01247 -0.023371 0.201979
v 0.001734 -0.004775 0.223451
v -0.012931 0.020626 0.23131
v -0.027597 0.046028 0.223451
v -0.038333 0.064624 0.201979
v -0.042263 0.07143 0.172647
v -0.038333 0.064624 0.143316
v -0.027597 0.046028 0.121844
v 0.085855 0.043792 0.121844
v 0.071167 0.042071 0.139778
v 0.071189 0.069193 0.113985
v 0.072128 0.042095 0.172647
v 0.096591 0.025196 0.143316
v 0.071167 0.042071 0.205517
v 0.100521 0.01839 0.172647
v 0.096591 0.025196 0.201979
v 0.085855 0.043792 0.223451
v 0.071189 0.069193 0.23131
v 0.056524 0.094595 0.223451
v 0.045787 0.113191 0.201979
v 0.041858 0.119997 0.172647
v 0.045787 0.113191 0.143316
v 0.056524 0.094595 0.121844
v 0.101246 0.06933 0.146822
v 0.093791 0.082242 0.142826
v 0.106704 0.059877 0.157737
v 0.108701 0.056417 0.172647
v 0.047689 0.082735 0.139778
v 0.106704 0.059877 0.187558
v 0.04819 0.083556 0.172647
v 0.101246 0.06933 0.198473
v 0.047689 0.082735 0.205517
v 0.093791 0.082242 0.202469
v 0.086335 0.095155 0.198473
v 0.080878 0.104608 0.187558
v 0.07888 0.108068 0.172647
v 0.080878 0.104608 0.157737
v 0.086335 0.095155 0.146822
v -0.011131 0.06553 0.139778
v -0.011782 0.066013 0.172647
v -0.011131 0.06553 0.205517
v -0.003296 0.026189 0.23131
v 0.057661 0.061383 0.23131
v 0.019984 0.073499 0.223451
v 0.046763 0.081219 0.225247
v -0.012546 0.054718 0.223451
v -0.010522 0.065078 0.129805
v -0.012546 0.054718 0.121844
v 0.019984 0.073499 0.121844
v -0.003296 0.026189 0.113985
v -0.003296 0.026189 0.113985
v 0.057661 0.061383 0.113985
v 0.06939 0.042027 0.120048
v 0.049315 0.022696 0.121844
v 0.016785 0.003914 0.121844
v -0.010522 0.065078 0.21549
v 0.02677 0.000487 0.21549
v 0.016785 0.003914 0.223451
v 0.049315 0.022696 0.223451
v 0.046763 0.081219 0.120048
v 0.02677 0.000487 0.129805
v -0.003296 0.026189 0.23131
v 0.06939 0.042027 0.225247
v 0.321547 -0.058568 -0.174055
v 0.173987 0.026626 -0.174055
v 0.31584 -0.068452 -0.216652
v 0.16828 0.016742 -0.216652
v 0.300249 -0.095458 -0.247835
v 0.152688 -0.010264 -0.247835
v 0.27895 -0.132348 -0.259249
v 0.13139 -0.047154 -0.259249
v 0.257652 -0.169238 -0.247835
v 0.110091 -0.084044 -0.247835
v 0.24206 -0.196243 -0.216652
v 0.0945 -0.111049 -0.216652
v 0.236353 -0.206128 -0.174055
v 0.088793 -0.120934 -0.174055
v 0.24206 -0.196243 -0.131458
v 0.0945 -0.111049 -0.131458
v 0.257652 -0.169238 -0.100275
v 0.110091 -0.084044 -0.100275
v 0.27895 -0.132348 -0.088861
v 0.13139 -0.047154 -0.088861
v 0.300249 -0.095458 -0.100275
v 0.152688 -0.010264 -0.100275
v 0.31584 -0.068452 -0.131458
v 0.16828 0.016742 -0.131458
v 0.190378 -0.0195 -0.20491
v 0.194512 -0.01234 -0.174055
v 0.179084 -0.039061 -0.227498
v 0.163657 -0.065783 -0.235766
v 0.148229 -0.092505 -0.227498
v 0.136935 -0.112066 -0.20491
v 0.132801 -0.119226 -0.174055
v 0.136935 -0.112066 -0.143199
v 0.148229 -0.092505 -0.120612
v 0.163657 -0.065783 -0.112344
v 0.179084 -0.039061 -0.120612
v 0.190378 -0.0195 -0.143199
v 0.167575 -0.037049 -0.189553
v 0.169651 -0.033453 -0.174055
v 0.161902 -0.046874 -0.200898
v 0.154153 -0.060296 -0.205051
v 0.146404 -0.073718 -0.200898
v 0.140731 -0.083543 -0.189553
v 0.138655 -0.087139 -0.174055
v 0.140731 -0.083543 -0.158557
v 0.146404 -0.073718 -0.147212
v 0.154153 -0.060296 -0.143059
v 0.161902 -0.046874 -0.147212
v 0.167575 -0.037049 -0.158557
v 0.041981 0.004466 -0.205191
v 0.034197 -0.009016 -0.20102
v 0.028499 -0.018886 -0.189623
v -0.001323 0.029468 -0.206925
v 0.026413 -0.022499 -0.174055
v -0.000419 0.028946 -0.174055
v -0.001323 0.029468 -0.141185
v 0.028499 -0.018886 -0.158487
v 0.034197 -0.009016 -0.14709
v 0.041981 0.004466 -0.142918
v 0.049765 0.017949 -0.14709
v 0.055464 0.027819 -0.158487
v 0.057549 0.031431 -0.174055
v 0.055464 0.027819 -0.189623
v -0.033659 0.004273 -0.206925
v -0.033752 0.003468 -0.174055
v 0.049765 0.017949 -0.20102
v -0.033659 0.004273 -0.141185
v -0.008537 -0.000236 -0.224858
v 0.006128 0.025166 -0.232718
v -0.019273 -0.018831 -0.203386
v -0.023203 -0.025638 -0.174055
v -0.019273 -0.018831 -0.144723
v -0.008537 -0.000236 -0.123251
v 0.006128 0.025166 -0.115392
v 0.020794 0.050568 -0.123251
v 0.03153 0.069163 -0.144723
v 0.03546 0.075969 -0.174055
v 0.03153 0.069163 -0.203386
v 0.020794 0.050568 -0.224858
v -0.092658 0.048331 -0.224858
v -0.07797 0.046611 -0.206925
v -0.077992 0.073733 -0.232718
v -0.078931 0.046634 -0.174055
v -0.103394 0.029736 -0.203386
v -0.07797 0.046611 -0.141185
v -0.107324 0.022929 -0.174055
v -0.103394 0.029736 -0.144723
v -0.092658 0.048331 -0.123251
v -0.077992 0.073733 -0.115392
v -0.063326 0.099135 -0.123251
v -0.05259 0.11773 -0.144723
v -0.048661 0.124536 -0.174055
v -0.05259 0.11773 -0.203386
v -0.063326 0.099135 -0.224858
v -0.108049 0.073869 -0.199881
v -0.100594 0.086782 -0.203876
v -0.113507 0.064416 -0.188965
v -0.115504 0.060956 -0.174055
v -0.054492 0.087275 -0.206925
v -0.113507 0.064416 -0.159144
v -0.054993 0.088095 -0.174055
v -0.108049 0.073869 -0.148229
v -0.054492 0.087275 -0.141185
v -0.100594 0.086782 -0.144234
v -0.093138 0.099695 -0.148229
v -0.087681 0.109148 -0.159144
v -0.085683 0.112608 -0.174055
v -0.087681 0.109148 -0.188965
v -0.093138 0.099695 -0.199881
v 0.004328 0.070069 -0.206925
v 0.004979 0.070553 -0.174055
v 0.004328 0.070069 -0.141185
v -0.003507 0.030729 -0.115392
v -0.064464 0.065923 -0.115392
v -0.026787 0.078038 -0.123251
v -0.053566 0.085758 -0.121455
v 0.005743 0.059257 -0.123251
v 0.003719 0.069618 -0.216898
v 0.005743 0.059257 -0.224858
v -0.026787 0.078038 -0.224858
v -0.003507 0.030729 -0.232718
v -0.003507 0.030729 -0.232718
v -0.064464 0.065923 -0.232718
v -0.076193 0.046567 -0.226655
v -0.056118 0.027235 -0.224858
v -0.023588 0.008454 -0.224858
v 0.003719 0.069618 -0.131212
v -0.033573 0.005026 -0.131212
v -0.023588 0.008454 -0.123251
v -0.056118 0.027235 -0.123251
v -0.053566 0.085758 -0.226655
v -0.033573 0.005026 -0.216898
v -0.003507 0.030729 -0.115392
v -0.076193 0.046567 -0.121455
v 0.00206 0.032009 -0.229902
v 0.00206 0.032009 -0.504555
v -0.013945 0.027721 -0.229902
v -0.013945 0.027721 -0.504555
v -0.025661 0.016005 -0.229902
v -0.025661 0.016005 -0.504555
v -0.02995 0 -0.229902
v -0.02995 0 -0.504555
v -0.025661 -0.016005 -0.229902
v -0.025661 -0.016005 -0.504555
v -0.013945 -0.027721 -0.229902
v -0.013945 -0.027721 -0.504555
v 0.00206 -0.03201 -0.229902
v 0.00206 -0.03201 -0.504555
v 0.018065 -0.027721 -0.229902
v 0.018065 -0.027721 -0.504555
v 0.029781 -0.016005 -0.229902
v 0.029781 -0.016005 -0.504555
v 0.034069 0 -0.229902
v 0.034069 0 -0.504555
v 0.029781 0.016005 -0.229902
v 0.029781 0.016005 -0.504555
v 0.018065 0.027721 -0.229902
v 0.018065 0.027721 -0.504555
v -0.03582 0.07668 -0.20154
v -0.051824 0.072392 -0.20154
v -0.063541 0.060675 -0.20154
v -0.067829 0.044671 -0.20154
v -0.063541 0.028666 -0.20154
v -0.051824 0.01695 -0.20154
v -0.03582 0.012661 -0.20154
v -0.019815 0.01695 -0.20154
v -0.008099 0.028666 -0.20154
v -0.00381 0.044671 -0.20154
v -0.008099 0.060675 -0.20154
v -0.019815 0.072392 -0.20154
v -0.03582 0.07668 -0.143167
v -0.051824 0.072392 -0.143167
v -0.063541 0.060675 -0.143167
v -0.067829 0.044671 -0.143167
v -0.063541 0.028666 -0.143167
v -0.051824 0.01695 -0.143167
v -0.03582 0.012661 -0.143167
v -0.019815 0.01695 -0.143167
v -0.008099 0.028666 -0.143167
v -0.00381 0.044671 -0.143167
v -0.008099 0.060675 -0.143167
v -0.019815 0.072392 -0.143167
v 0.00206 0.032009 -0.11226
v -0.013945 0.027721 -0.11226
v -0.025661 0.016005 -0.11226
v -0.02995 0 -0.11226
v -0.025661 -0.016005 -0.11226
v -0.013945 -0.027721 -0.11226
v 0.00206 -0.03201 -0.11226
v 0.018065 -0.027721 -0.11226
v 0.029781 -0.016005 -0.11226
v 0.034069 0 -0.11226
v 0.029781 0.016005 -0.11226
v 0.018065 0.027721 -0.11226
v -0.000719 0.031766 -0.001682
v -0.01623 0.026121 -0.001683
v -0.02684 0.013476 -0.001683
v -0.029706 -0.002779 -0.001683
v -0.024061 -0.01829 -0.001683
v -0.011416 -0.0289 -0.001683
v 0.004839 -0.031766 -0.001682
v 0.02035 -0.026121 -0.001682
v 0.03096 -0.013476 -0.001682
v 0.033826 0.002779 -0.001682
v 0.028181 0.01829 -0.001682
v 0.015536 0.0289 -0.001682
v -0.019815 0.01695 -0.160912
v -0.03582 0.012661 -0.160912
v -0.063541 0.028666 -0.160912
v -0.067829 0.044671 -0.160912
v -0.019815 0.072392 -0.160912
v -0.008099 0.060675 -0.160912
v -0.051824 0.072392 -0.160912
v -0.03582 0.07668 -0.160912
v -0.008099 0.028666 -0.160912
v -0.051824 0.01695 -0.160912
v -0.063541 0.060675 -0.160912
v -0.00381 0.044671 -0.160912
v -0.03582 0.012661 -0.186362
v -0.067829 0.044671 -0.186362
v -0.008099 0.060675 -0.186362
v -0.03582 0.07668 -0.186362
v -0.019815 0.01695 -0.186362
v -0.063541 0.028666 -0.186362
v -0.019815 0.072392 -0.186362
v -0.051824 0.072392 -0.186362
v -0.008099 0.028666 -0.186362
v -0.051824 0.01695 -0.186362
v -0.063541 0.060675 -0.186362
v -0.00381 0.044671 -0.186362
v -0.003499 0.031523 0.229869
v -0.003499 0.031523 0.501701
v 0.013008 0.030079 0.229869
v 0.013008 0.030079 0.501701
v 0.026581 0.020575 0.229869
v 0.026581 0.020575 0.501701
v 0.033583 0.005558 0.229869
v 0.033583 0.005558 0.501701
v 0.032139 -0.010948 0.229869
v 0.032139 -0.010948 0.501701
v 0.022635 -0.024521 0.229869
v 0.022635 -0.024521 0.501701
v 0.007618 -0.031523 0.229869
v 0.007618 -0.031523 0.501701
v -0.008888 -0.030079 0.229869
v -0.008888 -0.030079 0.501701
v -0.022461 -0.020575 0.229869
v -0.022461 -0.020575 0.501701
v -0.029463 -0.005558 0.229869
v -0.029463 -0.005558 0.501701
v -0.028019 0.010948 0.229869
v -0.028019 0.010948 0.501701
v -0.018515 0.024521 0.229869
v -0.018515 0.024521 0.501701
v 0.026048 0.082093 0.201506
v 0.042555 0.080649 0.201506
v 0.056128 0.071145 0.201506
v 0.06313 0.056128 0.201506
v 0.061686 0.039622 0.201506
v 0.052182 0.026049 0.201506
v 0.037165 0.019046 0.201506
v 0.020659 0.020491 0.201506
v 0.007086 0.029994 0.201506
v 0.000084 0.045011 0.201506
v 0.001528 0.061518 0.201506
v 0.011032 0.07509 0.201506
v 0.026049 0.082093 0.143133
v 0.042555 0.080649 0.143133
v 0.056128 0.071145 0.143133
v 0.06313 0.056128 0.143133
v 0.061686 0.039622 0.143133
v 0.052182 0.026049 0.143133
v 0.037165 0.019046 0.143133
v 0.020659 0.020491 0.143133
v 0.007086 0.029994 0.143133
v 0.000084 0.045011 0.143133
v 0.001528 0.061518 0.143133
v 0.011032 0.07509 0.143133
v -0.003499 0.031523 0.112227
v 0.013008 0.030079 0.112227
v 0.026581 0.020575 0.112227
v 0.033583 0.005558 0.112227
v 0.032139 -0.010948 0.112227
v 0.022635 -0.024521 0.112227
v 0.007618 -0.031523 0.112227
v -0.008888 -0.030079 0.112227
v -0.022461 -0.020575 0.112227
v -0.029463 -0.005558 0.112227
v -0.028019 0.010948 0.112227
v -0.018515 0.024521 0.112227
v 0.020659 0.020491 0.160879
v 0.037165 0.019046 0.160879
v 0.061686 0.039622 0.160879
v 0.06313 0.056128 0.160879
v 0.011032 0.07509 0.160879
v 0.001528 0.061518 0.160879
v 0.042555 0.080649 0.160879
v 0.026049 0.082093 0.160879
v 0.007086 0.029994 0.160879
v 0.052182 0.026049 0.160879
v 0.056128 0.071145 0.160879
v 0.000084 0.045011 0.160879
v 0.037165 0.019046 0.186329
v 0.06313 0.056128 0.186329
v 0.001528 0.061518 0.186329
v 0.026049 0.082093 0.186329
v 0.020659 0.020491 0.186329
v 0.061686 0.039622 0.186329
v 0.011032 0.07509 0.186329
v 0.042555 0.080649 0.186329
v 0.007086 0.029994 0.186329
v 0.052182 0.026049 0.186329
v 0.056128 0.071145 0.186329
v 0.000084 0.045011 0.186329
v 0.325864 0 -0.055269
v 0.282483 0.161902 -0.055269
v 0.163962 0.280423 -0.055269
v 0.00206 0.323805 -0.055269
v -0.159842 0.280423 -0.055269
v 0.040542 -0.252404 -0.001581
v -0.278363 0.161902 -0.055269
v 0.039803 -0.251523 -0.009637
v -0.321745 0 -0.055269
v -0.278363 -0.161902 -0.055269
v -0.159842 -0.280423 -0.055269
v 0.00206 -0.323805 -0.055269
v 0.163962 -0.280423 -0.055269
v 0.282483 -0.161902 -0.055269
v 0.282622 0 -0.015667
v 0.061018 -0.216939 -0.001581
v 0.059885 -0.216739 -0.009637
v 0.245034 0.140281 -0.015666
v 0.142341 0.242974 -0.015666
v 0.00206 0.280562 -0.015666
v -0.138221 0.242974 -0.015666
v -0.240914 0.140281 -0.015666
v -0.278502 0 -0.015666
v -0.240914 -0.140281 -0.015666
v -0.138221 -0.242974 -0.015666
v 0.00206 -0.280562 -0.015666
v 0.142341 -0.242974 -0.015666
v 0.245034 -0.140281 -0.015666
v -0.278502 0 -0.053629
v -0.240914 0.140281 -0.053629
v -0.138221 0.242974 -0.053629
v 0.053907 -0.176609 -0.001581
v 0.00206 0.280562 -0.053629
v 0.05291 -0.177184 -0.009637
v 0.282622 0 -0.053629
v 0.245034 -0.140281 -0.053629
v 0.245034 0.140281 -0.053629
v 0.142341 0.242974 -0.053629
v 0.142341 -0.242974 -0.053629
v 0.00206 -0.280562 -0.053629
v -0.138221 -0.242974 -0.053629
v -0.240914 -0.140281 -0.053629
v 0.022536 -0.150286 -0.001581
v 0.022142 -0.151367 -0.009637
v -0.018416 -0.150286 -0.001581
v -0.018023 -0.151367 -0.009637
v -0.049787 -0.176609 -0.001581
v -0.048791 -0.177184 -0.009637
v -0.056898 -0.216939 -0.001581
v -0.055765 -0.216739 -0.009637
v -0.036422 -0.252404 -0.001581
v -0.035683 -0.251523 -0.009637
v 0.00206 -0.26641 -0.001581
v 0.00206 -0.26526 -0.009637
v -0.197287 -0.159528 -0.001581
v -0.196894 -0.158448 -0.009637
v -0.156336 -0.159528 -0.001581
v -0.156729 -0.158448 -0.009637
v -0.124965 -0.133205 -0.001581
v -0.125961 -0.13263 -0.009637
v -0.117854 -0.092876 -0.001581
v -0.118986 -0.093075 -0.009637
v -0.138329 -0.05741 -0.001581
v -0.139069 -0.058292 -0.009637
v -0.176811 -0.043404 -0.001581
v -0.176811 -0.044554 -0.009637
v -0.215294 -0.05741 -0.001581
v -0.214554 -0.058292 -0.009637
v -0.235769 -0.092876 -0.001581
v -0.234637 -0.093075 -0.009637
v -0.228658 -0.133205 -0.001581
v -0.227662 -0.13263 -0.009637
v -0.235769 0.092876 -0.001581
v -0.234637 0.093075 -0.009637
v -0.215294 0.05741 -0.001581
v -0.214554 0.058291 -0.009637
v -0.176812 0.043404 -0.001581
v -0.176812 0.044554 -0.009637
v -0.138329 0.05741 -0.001581
v -0.139069 0.058291 -0.009637
v -0.117854 0.092876 -0.001581
v -0.118986 0.093075 -0.009637
v -0.124965 0.133205 -0.001581
v -0.125961 0.13263 -0.009637
v -0.156336 0.159528 -0.001581
v -0.156729 0.158447 -0.009637
v -0.197287 0.159528 -0.001581
v -0.196894 0.158448 -0.009637
v -0.228658 0.133205 -0.001581
v -0.227662 0.13263 -0.009637
v -0.036422 0.252404 -0.001581
v -0.035683 0.251523 -0.009637
v -0.056898 0.216939 -0.001581
v -0.055765 0.216739 -0.009637
v -0.049787 0.176609 -0.001581
v -0.048791 0.177184 -0.009637
v -0.018416 0.150286 -0.001581
v -0.018023 0.151367 -0.009637
v 0.022536 0.150286 -0.001581
v 0.022142 0.151367 -0.009637
v 0.053907 0.176609 -0.001581
v 0.05291 0.177184 -0.009637
v 0.061018 0.216939 -0.001581
v 0.059885 0.216739 -0.009637
v 0.040542 0.252404 -0.001581
v 0.039803 0.251523 -0.009637
v 0.00206 0.26641 -0.001581
v 0.00206 0.26526 -0.009637
v 0.201407 0.159528 -0.001581
v 0.201014 0.158448 -0.009637
v 0.160455 0.159528 -0.001581
v 0.160849 0.158448 -0.009637
v 0.129084 0.133205 -0.001581
v 0.130081 0.13263 -0.009637
v 0.121973 0.092876 -0.001581
v 0.123106 0.093075 -0.009637
v 0.142449 0.05741 -0.001581
v 0.143189 0.058291 -0.009637
v 0.180931 0.043404 -0.001581
v 0.180931 0.044554 -0.009637
v 0.219413 0.05741 -0.001581
v 0.218674 0.058291 -0.009637
v 0.239889 0.092876 -0.001581
v 0.238756 0.093075 -0.009637
v 0.232778 0.133205 -0.001581
v 0.231782 0.13263 -0.009637
v 0.239889 -0.092876 -0.001581
v 0.238756 -0.093075 -0.009637
v 0.219413 -0.05741 -0.001581
v 0.218674 -0.058291 -0.009637
v 0.180931 -0.043404 -0.001581
v 0.180931 -0.044554 -0.009637
v 0.142449 -0.05741 -0.001581
v 0.143189 -0.058291 -0.009637
v 0.121973 -0.092876 -0.001581
v 0.123106 -0.093075 -0.009637
v 0.129085 -0.133205 -0.001581
v 0.130081 -0.13263 -0.009637
v 0.160455 -0.159528 -0.001581
v 0.160849 -0.158447 -0.009637
v 0.201407 -0.159528 -0.001581
v 0.201014 -0.158447 -0.009637
v 0.232778 -0.133205 -0.001581
v 0.231782 -0.13263 -0.009637
v 0.236145 -0.093536 -0.015666
v 0.194054 -0.051982 -0.015666
v 0.216969 -0.060323 -0.015666
v 0.144893 0.060323 -0.015666
v 0.216969 0.060323 -0.015666
v 0.180931 0.047206 -0.015666
v 0.236145 0.093536 -0.015666
v 0.132377 0.131304 -0.015666
v 0.229485 0.131304 -0.015666
v 0.038098 0.249491 -0.015666
v 0.057274 0.216278 -0.015666
v 0.200107 0.155956 -0.015666
v 0.161756 0.155956 -0.015666
v 0.125718 0.093536 -0.015666
v -0.232025 -0.093536 -0.015666
v -0.21285 -0.060323 -0.015666
v -0.21285 0.060323 -0.015666
v -0.140773 0.060323 -0.015666
v -0.232025 0.093536 -0.015666
v -0.176812 0.047206 -0.015666
v -0.225366 0.131304 -0.015666
v -0.128257 0.131304 -0.015666
v -0.033978 0.249491 -0.015666
v -0.195987 0.155956 -0.015666
v -0.053154 0.216279 -0.015666
v -0.048919 0.192263 -0.015666
v -0.157636 0.155956 -0.015666
v -0.121598 0.093536 -0.015666
v 0.00206 -0.262608 -0.015666
v -0.033978 -0.249491 -0.015666
v 0.038098 -0.249491 -0.015666
v -0.046494 -0.17851 -0.015666
v 0.050614 -0.17851 -0.015666
v -0.053154 -0.216279 -0.015666
v 0.057274 -0.216279 -0.015666
v -0.195987 -0.155956 -0.015666
v -0.138956 -0.140281 -0.015666
v -0.157636 -0.155956 -0.015666
v -0.017116 -0.153859 -0.015666
v 0.021235 -0.153859 -0.015666
v 0.161756 -0.155956 -0.015666
v 0.200107 -0.155956 -0.015666
v -0.128257 -0.131304 -0.015666
v 0.132377 -0.131304 -0.015666
v -0.225366 -0.131304 -0.015666
v -0.121598 -0.093536 -0.015666
v 0.125718 -0.093536 -0.015666
v 0.229485 -0.131304 -0.015666
v -0.176811 -0.047206 -0.015666
v 0.180931 -0.047206 -0.015666
v -0.046494 0.17851 -0.015666
v 0.050614 0.17851 -0.015666
v 0.00206 0.262608 -0.015666
v -0.017116 0.153859 -0.015666
v 0.021235 0.153859 -0.015666
v 0.144893 -0.060323 -0.015666
v -0.140773 -0.060323 -0.015666
v 0.325864 0 -0.001581
v 0.282483 0.161902 -0.001581
v 0.163962 0.280423 -0.001581
v 0.00206 0.323805 -0.001581
v -0.159842 0.280423 -0.001581
v -0.278363 0.161902 -0.001581
v -0.321745 0 -0.001581
v -0.278363 -0.161902 -0.001581
v -0.159842 -0.280423 -0.001581
v 0.00206 -0.323805 -0.001581
v 0.163962 -0.280423 -0.001581
v 0.282483 -0.161902 -0.001581
v 0.325864 0 0.052107
v 0.282483 0.161902 0.052107
v 0.163962 0.280423 0.052107
v 0.00206 0.323805 0.052107
v -0.159842 0.280423 0.052107
v -0.278363 0.161902 0.052107
v 0.039803 -0.251523 0.006475
v -0.321745 0 0.052107
v -0.278363 -0.161902 0.052107
v -0.159842 -0.280423 0.052107
v 0.00206 -0.323805 0.052107
v 0.163962 -0.280423 0.052107
v 0.282483 -0.161902 0.052107
v 0.282622 0 0.012504
v 0.059885 -0.216739 0.006475
v 0.245034 0.140281 0.012504
v 0.142341 0.242974 0.012504
v 0.00206 0.280562 0.012504
v -0.138221 0.242974 0.012504
v -0.240914 0.140281 0.012504
v -0.278502 0 0.012504
v -0.240914 -0.140281 0.012504
v -0.138221 -0.242974 0.012504
v 0.00206 -0.280562 0.012504
v 0.142341 -0.242974 0.012504
v 0.245034 -0.140281 0.012504
v -0.278502 0 0.050467
v -0.240914 0.140281 0.050467
v -0.138221 0.242974 0.050467
v 0.00206 0.280562 0.050467
v 0.05291 -0.177184 0.006475
v 0.282622 0 0.050467
v 0.245034 -0.140281 0.050467
v 0.245034 0.140281 0.050467
v 0.142341 0.242974 0.050467
v 0.142341 -0.242974 0.050467
v 0.00206 -0.280562 0.050467
v -0.138221 -0.242974 0.050467
v -0.240914 -0.140281 0.050467
v 0.022142 -0.151367 0.006475
v -0.018023 -0.151367 0.006475
v -0.048791 -0.177184 0.006475
v -0.055765 -0.216739 0.006475
v -0.035683 -0.251523 0.006475
v 0.00206 -0.26526 0.006475
v -0.196894 -0.158448 0.006475
v -0.156729 -0.158448 0.006475
v -0.125961 -0.13263 0.006475
v -0.118986 -0.093075 0.006475
v -0.139069 -0.058292 0.006475
v -0.176811 -0.044554 0.006475
v -0.214554 -0.058292 0.006475
v -0.234637 -0.093075 0.006475
v -0.227662 -0.13263 0.006475
v -0.234637 0.093075 0.006475
v -0.214554 0.058291 0.006475
v -0.176812 0.044554 0.006475
v -0.139069 0.058291 0.006475
v -0.118986 0.093075 0.006475
v -0.125961 0.13263 0.006475
v -0.156729 0.158447 0.006475
v -0.196894 0.158448 0.006475
v -0.227662 0.13263 0.006475
v -0.035683 0.251523 0.006475
v -0.055765 0.216739 0.006475
v -0.048791 0.177184 0.006475
v -0.018023 0.151367 0.006475
v 0.022142 0.151367 0.006475
v 0.05291 0.177184 0.006475
v 0.059885 0.216739 0.006475
v 0.039803 0.251523 0.006475
v 0.00206 0.26526 0.006475
v 0.201014 0.158448 0.006475
v 0.160849 0.158448 0.006475
v 0.130081 0.13263 0.006475
v 0.123106 0.093075 0.006475
v 0.143189 0.058291 0.006475
v 0.180931 0.044554 0.006475
v 0.218674 0.058291 0.006475
v 0.238756 0.093075 0.006475
v 0.231782 0.13263 0.006475
v 0.238756 -0.093075 0.006475
v 0.218674 -0.058291 0.006475
v 0.180931 -0.044554 0.006475
v 0.143189 -0.058291 0.006475
v 0.123106 -0.093075 0.006475
v 0.130081 -0.13263 0.006475
v 0.160849 -0.158447 0.006475
v 0.201014 -0.158447 0.006475
v 0.231782 -0.13263 0.006475
v 0.236145 -0.093536 0.012504
v 0.194054 -0.051982 0.012504
v 0.216969 -0.060323 0.012504
v 0.144893 0.060323 0.012504
v 0.216969 0.060323 0.012504
v 0.180931 0.047206 0.012504
v 0.236145 0.093536 0.012504
v 0.132377 0.131304 0.012504
v 0.229485 0.131304 0.012504
v 0.038098 0.249491 0.012504
v 0.057274 0.216278 0.012504
v 0.200107 0.155956 0.012504
v 0.161756 0.155956 0.012504
v 0.125718 0.093536 0.012504
v -0.232025 -0.093536 0.012504
v -0.21285 -0.060323 0.012504
v -0.21285 0.060323 0.012504
v -0.140773 0.060323 0.012504
v -0.232025 0.093536 0.012504
v -0.176812 0.047206 0.012504
v -0.225366 0.131304 0.012504
v -0.128257 0.131304 0.012504
v -0.033978 0.249491 0.012504
v -0.195987 0.155956 0.012504
v -0.053154 0.216279 0.012504
v -0.048919 0.192263 0.012504
v -0.157636 0.155956 0.012504
v -0.121598 0.093536 0.012504
v 0.00206 -0.262608 0.012504
v -0.033978 -0.249491 0.012504
v 0.038098 -0.249491 0.012504
v -0.046494 -0.17851 0.012504
v 0.050614 -0.17851 0.012504
v -0.053154 -0.216279 0.012504
v 0.057274 -0.216279 0.012504
v -0.195987 -0.155956 0.012504
v -0.138956 -0.140281 0.012504
v -0.157636 -0.155956 0.012504
v -0.017116 -0.153859 0.012504
v 0.021235 -0.153859 0.012504
v 0.161756 -0.155956 0.012504
v 0.200107 -0.155956 0.012504
v -0.128257 -0.131304 0.012504
v 0.132377 -0.131304 0.012504
v -0.225366 -0.131304 0.012504
v -0.121598 -0.093536 0.012504
v 0.125718 -0.093536 0.012504
v 0.229485 -0.131304 0.012504
v -0.176811 -0.047206 0.012504
v 0.180931 -0.047206 0.012504
v -0.046494 0.17851 0.012504
v 0.050614 0.17851 0.012504
v 0.00206 0.262608 0.012504
v -0.017116 0.153859 0.012504
v 0.021235 0.153859 0.012504
v 0.144893 -0.060323 0.012504
v -0.140773 -0.060323 0.012504
vt 0.11338 0.888076
vt 0.370095 0.821633
vt 0.370095 0.888076
vt 0.11338 0.821633
vt 0.370095 0.75519
vt 0.11338 0.75519
vt 0.370095 0.688747
vt 0.11338 0.688747
vt 0.370095 0.622305
vt 0.11338 0.622305
vt 0.370095 0.555862
vt 0.11338 0.555862
vt 0.370095 0.489419
vt 0.11338 0.489419
vt 0.370095 0.422976
vt 0.11338 0.422976
vt 0.370095 0.356534
vt 0.11338 0.356534
vt 0.370095 0.290091
vt 0.11338 0.290091
vt 0.370095 0.223648
vt 0.04766 0.432134
vt 0.11338 0.223648
vt 0.370095 0.157205
vt 0.11338 0.157205
vt 0.370095 0.090762
vt 0.5273 0
vt 0.584841 0.214746
vt 0.04766 0.746033
vt 0 0.709882
vt 0.04766 0.697905
vt 0.04766 0.498576
vt 0.04766 0.565019
vt 0.04766 0.631462
vt 0.04766 0.09992
vt 0.11338 0.090763
vt 0.04766 0.83079
vt 0.04766 0.166363
vt 0.04766 0.764348
vt 0.04766 0.232805
vt 0.04766 0.299248
vt 0.04766 0.365691
vt 0.04766 0.280934
vt 0 0.244783
vt 0 0.468285
vt 0 0.444111
vt 0.04766 0.67959
vt 0 0.643439
vt 0.04766 0.214491
vt 0 0.17834
vt 0.04766 0.878919
vt 0 0.842768
vt 0 0.401842
vt 0 0.377668
vt 0 0.60117
vt 0 0.576997
vt 0.04766 0.148048
vt 0 0.111897
vt 0.04766 0.812476
vt 0 0.776325
vt 0 0.335399
vt 0 0.311225
vt 0 0.534727
vt 0 0.510554
vt 0.813395 0.763898
vt 0.61828 0.7884
vt 0.618246 0.764226
vt 0.813429 0.788181
vt 0.6183 0.812574
vt 0.813449 0.812464
vt 0.618307 0.836748
vt 0.813456 0.836748
vt 0.6183 0.860921
vt 0.813449 0.861031
vt 0.61828 0.885095
vt 0.813429 0.885314
vt 0.618246 0.909269
vt 0.813395 0.909597
vt 0.618199 0.933442
vt 0.813347 0.93388
vt 0.618138 0.957616
vt 0.813286 0.958164
vt 0.618063 0.98179
vt 0.813211 0.691048
vt 0.618138 0.715879
vt 0.618063 0.691706
vt 0.887456 0.94476
vt 0.813285 0.715331
vt 0.618199 0.740053
vt 0.813347 0.739615
vt 0.619176 0.658951
vt 0.619044 0.660029
vt 0.619115 0.658924
vt 0.88751 0.920435
vt 0.88755 0.89611
vt 0.887576 0.871785
vt 0.887546 0.774486
vt 0.887574 0.798811
vt 0.887589 0.847461
vt 0.887504 0.750161
vt 0.887588 0.823136
vt 0.887307 0.680086
vt 0.887449 0.725836
vt 0.887307 0.99341
vt 0.813211 0.982447
vt 0.887388 0.969085
vt 0.619022 0.660075
vt 0.618562 0.660861
vt 0.618665 0.659841
vt 0.618461 0.65815
vt 0.61842 0.659691
vt 0.618443 0.658325
vt 0.618632 0.659638
vt 0.618611 0.659452
vt 0.618689 0.657209
vt 0.619007 0.658174
vt 0.61865 0.657891
vt 0.619105 0.660038
vt 0.619065 0.658796
vt 0.618319 0.659883
vt 0.61833 0.658547
vt 0.618921 0.660168
vt 0.618944 0.660245
vt 0.61849 0.660308
vt 0.618903 0.658535
vt 0.619007 0.658428
vt 0.619344 0.658811
vt 0.618639 0.658069
vt 0.618483 0.657836
vt 0.619039 0.658881
vt 0.618191 0.659923
vt 0.618485 0.658434
vt 0.618932 0.658394
vt 0.618994 0.660053
vt 0.619325 0.659122
vt 0.618516 0.659609
vt 0.61877 0.65959
vt 0.618995 0.659737
vt 0.618944 0.658037
vt 0.619021 0.658719
vt 0.618851 0.658302
vt 0.618536 0.660221
vt 0.61877 0.660021
vt 0.618818 0.660885
vt 0.618853 0.66026
vt 0.618648 0.659975
vt 0.618605 0.660269
vt 0.61891 0.660331
vt 0.61889 0.660487
vt 0.618591 0.65999
vt 0.618614 0.660034
vt 0.61862 0.660127
vt 0.618634 0.66003
vt 0.618558 0.659585
vt 0.618837 0.660943
vt 0.618638 0.66001
vt 0.618565 0.660152
vt 0.618615 0.660193
vt 0.618744 0.660145
vt 0.618689 0.65998
vt 0.686564 0.009069
vt 0.678377 0.120358
vt 0.652458 0.096751
vt 0.796081 0
vt 0.716528 0.115393
vt 0.709159 0.006949
vt 0.822917 0
vt 0.90247 0.115394
vt 0.815399 0.110992
vt 0.914419 0.116262
vt 0.999989 0.021658
vt 0.96654 0.096752
vt 0.896683 0.277791
vt 0.940621 0.120359
vt 0.952484 0.206069
vt 0.722314 0.277791
vt 0.666514 0.206068
vt 0.803599 0.110992
vt 0.669835 0.280045
vt 0.722313 0.402294
vt 0.669835 0.40004
vt 0.809498 0.403514
vt 0.809498 0.276571
vt 0.896683 0.402295
vt 0.949162 0.280046
vt 0.965288 0.340043
vt 0.940619 0.559728
vt 0.949161 0.40004
vt 0.678376 0.559727
vt 0.666513 0.474017
vt 0.803598 0.569093
vt 0.815397 0.569093
vt 0.686562 0.671016
vt 0.652457 0.583334
vt 0.79608 0.680085
vt 0.716527 0.564692
vt 0.902469 0.564692
vt 0.822915 0.680086
vt 0.932433 0.671016
vt 0.966538 0.583334
vt 0.999987 0.658428
vt 0.04766 0.480262
vt 0.403316 0.033221
vt 0.460858 0
vt 0.584842 0.033221
vt 0.618063 0.090762
vt 0.618063 0.157205
vt 0.5273 0.247968
vt 0.460858 0.247968
vt 0.403316 0.214746
vt 0 0.734056
vt 0.04766 0.546705
vt 0.04766 0.613148
vt 0.04766 0.347376
vt 0.04766 0.413819
vt 0 0.268956
vt 0 0.667613
vt 0 0.202514
vt 0 0.866941
vt 0 0.136071
vt 0 0.800499
vt 0.887546 0.899009
vt 0.887574 0.874684
vt 0.887588 0.850359
vt 0.887589 0.826034
vt 0.887456 0.728735
vt 0.88751 0.75306
vt 0.887576 0.80171
vt 0.887388 0.70441
vt 0.88755 0.777385
vt 0.887449 0.947659
vt 0.887504 0.923334
vt 0.61886 0.661664
vt 0.618604 0.658855
vt 0.618456 0.65833
vt 0.618063 0.659241
vt 0.619317 0.659785
vt 0.619175 0.658821
vt 0.619068 0.6586
vt 0.619018 0.659303
vt 0.618867 0.660602
vt 0.618849 0.660349
vt 0.61876 0.660217
vt 0.618601 0.660043
vt 0.618601 0.659983
vt 0.618686 0.660053
vt 0.618709 0.660295
vt 0.618655 0.660724
vt 0.618811 0.660199
vt 0.618653 0.660598
vt 0.618649 0.659945
vt 0.618688 0.660175
vt 0.618944 0.660638
vt 0.618603 0.659962
vt 0.618701 0.659984
vt 0.619009 0.021657
vt 0.704579 0.116261
vt 0.909839 0.006949
vt 0.932434 0.00907
vt 0.653708 0.340042
vt 0.952483 0.474017
vt 0.914417 0.563825
vt 0.704578 0.563824
vt 0.709157 0.673137
vt 0.909837 0.673137
vt 1 0.658496
vt 0.113694 0.095048
vt 0.370528 0.160876
vt 0.370371 0.094444
vt 0.113851 0.161481
vt 0.370684 0.227309
vt 0.114007 0.227914
vt 0.370841 0.293742
vt 0.114164 0.294347
vt 0.370997 0.360175
vt 0.11432 0.36078
vt 0.371154 0.426608
vt 0.114477 0.427212
vt 0.37131 0.49304
vt 0.114633 0.493645
vt 0.371467 0.559473
vt 0.11479 0.560078
vt 0.371623 0.625906
vt 0.114946 0.626511
vt 0.37178 0.692339
vt 0.115103 0.692944
vt 0.371936 0.758772
vt 0.049058 0.551077
vt 0.11526 0.759377
vt 0.372093 0.825205
vt 0.115416 0.825809
vt 0.372249 0.891637
vt 0.46149 0.251411
vt 0.618302 0.093859
vt 0.403452 0.036833
vt 0.048945 0.502956
vt 0.001377 0.539214
vt 0.048902 0.484644
vt 0.048745 0.418211
vt 0.048588 0.351779
vt 0.049841 0.883241
vt 0.115573 0.892242
vt 0.048119 0.15248
vt 0.048432 0.285346
vt 0.049684 0.816808
vt 0.048275 0.218913
vt 0.049528 0.750376
vt 0.049371 0.683943
vt 0.049214 0.61751
vt 0.048475 0.303657
vt 0.000908 0.339915
vt 0.049571 0.768687
vt 0.002003 0.804945
vt 0.048005 0.104359
vt 0.000438 0.140617
vt 0.049101 0.569389
vt 0.001534 0.605647
vt 0.048632 0.37009
vt 0.001064 0.406348
vt 0.002103 0.847208
vt 0.00216 0.871378
vt 0.048162 0.170792
vt 0.000595 0.20705
vt 0.001633 0.647909
vt 0.00169 0.672079
vt 0.048788 0.436523
vt 0.001221 0.472781
vt 0.048319 0.237225
vt 0.000751 0.273483
vt 0.00179 0.714342
vt 0.001847 0.738512
vt 0.813227 0.739504
vt 0.618155 0.764112
vt 0.618108 0.739942
vt 0.813275 0.763783
vt 0.618189 0.788282
vt 0.813309 0.788063
vt 0.61821 0.812452
vt 0.81333 0.812343
vt 0.618216 0.836622
vt 0.813336 0.836622
vt 0.61821 0.860792
vt 0.81333 0.860902
vt 0.618189 0.884963
vt 0.813309 0.885182
vt 0.618155 0.909133
vt 0.813275 0.909461
vt 0.618108 0.933303
vt 0.813227 0.933741
vt 0.618047 0.957473
vt 0.813166 0.958021
vt 0.617972 0.981643
vt 0.887379 0.920298
vt 0.813091 0.690944
vt 0.618047 0.715772
vt 0.617972 0.691602
vt 0.527559 0.160132
vt 0.449439 0.1392
vt 0.506627 0.082013
vt 0.619276 0.658717
vt 0.618797 0.659952
vt 0.619257 0.658592
vt 0.887458 0.850232
vt 0.887419 0.895976
vt 0.887446 0.871655
vt 0.887459 0.847334
vt 0.813166 0.715224
vt 0.887374 0.750049
vt 0.887415 0.77437
vt 0.887458 0.823012
vt 0.887177 0.679983
vt 0.887318 0.725727
vt 0.887443 0.798691
vt 0.813091 0.9823
vt 0.887318 0.947517
vt 0.887177 0.993261
vt 0.887258 0.96894
vt 0.887326 0.944619
vt 0.618472 0.659697
vt 0.618051 0.6616
vt 0.618016 0.660649
vt 0.618601 0.658268
vt 0.618226 0.6596
vt 0.61854 0.658357
vt 0.618431 0.659506
vt 0.618467 0.659308
vt 0.618881 0.657706
vt 0.619323 0.657574
vt 0.618876 0.657959
vt 0.618784 0.659949
vt 0.619281 0.658333
vt 0.618108 0.659778
vt 0.618353 0.658508
vt 0.618674 0.660119
vt 0.618711 0.660199
vt 0.618235 0.660222
vt 0.618976 0.658436
vt 0.619065 0.658329
vt 0.619392 0.658665
vt 0.618772 0.658178
vt 0.618695 0.658061
vt 0.618631 0.659914
vt 0.619172 0.658387
vt 0.617985 0.659803
vt 0.618569 0.658384
vt 0.61899 0.658295
vt 0.618764 0.65998
vt 0.619346 0.658968
vt 0.618322 0.659525
vt 0.618597 0.659451
vt 0.618772 0.659576
vt 0.619397 0.65677
vt 0.619214 0.658136
vt 0.619049 0.657507
vt 0.618205 0.660097
vt 0.618534 0.660057
vt 0.618214 0.660974
vt 0.618483 0.660244
vt 0.618392 0.659925
vt 0.61825 0.660201
vt 0.618402 0.66052
vt 0.618418 0.659903
vt 0.618349 0.659924
vt 0.61834 0.659961
vt 0.618299 0.660046
vt 0.618355 0.659962
vt 0.618368 0.659487
vt 0.618213 0.660955
vt 0.618378 0.659938
vt 0.618319 0.660073
vt 0.61843 0.66011
vt 0.618447 0.659979
vt 0.686611 0.009068
vt 0.678425 0.12034
vt 0.65251 0.096737
vt 0.796112 0
vt 0.71657 0.115376
vt 0.709202 0.006948
vt 0.822943 0
vt 0.902484 0.115376
vt 0.815426 0.110976
vt 0.914431 0.116244
vt 0.999989 0.021655
vt 0.966544 0.096738
vt 0.896698 0.277749
vt 0.940629 0.12034
vt 0.95249 0.206038
vt 0.722355 0.277749
vt 0.666564 0.206037
vt 0.803628 0.110976
vt 0.669885 0.280003
vt 0.722355 0.402234
vt 0.669884 0.39998
vt 0.809527 0.403454
vt 0.809527 0.27653
vt 0.896698 0.402234
vt 0.949169 0.280004
vt 0.965293 0.339992
vt 0.940628 0.559644
vt 0.949169 0.39998
vt 0.678424 0.559643
vt 0.666563 0.473946
vt 0.803627 0.569007
vt 0.815425 0.569008
vt 0.704622 0.563739
vt 0.652509 0.583246
vt 0.796111 0.679983
vt 0.716569 0.564607
vt 0.902483 0.564607
vt 0.822941 0.679983
vt 0.932443 0.670915
vt 0.966543 0.583247
vt 0.999987 0.658329
vt 0.403879 0.218331
vt 0.527923 0.251255
vt 0.585377 0.217903
vt 0.618458 0.160292
vt 0.58495 0.036405
vt 0.527339 0.003324
vt 0.460906 0.003481
vt 0.00132 0.515044
vt 0.049727 0.83512
vt 0.049414 0.702254
vt 0.049258 0.635822
vt 0.000851 0.315745
vt 0.001946 0.780775
vt 0.000381 0.116447
vt 0.001477 0.581477
vt 0.001007 0.382178
vt 0.000538 0.18288
vt 0.001164 0.448611
vt 0.000694 0.249312
vt 0.887443 0.874553
vt 0.527559 0.094098
vt 0.539644 0.11503
vt 0.539644 0.1392
vt 0.506627 0.172217
vt 0.482457 0.172217
vt 0.461525 0.160132
vt 0.449439 0.11503
vt 0.461525 0.094098
vt 0.482456 0.082013
vt 0.887459 0.825911
vt 0.887446 0.801589
vt 0.887258 0.704304
vt 0.887325 0.728626
vt 0.887419 0.777268
vt 0.887379 0.752947
vt 0.887374 0.923196
vt 0.887415 0.898875
vt 0.618603 0.658745
vt 0.618505 0.658277
vt 0.617972 0.659123
vt 0.619214 0.659731
vt 0.619257 0.65867
vt 0.619369 0.657928
vt 0.618987 0.658979
vt 0.618478 0.660346
vt 0.618418 0.660161
vt 0.618329 0.659961
vt 0.618359 0.659913
vt 0.618428 0.659928
vt 0.618434 0.660002
vt 0.618386 0.660248
vt 0.618213 0.660538
vt 0.618504 0.660166
vt 0.618503 0.659981
vt 0.61822 0.660433
vt 0.618382 0.66015
vt 0.618472 0.660662
vt 0.618361 0.659895
vt 0.618339 0.660099
vt 0.618448 0.659936
vt 0.619066 0.021654
vt 0.704623 0.116244
vt 0.909853 0.006948
vt 0.932444 0.009069
vt 0.65376 0.339991
vt 0.95249 0.473946
vt 0.91443 0.56374
vt 0.686609 0.670915
vt 0.709201 0.673035
vt 0.909851 0.673036
vt 1 0.658397
vt 0.219449 0.424321
vt 0.192018 0
vt 0.219449 0
vt 0.192018 0.424322
vt 0.164587 0
vt 0.164587 0.424321
vt 0.137156 0
vt 0.137156 0.424321
vt 0.109725 0
vt 0.109725 0.424321
vt 0.082294 0
vt 0.082294 0.424321
vt 0.054862 0
vt 0.054862 0.424321
vt 0.027431 0
vt 0.027431 0.424321
vt 0 0
vt 0.329174 0.424321
vt 0.301743 0
vt 0.329174 0
vt 0.301743 0.424321
vt 0.274312 0
vt 0.61028 0.494347
vt 0.698939 0.470591
vt 0.675182 0.55925
vt 0.274312 0.424321
vt 0.246881 0
vt 0.246881 0.424321
vt 0.042177 0.955423
vt 0.135633 0.979848
vt 0.027904 0.978848
vt 0.294988 0.76792
vt 0.26561 0.740489
vt 0.294988 0.740489
vt 0.030181 0.733343
vt 0.135633 0.761679
vt 0.027904 0.76068
vt 0.038218 0.786098
vt 0.145947 0.787098
vt 0.058343 0.804738
vt 0.166072 0.805738
vt 0.082835 0.817092
vt 0.190564 0.818091
vt 0.105007 0.833243
vt 0.212736 0.834243
vt 0.10983 0.909525
vt 0.197092 0.928788
vt 0.089362 0.927789
vt 0.120614 0.884303
vt 0.217559 0.910525
vt 0.118844 0.856929
vt 0.226573 0.857928
vt 0.172375 0.940686
vt 0.064645 0.939686
vt 0.228343 0.885302
vt 0.149907 0.956423
vt 0.766397 0.805025
vt 0.862429 0.827866
vt 0.752798 0.828848
vt 0.294988 0.685626
vt 0.26561 0.658195
vt 0.294988 0.658195
vt 0.294988 0.54847
vt 0.26561 0.521039
vt 0.294988 0.521039
vt 0.294988 0.603333
vt 0.26561 0.575902
vt 0.294988 0.575902
vt 0.294988 0.795351
vt 0.26561 0.76792
vt 0.294988 0.713057
vt 0.26561 0.685626
vt 0.26561 0.54847
vt 0.294988 0.630764
vt 0.26561 0.603333
vt 0.294988 0.493608
vt 0.26561 0.466177
vt 0.294988 0.466177
vt 0.26561 0.713057
vt 0.26561 0.630764
vt 0.26561 0.493608
vt 0.531295 0.98142
vt 0.558647 0.798908
vt 0.5587 0.982091
vt 0.828135 0.929194
vt 0.915686 0.911936
vt 0.937766 0.928213
vt 0.842159 0.730685
vt 0.941651 0.755191
vt 0.83202 0.756173
vt 0.788183 0.788356
vt 0.876028 0.804043
vt 0.806055 0.912918
vt 0.891392 0.899198
vt 0.761648 0.881526
vt 0.860685 0.855241
vt 0.871279 0.880544
vt 0.949556 0.702363
vt 0.95179 0.729703
vt 0.812245 0.775184
vt 0.897814 0.787374
vt 0.781761 0.90018
vt 0.751054 0.856223
vt 0.842159 0.95277
vt 0.95179 0.951788
vt 0.921876 0.774202
vt 0.668324 0.984686
vt 0.695343 0.802226
vt 0.69573 0.985308
vt 0.421683 0.978646
vt 0.449275 0.796251
vt 0.449084 0.979355
vt 0.50389 0.98074
vt 0.531298 0.798244
vt 0.640918 0.984052
vt 0.668019 0.801563
vt 0.586105 0.982754
vt 0.613342 0.800236
vt 0.613512 0.983407
vt 0.394282 0.977926
vt 0.421951 0.795587
vt 0.476487 0.980052
vt 0.503951 0.797579
vt 0.640684 0.800899
vt 0.585996 0.799572
vt 0.722654 0.802889
vt 0.723141 0.985916
vt 0.47661 0.796915
vt 0.337122 0.521039
vt 0.337122 0.493608
vt 0.337122 0.658195
vt 0.337122 0.630764
vt 0.337122 0.740489
vt 0.337122 0.713057
vt 0.337122 0.466177
vt 0.337122 0.603333
vt 0.337122 0.575902
vt 0.337122 0.54847
vt 0.337122 0.685626
vt 0.337122 0.795351
vt 0.337122 0.76792
vt 0.362248 0.76792
vt 0.362248 0.740489
vt 0.362248 0.685626
vt 0.362248 0.658195
vt 0.362248 0.54847
vt 0.362248 0.521039
vt 0.362248 0.603333
vt 0.362248 0.575902
vt 0.362248 0.795351
vt 0.362248 0.713057
vt 0.362248 0.630764
vt 0.362248 0.493608
vt 0.362248 0.466177
vt 0.548624 0
vt 0.576055 0.418806
vt 0.548624 0.418806
vt 0.603486 0
vt 0.603486 0.418806
vt 0.630917 0.418806
vt 0.630917 0
vt 0.658348 0.418806
vt 0.329174 0
vt 0.356605 0.418806
vt 0.329174 0.418806
vt 0.356605 0
vt 0.384036 0.418806
vt 0.384036 0
vt 0.411468 0.418806
vt 0.411468 0
vt 0.438899 0.418806
vt 0.438899 0
vt 0.46633 0.418806
vt 0.46633 0
vt 0.493761 0.418806
vt 0.583988 0.514089
vt 0.495329 0.537845
vt 0.519085 0.449186
vt 0.493761 0
vt 0.521192 0.418806
vt 0.521192 0
vt 0.943981 0.187616
vt 0.847444 0.184271
vt 0.952773 0.161631
vt 0.198349 0.54847
vt 0.168971 0.521039
vt 0.198349 0.521039
vt 0.843674 0.1571
vt 0.949003 0.134461
vt 0.933368 0.111921
vt 0.828039 0.134561
vt 0.909646 0.098146
vt 0.804318 0.120786
vt 0.883042 0.091462
vt 0.777713 0.114101
vt 0.909462 0.320596
vt 0.829307 0.354134
vt 0.804133 0.343236
vt 0.888035 0.247227
vt 0.798672 0.24756
vt 0.904001 0.224921
vt 0.883042 0.2742
vt 0.782706 0.269866
vt 0.89077 0.30052
vt 0.785441 0.323159
vt 0.82018 0.230534
vt 0.925509 0.207895
vt 0.777713 0.296839
vt 0.838652 0.210255
vt 0.776897 0.447533
vt 0.865909 0.490202
vt 0.758559 0.467933
vt 0.198349 0.795351
vt 0.168971 0.76792
vt 0.198349 0.76792
vt 0.198349 0.658195
vt 0.168971 0.630764
vt 0.198349 0.630764
vt 0.198349 0.713057
vt 0.168971 0.685626
vt 0.198349 0.685626
vt 0.198349 0.575902
vt 0.168971 0.54847
vt 0.198349 0.493608
vt 0.168971 0.466177
vt 0.198349 0.466177
vt 0.168971 0.658195
vt 0.198349 0.740489
vt 0.168971 0.713057
vt 0.168971 0.603333
vt 0.168971 0.575902
vt 0.168971 0.493608
vt 0.168971 0.740489
vt 0.198349 0.603333
vt 0.69575 0.61365
vt 0.668347 0.612942
vt 0.810924 0.581964
vt 0.900143 0.583649
vt 0.918274 0.604234
vt 0.816024 0.635168
vt 0.908065 0.6802
vt 0.800715 0.65793
vt 0.80172 0.435858
vt 0.884247 0.469802
vt 0.792793 0.561379
vt 0.8791 0.566052
vt 0.756046 0.521291
vt 0.858404 0.516587
vt 0.863396 0.54356
vt 0.926984 0.630245
vt 0.923374 0.657438
vt 0.777361 0.672319
vt 0.858404 0.702363
vt 0.751054 0.680093
vt 0.77175 0.543782
vt 0.751054 0.494318
vt 0.819634 0.607976
vt 0.88471 0.694588
vt 0.558728 0.610207
vt 0.531321 0.609544
vt 0.476507 0.608246
vt 0.4491 0.607611
vt 0.723151 0.614369
vt 0.586134 0.610878
vt 0.640943 0.612245
vt 0.613539 0.611557
vt 0.503914 0.60889
vt 0.421693 0.606989
vt 0.39464 0.794923
vt 0.394282 0.60638
vt 0.240483 0.630764
vt 0.240483 0.603333
vt 0.240483 0.76792
vt 0.240483 0.740489
vt 0.240483 0.521039
vt 0.240483 0.493608
vt 0.240483 0.575902
vt 0.240483 0.713057
vt 0.240483 0.685626
vt 0.240483 0.658195
vt 0.240483 0.466177
vt 0.240483 0.54847
vt 0.240483 0.795351
vt 0.26561 0.54847
vt 0.26561 0.521039
vt 0.26561 0.795351
vt 0.26561 0.630764
vt 0.26561 0.575902
vt 0.26561 0.493608
vt 0.26561 0.466177
vt 0.26561 0.603333
vt 0 0.424321
vt 0.647751 0.55925
vt 0.623995 0.545535
vt 0.61028 0.521778
vt 0.623995 0.470591
vt 0.647751 0.456876
vt 0.675183 0.456876
vt 0.712654 0.494347
vt 0.712654 0.521779
vt 0.698938 0.545535
vt 0.137911 0.734343
vt 0.26561 0.795351
vt 0.839925 0.703345
vt 0.576055 0
vt 0.658348 0
vt 0.546516 0.449186
vt 0.570272 0.462902
vt 0.583988 0.486658
vt 0.570272 0.537845
vt 0.546516 0.551561
vt 0.519085 0.551561
vt 0.481613 0.514089
vt 0.481613 0.486658
vt 0.495329 0.462902
vt 0.934635 0.331495
vt 0.168971 0.795351
vt 0.90907 0.458127
vt 0.457458 0.336966
vt 0.329877 0.258603
vt 0.45642 0.255978
vt 0.789757 0.064124
vt 0.804557 0.051705
vt 0.860546 0.063067
vt 0.731386 0.79929
vt 0.757389 0.881371
vt 0.749139 0.902077
vt 0.792677 0.590251
vt 0.721206 0.587383
vt 0.711646 0.570757
vt 0.667356 0.785459
vt 0.670655 0.873472
vt 0.656243 0.892488
vt 0.32788 0.178811
vt 0.454301 0.174801
vt 0.325212 0.099286
vt 0.45091 0.093915
vt 0.447913 0.809177
vt 0.33044 0.728685
vt 0.451263 0.732333
vt 0.443661 0.88514
vt 0.328329 0.804303
vt 0.321935 0.020313
vt 0.446441 0.015146
vt 0.331748 0.652299
vt 0.453711 0.654899
vt 0.438784 0.958817
vt 0.325444 0.879169
vt 0.33237 0.575045
vt 0.455594 0.57681
vt 0.332459 0.496822
vt 0.456938 0.497534
vt 0.332094 0.41785
vt 0.45759 0.417537
vt 0.331255 0.338366
vt 0.479587 0.417432
vt 0.479625 0.336633
vt 0.478721 0.497658
vt 0.477117 0.577351
vt 0.475116 0.655545
vt 0.459072 0.965163
vt 0.464564 0.886869
vt 0.472488 0.733115
vt 0.473227 0.091882
vt 0.468297 0.008256
vt 0.468985 0.810071
vt 0.476651 0.173797
vt 0.478707 0.255374
vt 0.971362 0.144366
vt 0.947013 0.123141
vt 0.972069 0.123867
vt 0.989972 0.145026
vt 0.990925 0.125205
vt 0.989477 0.164845
vt 0.946861 0.164285
vt 0.946936 0.143947
vt 0.970979 0.164518
vt 0.946788 0.184415
vt 0.970794 0.184523
vt 0.989242 0.184645
vt 0.97076 0.204498
vt 0.989201 0.204412
vt 0.946645 0.224752
vt 0.946717 0.204512
vt 0.970916 0.224557
vt 0.989408 0.224137
vt 0.971395 0.244897
vt 0.990071 0.243802
vt 0.759197 0.800313
vt 0.787211 0.796011
vt 0.773202 0.811088
vt 0.764637 0.822928
vt 0.74683 0.815338
vt 0.745776 0.786784
vt 0.774394 0.784302
vt 0.734235 0.772869
vt 0.762082 0.77124
vt 0.723263 0.782572
vt 0.887279 0.571969
vt 0.859273 0.569183
vt 0.87725 0.557193
vt 0.766347 0.924015
vt 0.749953 0.922699
vt 0.76738 0.905802
vt 0.897714 0.586375
vt 0.869496 0.584496
vt 0.891612 0.613541
vt 0.880453 0.599357
vt 0.781702 0.875244
vt 0.766111 0.872747
vt 0.972049 0.000836
vt 0.947069 0.021102
vt 0.946994 0.000295
vt 0.971495 0.021342
vt 0.990914 0.002033
vt 0.99011 0.021872
vt 0.947142 0.041441
vt 0.971264 0.0415
vt 0.989764 0.041698
vt 0.971222 0.061508
vt 0.98967 0.061496
vt 0.971333 0.081485
vt 0.947215 0.061573
vt 0.989774 0.081261
vt 0.971628 0.101544
vt 0.947289 0.081672
vt 0.990116 0.100986
vt 0.972249 0.121879
vt 0.94736 0.101911
vt 0.990914 0.120655
vt 0.9317 0.507595
vt 0.956009 0.528617
vt 0.931111 0.527986
vt 0.913165 0.50707
vt 0.913489 0.487299
vt 0.931962 0.487493
vt 0.956032 0.507909
vt 0.932039 0.467496
vt 0.956044 0.487621
vt 0.913577 0.467497
vt 0.931966 0.447491
vt 0.956049 0.467501
vt 0.913475 0.447683
vt 0.931719 0.427369
vt 0.956053 0.447381
vt 0.913147 0.427874
vt 0.931169 0.406942
vt 0.956065 0.427094
vt 0.912392 0.408095
vt 0.702029 0.807463
vt 0.708787 0.78494
vt 0.717174 0.797633
vt 0.692029 0.794799
vt 0.69211 0.816582
vt 0.677048 0.805135
vt 0.684115 0.779267
vt 0.679395 0.763824
vt 0.7018 0.771302
vt 0.666156 0.766889
vt 0.674715 0.9036
vt 0.685889 0.934188
vt 0.664989 0.922235
vt 0.686629 0.886209
vt 0.69583 0.916486
vt 0.717174 0.8838
vt 0.706382 0.899668
vt 0.681259 0.866364
vt 0.685111 0.861427
vt 0.931694 0.384777
vt 0.956001 0.405795
vt 0.931108 0.405166
vt 0.912392 0.403968
vt 0.913161 0.384245
vt 0.956034 0.364802
vt 0.956023 0.38509
vt 0.931952 0.364675
vt 0.91348 0.364472
vt 0.932022 0.344673
vt 0.913557 0.344674
vt 0.931956 0.324663
vt 0.956039 0.34468
vt 0.913466 0.324863
vt 0.956057 0.304267
vt 0.956046 0.324557
vt 0.913144 0.305054
vt 0.931165 0.284116
vt 0.931713 0.304541
vt 0.912392 0.285268
vt 0.928345 0.65844
vt 0.952541 0.679447
vt 0.927721 0.678772
vt 0.909857 0.657878
vt 0.909056 0.677546
vt 0.910203 0.638151
vt 0.928643 0.638382
vt 0.952615 0.658807
vt 0.92875 0.618404
vt 0.952686 0.638567
vt 0.910298 0.618385
vt 0.952832 0.598338
vt 0.952759 0.618469
vt 0.910212 0.598584
vt 0.928713 0.598395
vt 0.928479 0.578239
vt 0.909863 0.578761
vt 0.927923 0.557735
vt 0.952906 0.577999
vt 0.909056 0.558933
vt 0.785493 0.611534
vt 0.783505 0.633566
vt 0.774477 0.620366
vt 0.766525 0.611575
vt 0.776498 0.59905
vt 0.798543 0.604144
vt 0.794579 0.62586
vt 0.811541 0.599145
vt 0.806279 0.619141
vt 0.807934 0.588078
vt 0.697139 0.577514
vt 0.674304 0.566202
vt 0.692376 0.563683
vt 0.702351 0.560625
vt 0.703014 0.594451
vt 0.677135 0.582413
vt 0.708235 0.614459
vt 0.68047 0.599942
vt 0.725374 0.600606
vt 0.728473 0.609612
vt 0.685877 0.640087
vt 0.683513 0.619224
vt 0.733418 0.633165
vt 0.712042 0.636638
vt 0.687542 0.662064
vt 0.714715 0.659669
vt 0.736651 0.65735
vt 0.716464 0.68321
vt 0.738621 0.681679
vt 0.717632 0.707013
vt 0.688586 0.684884
vt 0.739837 0.705839
vt 0.718678 0.73093
vt 0.689112 0.708404
vt 0.740892 0.729693
vt 0.719894 0.755247
vt 0.689797 0.732033
vt 0.742323 0.753327
vt 0.627389 0.66124
vt 0.630997 0.581723
vt 0.634148 0.501052
vt 0.636532 0.419333
vt 0.637934 0.336672
vt 0.638169 0.253184
vt 0.637055 0.168979
vt 0.634399 0.084143
vt 0.630278 0.000295
vt 0.614899 0.896099
vt 0.619332 0.818088
vt 0.623494 0.739925
vt 0.01179 0.71622
vt 0.13984 0.63929
vt 0.137946 0.720279
vt 0.804672 0.347714
vt 0.822182 0.339549
vt 0.873323 0.365015
vt 0.83349 0.608547
vt 0.849319 0.715536
vt 0.841989 0.738585
vt 0.93417 0.780665
vt 0.911363 0.884525
vt 0.897986 0.905011
vt 0.879913 0.887409
vt 0.8688 0.780379
vt 0.875448 0.756408
vt 0.008713 0.795613
vt 0.134702 0.801381
vt 0.00483 0.874778
vt 0.130026 0.882083
vt 0.011804 0.24908
vt 0.127859 0.167364
vt 0.132185 0.243969
vt 0.00871 0.173773
vt 0.122596 0.091638
vt 0.000295 0.953405
vt 0.124255 0.960555
vt 0.014033 0.325123
vt 0.135651 0.321329
vt 0.004816 0.099192
vt 0.11671 0.018222
vt 0.015371 0.401956
vt 0.138262 0.399543
vt 0.015811 0.479604
vt 0.139914 0.478712
vt 0.015355 0.557979
vt 0.14047 0.558693
vt 0.014011 0.636922
vt 0.162537 0.558836
vt 0.162052 0.639788
vt 0.161779 0.478509
vt 0.159881 0.39902
vt 0.157023 0.32062
vt 0.136843 0.011585
vt 0.143419 0.089621
vt 0.153354 0.243083
vt 0.152243 0.88449
vt 0.145873 0.967835
vt 0.148866 0.166209
vt 0.157018 0.80272
vt 0.160245 0.721149
vt 0.922506 0.144185
vt 0.921953 0.123681
vt 0.903892 0.144716
vt 0.904238 0.164543
vt 0.922739 0.164343
vt 0.922782 0.184352
vt 0.904333 0.184343
vt 0.922673 0.204328
vt 0.904233 0.204109
vt 0.922374 0.224386
vt 0.921755 0.244724
vt 0.903884 0.223831
vt 0.905416 0.700473
vt 0.876382 0.705481
vt 0.886595 0.690256
vt 0.874243 0.681496
vt 0.896663 0.716276
vt 0.867574 0.723228
vt 0.888816 0.733277
vt 0.860651 0.740762
vt 0.846656 0.734639
vt 0.85068 0.597644
vt 0.841169 0.581159
vt 0.84853 0.626419
vt 0.862905 0.613294
vt 0.874931 0.626545
vt 0.859508 0.632459
vt 0.921944 0.001017
vt 0.922645 0.021518
vt 0.903088 0.002349
vt 0.904035 0.022182
vt 0.923022 0.041674
vt 0.904523 0.042005
vt 0.923207 0.061684
vt 0.904757 0.061802
vt 0.923248 0.081658
vt 0.904809 0.081568
vt 0.923091 0.101716
vt 0.904598 0.101291
vt 0.922615 0.122055
vt 0.903941 0.120965
vt 0.98038 0.507636
vt 0.98093 0.528061
vt 0.998951 0.507132
vt 0.998625 0.487324
vt 0.980134 0.487514
vt 0.980062 0.467507
vt 0.998526 0.467511
vt 0.980131 0.447509
vt 0.998604 0.447708
vt 0.980395 0.42741
vt 0.99893 0.427935
vt 0.980984 0.407016
vt 0.999705 0.408218
vt 0.834127 0.802384
vt 0.827368 0.77986
vt 0.844126 0.789719
vt 0.844045 0.811502
vt 0.859108 0.800055
vt 0.85204 0.774187
vt 0.834356 0.766222
vt 0.856761 0.758744
vt 0.869999 0.761809
vt 0.850266 0.929108
vt 0.86144 0.89852
vt 0.871166 0.917155
vt 0.865501 0.868393
vt 0.849526 0.88113
vt 0.840325 0.911406
vt 0.818982 0.87872
vt 0.837909 0.866081
vt 0.851044 0.856347
vt 0.854897 0.861284
vt 0.980367 0.384816
vt 0.980917 0.405237
vt 0.999688 0.404085
vt 0.998935 0.384301
vt 0.980122 0.364695
vt 0.998611 0.364492
vt 0.980054 0.344688
vt 0.998517 0.344681
vt 0.98013 0.324685
vt 0.998604 0.324884
vt 0.980386 0.304581
vt 0.998921 0.30511
vt 0.980971 0.284189
vt 0.999689 0.285386
vt 0.976888 0.658613
vt 0.977364 0.67895
vt 0.99538 0.658186
vt 0.995168 0.638462
vt 0.976728 0.638554
vt 0.976767 0.618579
vt 0.995218 0.618695
vt 0.976951 0.598571
vt 0.977332 0.578417
vt 0.995449 0.598895
vt 0.952982 0.557193
vt 0.978037 0.557918
vt 0.995943 0.579075
vt 0.996894 0.559254
vt 0.962596 0.889707
vt 0.937794 0.883784
vt 0.95171 0.875155
vt 0.945441 0.862884
vt 0.92689 0.868972
vt 0.950244 0.898795
vt 0.92516 0.895784
vt 0.939046 0.909162
vt 0.915733 0.90861
vt 0.904527 0.901515
vt 0.656419 0.585476
vt 0.654244 0.568673
vt 0.638759 0.57083
vt 0.640608 0.587171
vt 0.658327 0.602976
vt 0.641737 0.60418
vt 0.659737 0.621762
vt 0.64168 0.622539
vt 0.641846 0.615693
vt 0.660697 0.641963
vt 0.641605 0.642306
vt 0.661231 0.663289
vt 0.641159 0.663327
vt 0.661436 0.685568
vt 0.661431 0.708554
vt 0.640602 0.685424
vt 0.640099 0.708256
vt 0.66131 0.731981
vt 0.639619 0.731401
vt 0.660792 0.75597
vt 0.638759 0.754604
vt 0.309298 0.312589
vt 0.314244 0.392028
vt 0.318278 0.474149
vt 0.320653 0.557252
vt 0.321345 0.641093
vt 0.320328 0.725467
vt 0.317565 0.810197
vt 0.313007 0.895144
vt 0.307364 0.978737
vt 0.293334 0.078275
vt 0.298881 0.156073
vt 0.304185 0.234054
vt 0.879866 0.220198
vt 0.894666 0.207779
vt 0.902499 0.212301
vt 0.850765 0.264035
vt 0.780097 0.28297
vt 0.780097 0.273926
vt 0.798251 0.267318
vt 0.807911 0.250586
vt 0.860546 0.220198
vt 0.804556 0.23156
vt 0.845746 0.207779
vt 0.789757 0.219141
vt 0.842391 0.188753
vt 0.770437 0.219141
vt 0.876817 0.115446
vt 0.870206 0.165413
vt 0.852051 0.172021
vt 0.755637 0.23156
vt 0.754415 0.238488
vt 0.714447 0.207779
vt 0.717802 0.188753
vt 0.870206 0.117852
vt 0.852051 0.111244
vt 0.708142 0.172021
vt 0.842391 0.094512
vt 0.689987 0.165413
vt 0.845746 0.075486
vt 0.671832 0.172021
vt 0.662172 0.188753
vt 0.665527 0.207779
vt 0.657695 0.212301
vt 0.638759 0.141632
vt 0.657695 0.070964
vt 0.665527 0.075486
vt 0.662172 0.094512
vt 0.671832 0.111244
vt 0.689987 0.117852
vt 0.708142 0.111244
vt 0.902499 0.070964
vt 0.894666 0.075486
vt 0.879866 0.063067
vt 0.717802 0.094512
vt 0.850765 0.019231
vt 0.714447 0.075486
vt 0.780097 0.009339
vt 0.780097 0.000295
vt 0.798251 0.015947
vt 0.709058 0.070964
vt 0.755637 0.051705
vt 0.770437 0.064124
vt 0.807911 0.032679
vt 0.743558 0.928295
vt 0.717763 0.852327
vt 0.717763 0.780286
vt 0.700874 0.557193
vt 0.754448 0.567766
vt 0.811647 0.583293
vt 0.649402 0.91316
vt 0.64241 0.915742
vt 0.638759 0.833788
vt 0.660707 0.761487
vt 0.321935 0.953285
vt 0.946573 0.245395
vt 0.749767 0.757074
vt 0.773333 0.88901
vt 0.908467 0.600392
vt 0.76902 0.86796
vt 0.947434 0.122552
vt 0.912392 0.526785
vt 0.956088 0.406384
vt 0.696226 0.757074
vt 0.698246 0.871161
vt 0.95608 0.28356
vt 0.818392 0.613466
vt 0.690203 0.756484
vt 0.610164 0.97431
vt 0.7387 0.556603
vt 0.741041 0.547867
vt 0.760287 0.546183
vt 0.811862 0.556603
vt 0.868826 0.513627
vt 0.875221 0.520023
vt 0.851316 0.521792
vt 0.773948 0.532522
vt 0.775632 0.513276
vt 0.832655 0.516792
vt 0.821573 0.500966
vt 0.764551 0.49745
vt 0.745889 0.492449
vt 0.728379 0.500614
vt 0.688372 0.469956
vt 0.694748 0.466983
vt 0.823257 0.481719
vt 0.836918 0.468058
vt 0.702913 0.449473
vt 0.697913 0.430812
vt 0.682087 0.41973
vt 0.868474 0.420433
vt 0.861928 0.47041
vt 0.856165 0.466374
vt 0.852649 0.409352
vt 0.847648 0.39069
vt 0.855813 0.37318
vt 0.66284 0.421414
vt 0.649179 0.435075
vt 0.647495 0.454322
vt 0.638759 0.456663
vt 0.638759 0.383501
vt 0.67534 0.320141
vt 0.681735 0.326536
vt 0.67357 0.344046
vt 0.678571 0.362708
vt 0.694397 0.373789
vt 0.713643 0.372105
vt 0.911802 0.383501
vt 0.903066 0.385842
vt 0.891985 0.370016
vt 0.727304 0.358444
vt 0.875221 0.320141
vt 0.728988 0.339198
vt 0.809521 0.292296
vt 0.811861 0.28356
vt 0.825347 0.303378
vt 0.775542 0.319879
vt 0.774929 0.326888
vt 0.786011 0.342714
vt 0.830347 0.322039
vt 0.818982 0.585105
vt 0.826716 0.588587
vt 0.818982 0.667917
vt 0.859297 0.694742
vt 0.934388 0.751994
vt 0.942528 0.75912
vt 0.940712 0.802259
vt 0.951421 0.809984
vt 0.897986 0.828674
vt 0.893746 0.910662
vt 0.886753 0.90808
vt 0.897396 0.828708
vt 0.000295 0.025351
vt 0.903088 0.124877
vt 0.903088 0.243502
vt 0.881246 0.751404
vt 0.863517 0.636732
vt 0.999705 0.526908
vt 0.818982 0.792553
vt 0.839929 0.751994
vt 0.829773 0.894588
vt 0.996037 0.67786
vt 0.929108 0.920512
vt 0.28749 0.000295
vn -0.483 0.8365 -0.2588
vn -0.3536 0.6124 -0.7071
vn -0.1294 0.2241 -0.9659
vn 0.1294 -0.2241 -0.9659
vn 0.3536 -0.6124 -0.7071
vn 0.483 -0.8365 -0.2588
vn 0.483 -0.8365 0.2588
vn 0.3536 -0.6124 0.7071
vn 0.1294 -0.2241 0.9659
vn -0.1294 0.2241 0.9659
vn 0.0378 0.9745 -0.2211
vn -0.3536 0.6124 0.7071
vn -0.483 0.8365 0.2588
vn -0.866 -0.5 0
vn 0.7674 0.5467 -0.3351
vn 0.0378 0.9745 0.2211
vn 0.1484 0.7831 0.604
vn 0.3398 0.4515 0.8251
vn 0.8629 -0.4545 -0.2211
vn 0.8629 -0.4545 0.2211
vn 0.5609 0.0686 0.8251
vn 0.7523 -0.2631 -0.604
vn 0.7523 -0.2631 0.604
vn 0.5609 0.0686 -0.8251
vn 0.3398 0.4515 -0.8251
vn 0.1484 0.7831 -0.604
vn 0.7674 0.5467 0.3351
vn 0.9798 0.1788 0.0898
vn 0.8571 0.3912 -0.3351
vn 0.6896 0.6814 0.2453
vn 0.6447 0.7591 -0.0898
vn 0.9349 0.2565 0.2453
vn 0.9349 0.2565 -0.2453
vn 0.6447 0.7591 0.0898
vn 0.6896 0.6814 -0.2453
vn 0.8571 0.3912 0.3351
vn 0.9798 0.1788 -0.0898
vn 0.1285 -0.2247 -0.9659
vn 0.3526 -0.6129 -0.7071
vn 0.4821 -0.837 -0.2588
vn 0.4821 -0.837 0.2588
vn 0.3526 -0.6129 0.7071
vn 0.1285 -0.2247 0.9659
vn -0.1303 0.2236 0.9659
vn -0.3545 0.6118 0.7071
vn -0.4839 0.836 0.2588
vn -0.4839 0.836 -0.2588
vn -0.5769 -0.0816 0.8127
vn -0.3545 0.6118 -0.7071
vn -0.1303 0.2236 -0.9659
vn -0.3591 -0.4588 0.8127
vn -0.1705 -0.7855 0.595
vn -0.0616 -0.9741 0.2178
vn -0.5769 -0.0816 -0.8127
vn -0.3591 -0.4588 -0.8127
vn -0.0616 -0.9741 -0.2178
vn -0.7655 0.2451 -0.595
vn -0.1705 -0.7855 -0.595
vn -0.8744 0.4337 -0.2178
vn -0.8744 0.4337 0.2178
vn -0.7655 0.2451 0.595
vn 0.7205 0.2117 0.6604
vn 0.866 0.5 0
vn 0.9622 -0.207 -0.1769
vn 0.3018 0.9368 -0.1769
vn 0.5435 0.5181 0.6604
vn 0.9622 -0.207 0.1769
vn 0.3903 0.7836 -0.4834
vn 0.7205 0.2117 -0.6604
vn 0.3903 0.7836 0.4834
vn 0.8737 -0.0538 0.4834
vn 0.5435 0.5181 -0.6604
vn 0.8737 -0.0538 -0.4834
vn 0.3018 0.9368 0.1769
vn 0.5152 0.8026 -0.3007
vn 0.6143 0.7885 0.0294
vn 0.6072 0.7944 -0.0178
vn 0.7594 0.582 0.2908
vn -0.6907 0.7229 -0.0197
vn -0.6896 0.7217 -0.0605
vn -0.6896 0.7217 0.0605
vn -0.6907 0.7229 0.0197
vn -0.8633 -0.4984 0.0788
vn -0.8657 -0.4998 0.0257
vn -0.8657 -0.4998 -0.0257
vn -0.8633 -0.4984 -0.0788
vn 0.2802 -0.958 -0.0605
vn 0.2802 -0.958 0.0605
vn 0.2807 -0.9596 0.0197
vn 0.2807 -0.9596 -0.0197
vn 0.9543 0.2834 0.0946
vn 0.9915 0.1287 0.0178
vn 0.9915 0.1287 -0.0178
vn 0.9543 0.2834 -0.0947
vn 0 0 -1
vn 0 0 1
vn 0.7226 0.6848 0.0947
vn 0.6137 0.7877 0.0541
vn 0.6072 0.7944 0.0178
vn 0.6143 0.7885 -0.0294
vn 0.2735 0.9593 -0.07
vn 0.6121 0.7856 -0.0902
vn 0.9675 -0.2428 0.07
vn 0.9778 0.1361 -0.1592
vn 0.0271 0.0156 0.9995
vn 0.99 0.1378 0.0294
vn 0.99 0.1378 -0.0294
vn 0.989 0.1376 -0.0541
vn 0.9527 0.0449 0.3007
vn 0.8619 0.4976 -0.0973
vn 0.483 0.8365 -0.2588
vn 0.3536 0.6124 -0.7071
vn 0.1294 0.2241 -0.9659
vn -0.1294 -0.2241 -0.9659
vn -0.3536 -0.6124 -0.7071
vn -0.483 -0.8365 -0.2588
vn -0.483 -0.8365 0.2588
vn -0.3536 -0.6124 0.7071
vn -0.1294 -0.2241 0.9659
vn 0.1294 0.2241 0.9659
vn -0.0378 0.9745 -0.2211
vn 0.3536 0.6124 0.7071
vn 0.483 0.8365 0.2588
vn 0.866 -0.5 0
vn -0.9798 0.1788 0.0898
vn -0.0378 0.9745 0.2211
vn -0.1484 0.7831 0.604
vn -0.3398 0.4515 0.8251
vn -0.8629 -0.4545 -0.2211
vn -0.8629 -0.4545 0.2211
vn -0.5609 0.0686 0.8251
vn -0.7523 -0.2631 -0.604
vn -0.7523 -0.2631 0.604
vn -0.5609 0.0686 -0.8251
vn -0.3398 0.4515 -0.8251
vn -0.1484 0.7831 -0.604
vn -0.8571 0.3912 -0.3351
vn -0.6896 0.6814 0.2453
vn -0.6447 0.7591 -0.0898
vn -0.9349 0.2565 0.2453
vn -0.9349 0.2565 -0.2453
vn -0.6447 0.7591 0.0898
vn -0.6896 0.6814 -0.2453
vn -0.8571 0.3912 0.3351
vn -0.9798 0.1788 -0.0898
vn -0.7674 0.5467 -0.3351
vn -0.7674 0.5467 0.3351
vn -0.1285 -0.2247 -0.9659
vn -0.3526 -0.6129 -0.7071
vn -0.4821 -0.837 -0.2588
vn -0.4821 -0.837 0.2588
vn -0.3526 -0.6129 0.7071
vn -0.1285 -0.2247 0.9659
vn 0.1303 0.2236 0.9659
vn 0.3545 0.6118 0.7071
vn 0.4839 0.836 0.2588
vn 0.4839 0.836 -0.2588
vn 0.5769 -0.0816 0.8127
vn 0.3545 0.6118 -0.7071
vn 0.1303 0.2236 -0.9659
vn 0.3591 -0.4588 0.8127
vn 0.1705 -0.7855 0.595
vn 0.0616 -0.9741 0.2178
vn 0.5769 -0.0816 -0.8127
vn 0.3591 -0.4588 -0.8127
vn 0.0616 -0.9741 -0.2178
vn 0.7655 0.2451 -0.595
vn 0.1705 -0.7855 -0.595
vn 0.8744 0.4337 -0.2178
vn 0.8744 0.4337 0.2178
vn 0.7655 0.2451 0.595
vn -0.7205 0.2117 0.6604
vn -0.866 0.5 0
vn -0.9622 -0.207 -0.1769
vn -0.3018 0.9368 -0.1769
vn -0.5435 0.5181 0.6604
vn -0.9622 -0.207 0.1769
vn -0.3903 0.7836 -0.4834
vn -0.7205 0.2117 -0.6604
vn -0.3903 0.7836 0.4834
vn -0.8737 -0.0538 0.4834
vn -0.5435 0.5181 -0.6604
vn -0.8737 -0.0538 -0.4834
vn -0.3018 0.9368 0.1769
vn -0.5152 0.8026 -0.3007
vn -0.6143 0.7885 0.0294
vn -0.6072 0.7944 -0.0178
vn -0.7594 0.582 0.2908
vn 0.6907 0.7229 -0.0197
vn 0.6896 0.7217 -0.0605
vn 0.6896 0.7217 0.0605
vn 0.6907 0.7229 0.0197
vn 0.8633 -0.4984 0.0788
vn 0.8657 -0.4998 0.0257
vn 0.8657 -0.4998 -0.0257
vn 0.8633 -0.4984 -0.0788
vn -0.2802 -0.958 -0.0605
vn -0.2802 -0.958 0.0605
vn -0.2807 -0.9596 0.0197
vn -0.2807 -0.9596 -0.0197
vn -0.8837 0.3667 -0.2908
vn -0.9915 0.1287 0.0178
vn -0.9915 0.1287 -0.0178
vn -0.9543 0.2834 -0.0947
vn 0 0 -1
vn 0 0 1
vn -0.7226 0.6848 0.0947
vn -0.6137 0.7877 0.0541
vn -0.6072 0.7944 0.0178
vn -0.6143 0.7885 -0.0294
vn -0.2735 0.9593 -0.07
vn -0.6121 0.7856 -0.0902
vn -0.9675 -0.2428 0.07
vn -0.9864 0.1373 0.0902
vn -0.0271 0.0156 0.9995
vn -0.99 0.1378 0.0294
vn -0.99 0.1378 -0.0294
vn -0.989 0.1376 -0.0541
vn -0.9527 0.0449 0.3007
vn -0.8619 0.4976 -0.0973
vn -0.2588 0.9659 0
vn -0.7071 0.7071 0
vn -0.9659 0.2588 0
vn -0.9659 -0.2588 0
vn -0.7071 -0.7071 0
vn -0.2588 -0.9659 0
vn 0.2588 -0.9659 0
vn 0.7071 -0.7071 0
vn 0.9659 -0.2588 0
vn 0.9659 0.2588 0
vn 0 0 -1
vn 0.7071 0.7071 0
vn 0.2588 0.9659 0
vn 0.4902 -0.1314 0.8616
vn 0.309 -0.309 0.8994
vn 0.1222 -0.4561 0.8815
vn -0.1677 -0.6258 0.7617
vn -0.6972 -0.6972 0.1669
vn -0.7243 -0.1941 -0.6616
vn 0.1677 0.6258 -0.7617
vn -0.1222 0.4561 -0.8815
vn -0.4902 0.1314 -0.8616
vn 0.6972 0.6972 -0.1669
vn -0.309 0.309 -0.8994
vn 0.7243 0.1941 0.6616
vn -0.5218 0.1398 0.8416
vn -0.9659 0.2588 -0.0044
vn 0.7507 0.2011 -0.6293
vn 0.1305 -0.4869 -0.8637
vn -0.7507 -0.2011 0.6293
vn 0.6987 0.6987 0.1535
vn -0.1305 0.4869 0.8637
vn 0.3309 -0.3309 -0.8838
vn -0.6987 -0.6987 -0.1535
vn 0.1759 0.6566 0.7334
vn -0.3309 0.3309 0.8838
vn 0.5218 -0.1398 -0.8416
vn -0.1759 -0.6566 -0.7334
vn 0.9659 0.2588 -0.0044
vn 0.2588 -0.9659 -0.0044
vn -0.9659 -0.2588 -0.0044
vn 0.7071 0.7071 -0.0044
vn -0.2588 0.9659 -0.0044
vn 0.7071 -0.7071 -0.0044
vn -0.7071 -0.7071 -0.0044
vn 0.2588 0.9659 -0.0044
vn -0.7071 0.7071 -0.0044
vn 0.9659 -0.2588 -0.0044
vn -0.2588 -0.9659 -0.0044
vn 0.0872 0.9962 0
vn 0.5736 0.8192 0
vn 0.9063 0.4226 0
vn 0.9962 -0.0872 0
vn 0.8192 -0.5736 0
vn 0.4226 -0.9063 0
vn -0.0872 -0.9962 0
vn -0.5736 -0.8192 0
vn -0.9063 -0.4226 0
vn -0.9962 0.0872 0
vn 0 0 1
vn -0.8192 0.5736 0
vn -0.4226 0.9063 0
vn -0.46 -0.2145 -0.8616
vn -0.2507 -0.358 -0.8994
vn -0.0411 -0.4704 -0.8815
vn 0.2738 -0.5872 -0.7617
vn 0.8077 -0.5655 -0.1669
vn 0.747 -0.0654 0.6616
vn -0.2738 0.5872 0.7617
vn 0.0412 0.4704 0.8815
vn 0.46 0.2145 0.8616
vn -0.8077 0.5655 0.1669
vn 0.2507 0.358 0.8994
vn -0.747 0.0654 -0.6616
vn 0.4896 0.2283 -0.8416
vn 0.9063 0.4226 0.0043
vn -0.7742 0.0677 0.6293
vn -0.0439 -0.5022 0.8637
vn 0.7742 -0.0677 -0.6293
vn -0.8094 0.5668 -0.1535
vn 0.0439 0.5022 -0.8637
vn -0.2684 -0.3833 0.8838
vn 0.8094 -0.5668 0.1535
vn -0.2873 0.6161 -0.7334
vn 0.2684 0.3833 -0.8838
vn -0.4896 -0.2283 0.8416
vn 0.2873 -0.6161 0.7334
vn -0.9962 0.0872 0.0043
vn -0.0872 -0.9962 0.0043
vn 0.9962 -0.0872 0.0043
vn -0.8191 0.5736 0.0043
vn 0.0872 0.9962 0.0043
vn -0.5736 -0.8191 0.0043
vn 0.8191 -0.5736 0.0043
vn -0.4226 0.9063 0.0043
vn 0.5736 0.8191 0.0043
vn -0.9063 -0.4226 0.0043
vn 0.4226 -0.9063 0.0043
vn -0.9848 0.1736 0.0065
vn 0.9397 0.342 0.0065
vn 0.342 -0.9397 0.0065
vn -0.9397 -0.342 0.0065
vn 0.6428 0.766 0.0065
vn -0.342 0.9397 0.0065
vn 0.766 -0.6428 0.0065
vn -0.6428 -0.766 0.0065
vn 0.1736 0.9848 0.0065
vn -0.766 0.6428 0.0065
vn 0.9848 -0.1736 0.0065
vn -0.1736 -0.9848 0.0065
vn -0.0412 -0.4704 -0.8815
vn 0.0411 0.4704 0.8815
vn 0.9397 0.342 -0.0063
vn -0.9848 0.1736 -0.0063
vn -0.1736 -0.9848 -0.0063
vn 0.9848 -0.1736 -0.0063
vn -0.766 0.6428 -0.0063
vn 0.1736 0.9848 -0.0063
vn -0.6428 -0.766 -0.0063
vn 0.766 -0.6428 -0.0063
vn -0.342 0.9397 -0.0063
vn 0.6428 0.766 -0.0063
vn -0.9397 -0.342 -0.0063
vn 0.342 -0.9397 -0.0063
vn 0.9659 -0.2588 0
vn 0 0 -1
vn 0.7071 -0.7071 0
vn 0.2588 -0.9659 0
vn -0.9659 0.2588 0
vn -0.9659 -0.2588 0
vn -0.2588 -0.9659 0
vn -0.7071 0.7071 0
vn -0.7071 -0.7071 0
vn -0.2588 0.9659 0
vn 0.2588 0.9659 0
vn 0.7071 0.7071 0
vn 0.9659 0.2588 0
vn 0.0379 0.0102 -0.9992
vn 0.0277 0.0277 -0.9992
vn 0.0102 0.0379 -0.9992
vn -0.0102 0.0379 -0.9992
vn -0.0277 -0.0277 -0.9992
vn -0.0277 0.0277 -0.9992
vn -0.0102 -0.0379 -0.9992
vn -0.0379 -0.0102 -0.9992
vn -0.0379 0.0102 -0.9992
vn 0.0102 -0.0379 -0.9992
vn 0.0277 -0.0277 -0.9992
vn 0.0379 -0.0102 -0.9992
vn -0.339 0.9313 0.133
vn -0.3161 0.8685 0.3819
vn -0.8004 0.4621 0.3819
vn -0.8583 0.4956 0.133
vn -0.9761 -0.1721 0.133
vn -0.9101 -0.1605 0.3819
vn -0.6371 -0.7592 0.133
vn -0.5941 -0.708 0.3819
vn 0 -0.9911 0.133
vn 0 -0.9242 0.3819
vn 0.6371 -0.7592 0.133
vn 0.5941 -0.708 0.3819
vn 0.9761 -0.1721 0.133
vn 0.9101 -0.1605 0.3819
vn 0.8583 0.4956 0.133
vn 0.8004 0.4621 0.3819
vn 0.339 0.9313 0.133
vn 0.3161 0.8685 0.3819
vn 0.6371 0.7592 0.133
vn 0.5941 0.708 0.3819
vn 0 0.9242 0.3819
vn 0 0.9911 0.133
vn -0.6371 0.7592 0.133
vn -0.5941 0.708 0.3819
vn -0.9761 0.1721 0.133
vn -0.9101 0.1605 0.3819
vn -0.8583 -0.4956 0.133
vn -0.8004 -0.4621 0.3819
vn -0.339 -0.9313 0.133
vn -0.3161 -0.8685 0.3819
vn 0.339 -0.9313 0.133
vn 0.3161 -0.8685 0.3819
vn 0.8583 -0.4956 0.133
vn 0.8004 -0.4621 0.3819
vn 0.9761 0.1721 0.133
vn 0.9101 0.1605 0.3819
vn 0 0 1
vn 0.0379 0.0102 0.9992
vn 0.0277 0.0277 0.9992
vn 0.0102 0.0379 0.9992
vn -0.0102 0.0379 0.9992
vn -0.0277 -0.0277 0.9992
vn -0.0277 0.0277 0.9992
vn -0.0102 -0.0379 0.9992
vn -0.0379 -0.0102 0.9992
vn -0.0379 0.0102 0.9992
vn 0.0102 -0.0379 0.9992
vn 0.0277 -0.0277 0.9992
vn 0.0379 -0.0102 0.9992
vn -0.339 0.9313 -0.133
vn -0.3161 0.8685 -0.3819
vn -0.8004 0.4621 -0.3819
vn -0.8583 0.4956 -0.133
vn -0.9761 -0.1721 -0.133
vn -0.9101 -0.1605 -0.3819
vn -0.6371 -0.7592 -0.133
vn -0.5941 -0.708 -0.3819
vn 0 -0.9911 -0.133
vn 0 -0.9242 -0.3819
vn 0.6371 -0.7592 -0.133
vn 0.5941 -0.708 -0.3819
vn 0.9761 -0.1721 -0.133
vn 0.9101 -0.1605 -0.3819
vn 0.8583 0.4956 -0.133
vn 0.8004 0.4621 -0.3819
vn 0.339 0.9313 -0.133
vn 0.3161 0.8685 -0.3819
vn 0.6371 0.7592 -0.133
vn 0.5941 0.708 -0.3819
vn 0 0.9242 -0.3819
vn 0 0.9911 -0.133
vn -0.6371 0.7592 -0.133
vn -0.5941 0.708 -0.3819
vn -0.9761 0.1721 -0.133
vn -0.9101 0.1605 -0.3819
vn -0.8583 -0.4956 -0.133
vn -0.8004 -0.4621 -0.3819
vn -0.339 -0.9313 -0.133
vn -0.3161 -0.8685 -0.3819
vn 0.339 -0.9313 -0.133
vn 0.3161 -0.8685 -0.3819
vn 0.8583 -0.4956 -0.133
vn 0.8004 -0.4621 -0.3819
vn 0.9761 0.1721 -0.133
vn 0.9101 0.1605 -0.3819
s off
usemtl Material.001
f 525/569/465 526/570/465 524/571/465
f 527/572/466 528/573/466 526/570/466
f 529/574/467 530/575/467 528/573/467
f 531/576/468 532/577/468 530/575/468
f 533/578/469 534/579/469 532/577/469
f 535/580/470 536/581/470 534/579/470
f 537/582/471 538/583/471 536/581/471
f 539/584/472 540/585/472 538/583/472
f 541/586/473 542/587/473 540/585/473
f 543/588/474 544/589/474 542/587/474
f 537/582/475 555/590/475 539/584/475
f 545/591/476 546/592/476 544/589/476
f 547/593/477 524/594/477 546/592/477
f 530/595/478 538/596/478 546/592/478
f 550/597/479 563/598/479 551/599/479
f 535/580/480 554/600/480 537/582/480
f 533/578/481 553/601/481 535/580/481
f 531/576/482 552/602/482 533/578/482
f 547/593/483 549/603/483 525/604/483
f 525/569/484 548/605/484 527/572/484
f 529/574/485 551/599/485 531/576/485
f 545/591/486 559/606/486 547/593/486
f 527/572/487 550/607/487 529/574/487
f 543/588/488 558/608/488 545/591/488
f 541/586/489 557/609/489 543/588/489
f 539/584/490 556/610/490 541/586/490
f 557/611/491 570/612/491 558/608/491
f 555/590/492 566/613/492 567/614/492
f 551/615/493 564/616/493 552/602/493
f 558/617/494 571/618/494 559/606/494
f 549/619/495 560/620/495 548/605/495
f 556/610/496 567/621/496 568/622/496
f 553/601/497 564/623/497 565/624/497
f 559/625/498 561/626/498 549/603/498
f 548/627/499 562/628/499 550/607/499
f 557/609/500 568/629/500 569/630/500
f 554/600/501 565/631/501 566/632/501
f 572/633/502 564/634/502 563/635/502
f 573/636/503 565/637/503 564/634/503
f 574/638/504 566/639/504 565/637/504
f 576/640/505 567/641/505 566/639/505
f 579/642/506 568/643/506 567/641/506
f 580/644/507 569/645/507 568/643/507
f 581/646/508 570/647/508 569/645/508
f 582/648/509 571/649/509 570/647/509
f 583/650/510 561/651/510 571/649/510
f 584/652/511 560/653/511 561/654/511
f 581/646/512 597/655/512 582/648/512
f 585/656/513 562/657/513 560/653/513
f 588/658/514 563/635/514 562/657/514
f 592/659/470 608/660/470 593/661/470
f 580/644/515 596/662/515 581/646/515
f 579/642/516 595/663/516 580/644/516
f 576/640/517 594/664/517 579/642/517
f 588/658/518 591/665/518 572/633/518
f 572/633/519 590/666/519 573/636/519
f 574/638/520 593/667/520 576/640/520
f 585/656/521 601/668/521 588/658/521
f 573/636/522 592/669/522 574/638/522
f 585/656/523 599/670/523 600/671/523
f 583/650/524 599/672/524 584/673/524
f 582/648/525 598/674/525 583/650/525
f 610/675/526 626/676/526 611/677/526
f 599/678/465 615/679/465 600/680/465
f 611/677/474 612/681/474 638/682/474
f 597/683/474 635/684/474 639/685/474
f 593/661/471 609/686/471 594/687/471
f 600/680/466 616/688/466 640/689/466
f 602/690/468 646/691/468 645/692/468
f 591/693/468 643/694/468 648/695/468
f 649/696/476 598/697/476 639/685/476
f 594/687/472 610/675/472 650/698/472
f 616/688/467 645/692/467 653/699/467
f 601/700/467 644/701/467 591/693/467
f 606/702/469 592/659/469 654/703/469
f 598/697/477 614/704/477 599/678/477
f 610/675/473 636/705/473 656/706/473
f 596/707/473 651/708/473 655/709/473
f 617/710/527 629/711/527 624/712/527
f 606/702/528 620/713/528 608/660/528
f 614/704/529 630/714/529 615/679/529
f 611/677/530 627/715/530 612/681/530
f 609/686/531 620/716/531 622/717/531
f 615/679/532 631/718/532 616/688/532
f 602/690/533 618/719/533 617/720/533
f 612/681/534 628/721/534 613/722/534
f 609/686/535 624/723/535 610/675/535
f 616/688/536 618/724/536 604/725/536
f 606/702/537 617/726/537 619/727/537
f 613/722/538 629/728/538 614/704/538
f 575/729/539 654/730/539 648/731/539
f 577/732/540 586/733/540 575/734/540
f 577/735/541 589/736/541 587/737/541
f 589/738/542 655/739/542 651/740/542
f 607/741/543 587/737/543 589/736/543
f 607/741/544 650/742/544 652/743/544
f 603/744/545 647/745/545 654/730/545
f 587/746/546 603/744/546 586/733/546
f 646/747/547 621/748/547 653/749/547
f 623/750/548 603/744/548 605/751/548
f 607/741/549 623/750/549 605/751/549
f 625/752/550 656/753/550 636/754/550
f 649/755/551 625/752/551 638/756/551
f 621/748/552 640/757/552 642/758/552
f 633/759/553 621/748/553 623/750/553
f 625/752/554 633/760/554 623/750/554
f 575/761/555 643/694/555 641/762/555
f 577/763/556 632/764/556 633/759/556
f 634/765/557 577/766/557 633/760/557
f 578/767/558 639/768/558 635/769/558
f 525/569/465 527/572/465 526/570/465
f 527/572/466 529/574/466 528/573/466
f 529/574/467 531/576/467 530/575/467
f 531/576/468 533/578/468 532/577/468
f 533/578/469 535/580/469 534/579/469
f 535/580/470 537/582/470 536/581/470
f 537/582/471 539/584/471 538/583/471
f 539/584/472 541/586/472 540/585/472
f 541/586/473 543/588/473 542/587/473
f 543/588/474 545/591/474 544/589/474
f 537/582/475 554/770/475 555/590/475
f 545/591/476 547/593/476 546/592/476
f 547/593/477 525/604/477 524/594/477
f 546/592/478 524/594/478 526/771/478
f 526/771/478 528/772/478 530/595/478
f 530/595/478 532/773/478 534/774/478
f 534/774/478 536/775/478 538/596/478
f 538/596/478 540/776/478 542/777/478
f 542/777/478 544/778/478 546/592/478
f 546/592/478 526/771/478 530/595/478
f 530/595/478 534/774/478 538/596/478
f 538/596/478 542/777/478 546/592/478
f 550/597/479 562/779/479 563/598/479
f 535/580/480 553/780/480 554/600/480
f 533/578/481 552/781/481 553/601/481
f 531/576/482 551/615/482 552/602/482
f 547/593/483 559/625/483 549/603/483
f 525/569/484 549/619/484 548/605/484
f 529/574/485 550/597/485 551/599/485
f 545/591/486 558/617/486 559/606/486
f 527/572/487 548/627/487 550/607/487
f 543/588/488 557/611/488 558/608/488
f 541/586/489 556/782/489 557/609/489
f 539/584/490 555/783/490 556/610/490
f 557/611/491 569/784/491 570/612/491
f 555/590/492 554/770/492 566/613/492
f 551/615/493 563/785/493 564/616/493
f 558/617/494 570/786/494 571/618/494
f 549/619/495 561/787/495 560/620/495
f 556/610/496 555/783/496 567/621/496
f 553/601/497 552/781/497 564/623/497
f 559/625/498 571/788/498 561/626/498
f 548/627/499 560/789/499 562/628/499
f 557/609/500 556/782/500 568/629/500
f 554/600/501 553/780/501 565/631/501
f 572/633/502 573/636/502 564/634/502
f 573/636/503 574/638/503 565/637/503
f 574/638/504 576/640/504 566/639/504
f 576/640/505 579/642/505 567/641/505
f 579/642/506 580/644/506 568/643/506
f 580/644/507 581/646/507 569/645/507
f 581/646/508 582/648/508 570/647/508
f 582/648/509 583/650/509 571/649/509
f 583/650/510 584/673/510 561/651/510
f 584/652/511 585/656/511 560/653/511
f 581/646/512 596/790/512 597/655/512
f 585/656/513 588/658/513 562/657/513
f 588/658/514 572/633/514 563/635/514
f 592/659/470 606/702/470 608/660/470
f 580/644/515 595/791/515 596/662/515
f 579/642/516 594/792/516 595/663/516
f 576/640/517 593/793/517 594/664/517
f 588/658/518 601/794/518 591/665/518
f 572/633/519 591/795/519 590/666/519
f 574/638/520 592/796/520 593/667/520
f 585/656/521 600/797/521 601/668/521
f 573/636/522 590/798/522 592/669/522
f 585/656/523 584/652/523 599/670/523
f 583/650/524 598/799/524 599/672/524
f 582/648/525 597/800/525 598/674/525
f 610/675/526 624/801/526 626/676/526
f 599/678/465 614/704/465 615/679/465
f 638/682/474 636/705/474 611/677/474
f 612/681/474 637/802/474 638/682/474
f 597/683/474 596/707/474 635/684/474
f 593/661/471 608/660/471 609/686/471
f 641/803/466 601/700/466 600/680/466
f 600/680/466 615/679/466 616/688/466
f 616/688/466 642/804/466 640/689/466
f 640/689/466 641/803/466 600/680/466
f 645/692/468 604/725/468 602/690/468
f 602/690/468 647/805/468 646/691/468
f 648/695/468 590/806/468 591/693/468
f 591/693/559 644/701/559 643/694/559
f 649/696/476 637/802/476 612/681/476
f 612/681/476 613/722/476 598/697/476
f 598/697/476 597/683/476 639/685/476
f 649/696/476 612/681/476 598/697/476
f 650/698/472 651/708/472 595/807/472
f 594/687/472 609/686/472 610/675/472
f 610/675/472 652/808/472 650/698/472
f 650/698/472 595/807/472 594/687/472
f 616/688/467 604/725/467 645/692/467
f 653/699/467 642/804/467 616/688/467
f 601/700/467 641/803/467 644/701/467
f 647/805/469 602/690/469 606/702/469
f 592/659/469 590/806/469 648/695/469
f 654/703/469 647/805/469 606/702/469
f 592/659/469 648/695/469 654/703/469
f 598/697/477 613/722/477 614/704/477
f 656/706/473 652/808/473 610/675/473
f 610/675/473 611/677/473 636/705/473
f 655/709/560 635/684/560 596/707/560
f 596/707/473 595/807/473 651/708/473
f 624/712/527 622/809/527 620/810/527
f 620/810/527 619/811/527 617/710/527
f 617/710/527 618/812/527 631/813/527
f 631/813/527 630/714/527 629/711/527
f 629/711/527 628/814/527 627/815/527
f 627/815/527 626/816/527 624/712/527
f 624/712/527 620/810/527 617/710/527
f 617/710/527 631/813/527 629/711/527
f 629/711/527 627/815/527 624/712/527
f 606/702/528 619/817/528 620/713/528
f 614/704/529 629/711/529 630/714/529
f 611/677/530 626/818/530 627/715/530
f 609/686/531 608/660/531 620/716/531
f 615/679/532 630/819/532 631/718/532
f 602/690/533 604/725/533 618/719/533
f 612/681/534 627/820/534 628/721/534
f 609/686/535 622/821/535 624/723/535
f 616/688/536 631/822/536 618/724/536
f 606/702/537 602/690/537 617/726/537
f 613/722/538 628/823/538 629/728/538
f 648/731/561 643/824/561 575/729/561
f 575/729/562 586/825/562 654/730/562
f 577/732/563 587/746/563 586/733/563
f 577/735/564 578/826/564 589/736/564
f 651/740/565 650/742/565 589/738/565
f 589/738/566 578/827/566 655/739/566
f 607/741/543 605/751/543 587/737/543
f 652/743/544 656/753/544 607/741/544
f 607/741/544 589/738/544 650/742/544
f 654/730/545 586/825/545 603/744/545
f 603/744/545 646/747/545 647/745/545
f 587/746/546 605/751/546 603/744/546
f 653/749/547 645/828/547 646/747/547
f 646/747/547 603/744/547 621/748/547
f 623/750/548 621/748/548 603/744/548
f 607/741/549 625/752/549 623/750/549
f 636/754/550 638/756/550 625/752/550
f 625/752/550 607/741/550 656/753/550
f 638/756/551 637/829/551 649/755/551
f 649/755/551 634/830/551 625/752/551
f 642/758/552 653/749/552 621/748/552
f 621/748/552 632/831/552 640/757/552
f 633/759/553 632/764/553 621/748/553
f 625/752/554 634/765/554 633/760/554
f 641/762/567 640/757/567 632/831/567
f 641/762/568 632/831/568 575/761/568
f 643/694/569 644/701/569 641/762/569
f 577/763/570 575/832/570 632/764/570
f 634/765/571 578/833/571 577/766/571
f 578/767/572 634/830/572 649/755/572
f 578/767/573 649/755/573 639/768/573
f 635/769/574 655/834/574 578/767/574
usemtl Material.002
f 658/835/575 657/837/575 659/836/575
f 660/838/576 659/836/576 661/839/576
f 662/840/577 661/839/577 663/841/577
f 664/842/578 663/841/578 665/843/578
f 666/844/579 665/843/579 667/845/579
f 668/846/580 667/845/580 669/847/580
f 670/848/581 669/847/581 671/849/581
f 672/850/582 671/849/582 673/851/582
f 674/852/583 673/851/583 675/853/583
f 676/854/584 675/853/584 677/855/584
f 670/848/585 672/850/585 688/856/585
f 678/857/586 677/855/586 679/858/586
f 680/859/587 679/858/587 657/860/587
f 663/861/588 679/863/588 671/862/588
f 687/864/589 688/856/589 700/865/589
f 668/846/590 670/848/590 687/866/590
f 666/844/591 668/846/591 686/867/591
f 664/842/592 666/844/592 685/868/592
f 680/859/593 658/870/593 682/869/593
f 658/835/594 660/838/594 681/871/594
f 662/840/595 664/842/595 684/872/595
f 678/857/596 680/859/596 692/873/596
f 660/838/597 662/840/597 683/874/597
f 676/854/598 678/857/598 691/875/598
f 674/852/599 676/854/599 690/876/599
f 672/850/600 674/852/600 689/877/600
f 684/878/601 685/868/601 697/879/601
f 691/880/602 692/873/602 704/881/602
f 682/882/603 681/871/603 693/883/603
f 688/884/604 689/877/604 701/885/604
f 685/886/605 686/867/605 698/887/605
f 682/869/606 694/889/606 704/888/606
f 681/890/607 683/874/607 695/891/607
f 690/876/608 702/893/608 701/892/608
f 686/894/609 687/866/609 699/895/609
f 683/896/610 684/872/610 696/897/610
f 691/875/611 703/899/611 702/898/611
f 705/900/612 696/902/612 697/901/612
f 706/903/613 697/901/613 698/904/613
f 707/905/614 698/904/614 699/906/614
f 709/907/615 699/906/615 700/908/615
f 712/909/616 700/908/616 701/910/616
f 713/911/617 701/910/617 702/912/617
f 714/913/618 702/912/618 703/914/618
f 715/915/619 703/914/619 704/916/619
f 716/917/620 704/916/620 694/918/620
f 717/919/621 694/918/621 693/920/621
f 714/913/622 715/915/622 730/921/622
f 718/922/623 693/924/623 695/923/623
f 695/923/624 696/902/624 705/900/624
f 698/925/588 693/927/588 702/926/588
f 725/928/580 726/930/580 741/929/580
f 714/913/625 729/932/625 728/931/625
f 712/909/626 713/911/626 728/933/626
f 709/907/627 712/909/627 727/934/627
f 721/935/628 705/900/628 724/936/628
f 705/900/629 706/903/629 723/937/629
f 707/905/630 709/907/630 726/938/630
f 721/935/631 734/940/631 733/939/631
f 706/903/632 707/905/632 725/941/632
f 718/942/633 733/944/633 732/943/633
f 716/917/634 717/919/634 732/945/634
f 715/915/635 716/917/635 731/946/635
f 744/947/636 759/949/636 757/948/636
f 732/950/575 733/952/575 748/951/575
f 744/947/584 771/954/584 745/953/584
f 730/955/584 772/957/584 768/956/584
f 726/930/581 727/959/581 742/958/581
f 733/952/576 773/961/576 749/960/576
f 735/962/578 778/964/578 779/963/578
f 724/965/578 781/967/578 776/966/578
f 782/968/586 772/957/586 731/969/586
f 727/959/582 783/971/582 743/970/582
f 749/960/577 786/972/577 778/964/577
f 734/973/577 724/965/577 777/974/577
f 739/975/579 787/976/579 725/928/579
f 731/969/587 732/950/587 747/977/587
f 743/970/583 789/979/583 769/978/583
f 729/980/583 788/982/583 784/981/583
f 750/983/637 757/985/637 762/984/637
f 739/975/638 741/929/638 753/986/638
f 747/977/639 748/951/639 763/987/639
f 744/947/640 745/953/640 760/988/640
f 741/929/641 742/958/641 755/989/641
f 749/960/642 764/991/642 763/990/642
f 735/962/643 750/993/643 751/992/643
f 745/953/644 746/995/644 761/994/644
f 742/958/645 743/970/645 757/996/645
f 749/960/646 737/998/646 751/997/646
f 735/962/647 739/975/647 752/999/647
f 746/995/648 747/977/648 762/1000/648
f 708/1001/649 781/1003/649 787/1002/649
f 710/1004/650 708/1006/650 719/1005/650
f 710/1007/651 720/1009/651 722/1008/651
f 722/1010/652 784/1012/652 788/1011/652
f 740/1013/653 722/1008/653 720/1009/653
f 740/1013/654 785/1015/654 783/1014/654
f 736/1016/655 787/1002/655 780/1017/655
f 720/1018/656 719/1005/656 736/1016/656
f 779/1019/657 786/1021/657 754/1020/657
f 756/1022/658 738/1023/658 736/1016/658
f 740/1013/659 738/1023/659 756/1022/659
f 758/1024/660 769/1026/660 789/1025/660
f 782/1027/661 771/1028/661 758/1024/661
f 754/1020/662 775/1030/662 773/1029/662
f 766/1031/663 756/1022/663 754/1020/663
f 758/1024/664 756/1022/664 766/1032/664
f 765/1033/665 774/1034/665 776/966/665
f 710/1035/666 766/1031/666 765/1036/666
f 767/1037/667 766/1032/667 710/1038/667
f 711/1039/668 768/1041/668 772/1040/668
f 658/835/575 659/836/575 660/838/575
f 660/838/576 661/839/576 662/840/576
f 662/840/577 663/841/577 664/842/577
f 664/842/578 665/843/578 666/844/578
f 666/844/579 667/845/579 668/846/579
f 668/846/580 669/847/580 670/848/580
f 670/848/581 671/849/581 672/850/581
f 672/850/582 673/851/582 674/852/582
f 674/852/583 675/853/583 676/854/583
f 676/854/584 677/855/584 678/857/584
f 670/848/585 688/856/585 687/864/585
f 678/857/586 679/858/586 680/859/586
f 680/859/587 657/860/587 658/870/587
f 679/863/588 659/836/588 657/837/588
f 659/836/588 663/861/588 661/1042/588
f 663/861/588 667/1044/588 665/1043/588
f 667/1044/588 671/862/588 669/1045/588
f 671/862/588 675/1047/588 673/1046/588
f 675/1047/588 679/863/588 677/1048/588
f 679/863/588 663/861/588 659/836/588
f 663/861/588 671/862/588 667/1044/588
f 671/862/588 679/863/588 675/1047/588
f 687/864/589 700/865/589 699/1049/589
f 668/846/590 687/866/590 686/894/590
f 666/844/591 686/867/591 685/886/591
f 664/842/592 685/868/592 684/878/592
f 680/859/593 682/869/593 692/1050/593
f 658/835/594 681/871/594 682/882/594
f 662/840/595 684/872/595 683/896/595
f 678/857/596 692/873/596 691/880/596
f 660/838/597 683/874/597 681/890/597
f 676/854/598 691/875/598 690/1051/598
f 674/852/599 690/876/599 689/1052/599
f 672/850/600 689/877/600 688/884/600
f 684/878/601 697/879/601 696/1053/601
f 691/880/602 704/881/602 703/1054/602
f 682/882/603 693/883/603 694/1055/603
f 688/884/604 701/885/604 700/1056/604
f 685/886/605 698/887/605 697/1057/605
f 682/869/606 704/888/606 692/1050/606
f 681/890/607 695/891/607 693/1058/607
f 690/876/608 701/892/608 689/1052/608
f 686/894/609 699/895/609 698/1059/609
f 683/896/610 696/897/610 695/1060/610
f 691/875/611 702/898/611 690/1051/611
f 705/900/612 697/901/612 706/903/612
f 706/903/613 698/904/613 707/905/613
f 707/905/614 699/906/614 709/907/614
f 709/907/615 700/908/615 712/909/615
f 712/909/616 701/910/616 713/911/616
f 713/911/617 702/912/617 714/913/617
f 714/913/618 703/914/618 715/915/618
f 715/915/619 704/916/619 716/917/619
f 716/917/620 694/918/620 717/919/620
f 717/919/621 693/920/621 718/942/621
f 714/913/622 730/921/622 729/1061/622
f 718/922/623 695/923/623 721/935/623
f 695/923/624 705/900/624 721/935/624
f 693/927/588 696/1063/588 695/1062/588
f 696/1063/588 698/925/588 697/1064/588
f 698/925/588 700/1066/588 699/1065/588
f 700/1066/588 702/926/588 701/1067/588
f 702/926/588 704/1069/588 703/1068/588
f 704/1069/588 693/927/588 694/1070/588
f 693/927/588 698/925/588 696/1063/588
f 698/925/588 702/926/588 700/1066/588
f 702/926/588 693/927/588 704/1069/588
f 725/928/580 741/929/580 739/975/580
f 714/913/625 728/931/625 713/911/625
f 712/909/626 728/933/626 727/1071/626
f 709/907/627 727/934/627 726/1072/627
f 721/935/628 724/936/628 734/1073/628
f 705/900/629 723/937/629 724/1074/629
f 707/905/630 726/938/630 725/1075/630
f 721/935/631 733/939/631 718/922/631
f 706/903/632 725/941/632 723/1076/632
f 718/942/633 732/943/633 717/919/633
f 716/917/634 732/945/634 731/1077/634
f 715/915/635 731/946/635 730/1078/635
f 744/947/636 757/948/636 743/970/636
f 732/950/575 748/951/575 747/977/575
f 771/954/584 744/947/584 769/978/584
f 745/953/584 771/954/584 770/1079/584
f 730/955/584 768/956/584 729/980/584
f 726/930/581 742/958/581 741/929/581
f 774/1080/576 733/952/576 734/973/576
f 733/952/576 749/960/576 748/951/576
f 749/960/576 773/961/576 775/1081/576
f 773/961/576 733/952/576 774/1080/576
f 778/964/578 735/962/578 737/998/578
f 735/962/578 779/963/578 780/1082/578
f 781/967/578 724/965/578 723/1083/578
f 724/965/669 776/966/669 777/974/669
f 782/968/586 745/953/586 770/1079/586
f 745/953/586 731/969/586 746/995/586
f 731/969/586 772/957/586 730/955/586
f 782/968/586 731/969/586 745/953/586
f 783/971/582 728/1084/582 784/981/582
f 727/959/582 743/970/582 742/958/582
f 743/970/582 783/971/582 785/1085/582
f 783/971/582 727/959/582 728/1084/582
f 749/960/577 778/964/577 737/998/577
f 786/972/577 749/960/577 775/1081/577
f 734/973/577 777/974/577 774/1080/577
f 780/1082/579 739/975/579 735/962/579
f 725/928/579 781/967/579 723/1083/579
f 787/976/579 739/975/579 780/1082/579
f 725/928/579 787/976/579 781/967/579
f 731/969/587 747/977/587 746/995/587
f 789/979/583 743/970/583 785/1085/583
f 743/970/583 769/978/583 744/947/583
f 788/982/670 729/980/670 768/956/670
f 729/980/583 784/981/583 728/1084/583
f 757/985/637 753/1086/637 755/989/637
f 753/1086/637 750/983/637 752/1087/637
f 750/983/637 764/1089/637 751/1088/637
f 764/1089/637 762/984/637 763/1090/637
f 762/984/637 760/1092/637 761/1091/637
f 760/1092/637 757/985/637 759/1093/637
f 757/985/637 750/983/637 753/1086/637
f 750/983/637 762/984/637 764/1089/637
f 762/984/637 757/985/637 760/1092/637
f 739/975/638 753/986/638 752/1094/638
f 747/977/639 763/987/639 762/1095/639
f 744/947/640 760/988/640 759/1096/640
f 741/929/641 755/989/641 753/1086/641
f 749/960/642 763/990/642 748/951/642
f 735/962/643 751/992/643 737/998/643
f 745/953/644 761/994/644 760/1097/644
f 742/958/645 757/996/645 755/1098/645
f 749/960/646 751/997/646 764/1099/646
f 735/962/647 752/999/647 750/1100/647
f 746/995/648 762/1000/648 761/1101/648
f 781/1003/671 708/1001/671 776/1102/671
f 708/1001/672 787/1002/672 719/1103/672
f 710/1004/673 719/1005/673 720/1018/673
f 710/1007/674 722/1008/674 711/1104/674
f 784/1012/675 722/1010/675 783/1014/675
f 722/1010/676 788/1011/676 711/1105/676
f 740/1013/653 720/1009/653 738/1023/653
f 785/1015/654 740/1013/654 789/1025/654
f 740/1013/654 783/1014/654 722/1010/654
f 787/1002/655 736/1016/655 719/1103/655
f 736/1016/655 780/1017/655 779/1019/655
f 720/1018/656 736/1016/656 738/1023/656
f 786/1021/657 779/1019/657 778/1106/657
f 779/1019/657 754/1020/657 736/1016/657
f 756/1022/658 736/1016/658 754/1020/658
f 740/1013/659 756/1022/659 758/1024/659
f 769/1026/660 758/1024/660 771/1028/660
f 758/1024/660 789/1025/660 740/1013/660
f 771/1028/661 782/1027/661 770/1107/661
f 782/1027/661 758/1024/661 767/1108/661
f 775/1030/662 754/1020/662 786/1021/662
f 754/1020/662 773/1029/662 765/1033/662
f 766/1031/663 754/1020/663 765/1036/663
f 758/1024/664 766/1032/664 767/1037/664
f 774/1034/677 765/1033/677 773/1029/677
f 765/1033/678 776/966/678 708/1109/678
f 776/966/679 774/1034/679 777/974/679
f 710/1035/680 765/1036/680 708/1110/680
f 767/1037/681 710/1038/681 711/1111/681
f 711/1039/682 782/1027/682 767/1108/682
f 711/1039/683 772/1040/683 782/1027/683
f 768/1041/684 711/1039/684 788/1112/684
usemtl Material.004
f 791/1113/685 792/1114/685 790/1115/685
f 793/1116/686 794/1117/686 792/1114/686
f 795/1118/687 796/1119/687 794/1117/687
f 797/1120/688 798/1121/688 796/1119/688
f 799/1122/689 800/1123/689 798/1121/689
f 801/1124/690 802/1125/690 800/1123/690
f 803/1126/691 804/1127/691 802/1125/691
f 805/1128/692 806/1129/692 804/1127/692
f 807/1130/693 808/1131/693 806/1132/693
f 809/1133/694 810/1134/694 808/1131/694
f 811/1135/695 803/1136/695 795/1137/695
f 811/1138/696 812/1139/696 810/1134/696
f 813/1140/697 790/1115/697 812/1139/697
f 808/1141/698 822/1142/698 806/1143/698
f 862/1144/691 832/1145/691 863/1146/691
f 806/1147/699 821/1148/699 804/1149/699
f 802/1150/700 821/1148/700 820/1151/700
f 800/1152/701 820/1151/701 819/1153/701
f 798/1154/702 819/1153/702 818/1155/702
f 796/1156/703 818/1155/703 817/1157/703
f 790/1158/704 825/1159/704 812/1160/704
f 792/1161/705 814/1162/705 790/1158/705
f 794/1163/706 817/1157/706 816/1164/706
f 812/1160/707 824/1165/707 810/1166/707
f 792/1161/708 816/1164/708 815/1167/708
f 810/1166/709 823/1168/709 808/1141/709
f 829/1169/710 840/1170/710 828/1171/710
f 864/1172/688 829/1173/688 865/1174/688
f 866/1175/696 836/1176/696 867/1177/696
f 868/1178/685 826/1179/685 869/1180/685
f 870/1181/692 833/1182/692 862/1144/692
f 871/1183/689 830/1184/689 864/1172/689
f 869/1180/697 837/1185/697 866/1175/697
f 872/1186/686 827/1187/686 868/1178/686
f 873/1188/693 834/1189/693 870/1190/693
f 871/1183/690 832/1145/690 831/1191/690
f 865/1174/687 828/1192/687 872/1186/687
f 867/1177/694 835/1193/694 873/1188/694
f 841/1194/711 852/1195/711 840/1196/711
f 835/1197/712 848/1198/712 847/1199/712
f 833/1200/713 844/1201/713 832/1202/713
f 830/1203/714 841/1204/714 829/1169/714
f 836/1205/715 849/1206/715 848/1198/715
f 826/1207/716 839/1208/716 838/1209/716
f 833/1200/717 846/1210/717 845/1211/717
f 831/1212/718 842/1213/718 830/1203/718
f 837/1214/719 838/1209/719 849/1206/719
f 828/1171/720 839/1208/720 827/1215/720
f 834/1216/721 847/1199/721 846/1217/721
f 832/1202/722 843/1218/722 831/1212/722
f 848/1219/723 859/1220/723 847/1221/723
f 845/1222/724 856/1223/724 844/1224/724
f 842/1225/725 853/1226/725 841/1194/725
f 849/1227/726 860/1228/726 848/1219/726
f 839/1229/727 850/1230/727 838/1231/727
f 846/1232/728 857/1233/728 845/1222/728
f 843/1234/729 854/1235/729 842/1225/729
f 838/1231/730 861/1236/730 849/1227/730
f 840/1196/731 851/1237/731 839/1229/731
f 847/1221/732 858/1238/732 846/1239/732
f 844/1224/733 855/1240/733 843/1234/733
f 876/1241/694 873/1188/694 885/1242/694
f 875/1243/687 872/1186/687 884/1244/687
f 874/1245/690 871/1183/690 883/1246/690
f 885/1242/693 870/1190/693 882/1247/693
f 884/1244/686 868/1178/686 881/1248/686
f 877/1249/697 866/1175/697 880/1250/697
f 883/1246/689 864/1172/689 879/1251/689
f 882/1252/692 862/1144/692 878/1253/692
f 881/1248/685 869/1180/685 877/1249/685
f 880/1250/696 867/1177/696 876/1241/696
f 879/1251/688 865/1174/688 875/1243/688
f 878/1253/691 863/1146/691 874/1245/691
f 821/1254/691 874/1245/691 820/1255/691
f 818/1256/688 875/1243/688 817/1257/688
f 825/1258/696 876/1241/696 824/1259/696
f 815/1260/685 877/1249/685 814/1261/685
f 822/1262/692 878/1253/692 821/1254/692
f 819/1263/689 879/1251/689 818/1256/689
f 814/1261/697 880/1250/697 825/1258/697
f 816/1264/686 881/1248/686 815/1260/686
f 823/1265/693 882/1247/693 822/1266/693
f 820/1255/690 883/1246/690 819/1263/690
f 817/1257/687 884/1244/687 816/1264/687
f 824/1259/694 885/1242/694 823/1265/694
f 887/1267/734 888/1268/734 886/1269/734
f 888/1268/735 891/1270/735 890/1271/735
f 891/1270/736 892/1272/736 890/1271/736
f 893/1273/737 894/1274/737 892/1272/737
f 895/1275/738 896/1276/738 894/1277/738
f 897/1278/739 898/1279/739 896/1276/739
f 899/1280/740 900/1281/740 898/1279/740
f 901/1282/741 902/1283/741 900/1281/741
f 903/1284/742 904/1285/742 902/1283/742
f 905/1286/743 906/1287/743 904/1285/743
f 907/1288/744 899/1289/744 891/1290/744
f 907/1291/745 908/1292/745 906/1287/745
f 909/1293/746 886/1269/746 908/1292/746
f 904/1294/747 918/1295/747 902/1296/747
f 946/1297/740 928/1298/740 947/1299/740
f 902/1296/748 917/1300/748 900/1301/748
f 898/1302/749 917/1300/749 916/1303/749
f 896/1304/750 916/1303/750 915/1305/750
f 894/1306/751 915/1305/751 914/1307/751
f 892/1308/752 914/1309/752 913/1310/752
f 886/1311/753 921/1312/753 908/1313/753
f 888/1314/754 910/1315/754 886/1311/754
f 890/1316/755 913/1310/755 912/1317/755
f 908/1313/756 920/1318/756 906/1319/756
f 888/1314/757 912/1317/757 911/1320/757
f 906/1319/758 919/1321/758 904/1294/758
f 925/1322/759 936/1323/759 924/1324/759
f 948/1325/737 925/1326/737 949/1327/737
f 950/1328/745 932/1329/745 951/1330/745
f 952/1331/734 922/1332/734 953/1333/734
f 954/1334/741 929/1335/741 946/1297/741
f 955/1336/738 926/1337/738 948/1338/738
f 953/1333/746 933/1339/746 950/1328/746
f 956/1340/735 923/1341/735 952/1331/735
f 954/1334/742 931/1342/742 930/1343/742
f 947/1299/739 927/1344/739 955/1336/739
f 949/1327/736 924/1345/736 956/1340/736
f 957/1346/743 932/1329/743 931/1342/743
f 937/1347/760 860/1228/760 936/1348/760
f 931/1349/761 944/1350/761 943/1351/761
f 929/1352/762 940/1353/762 928/1354/762
f 926/1355/763 937/1356/763 925/1322/763
f 932/1357/764 945/1358/764 944/1350/764
f 922/1359/765 935/1360/765 934/1361/765
f 929/1352/766 942/1362/766 941/1363/766
f 927/1364/767 938/1365/767 926/1366/767
f 933/1367/768 934/1361/768 945/1358/768
f 924/1324/769 935/1360/769 923/1368/769
f 930/1369/770 943/1351/770 942/1362/770
f 928/1354/771 939/1370/771 927/1364/771
f 944/1371/772 853/1226/772 943/1372/772
f 941/1373/773 856/1223/773 940/1374/773
f 938/1375/774 859/1220/774 937/1347/774
f 945/1376/775 852/1195/775 944/1371/775
f 935/1377/776 850/1230/776 934/1378/776
f 942/1379/777 855/1240/777 941/1373/777
f 939/1380/778 858/1381/778 938/1382/778
f 934/1378/779 851/1237/779 945/1376/779
f 936/1348/780 861/1236/780 935/1377/780
f 943/1372/781 854/1235/781 942/1379/781
f 940/1374/782 857/1233/782 939/1380/782
f 960/1383/743 957/1346/743 969/1384/743
f 959/1385/736 956/1340/736 968/1386/736
f 958/1387/739 955/1336/739 967/1388/739
f 969/1384/742 954/1334/742 966/1389/742
f 968/1386/735 952/1331/735 965/1390/735
f 961/1391/746 950/1328/746 964/1392/746
f 967/1388/738 948/1338/738 963/1393/738
f 966/1389/741 946/1297/741 962/1394/741
f 965/1390/734 953/1333/734 961/1391/734
f 964/1392/745 951/1330/745 960/1383/745
f 963/1395/737 949/1327/737 959/1385/737
f 962/1394/740 947/1299/740 958/1387/740
f 917/1396/740 958/1387/740 916/1397/740
f 914/1398/737 959/1385/737 913/1182/737
f 921/1173/745 960/1383/745 920/1399/745
f 911/1191/734 961/1391/734 910/1184/734
f 918/1400/741 962/1394/741 917/1396/741
f 915/1401/738 963/1393/738 914/1402/738
f 910/1184/746 964/1392/746 921/1173/746
f 912/1145/735 965/1390/735 911/1191/735
f 919/1403/742 966/1389/742 918/1400/742
f 916/1397/739 967/1388/739 915/1401/739
f 913/1182/736 968/1386/736 912/1145/736
f 920/1399/743 969/1384/743 919/1403/743
f 791/1113/685 793/1116/685 792/1114/685
f 793/1116/686 795/1118/686 794/1117/686
f 795/1118/687 797/1120/687 796/1119/687
f 797/1120/688 799/1122/688 798/1121/688
f 799/1122/689 801/1124/689 800/1123/689
f 801/1124/690 803/1126/690 802/1125/690
f 803/1126/691 805/1128/691 804/1127/691
f 805/1128/692 807/1404/692 806/1129/692
f 807/1130/693 809/1133/693 808/1131/693
f 809/1133/694 811/1138/694 810/1134/694
f 795/1137/695 793/1405/695 791/1406/695
f 791/1406/695 813/1407/695 811/1135/695
f 811/1135/695 809/1408/695 807/1409/695
f 807/1409/695 805/1410/695 803/1136/695
f 803/1136/695 801/1411/695 799/1412/695
f 799/1412/695 797/1413/695 795/1137/695
f 795/1137/695 791/1406/695 811/1135/695
f 811/1135/695 807/1409/695 803/1136/695
f 803/1136/695 799/1412/695 795/1137/695
f 811/1138/696 813/1140/696 812/1139/696
f 813/1140/697 791/1113/697 790/1115/697
f 808/1141/698 823/1168/698 822/1142/698
f 862/1144/691 833/1182/691 832/1145/691
f 806/1147/699 822/1414/699 821/1148/699
f 802/1150/700 804/1149/700 821/1148/700
f 800/1152/701 802/1150/701 820/1151/701
f 798/1154/702 800/1152/702 819/1153/702
f 796/1156/703 798/1154/703 818/1155/703
f 790/1158/704 814/1162/704 825/1159/704
f 792/1161/705 815/1167/705 814/1162/705
f 794/1163/706 796/1156/706 817/1157/706
f 812/1160/707 825/1159/707 824/1165/707
f 792/1161/708 794/1163/708 816/1164/708
f 810/1166/709 824/1165/709 823/1168/709
f 829/1169/710 841/1204/710 840/1170/710
f 864/1172/688 830/1184/688 829/1173/688
f 866/1175/696 837/1185/696 836/1176/696
f 868/1178/685 827/1187/685 826/1179/685
f 870/1181/692 834/1415/692 833/1182/692
f 871/1183/689 831/1191/689 830/1184/689
f 869/1180/697 826/1179/697 837/1185/697
f 872/1186/686 828/1192/686 827/1187/686
f 873/1188/693 835/1193/693 834/1189/693
f 871/1183/690 863/1146/690 832/1145/690
f 865/1174/687 829/1173/687 828/1192/687
f 867/1177/694 836/1176/694 835/1193/694
f 841/1194/783 853/1226/783 852/1195/783
f 835/1197/712 836/1205/712 848/1198/712
f 833/1200/713 845/1211/713 844/1201/713
f 830/1203/714 842/1213/714 841/1204/714
f 836/1205/715 837/1214/715 849/1206/715
f 826/1207/716 827/1215/716 839/1208/716
f 833/1200/717 834/1416/717 846/1210/717
f 831/1212/718 843/1218/718 842/1213/718
f 837/1214/719 826/1207/719 838/1209/719
f 828/1171/720 840/1170/720 839/1208/720
f 834/1216/721 835/1197/721 847/1199/721
f 832/1202/722 844/1201/722 843/1218/722
f 848/1219/784 860/1228/784 859/1220/784
f 845/1222/785 857/1233/785 856/1223/785
f 842/1225/786 854/1235/786 853/1226/786
f 849/1227/787 861/1236/787 860/1228/787
f 839/1229/788 851/1237/788 850/1230/788
f 846/1232/789 858/1381/789 857/1233/789
f 843/1234/790 855/1240/790 854/1235/790
f 838/1231/791 850/1230/791 861/1236/791
f 840/1196/792 852/1195/792 851/1237/792
f 847/1221/793 859/1220/793 858/1238/793
f 844/1224/794 856/1223/794 855/1240/794
f 876/1241/694 867/1177/694 873/1188/694
f 875/1243/687 865/1174/687 872/1186/687
f 874/1245/690 863/1146/690 871/1183/690
f 885/1242/693 873/1188/693 870/1190/693
f 884/1244/686 872/1186/686 868/1178/686
f 877/1249/697 869/1180/697 866/1175/697
f 883/1246/689 871/1183/689 864/1172/689
f 882/1252/692 870/1181/692 862/1144/692
f 881/1248/685 868/1178/685 869/1180/685
f 880/1250/696 866/1175/696 867/1177/696
f 879/1251/688 864/1172/688 865/1174/688
f 878/1253/691 862/1144/691 863/1146/691
f 821/1254/691 878/1253/691 874/1245/691
f 818/1256/688 879/1251/688 875/1243/688
f 825/1258/696 880/1250/696 876/1241/696
f 815/1260/685 881/1248/685 877/1249/685
f 822/1262/692 882/1252/692 878/1253/692
f 819/1263/689 883/1246/689 879/1251/689
f 814/1261/697 877/1249/697 880/1250/697
f 816/1264/686 884/1244/686 881/1248/686
f 823/1265/693 885/1242/693 882/1247/693
f 820/1255/690 874/1245/690 883/1246/690
f 817/1257/687 875/1243/687 884/1244/687
f 824/1259/694 876/1241/694 885/1242/694
f 887/1267/734 889/1417/734 888/1268/734
f 888/1268/735 889/1417/735 891/1270/735
f 891/1270/736 893/1273/736 892/1272/736
f 893/1273/737 895/1418/737 894/1274/737
f 895/1275/738 897/1278/738 896/1276/738
f 897/1278/739 899/1280/739 898/1279/739
f 899/1280/740 901/1282/740 900/1281/740
f 901/1282/741 903/1284/741 902/1283/741
f 903/1284/742 905/1286/742 904/1285/742
f 905/1286/743 907/1291/743 906/1287/743
f 891/1290/744 889/1419/744 887/1420/744
f 887/1420/744 909/1421/744 907/1288/744
f 907/1288/744 905/1422/744 903/1423/744
f 903/1423/744 901/1424/744 899/1289/744
f 899/1289/744 897/1425/744 895/1426/744
f 895/1426/744 893/1427/744 891/1290/744
f 891/1290/744 887/1420/744 907/1288/744
f 907/1288/744 903/1423/744 899/1289/744
f 899/1289/744 895/1426/744 891/1290/744
f 907/1291/745 909/1293/745 908/1292/745
f 909/1293/746 887/1267/746 886/1269/746
f 904/1294/747 919/1321/747 918/1295/747
f 946/1297/740 929/1335/740 928/1298/740
f 902/1296/748 918/1295/748 917/1300/748
f 898/1302/795 900/1301/795 917/1300/795
f 896/1304/750 898/1302/750 916/1303/750
f 894/1306/751 896/1304/751 915/1305/751
f 892/1308/752 894/1428/752 914/1309/752
f 886/1311/753 910/1315/753 921/1312/753
f 888/1314/796 911/1320/796 910/1315/796
f 890/1316/755 892/1308/755 913/1310/755
f 908/1313/756 921/1312/756 920/1318/756
f 888/1314/757 890/1316/757 912/1317/757
f 906/1319/758 920/1318/758 919/1321/758
f 925/1322/759 937/1356/759 936/1323/759
f 948/1325/737 926/1429/737 925/1326/737
f 950/1328/745 933/1339/745 932/1329/745
f 952/1331/734 923/1341/734 922/1332/734
f 954/1334/741 930/1343/741 929/1335/741
f 955/1336/738 927/1344/738 926/1337/738
f 953/1333/746 922/1332/746 933/1339/746
f 956/1340/735 924/1345/735 923/1341/735
f 954/1334/742 957/1346/742 931/1342/742
f 947/1299/739 928/1298/739 927/1344/739
f 949/1327/736 925/1326/736 924/1345/736
f 957/1346/743 951/1330/743 932/1329/743
f 937/1347/797 859/1220/797 860/1228/797
f 931/1349/761 932/1357/761 944/1350/761
f 929/1352/762 941/1363/762 940/1353/762
f 926/1355/763 938/1430/763 937/1356/763
f 932/1357/764 933/1367/764 945/1358/764
f 922/1359/765 923/1368/765 935/1360/765
f 929/1352/766 930/1369/766 942/1362/766
f 927/1364/767 939/1370/767 938/1365/767
f 933/1367/768 922/1359/768 934/1361/768
f 924/1324/769 936/1323/769 935/1360/769
f 930/1369/770 931/1349/770 943/1351/770
f 928/1354/771 940/1353/771 939/1370/771
f 944/1371/798 852/1195/798 853/1226/798
f 941/1373/799 855/1240/799 856/1223/799
f 938/1375/800 858/1238/800 859/1220/800
f 945/1376/801 851/1237/801 852/1195/801
f 935/1377/802 861/1236/802 850/1230/802
f 942/1379/803 854/1235/803 855/1240/803
f 939/1380/804 857/1233/804 858/1381/804
f 934/1378/805 850/1230/805 851/1237/805
f 936/1348/806 860/1228/806 861/1236/806
f 943/1372/807 853/1226/807 854/1235/807
f 940/1374/808 856/1223/808 857/1233/808
f 960/1383/743 951/1330/743 957/1346/743
f 959/1385/736 949/1327/736 956/1340/736
f 958/1387/739 947/1299/739 955/1336/739
f 969/1384/742 957/1346/742 954/1334/742
f 968/1386/735 956/1340/735 952/1331/735
f 961/1391/746 953/1333/746 950/1328/746
f 967/1388/738 955/1336/738 948/1338/738
f 966/1389/741 954/1334/741 946/1297/741
f 965/1390/734 952/1331/734 953/1333/734
f 964/1392/745 950/1328/745 951/1330/745
f 963/1395/737 948/1325/737 949/1327/737
f 962/1394/740 946/1297/740 947/1299/740
f 917/1396/740 962/1394/740 958/1387/740
f 914/1398/737 963/1395/737 959/1385/737
f 921/1173/745 964/1392/745 960/1383/745
f 911/1191/734 965/1390/734 961/1391/734
f 918/1400/741 966/1389/741 962/1394/741
f 915/1401/738 967/1388/738 963/1393/738
f 910/1184/746 961/1391/746 964/1392/746
f 912/1145/735 968/1386/735 965/1390/735
f 919/1403/742 969/1384/742 966/1389/742
f 916/1397/739 958/1387/739 967/1388/739
f 913/1182/736 959/1385/736 968/1386/736
f 920/1399/743 960/1383/743 969/1384/743
usemtl Material.005
f 998/1431/809 999/1433/809 991/1432/809
f 1153/1434/810 1154/1436/810 1146/1435/810
f 1143/1437/810 1149/1439/810 1151/1438/810
f 1120/1440/810 1114/1442/810 1116/1441/810
f 1137/1443/810 1136/1445/810 1138/1444/810
f 999/1433/811 1000/1447/811 990/1446/811
f 1000/1447/812 1002/1449/812 989/1448/812
f 1004/1450/813 1005/1452/813 997/1451/813
f 1006/1453/814 1004/1450/814 984/1454/814
f 1002/1449/815 1007/1456/815 988/1455/815
f 1005/1452/816 1008/1458/816 996/1457/816
f 1007/1459/817 1006/1453/817 987/1460/817
f 1008/1458/818 1009/1462/818 995/1461/818
f 1009/1462/819 1010/1464/819 994/1463/819
f 1010/1464/820 1011/1466/820 993/1465/820
f 1011/1466/821 998/1431/821 992/1467/821
f 979/1468/822 978/1469/822 998/1431/822
f 980/1470/823 979/1468/823 1011/1466/823
f 981/1471/824 980/1470/824 1010/1464/824
f 982/1472/825 981/1471/825 1009/1462/825
f 972/1473/826 971/1474/826 1006/1453/826
f 983/1475/827 982/1472/827 1008/1458/827
f 973/1476/828 972/1477/828 1007/1456/828
f 971/1474/829 970/1478/829 1004/1450/829
f 970/1478/830 983/1475/830 1005/1452/830
f 974/1479/831 973/1476/831 1002/1449/831
f 976/1480/832 974/1479/832 1000/1447/832
f 978/1469/833 976/1480/833 999/1433/833
f 977/1481/834 1023/1483/834 1022/1482/834
f 1144/1484/835 1142/1485/835 1023/1483/835
f 1148/1486/836 1144/1484/836 977/1481/836
f 977/1481/837 975/1488/837 985/1487/837
f 986/1489/838 985/1487/838 1001/1490/838
f 1003/1491/839 1146/1492/839 1148/1486/839
f 1013/1493/840 1003/1491/840 1001/1490/840
f 1013/1493/841 1153/1494/841 1146/1492/841
f 1013/1493/842 1012/1496/842 1014/1495/842
f 1015/1497/843 1152/1498/843 1153/1494/843
f 1017/1499/844 1015/1497/844 1014/1495/844
f 1017/1499/845 1145/1500/845 1152/1498/845
f 1019/1501/846 1017/1503/846 1016/1502/846
f 1019/1501/847 1147/1505/847 1145/1504/847
f 1021/1506/848 1019/1501/848 1018/1507/848
f 1019/1501/849 1021/1506/849 1143/1437/849
f 1023/1508/850 1021/1506/850 1020/1509/850
f 1023/1508/851 1142/1510/851 1143/1437/851
f 1025/1511/852 1041/1513/852 1040/1512/852
f 1149/1439/853 1158/1515/853 1041/1514/853
f 1151/1438/854 1149/1439/854 1025/1516/854
f 1027/1517/855 1025/1511/855 1024/1518/855
f 1027/1517/856 1026/1520/856 1028/1519/856
f 1029/1521/857 1150/1522/857 1151/1438/857
f 1029/1523/858 1028/1525/858 1030/1524/858
f 1031/1526/859 1159/1528/859 1156/1527/859
f 1031/1526/860 1030/1524/860 1032/1529/860
f 1033/1530/861 1170/1531/861 1159/1528/861
f 1035/1532/862 1033/1530/862 1032/1529/862
f 1035/1532/863 1162/1533/863 1170/1531/863
f 1037/1534/864 1035/1532/864 1034/1535/864
f 1035/1532/865 1037/1534/865 1129/1536/865
f 1039/1537/866 1037/1534/866 1036/1538/866
f 1128/1539/867 1129/1536/867 1037/1534/867
f 1041/1540/868 1039/1537/868 1038/1541/868
f 1039/1537/869 1041/1540/869 1158/1542/869
f 1043/1543/846 1059/1545/846 1058/1544/846
f 1059/1545/847 1043/1543/847 1132/1546/847
f 1043/1543/849 1045/1548/849 1130/1547/849
f 1045/1548/848 1043/1543/848 1042/1549/848
f 1047/1550/850 1045/1548/850 1044/1551/850
f 1133/1552/851 1130/1547/851 1045/1548/851
f 1049/1553/834 1047/1550/834 1046/1554/834
f 1049/1553/835 1131/1555/835 1133/1552/835
f 1051/1556/837 1049/1553/837 1048/1557/837
f 1051/1556/836 1141/1558/836 1131/1555/836
f 1053/1559/838 1051/1556/838 1050/1560/838
f 1053/1559/839 1135/1561/839 1141/1558/839
f 1053/1562/840 1052/1564/840 1054/1563/840
f 1055/1565/841 1140/1567/841 1135/1566/841
f 1057/1568/842 1055/1565/842 1054/1563/842
f 1055/1565/843 1057/1568/843 1137/1443/843
f 1059/1569/844 1057/1568/844 1056/1570/844
f 1057/1568/845 1059/1569/845 1134/1571/845
f 1061/1572/864 1077/1574/864 1076/1573/864
f 1077/1574/865 1061/1572/865 1136/1445/865
f 1063/1575/867 1138/1444/867 1136/1445/867
f 1063/1575/866 1061/1572/866 1060/1576/866
f 1063/1575/868 1062/1578/868 1064/1577/868
f 1063/1575/869 1164/1580/869 1139/1579/869
f 1067/1581/852 1065/1583/852 1064/1582/852
f 1067/1581/853 1167/1585/853 1164/1584/853
f 1067/1581/855 1066/1587/855 1068/1586/855
f 1069/1588/854 1168/1589/854 1167/1585/854
f 1071/1590/856 1069/1588/856 1068/1586/856
f 1071/1590/857 1165/1591/857 1168/1589/857
f 1073/1592/858 1071/1590/858 1070/1593/858
f 1073/1592/859 1124/1594/859 1165/1591/859
f 1073/1592/860 1072/1596/860 1074/1595/860
f 1123/1597/861 1124/1594/861 1073/1592/861
f 1077/1598/862 1075/1599/862 1074/1595/862
f 1075/1599/863 1077/1598/863 1166/1600/863
f 1079/1601/840 1095/1603/840 1094/1602/840
f 1125/1604/841 1122/1605/841 1095/1603/841
f 1079/1601/843 1081/1607/843 1126/1606/843
f 1081/1607/842 1079/1601/842 1078/1608/842
f 1083/1609/844 1081/1607/844 1080/1610/844
f 1083/1609/845 1121/1611/845 1126/1606/845
f 1083/1609/846 1082/1613/846 1084/1612/846
f 1083/1609/847 1085/1615/847 1127/1614/847
f 1087/1616/848 1085/1615/848 1084/1612/848
f 1087/1616/849 1117/1617/849 1127/1614/849
f 1089/1618/850 1087/1616/850 1086/1619/850
f 1089/1618/851 1119/1620/851 1117/1617/851
f 1091/1621/834 1089/1623/834 1088/1622/834
f 1091/1621/835 1118/1625/835 1119/1624/835
f 1093/1626/837 1091/1621/837 1090/1627/837
f 1093/1626/836 1120/1440/836 1118/1625/836
f 1095/1628/838 1093/1626/838 1092/1629/838
f 1095/1628/839 1122/1630/839 1120/1440/839
f 1097/1631/858 1113/1633/858 1112/1632/858
f 1097/1631/859 1114/1442/859 1161/1634/859
f 1116/1441/861 1114/1442/861 1097/1631/861
f 1099/1635/860 1097/1631/860 1096/1636/860
f 1101/1637/862 1099/1635/862 1098/1638/862
f 1099/1635/863 1163/1640/863 1115/1639/863
f 1101/1637/864 1100/1642/864 1102/1641/864
f 1101/1637/865 1103/1644/865 1169/1643/865
f 1103/1644/866 1102/1641/866 1104/1645/866
f 1105/1646/867 1160/1647/867 1169/1643/867
f 1107/1648/868 1105/1646/868 1104/1645/868
f 1105/1646/869 1107/1648/869 1157/1649/869
f 1109/1650/852 1107/1648/852 1106/1651/852
f 1109/1650/853 1154/1652/853 1157/1649/853
f 1111/1653/855 1109/1650/855 1108/1654/855
f 1111/1653/854 1155/1655/854 1154/1652/854
f 1113/1656/856 1111/1653/856 1110/1657/856
f 1113/1656/857 1161/1658/857 1155/1655/857
f 1181/1659/811 982/1472/811 983/1475/811
f 1180/1660/812 981/1471/812 982/1472/812
f 1179/1661/815 980/1470/815 981/1471/815
f 1178/1662/817 979/1468/817 980/1470/817
f 1177/1663/814 978/1469/814 979/1468/814
f 1176/1664/813 976/1480/813 978/1469/813
f 1175/1665/816 974/1479/816 976/1480/816
f 1174/1666/818 973/1476/818 974/1479/818
f 1173/1667/819 972/1477/819 973/1476/819
f 1172/1668/820 971/1474/820 972/1473/820
f 1171/1669/821 970/1478/821 971/1474/821
f 1182/1670/809 983/1475/809 970/1478/809
f 1202/1671/809 1210/1673/809 1209/1672/809
f 1329/1674/870 1289/1676/870 1321/1675/870
f 1308/1677/870 1206/1679/870 1302/1678/870
f 1273/1680/870 1198/1682/870 1279/1681/870
f 1295/1683/870 1202/1685/870 1296/1684/870
f 1201/1686/811 1211/1687/811 1210/1673/811
f 1200/1688/812 1212/1689/812 1211/1687/812
f 1208/1690/813 1215/1692/813 1214/1691/813
f 1196/1693/814 1214/1691/814 1216/1694/814
f 1199/1695/815 1217/1696/815 1212/1689/815
f 1207/1697/816 1218/1698/816 1215/1692/816
f 1198/1699/817 1216/1694/817 1217/1700/817
f 1206/1701/818 1219/1702/818 1218/1698/818
f 1205/1703/819 1220/1704/819 1219/1702/819
f 1204/1705/820 1221/1706/820 1220/1704/820
f 1203/1707/821 1209/1672/821 1221/1706/821
f 1209/1672/871 1190/1709/871 1191/1708/871
f 1221/1706/872 1191/1708/872 1192/1710/872
f 1220/1704/873 1192/1710/873 1193/1711/873
f 1219/1702/874 1193/1711/874 1194/1712/874
f 1216/1694/875 1184/1714/875 1185/1713/875
f 1218/1698/876 1194/1712/876 1195/1715/876
f 1217/1696/877 1185/1717/877 1186/1716/877
f 1214/1691/878 1183/1718/878 1184/1714/878
f 1215/1692/879 1195/1715/879 1183/1718/879
f 1212/1689/880 1186/1716/880 1187/1719/880
f 1211/1687/881 1187/1719/881 1188/1720/881
f 1210/1673/882 1188/1720/882 1190/1709/882
f 1022/1482/883 1227/1722/883 1189/1721/883
f 1303/1723/884 1189/1721/884 1227/1722/884
f 1307/1724/885 1197/1725/885 1189/1721/885
f 1189/1721/886 1197/1725/886 985/1487/886
f 1197/1725/887 1213/1726/887 1001/1490/887
f 1307/1724/888 1305/1727/888 1213/1726/888
f 1213/1726/889 1222/1728/889 1012/1496/889
f 1305/1727/890 1312/1729/890 1222/1728/890
f 1222/1728/891 1223/1730/891 1014/1495/891
f 1223/1730/892 1222/1728/892 1312/1729/892
f 1014/1495/893 1223/1730/893 1224/1731/893
f 1224/1731/894 1223/1730/894 1311/1732/894
f 1016/1733/895 1224/1735/895 1225/1734/895
f 1225/1734/896 1224/1735/896 1304/1736/896
f 1018/1737/897 1225/1734/897 1226/1738/897
f 1302/1678/898 1226/1738/898 1225/1734/898
f 1020/1739/899 1226/1738/899 1227/1740/899
f 1301/1741/900 1227/1740/900 1226/1738/900
f 1040/1512/901 1236/1743/901 1228/1742/901
f 1308/1677/902 1228/1742/902 1236/1743/902
f 1310/1744/903 1229/1745/903 1228/1742/903
f 1024/1518/904 1228/1742/904 1229/1745/904
f 1229/1745/905 1230/1746/905 1028/1519/905
f 1309/1747/906 1230/1746/906 1229/1745/906
f 1230/1748/907 1231/1749/907 1030/1524/907
f 1315/1750/908 1318/1751/908 1231/1749/908
f 1231/1749/909 1232/1752/909 1032/1529/909
f 1318/1751/910 1329/1753/910 1232/1752/910
f 1232/1752/911 1233/1754/911 1034/1535/911
f 1329/1753/912 1321/1755/912 1233/1754/912
f 1034/1535/913 1233/1754/913 1234/1756/913
f 1288/1757/914 1234/1756/914 1233/1754/914
f 1036/1538/915 1234/1756/915 1235/1758/915
f 1287/1759/916 1235/1758/916 1234/1756/916
f 1038/1541/917 1235/1758/917 1236/1760/917
f 1317/1761/918 1236/1760/918 1235/1758/918
f 1058/1544/895 1245/1763/895 1237/1762/895
f 1291/1764/896 1237/1762/896 1245/1763/896
f 1289/1765/898 1238/1766/898 1237/1762/898
f 1042/1549/897 1237/1762/897 1238/1766/897
f 1044/1551/899 1238/1766/899 1239/1767/899
f 1292/1768/900 1239/1767/900 1238/1766/900
f 1046/1554/883 1239/1767/883 1240/1769/883
f 1292/1768/884 1290/1770/884 1240/1769/884
f 1048/1557/886 1240/1769/886 1241/1771/886
f 1290/1770/885 1300/1772/885 1241/1771/885
f 1050/1560/887 1241/1771/887 1242/1773/887
f 1300/1772/888 1294/1774/888 1242/1773/888
f 1242/1775/889 1243/1777/889 1054/1776/889
f 1294/1778/890 1299/1779/890 1243/1777/890
f 1054/1776/891 1243/1777/891 1244/1780/891
f 1296/1684/892 1244/1780/892 1243/1777/892
f 1056/1781/893 1244/1780/893 1245/1782/893
f 1293/1783/894 1245/1782/894 1244/1780/894
f 1076/1784/913 1254/1786/913 1246/1785/913
f 1295/1683/914 1246/1785/914 1254/1786/914
f 1297/1787/916 1247/1788/916 1246/1785/916
f 1060/1789/915 1246/1785/915 1247/1788/915
f 1247/1788/917 1248/1791/917 1064/1790/917
f 1323/1792/918 1247/1788/918 1298/1793/918
f 1064/1582/901 1248/1795/901 1249/1794/901
f 1323/1796/902 1326/1797/902 1249/1794/902
f 1249/1794/904 1250/1798/904 1068/1586/904
f 1326/1797/903 1327/1799/903 1250/1798/903
f 1068/1586/905 1250/1798/905 1251/1800/905
f 1327/1799/906 1324/1801/906 1251/1800/906
f 1070/1593/907 1251/1800/907 1252/1802/907
f 1324/1801/908 1283/1803/908 1252/1802/908
f 1072/1596/909 1252/1802/909 1253/1804/909
f 1282/1805/910 1253/1804/910 1252/1802/910
f 1074/1595/911 1253/1804/911 1254/1806/911
f 1325/1807/912 1254/1806/912 1253/1804/912
f 1094/1602/889 1263/1809/889 1255/1808/889
f 1284/1810/890 1255/1808/890 1263/1809/890
f 1285/1811/892 1256/1812/892 1255/1808/892
f 1078/1608/891 1255/1808/891 1256/1812/891
f 1080/1610/893 1256/1812/893 1257/1813/893
f 1280/1814/894 1257/1813/894 1256/1812/894
f 1257/1813/895 1258/1815/895 1084/1612/895
f 1258/1815/896 1257/1813/896 1280/1814/896
f 1084/1612/897 1258/1815/897 1259/1816/897
f 1259/1816/898 1258/1815/898 1286/1817/898
f 1259/1816/899 1260/1819/899 1088/1818/899
f 1276/1820/900 1278/1821/900 1260/1819/900
f 1088/1822/883 1260/1824/883 1261/1823/883
f 1278/1825/884 1277/1826/884 1261/1823/884
f 1090/1827/886 1261/1823/886 1262/1828/886
f 1279/1681/885 1262/1828/885 1261/1823/885
f 1092/1829/887 1262/1828/887 1263/1830/887
f 1281/1831/888 1263/1830/888 1262/1828/888
f 1112/1632/907 1272/1833/907 1264/1832/907
f 1320/1834/908 1273/1835/908 1264/1832/908
f 1273/1835/910 1275/1837/910 1265/1836/910
f 1096/1636/909 1264/1832/909 1265/1836/909
f 1265/1836/911 1266/1838/911 1100/1642/911
f 1322/1839/912 1265/1836/912 1274/1840/912
f 1266/1838/913 1267/1841/913 1102/1641/913
f 1328/1842/914 1267/1841/914 1266/1838/914
f 1267/1841/915 1268/1843/915 1104/1645/915
f 1328/1842/916 1319/1844/916 1268/1843/916
f 1104/1645/917 1268/1843/917 1269/1845/917
f 1269/1845/918 1268/1843/918 1319/1844/918
f 1106/1651/901 1269/1845/901 1270/1846/901
f 1316/1847/902 1313/1848/902 1270/1846/902
f 1108/1654/904 1270/1846/904 1271/1849/904
f 1313/1848/903 1314/1850/903 1271/1849/903
f 1110/1657/905 1271/1849/905 1272/1851/905
f 1314/1850/906 1320/1852/906 1272/1851/906
f 1195/1715/811 1194/1712/811 1181/1853/811
f 1194/1712/812 1193/1711/812 1180/1854/812
f 1193/1711/815 1192/1710/815 1179/1855/815
f 1192/1710/817 1191/1708/817 1178/1856/817
f 1191/1708/814 1190/1709/814 1177/1857/814
f 1190/1709/813 1188/1720/813 1176/1858/813
f 1188/1720/816 1187/1719/816 1175/1859/816
f 1187/1719/818 1186/1716/818 1174/1860/818
f 1186/1716/819 1185/1717/819 1173/1861/819
f 1185/1713/820 1184/1714/820 1172/1862/820
f 1184/1714/821 1183/1718/821 1171/1863/821
f 1183/1718/809 1195/1715/809 1182/1864/809
f 998/1431/809 991/1432/809 992/1467/809
f 1125/1865/810 987/1867/810 1122/1866/810
f 987/1867/810 989/1869/810 988/1868/810
f 989/1869/810 1123/1871/810 1166/1870/810
f 987/1867/810 1123/1871/810 989/1869/810
f 1125/1865/810 1123/1871/810 987/1867/810
f 1125/1865/810 1124/1872/810 1123/1871/810
f 1126/1873/810 1124/1872/810 1125/1865/810
f 1126/1873/810 1165/1874/810 1124/1872/810
f 1121/1875/810 1165/1874/810 1126/1873/810
f 1121/1875/810 1168/1876/810 1165/1874/810
f 1127/1877/810 1168/1876/810 1121/1875/810
f 1127/1877/810 1167/1878/810 1168/1876/810
f 1115/1879/810 1117/1881/810 1119/1880/810
f 1117/1881/810 1167/1878/810 1127/1877/810
f 1164/1882/810 1135/1884/810 1139/1883/810
f 1115/1879/810 1167/1878/810 1117/1881/810
f 1167/1878/810 1135/1884/810 1164/1882/810
f 1167/1878/810 1141/1885/810 1135/1884/810
f 1163/1886/810 1167/1878/810 1115/1879/810
f 1169/1887/810 1167/1878/810 1163/1886/810
f 1167/1878/810 1131/1888/810 1141/1885/810
f 1169/1887/810 1131/1888/810 1167/1878/810
f 1160/1889/810 1131/1888/810 1169/1887/810
f 1160/1889/810 1133/1890/810 1131/1888/810
f 1157/1891/810 1133/1890/810 1160/1889/810
f 1157/1891/810 1130/1892/810 1133/1890/810
f 1154/1436/810 1130/1892/810 1157/1891/810
f 1132/1893/810 991/1895/810 1134/1894/810
f 1132/1893/810 992/1896/810 991/1895/810
f 992/1896/810 1158/1898/810 993/1897/810
f 992/1896/810 1128/1899/810 1158/1898/810
f 1130/1892/810 992/1896/810 1132/1893/810
f 1154/1436/810 992/1896/810 1130/1892/810
f 992/1896/810 1129/1900/810 1128/1899/810
f 992/1896/810 1162/1901/810 1129/1900/810
f 1154/1436/810 1162/1901/810 992/1896/810
f 1154/1436/810 1170/1902/810 1162/1901/810
f 997/1903/810 1155/1905/810 1161/1904/810
f 1154/1436/810 1159/1906/810 1170/1902/810
f 996/1907/810 1155/1905/810 997/1903/810
f 1154/1436/810 1156/1908/810 1159/1906/810
f 996/1907/810 1154/1436/810 1155/1905/810
f 1142/1909/810 996/1907/810 995/1910/810
f 1144/1911/810 996/1907/810 1142/1909/810
f 1154/1436/810 1150/1912/810 1156/1908/810
f 1150/1912/810 1152/1914/810 1145/1913/810
f 1150/1912/810 1153/1434/810 1152/1914/810
f 1144/1911/810 1154/1436/810 996/1907/810
f 1148/1915/810 1154/1436/810 1144/1911/810
f 1154/1436/810 1153/1434/810 1150/1912/810
f 1146/1435/810 1154/1436/810 1148/1915/810
f 1149/1439/810 993/1916/810 1158/1515/810
f 993/1916/810 995/1918/810 994/1917/810
f 995/1918/810 1143/1437/810 1142/1510/810
f 1147/1505/810 1150/1522/810 1145/1504/810
f 993/1916/810 1143/1437/810 995/1918/810
f 1143/1437/810 1150/1522/810 1147/1505/810
f 1143/1437/810 1151/1438/810 1150/1522/810
f 1149/1439/810 1143/1437/810 993/1916/810
f 1114/1442/810 997/1919/810 1161/1634/810
f 997/1919/810 987/1921/810 984/1920/810
f 987/1921/810 1120/1440/810 1122/1630/810
f 1118/1625/810 1115/1639/810 1119/1624/810
f 997/1919/810 1120/1440/810 987/1921/810
f 1120/1440/810 1115/1639/810 1118/1625/810
f 1120/1440/810 1116/1441/810 1115/1639/810
f 1114/1442/810 1120/1440/810 997/1919/810
f 1136/1445/810 989/1923/810 1166/1922/810
f 989/1923/810 991/1925/810 990/1924/810
f 991/1925/810 1137/1443/810 1134/1571/810
f 1140/1567/810 1139/1579/810 1135/1566/810
f 989/1923/810 1137/1443/810 991/1925/810
f 1137/1443/810 1139/1579/810 1140/1567/810
f 1137/1443/810 1138/1444/810 1139/1579/810
f 1136/1445/810 1137/1443/810 989/1923/810
f 999/1433/811 990/1446/811 991/1432/811
f 1000/1447/812 989/1448/812 990/1446/812
f 1004/1450/813 997/1451/813 984/1454/813
f 1006/1453/814 984/1454/814 987/1460/814
f 1002/1449/815 988/1455/815 989/1448/815
f 1005/1452/816 996/1457/816 997/1451/816
f 1007/1459/817 987/1460/817 988/1926/817
f 1008/1458/818 995/1461/818 996/1457/818
f 1009/1462/819 994/1463/819 995/1461/819
f 1010/1464/820 993/1465/820 994/1463/820
f 1011/1466/821 992/1467/821 993/1465/821
f 979/1468/822 998/1431/822 1011/1466/822
f 980/1470/823 1011/1466/823 1010/1464/823
f 981/1471/824 1010/1464/824 1009/1462/824
f 982/1472/825 1009/1462/825 1008/1458/825
f 972/1473/826 1006/1453/826 1007/1459/826
f 983/1475/827 1008/1458/827 1005/1452/827
f 973/1476/828 1007/1456/828 1002/1449/828
f 971/1474/829 1004/1450/829 1006/1453/829
f 970/1478/830 1005/1452/830 1004/1450/830
f 974/1479/831 1002/1449/831 1000/1447/831
f 976/1480/832 1000/1447/832 999/1433/832
f 978/1469/833 999/1433/833 998/1431/833
f 977/1481/834 1022/1482/834 975/1488/834
f 1144/1484/835 1023/1483/835 977/1481/835
f 1148/1486/836 977/1481/836 986/1489/836
f 977/1481/837 985/1487/837 986/1489/837
f 986/1489/838 1001/1490/838 1003/1491/838
f 1003/1491/839 1148/1486/839 986/1489/839
f 1013/1493/840 1001/1490/840 1012/1496/840
f 1013/1493/841 1146/1492/841 1003/1491/841
f 1013/1493/842 1014/1495/842 1015/1497/842
f 1015/1497/843 1153/1494/843 1013/1493/843
f 1017/1499/844 1014/1495/844 1016/1927/844
f 1017/1499/845 1152/1498/845 1015/1497/845
f 1019/1501/846 1016/1502/846 1018/1507/846
f 1019/1501/847 1145/1504/847 1017/1503/847
f 1021/1506/848 1018/1507/848 1020/1509/848
f 1019/1501/849 1143/1437/849 1147/1505/849
f 1023/1508/850 1020/1509/850 1022/1928/850
f 1023/1508/851 1143/1437/851 1021/1506/851
f 1025/1511/852 1040/1512/852 1024/1518/852
f 1149/1439/853 1041/1514/853 1025/1516/853
f 1151/1438/854 1025/1516/854 1027/1929/854
f 1027/1517/855 1024/1518/855 1026/1520/855
f 1027/1517/856 1028/1519/856 1029/1930/856
f 1150/1522/857 1029/1521/857 1156/1931/857
f 1029/1521/857 1151/1438/857 1027/1929/857
f 1029/1523/858 1030/1524/858 1031/1526/858
f 1031/1526/859 1156/1527/859 1029/1523/859
f 1031/1526/860 1032/1529/860 1033/1530/860
f 1033/1530/861 1159/1528/861 1031/1526/861
f 1035/1532/862 1032/1529/862 1034/1535/862
f 1035/1532/863 1170/1531/863 1033/1530/863
f 1037/1534/864 1034/1535/864 1036/1538/864
f 1035/1532/865 1129/1536/865 1162/1533/865
f 1039/1537/866 1036/1538/866 1038/1541/866
f 1128/1539/867 1037/1534/867 1039/1537/867
f 1041/1540/868 1038/1541/868 1040/1932/868
f 1039/1537/869 1158/1542/869 1128/1539/869
f 1043/1543/846 1058/1544/846 1042/1549/846
f 1059/1545/847 1132/1546/847 1134/1933/847
f 1043/1543/849 1130/1547/849 1132/1546/849
f 1045/1548/848 1042/1549/848 1044/1551/848
f 1047/1550/850 1044/1551/850 1046/1554/850
f 1133/1552/851 1045/1548/851 1047/1550/851
f 1049/1553/834 1046/1554/834 1048/1557/834
f 1049/1553/835 1133/1552/835 1047/1550/835
f 1051/1556/837 1048/1557/837 1050/1560/837
f 1051/1556/836 1131/1555/836 1049/1553/836
f 1053/1559/838 1050/1560/838 1052/1934/838
f 1053/1559/839 1141/1558/839 1051/1556/839
f 1053/1562/840 1054/1563/840 1055/1565/840
f 1055/1565/841 1135/1566/841 1053/1562/841
f 1057/1568/842 1054/1563/842 1056/1570/842
f 1055/1565/843 1137/1443/843 1140/1567/843
f 1059/1569/844 1056/1570/844 1058/1935/844
f 1057/1568/845 1134/1571/845 1137/1443/845
f 1061/1572/864 1076/1573/864 1060/1576/864
f 1077/1574/865 1136/1445/865 1166/1922/865
f 1063/1575/867 1136/1445/867 1061/1572/867
f 1063/1575/866 1060/1576/866 1062/1578/866
f 1063/1575/868 1064/1577/868 1065/1936/868
f 1164/1580/869 1063/1575/869 1065/1936/869
f 1063/1575/869 1139/1579/869 1138/1444/869
f 1067/1581/852 1064/1582/852 1066/1587/852
f 1067/1581/853 1164/1584/853 1065/1583/853
f 1067/1581/855 1068/1586/855 1069/1588/855
f 1069/1588/854 1167/1585/854 1067/1581/854
f 1071/1590/856 1068/1586/856 1070/1593/856
f 1071/1590/857 1168/1589/857 1069/1588/857
f 1073/1592/858 1070/1593/858 1072/1596/858
f 1073/1592/859 1165/1591/859 1071/1590/859
f 1073/1592/860 1074/1595/860 1075/1599/860
f 1123/1597/861 1073/1592/861 1075/1599/861
f 1077/1598/862 1074/1595/862 1076/1937/862
f 1075/1599/863 1166/1600/863 1123/1597/863
f 1079/1601/840 1094/1602/840 1078/1608/840
f 1125/1604/841 1095/1603/841 1079/1601/841
f 1079/1601/843 1126/1606/843 1125/1604/843
f 1081/1607/842 1078/1608/842 1080/1610/842
f 1083/1609/844 1080/1610/844 1082/1613/844
f 1083/1609/845 1126/1606/845 1081/1607/845
f 1083/1609/846 1084/1612/846 1085/1615/846
f 1083/1609/847 1127/1614/847 1121/1611/847
f 1087/1616/848 1084/1612/848 1086/1619/848
f 1087/1616/849 1127/1614/849 1085/1615/849
f 1089/1618/850 1086/1619/850 1088/1818/850
f 1089/1618/851 1117/1617/851 1087/1616/851
f 1091/1621/834 1088/1622/834 1090/1627/834
f 1091/1621/835 1119/1624/835 1089/1623/835
f 1093/1626/837 1090/1627/837 1092/1629/837
f 1093/1626/836 1118/1625/836 1091/1621/836
f 1095/1628/838 1092/1629/838 1094/1938/838
f 1095/1628/839 1120/1440/839 1093/1626/839
f 1097/1631/858 1112/1632/858 1096/1636/858
f 1097/1631/859 1161/1634/859 1113/1633/859
f 1116/1441/861 1097/1631/861 1099/1635/861
f 1099/1635/860 1096/1636/860 1098/1638/860
f 1101/1637/862 1098/1638/862 1100/1642/862
f 1163/1640/863 1099/1635/863 1101/1637/863
f 1099/1635/863 1115/1639/863 1116/1441/863
f 1101/1637/864 1102/1641/864 1103/1644/864
f 1101/1637/865 1169/1643/865 1163/1640/865
f 1103/1644/866 1104/1645/866 1105/1646/866
f 1105/1646/867 1169/1643/867 1103/1644/867
f 1107/1648/868 1104/1645/868 1106/1651/868
f 1105/1646/869 1157/1649/869 1160/1647/869
f 1109/1650/852 1106/1651/852 1108/1654/852
f 1109/1650/853 1157/1649/853 1107/1648/853
f 1111/1653/855 1108/1654/855 1110/1657/855
f 1111/1653/854 1154/1652/854 1109/1650/854
f 1113/1656/856 1110/1657/856 1112/1939/856
f 1113/1656/857 1155/1655/857 1111/1653/857
f 1181/1659/811 983/1475/811 1182/1670/811
f 1180/1660/812 982/1472/812 1181/1659/812
f 1179/1661/815 981/1471/815 1180/1660/815
f 1178/1662/817 980/1470/817 1179/1661/817
f 1177/1663/814 979/1468/814 1178/1662/814
f 1176/1664/813 978/1469/813 1177/1663/813
f 1175/1665/816 976/1480/816 1176/1664/816
f 1174/1666/818 974/1479/818 1175/1665/818
f 1173/1667/819 973/1476/819 1174/1666/819
f 1172/1668/820 972/1473/820 1173/1940/820
f 1171/1669/821 971/1474/821 1172/1668/821
f 1182/1670/809 970/1478/809 1171/1669/809
f 1202/1671/809 1209/1672/809 1203/1707/809
f 1198/1941/870 1284/1943/870 1281/1942/870
f 1199/1944/870 1284/1943/870 1198/1941/870
f 1325/1945/870 1199/1944/870 1200/1946/870
f 1282/1947/870 1199/1944/870 1325/1945/870
f 1199/1944/870 1285/1948/870 1284/1943/870
f 1199/1944/870 1280/1949/870 1285/1948/870
f 1283/1950/870 1199/1944/870 1282/1947/870
f 1324/1951/870 1199/1944/870 1283/1950/870
f 1199/1944/870 1286/1952/870 1280/1949/870
f 1276/1953/870 1274/1955/870 1278/1954/870
f 1324/1951/870 1286/1952/870 1199/1944/870
f 1286/1952/870 1274/1955/870 1276/1953/870
f 1286/1952/870 1322/1956/870 1274/1955/870
f 1327/1957/870 1286/1952/870 1324/1951/870
f 1326/1958/870 1286/1952/870 1327/1957/870
f 1286/1952/870 1328/1959/870 1322/1956/870
f 1286/1952/870 1319/1960/870 1328/1959/870
f 1326/1958/870 1319/1960/870 1286/1952/870
f 1326/1958/870 1316/1961/870 1319/1960/870
f 1294/1962/870 1323/1964/870 1298/1963/870
f 1323/1964/870 1316/1961/870 1326/1958/870
f 1294/1962/870 1316/1961/870 1323/1964/870
f 1300/1965/870 1316/1961/870 1294/1962/870
f 1290/1966/870 1316/1961/870 1300/1965/870
f 1292/1967/870 1316/1961/870 1290/1966/870
f 1292/1967/870 1313/1968/870 1316/1961/870
f 1289/1676/870 1313/1968/870 1292/1967/870
f 1314/1969/870 1208/1971/870 1320/1970/870
f 1314/1969/870 1207/1972/870 1208/1971/870
f 1207/1972/870 1301/1974/870 1206/1973/870
f 1207/1972/870 1303/1975/870 1301/1974/870
f 1313/1968/870 1207/1972/870 1314/1969/870
f 1289/1676/870 1207/1972/870 1313/1968/870
f 1207/1972/870 1307/1976/870 1303/1975/870
f 1207/1972/870 1305/1977/870 1307/1976/870
f 1289/1676/870 1305/1977/870 1207/1972/870
f 1289/1676/870 1312/1978/870 1305/1977/870
f 1202/1979/870 1291/1981/870 1293/1980/870
f 1289/1676/870 1311/1982/870 1312/1978/870
f 1203/1983/870 1291/1981/870 1202/1979/870
f 1289/1676/870 1304/1984/870 1311/1982/870
f 1203/1983/870 1289/1676/870 1291/1981/870
f 1317/1985/870 1203/1983/870 1204/1986/870
f 1287/1987/870 1203/1983/870 1317/1985/870
f 1304/1984/870 1315/1989/870 1309/1988/870
f 1304/1984/870 1318/1990/870 1315/1989/870
f 1287/1987/870 1289/1676/870 1203/1983/870
f 1288/1991/870 1289/1676/870 1287/1987/870
f 1304/1984/870 1329/1674/870 1318/1990/870
f 1321/1675/870 1289/1676/870 1288/1991/870
f 1289/1676/870 1329/1674/870 1304/1984/870
f 1204/1992/870 1308/1677/870 1317/1993/870
f 1310/1744/870 1304/1736/870 1309/1747/870
f 1205/1994/870 1308/1677/870 1204/1992/870
f 1308/1677/870 1304/1736/870 1310/1744/870
f 1308/1677/870 1306/1995/870 1304/1736/870
f 1206/1679/870 1308/1677/870 1205/1994/870
f 1302/1678/870 1206/1679/870 1301/1741/870
f 1308/1677/870 1302/1678/870 1306/1995/870
f 1208/1996/870 1273/1680/870 1320/1997/870
f 1275/1998/870 1278/1825/870 1274/1999/870
f 1196/2000/870 1273/1680/870 1208/1996/870
f 1273/1680/870 1278/1825/870 1275/1998/870
f 1273/1680/870 1277/1826/870 1278/1825/870
f 1198/1682/870 1273/1680/870 1196/2000/870
f 1279/1681/870 1198/1682/870 1281/1831/870
f 1273/1680/870 1279/1681/870 1277/1826/870
f 1200/2001/870 1295/1683/870 1325/2002/870
f 1297/1787/870 1294/1778/870 1298/1793/870
f 1201/2003/870 1295/1683/870 1200/2001/870
f 1295/1683/870 1294/1778/870 1297/1787/870
f 1295/1683/870 1299/1779/870 1294/1778/870
f 1202/1685/870 1295/1683/870 1201/2003/870
f 1296/1684/870 1202/1685/870 1293/1783/870
f 1295/1683/870 1296/1684/870 1299/1779/870
f 1201/1686/811 1210/1673/811 1202/1671/811
f 1200/1688/812 1211/1687/812 1201/1686/812
f 1208/1690/813 1214/1691/813 1196/1693/813
f 1196/1693/814 1216/1694/814 1198/1699/814
f 1199/1695/815 1212/1689/815 1200/1688/815
f 1207/1697/816 1215/1692/816 1208/1690/816
f 1198/1699/817 1217/1700/817 1199/2004/817
f 1206/1701/818 1218/1698/818 1207/1697/818
f 1205/1703/819 1219/1702/819 1206/1701/819
f 1204/1705/820 1220/1704/820 1205/1703/820
f 1203/1707/821 1221/1706/821 1204/1705/821
f 1209/1672/871 1191/1708/871 1221/1706/871
f 1221/1706/872 1192/1710/872 1220/1704/872
f 1220/1704/873 1193/1711/873 1219/1702/873
f 1219/1702/874 1194/1712/874 1218/1698/874
f 1216/1694/875 1185/1713/875 1217/1700/875
f 1218/1698/876 1195/1715/876 1215/1692/876
f 1217/1696/877 1186/1716/877 1212/1689/877
f 1214/1691/878 1184/1714/878 1216/1694/878
f 1215/1692/879 1183/1718/879 1214/1691/879
f 1212/1689/880 1187/1719/880 1211/1687/880
f 1211/1687/881 1188/1720/881 1210/1673/881
f 1210/1673/882 1190/1709/882 1209/1672/882
f 1022/1482/883 1189/1721/883 975/1488/883
f 1303/1723/884 1227/1722/884 1301/2005/884
f 1307/1724/885 1189/1721/885 1303/1723/885
f 1189/1721/886 985/1487/886 975/1488/886
f 1197/1725/887 1001/1490/887 985/1487/887
f 1307/1724/888 1213/1726/888 1197/1725/888
f 1213/1726/889 1012/1496/889 1001/1490/889
f 1305/1727/890 1222/1728/890 1213/1726/890
f 1222/1728/891 1014/1495/891 1012/1496/891
f 1223/1730/892 1312/1729/892 1311/1732/892
f 1014/1495/893 1224/1731/893 1016/1927/893
f 1224/1731/894 1311/1732/894 1304/2006/894
f 1016/1733/895 1225/1734/895 1018/1737/895
f 1225/1734/896 1304/1736/896 1306/1995/896
f 1018/1737/897 1226/1738/897 1020/1739/897
f 1302/1678/898 1225/1734/898 1306/1995/898
f 1020/1739/899 1227/1740/899 1022/2007/899
f 1301/1741/900 1226/1738/900 1302/1678/900
f 1040/1512/901 1228/1742/901 1024/1518/901
f 1308/1677/902 1236/1743/902 1317/1993/902
f 1310/1744/903 1228/1742/903 1308/1677/903
f 1024/1518/904 1229/1745/904 1026/1520/904
f 1229/1745/905 1028/1519/905 1026/1520/905
f 1230/1746/906 1309/1747/906 1315/2008/906
f 1309/1747/906 1229/1745/906 1310/1744/906
f 1230/1748/907 1030/1524/907 1028/1525/907
f 1315/1750/908 1231/1749/908 1230/1748/908
f 1231/1749/909 1032/1529/909 1030/1524/909
f 1318/1751/910 1232/1752/910 1231/1749/910
f 1232/1752/911 1034/1535/911 1032/1529/911
f 1329/1753/912 1233/1754/912 1232/1752/912
f 1034/1535/913 1234/1756/913 1036/1538/913
f 1288/1757/914 1233/1754/914 1321/1755/914
f 1036/1538/915 1235/1758/915 1038/1541/915
f 1287/1759/916 1234/1756/916 1288/1757/916
f 1038/1541/917 1236/1760/917 1040/1932/917
f 1317/1761/918 1235/1758/918 1287/1759/918
f 1058/1544/895 1237/1762/895 1042/1549/895
f 1291/1764/896 1245/1763/896 1293/2009/896
f 1289/1765/898 1237/1762/898 1291/1764/898
f 1042/1549/897 1238/1766/897 1044/1551/897
f 1044/1551/899 1239/1767/899 1046/1554/899
f 1292/1768/900 1238/1766/900 1289/1765/900
f 1046/1554/883 1240/1769/883 1048/1557/883
f 1292/1768/884 1240/1769/884 1239/1767/884
f 1048/1557/886 1241/1771/886 1050/1560/886
f 1290/1770/885 1241/1771/885 1240/1769/885
f 1050/1560/887 1242/1773/887 1052/1934/887
f 1300/1772/888 1242/1773/888 1241/1771/888
f 1242/1775/889 1054/1776/889 1052/2010/889
f 1294/1778/890 1243/1777/890 1242/1775/890
f 1054/1776/891 1244/1780/891 1056/1781/891
f 1296/1684/892 1243/1777/892 1299/1779/892
f 1056/1781/893 1245/1782/893 1058/2011/893
f 1293/1783/894 1244/1780/894 1296/1684/894
f 1076/1784/913 1246/1785/913 1060/1789/913
f 1295/1683/914 1254/1786/914 1325/2002/914
f 1297/1787/916 1246/1785/916 1295/1683/916
f 1060/1789/915 1247/1788/915 1062/2012/915
f 1247/1788/917 1064/1790/917 1062/2012/917
f 1247/1788/918 1323/1792/918 1248/1791/918
f 1298/1793/918 1247/1788/918 1297/1787/918
f 1064/1582/901 1249/1794/901 1066/1587/901
f 1323/1796/902 1249/1794/902 1248/1795/902
f 1249/1794/904 1068/1586/904 1066/1587/904
f 1326/1797/903 1250/1798/903 1249/1794/903
f 1068/1586/905 1251/1800/905 1070/1593/905
f 1327/1799/906 1251/1800/906 1250/1798/906
f 1070/1593/907 1252/1802/907 1072/1596/907
f 1324/1801/908 1252/1802/908 1251/1800/908
f 1072/1596/909 1253/1804/909 1074/1595/909
f 1282/1805/910 1252/1802/910 1283/1803/910
f 1074/1595/911 1254/1806/911 1076/1937/911
f 1325/1807/912 1253/1804/912 1282/1805/912
f 1094/1602/889 1255/1808/889 1078/1608/889
f 1284/1810/890 1263/1809/890 1281/2013/890
f 1285/1811/892 1255/1808/892 1284/1810/892
f 1078/1608/891 1256/1812/891 1080/1610/891
f 1080/1610/893 1257/1813/893 1082/1613/893
f 1280/1814/894 1256/1812/894 1285/1811/894
f 1257/1813/895 1084/1612/895 1082/1613/895
f 1258/1815/896 1280/1814/896 1286/1817/896
f 1084/1612/897 1259/1816/897 1086/1619/897
f 1259/1816/898 1286/1817/898 1276/1820/898
f 1259/1816/899 1088/1818/899 1086/1619/899
f 1276/1820/900 1260/1819/900 1259/1816/900
f 1088/1822/883 1261/1823/883 1090/1827/883
f 1278/1825/884 1261/1823/884 1260/1824/884
f 1090/1827/886 1262/1828/886 1092/1829/886
f 1279/1681/885 1261/1823/885 1277/1826/885
f 1092/1829/887 1263/1830/887 1094/2014/887
f 1281/1831/888 1262/1828/888 1279/1681/888
f 1112/1632/907 1264/1832/907 1096/1636/907
f 1320/1834/908 1264/1832/908 1272/1833/908
f 1273/1835/910 1265/1836/910 1264/1832/910
f 1096/1636/909 1265/1836/909 1098/1638/909
f 1265/1836/911 1100/1642/911 1098/1638/911
f 1265/1836/912 1322/1839/912 1266/1838/912
f 1274/1840/912 1265/1836/912 1275/1837/912
f 1266/1838/913 1102/1641/913 1100/1642/913
f 1328/1842/914 1266/1838/914 1322/1839/914
f 1267/1841/915 1104/1645/915 1102/1641/915
f 1328/1842/916 1268/1843/916 1267/1841/916
f 1104/1645/917 1269/1845/917 1106/1651/917
f 1269/1845/918 1319/1844/918 1316/1847/918
f 1106/1651/901 1270/1846/901 1108/1654/901
f 1316/1847/902 1270/1846/902 1269/1845/902
f 1108/1654/904 1271/1849/904 1110/1657/904
f 1313/1848/903 1271/1849/903 1270/1846/903
f 1110/1657/905 1272/1851/905 1112/1939/905
f 1314/1850/906 1272/1851/906 1271/1849/906
f 1195/1715/811 1181/1853/811 1182/1864/811
f 1194/1712/812 1180/1854/812 1181/1853/812
f 1193/1711/815 1179/1855/815 1180/1854/815
f 1192/1710/817 1178/1856/817 1179/1855/817
f 1191/1708/814 1177/1857/814 1178/1856/814
f 1190/1709/813 1176/1858/813 1177/1857/813
f 1188/1720/816 1175/1859/816 1176/1858/816
f 1187/1719/818 1174/1860/818 1175/1859/818
f 1186/1716/819 1173/1861/819 1174/1860/819
f 1185/1713/820 1172/1862/820 1173/2015/820
f 1184/1714/821 1171/1863/821 1172/1862/821
f 1183/1718/809 1182/1864/809 1171/1863/809
