# Fixed for ELN - Merged Objects
mtllib GridSwitch.mtl
o main
v -0.549696 -0.143775 4.876305
v 0.034299 0.155244 3.898817
v 3.521705 -0.143775 4.876305
v 2.93771 0.155244 3.898817
v -0.549696 -0.143775 1.902296
v 2.93771 0.155244 1.908403
v 0.034299 0.155244 1.908403
v 3.521705 -0.143775 2.085182
v -0.052448 0.551566 4.044013
v 3.024457 0.551566 4.044013
v -0.052448 0.551566 1.907496
v 3.024457 0.551566 1.934662
v 0.771076 -0.143775 4.876305
v 0.89901 0.155244 3.898817
v 0.89901 0.155244 1.908403
v 0.771076 -0.143775 1.973707
v 0.880007 0.551566 4.044013
v 0.294515 1.462564 1.657608
v 0.907768 1.462564 1.657608
v 0.89901 1.357012 1.906138
v 0.034299 1.357012 1.906138
v 0.034299 0.154237 1.5
v 3.521705 -0.143776 1.5
v -0.549696 -0.143776 1.5
v 2.93771 0.15428 1.5
v 3.024457 0.551566 1.5
v -0.052448 0.551566 1.5
v 0.771076 -0.143776 1.5
v 0.89901 0.154237 1.5
v 0.294515 1.462161 1.5
v 0.907768 1.462161 1.5
v 0.89901 1.356011 1.5
v 0.034299 1.356011 1.5
v -0.549696 -0.143776 -1.876305
v 0.034299 0.155244 -0.898817
v 3.521705 -0.143776 -1.876305
v 2.93771 0.155244 -0.898817
v -0.549696 -0.143776 1.097704
v 2.93771 0.155244 1.091597
v 0.034299 0.155244 1.091597
v 3.521705 -0.143776 0.914818
v -0.052448 0.551566 -1.044013
v 3.024457 0.551566 -1.044013
v -0.052448 0.551566 1.092504
v 3.024457 0.551566 1.065338
v 0.771076 -0.143776 -1.876305
v 0.89901 0.155244 -0.898817
v 0.89901 0.155244 1.091597
v 0.771076 -0.143776 1.026293
v 0.880006 0.551566 -1.044013
v 0.294514 1.462564 1.342392
v 0.907768 1.462564 1.342392
v 0.89901 1.357012 1.093862
v 0.034299 1.357012 1.093862
v 0.274174 5.09175 -0.721191
v 0.274174 5.09175 -0.685521
v 0.243283 5.09175 -0.667687
v 0.212392 5.09175 -0.685521
v 0.243283 5.09175 -0.739026
v 0.212392 5.09175 -0.721191
v 0.172756 4.905162 -0.744075
v 0.243283 4.905162 -0.784793
v 0.172756 4.905162 -0.662638
v 0.243283 4.905162 -0.621919
v 0.31381 4.905162 -0.662638
v 0.31381 4.905162 -0.744075
v 0.31381 4.575867 -0.744075
v 0.31381 4.575867 -0.662638
v 0.243283 4.575867 -0.621919
v 0.172756 4.575867 -0.662638
v 0.243283 4.575867 -0.784793
v 0.172756 4.575867 -0.744075
v -0.121901 4.131821 -0.914195
v 0.243283 4.131821 -1.125034
v -0.121901 4.131821 -0.492517
v 0.243283 4.131821 -0.281678
v 0.608467 4.131821 -0.492517
v 0.608467 4.131821 -0.914195
v 0.608467 3.874467 -0.914195
v 0.608467 3.874467 -0.492517
v 0.243283 3.874467 -0.281678
v -0.121901 3.874467 -0.492517
v 0.243283 3.874467 -0.492517
v 0.243283 3.874467 -1.125034
v -0.121901 3.874467 -0.914195
v 0.060691 3.874467 -0.808776
v 0.243283 3.874467 -0.914195
v 0.060691 3.874467 -0.597937
v 0.243283 3.874467 -0.492517
v 0.425875 3.874467 -0.597937
v 0.425875 3.874467 -0.808776
v 0.060691 3.74025 -0.808776
v 0.243283 3.74025 -0.914195
v 0.060691 3.74025 -0.597937
v 0.243283 3.74025 -0.492517
v 0.425875 3.74025 -0.597937
v 0.425875 3.74025 -0.808776
v -0.121901 3.464768 -0.914195
v 0.243283 3.464768 -1.125034
v -0.121901 3.464768 -0.492517
v 0.243283 3.464768 -0.281678
v 0.608467 3.464768 -0.492517
v 0.608467 3.464768 -0.914195
v -0.121901 3.196335 -0.914195
v 0.243283 3.196335 -1.125034
v -0.121901 3.196334 -0.492517
v 0.243283 3.196335 -0.281678
v 0.608467 3.196335 -0.492517
v 0.608467 3.196335 -0.914195
v 0.060691 3.196335 -0.808776
v 0.243283 3.196335 -0.914195
v 0.060691 3.196335 -0.597937
v 0.243283 3.196335 -0.492517
v 0.425875 3.196335 -0.597937
v 0.425875 3.196335 -0.808776
v 0.060691 3.062118 -0.808776
v 0.243283 3.062118 -0.914195
v 0.060691 3.062118 -0.597937
v 0.243283 3.062118 -0.492517
v 0.425875 3.062118 -0.597937
v 0.425875 3.062118 -0.808776
v -0.1219 2.810873 -0.914196
v 0.243283 2.810874 -1.125035
v -0.1219 2.810873 -0.492518
v 0.243283 2.810873 -0.281678
v 0.608467 2.810874 -0.492518
v 0.608467 2.810874 -0.914196
v -0.1219 2.54244 -0.914196
v 0.243284 2.54244 -1.125035
v -0.1219 2.54244 -0.492518
v 0.243284 2.54244 -0.281679
v 0.608467 2.54244 -0.492518
v 0.608467 2.54244 -0.914196
v 0.060692 2.54244 -0.808776
v 0.243284 2.54244 -0.914196
v 0.060692 2.54244 -0.597937
v 0.243284 2.54244 -0.492518
v 0.425876 2.54244 -0.597937
v 0.425876 2.54244 -0.808776
v 0.060692 2.408223 -0.808776
v 0.243284 2.408223 -0.914196
v 0.060692 2.408223 -0.597937
v 0.243284 2.408223 -0.492518
v 0.425876 2.408223 -0.597937
v 0.425876 2.408223 -0.808776
v -0.1219 2.047793 -0.914196
v 0.243284 2.047794 -1.125035
v -0.1219 2.047793 -0.492518
v 0.243284 2.047793 -0.281679
v 0.608468 2.047794 -0.492518
v 0.608468 2.047794 -0.914196
v 0.09721 2.047793 -0.787692
v 0.243284 2.047794 -0.872028
v 0.09721 2.047793 -0.619021
v 0.243284 2.047793 -0.534685
v 0.389357 2.047793 -0.619021
v 0.389357 2.047794 -0.787692
v 0.097211 1.807473 -0.787692
v 0.243284 1.807473 -0.872028
v 0.097211 1.807473 -0.619021
v 0.243284 1.807473 -0.534686
v 0.389358 1.807473 -0.619021
v 0.389358 1.807473 -0.787692
v -0.048863 1.296727 -0.872028
v 0.243284 1.296727 -1.040699
v -0.048863 1.296727 -0.534686
v 0.243284 1.296727 -0.366015
v 0.535432 1.296727 -0.534686
v 0.535432 1.296728 -0.872028
v -0.048863 0.044656 -0.534686
v -0.048863 0.044656 -0.872028
v 0.750346 0.044656 -0.872028
v 0.750346 0.044656 -0.534686
v -0.048863 1.296727 -1.040306
v 0.535432 1.296728 -1.040306
v -0.048863 0.044656 -1.040306
v 0.750346 0.044656 -1.040306
v -0.048863 1.296727 -0.371738
v 0.535432 1.296727 -0.371738
v -0.048863 0.044656 0.056631
v 0.535432 0.044656 0.056631
v 0.750346 0.670692 -0.872028
v -0.048863 0.670692 -0.872028
v -0.048863 0.670692 -0.534686
v 0.750346 0.670692 -0.534686
v 0.750346 0.670692 -1.040306
v -0.048863 0.670692 -1.040306
v -0.048863 0.670692 0.056631
v 0.535432 0.670692 0.056631
v 2.696949 5.09175 -0.721191
v 2.696949 5.09175 -0.685521
v 2.72784 5.09175 -0.667687
v 2.758731 5.09175 -0.685521
v 2.72784 5.09175 -0.739026
v 2.758731 5.09175 -0.721191
v 2.798367 4.905162 -0.744075
v 2.72784 4.905162 -0.784793
v 2.798367 4.905162 -0.662638
v 2.72784 4.905162 -0.621919
v 2.657314 4.905162 -0.662638
v 2.657314 4.905162 -0.744075
v 2.657314 4.575867 -0.744075
v 2.657314 4.575867 -0.662638
v 2.72784 4.575867 -0.621919
v 2.798367 4.575867 -0.662638
v 2.72784 4.575867 -0.784793
v 2.798367 4.575867 -0.744075
v 3.093024 4.131821 -0.914195
v 2.72784 4.131821 -1.125034
v 3.093024 4.131821 -0.492517
v 2.72784 4.131821 -0.281678
v 2.362656 4.131821 -0.492517
v 2.362656 4.131821 -0.914195
v 2.362656 3.874467 -0.914195
v 2.362656 3.874467 -0.492517
v 2.72784 3.874467 -0.281678
v 3.093024 3.874467 -0.492517
v 2.72784 3.874467 -0.492517
v 2.72784 3.874467 -1.125034
v 3.093024 3.874467 -0.914195
v 2.910432 3.874467 -0.808776
v 2.72784 3.874467 -0.914195
v 2.910432 3.874467 -0.597937
v 2.72784 3.874467 -0.492517
v 2.545248 3.874467 -0.597937
v 2.545248 3.874467 -0.808776
v 2.910432 3.74025 -0.808776
v 2.72784 3.74025 -0.914195
v 2.910432 3.74025 -0.597937
v 2.72784 3.74025 -0.492517
v 2.545248 3.74025 -0.597937
v 2.545248 3.74025 -0.808776
v 3.093024 3.464768 -0.914195
v 2.72784 3.464768 -1.125034
v 3.093024 3.464768 -0.492517
v 2.72784 3.464768 -0.281678
v 2.362656 3.464768 -0.492517
v 2.362656 3.464768 -0.914195
v 3.093024 3.196335 -0.914195
v 2.72784 3.196335 -1.125034
v 3.093024 3.196335 -0.492517
v 2.72784 3.196335 -0.281678
v 2.362656 3.196335 -0.492517
v 2.362656 3.196335 -0.914195
v 2.910432 3.196335 -0.808776
v 2.72784 3.196335 -0.914195
v 2.910432 3.196335 -0.597937
v 2.72784 3.196335 -0.492517
v 2.545248 3.196335 -0.597937
v 2.545248 3.196335 -0.808776
v 2.910432 3.062118 -0.808776
v 2.72784 3.062118 -0.914195
v 2.910432 3.062118 -0.597937
v 2.72784 3.062118 -0.492517
v 2.545248 3.062118 -0.597937
v 2.545248 3.062118 -0.808776
v 3.093024 2.810873 -0.914196
v 2.72784 2.810874 -1.125035
v 3.093024 2.810873 -0.492518
v 2.72784 2.810873 -0.281678
v 2.362656 2.810873 -0.492518
v 2.362656 2.810874 -0.914196
v 3.093024 2.54244 -0.914196
v 2.72784 2.54244 -1.125035
v 3.093024 2.542439 -0.492518
v 2.72784 2.54244 -0.281679
v 2.362656 2.54244 -0.492518
v 2.362656 2.54244 -0.914196
v 2.910432 2.54244 -0.808776
v 2.72784 2.54244 -0.914196
v 2.910432 2.54244 -0.597937
v 2.72784 2.54244 -0.492518
v 2.545248 2.54244 -0.597937
v 2.545248 2.54244 -0.808776
v 2.910431 2.408223 -0.808776
v 2.72784 2.408223 -0.914196
v 2.910431 2.408223 -0.597937
v 2.72784 2.408223 -0.492518
v 2.545248 2.408223 -0.597937
v 2.545248 2.408223 -0.808776
v 3.093023 2.047793 -0.914196
v 2.727839 2.047793 -1.125035
v 3.093023 2.047793 -0.492518
v 2.727839 2.047793 -0.281679
v 2.362655 2.047793 -0.492518
v 2.362655 2.047794 -0.914196
v 2.873913 2.047793 -0.787692
v 2.727839 2.047793 -0.872028
v 2.873913 2.047793 -0.619021
v 2.727839 2.047793 -0.534685
v 2.581766 2.047793 -0.619021
v 2.581766 2.047793 -0.787692
v 2.873913 1.807473 -0.787692
v 2.727839 1.807473 -0.872028
v 2.873913 1.807473 -0.619021
v 2.727839 1.807473 -0.534686
v 2.581766 1.807473 -0.619021
v 2.581766 1.807473 -0.787692
v 3.019986 1.296727 -0.872028
v 2.727839 1.296727 -1.040699
v 3.019986 1.296727 -0.534686
v 2.727839 1.296727 -0.366015
v 2.435692 1.296727 -0.534686
v 2.435692 1.296727 -0.872028
v 3.019986 0.044656 -0.534686
v 3.019986 0.044656 -0.872028
v 2.220778 0.044656 -0.872028
v 2.220778 0.044656 -0.534686
v 3.019986 1.296727 -1.040306
v 2.435692 1.296728 -1.040306
v 3.019986 0.044656 -1.040306
v 2.220778 0.044656 -1.040306
v 3.019986 1.296727 -0.371738
v 2.435692 1.296727 -0.371738
v 3.019986 0.044656 0.056631
v 2.435692 0.044656 0.056631
v 2.220778 0.670692 -0.872028
v 3.019986 0.670692 -0.872028
v 3.019986 0.670692 -0.534686
v 2.220778 0.670692 -0.534686
v 2.220778 0.670692 -1.040306
v 3.019986 0.670692 -1.040306
v 3.019986 0.670692 0.056631
v 2.435692 0.670692 0.056631
v 0.274174 5.09175 3.727731
v 0.274174 5.09175 3.692061
v 0.243283 5.09175 3.674227
v 0.212392 5.09175 3.692061
v 0.243283 5.09175 3.745565
v 0.212392 5.09175 3.727731
v 0.172756 4.905162 3.750615
v 0.243283 4.905162 3.791333
v 0.172756 4.905162 3.669178
v 0.243283 4.905162 3.628459
v 0.31381 4.905162 3.669178
v 0.31381 4.905162 3.750615
v 0.31381 4.575866 3.750615
v 0.31381 4.575866 3.669178
v 0.243283 4.575866 3.628459
v 0.172756 4.575866 3.669178
v 0.243283 4.575866 3.791333
v 0.172756 4.575866 3.750615
v -0.121901 4.131821 3.920735
v 0.243283 4.131821 4.131574
v -0.121901 4.131821 3.499057
v 0.243283 4.131821 3.288218
v 0.608467 4.131821 3.499057
v 0.608467 4.131821 3.920735
v 0.608467 3.874467 3.920735
v 0.608467 3.874467 3.499057
v 0.243283 3.874467 3.288218
v -0.121901 3.874467 3.499057
v 0.243283 3.874467 3.499057
v 0.243283 3.874467 4.131574
v -0.121901 3.874467 3.920735
v 0.060691 3.874467 3.815316
v 0.243283 3.874467 3.920735
v 0.060691 3.874467 3.604477
v 0.243283 3.874467 3.499057
v 0.425875 3.874467 3.604477
v 0.425875 3.874467 3.815316
v 0.060691 3.74025 3.815315
v 0.243283 3.74025 3.920735
v 0.060691 3.74025 3.604476
v 0.243283 3.74025 3.499057
v 0.425875 3.74025 3.604476
v 0.425875 3.74025 3.815315
v -0.121901 3.464768 3.920735
v 0.243283 3.464768 4.131574
v -0.121901 3.464768 3.499057
v 0.243283 3.464768 3.288218
v 0.608467 3.464768 3.499057
v 0.608467 3.464768 3.920735
v -0.121901 3.196335 3.920735
v 0.243283 3.196335 4.131574
v -0.121901 3.196335 3.499057
v 0.243283 3.196335 3.288218
v 0.608467 3.196335 3.499057
v 0.608467 3.196335 3.920735
v 0.060691 3.196335 3.815316
v 0.243283 3.196335 3.920735
v 0.060691 3.196335 3.604477
v 0.243283 3.196335 3.499057
v 0.425875 3.196335 3.604477
v 0.425875 3.196335 3.815316
v 0.060691 3.062118 3.815316
v 0.243283 3.062118 3.920735
v 0.060691 3.062118 3.604477
v 0.243283 3.062118 3.499057
v 0.425875 3.062118 3.604477
v 0.425875 3.062118 3.815316
v -0.1219 2.810874 3.920736
v 0.243283 2.810874 4.131575
v -0.1219 2.810873 3.499058
v 0.243283 2.810873 3.288218
v 0.608467 2.810874 3.499058
v 0.608467 2.810874 3.920736
v -0.1219 2.54244 3.920736
v 0.243284 2.54244 4.131575
v -0.1219 2.54244 3.499058
v 0.243284 2.54244 3.288218
v 0.608467 2.54244 3.499058
v 0.608467 2.54244 3.920736
v 0.060692 2.54244 3.815316
v 0.243284 2.54244 3.920736
v 0.060692 2.54244 3.604477
v 0.243284 2.54244 3.499058
v 0.425876 2.54244 3.604477
v 0.425876 2.54244 3.815316
v 0.060692 2.408223 3.815316
v 0.243284 2.408223 3.920736
v 0.060692 2.408223 3.604477
v 0.243284 2.408223 3.499058
v 0.425876 2.408223 3.604477
v 0.425876 2.408223 3.815316
v -0.1219 2.047793 3.920736
v 0.243284 2.047794 4.131575
v -0.1219 2.047793 3.499058
v 0.243284 2.047793 3.288219
v 0.608468 2.047793 3.499058
v 0.608468 2.047794 3.920736
v 0.09721 2.047793 3.794232
v 0.243284 2.047793 3.878568
v 0.09721 2.047793 3.625561
v 0.243284 2.047793 3.541225
v 0.389357 2.047793 3.625561
v 0.389357 2.047794 3.794232
v 0.097211 1.807473 3.794232
v 0.243284 1.807473 3.878568
v 0.097211 1.807473 3.625561
v 0.243284 1.807473 3.541225
v 0.389358 1.807473 3.625561
v 0.389358 1.807473 3.794232
v -0.048863 1.296727 3.878568
v 0.243284 1.296727 4.047239
v -0.048863 1.296727 3.541225
v 0.243284 1.296727 3.372554
v 0.535432 1.296727 3.541225
v 0.535432 1.296727 3.878568
v -0.048863 0.044656 3.541225
v -0.048863 0.044656 3.878568
v 0.750346 0.044656 3.878568
v 0.750346 0.044656 3.541225
v -0.048863 1.296727 4.046846
v 0.535432 1.296727 4.046846
v -0.048863 0.044656 4.046846
v 0.750346 0.044656 4.046846
v -0.048863 1.296727 3.378278
v 0.535432 1.296727 3.378278
v -0.048863 0.044656 2.949909
v 0.535432 0.044656 2.949909
v 0.750346 0.670692 3.878568
v -0.048863 0.670692 3.878568
v -0.048863 0.670692 3.541226
v 0.750346 0.670692 3.541226
v 0.750346 0.670692 4.046846
v -0.048863 0.670692 4.046846
v -0.048863 0.670692 2.949909
v 0.535432 0.670692 2.949909
v 2.696949 5.09175 3.727731
v 2.696949 5.09175 3.692061
v 2.72784 5.09175 3.674227
v 2.758731 5.09175 3.692061
v 2.72784 5.09175 3.745565
v 2.758731 5.09175 3.727731
v 2.798367 4.905162 3.750615
v 2.72784 4.905162 3.791333
v 2.798367 4.905162 3.669178
v 2.72784 4.905162 3.628459
v 2.657314 4.905162 3.669178
v 2.657314 4.905162 3.750615
v 2.657314 4.575866 3.750615
v 2.657314 4.575866 3.669178
v 2.72784 4.575867 3.628459
v 2.798367 4.575867 3.669178
v 2.72784 4.575866 3.791333
v 2.798367 4.575866 3.750615
v 3.093024 4.131821 3.920735
v 2.72784 4.131821 4.131574
v 3.093024 4.131821 3.499057
v 2.72784 4.131821 3.288218
v 2.362656 4.131821 3.499057
v 2.362656 4.131821 3.920735
v 2.362656 3.874467 3.920735
v 2.362656 3.874467 3.499057
v 2.72784 3.874467 3.288218
v 3.093024 3.874467 3.499057
v 2.72784 3.874467 3.499057
v 2.72784 3.874467 4.131574
v 3.093024 3.874467 3.920735
v 2.910432 3.874467 3.815316
v 2.72784 3.874466 3.920735
v 2.910432 3.874467 3.604477
v 2.72784 3.874467 3.499057
v 2.545248 3.874466 3.604477
v 2.545248 3.874466 3.815316
v 2.910432 3.74025 3.815315
v 2.72784 3.74025 3.920735
v 2.910432 3.74025 3.604476
v 2.72784 3.74025 3.499057
v 2.545248 3.74025 3.604476
v 2.545248 3.74025 3.815315
v 3.093024 3.464768 3.920735
v 2.72784 3.464768 4.131574
v 3.093024 3.464768 3.499057
v 2.72784 3.464768 3.288218
v 2.362656 3.464768 3.499057
v 2.362656 3.464768 3.920735
v 3.093024 3.196335 3.920735
v 2.72784 3.196335 4.131574
v 3.093024 3.196334 3.499057
v 2.72784 3.196334 3.288218
v 2.362656 3.196335 3.499057
v 2.362656 3.196335 3.920735
v 2.910432 3.196335 3.815316
v 2.72784 3.196335 3.920735
v 2.910432 3.196335 3.604477
v 2.72784 3.196335 3.499057
v 2.545248 3.196335 3.604477
v 2.545248 3.196335 3.815316
v 2.910432 3.062118 3.815316
v 2.72784 3.062118 3.920735
v 2.910432 3.062118 3.604477
v 2.72784 3.062118 3.499057
v 2.545248 3.062118 3.604477
v 2.545248 3.062118 3.815316
v 3.093024 2.810873 3.920736
v 2.72784 2.810874 4.131575
v 3.093024 2.810873 3.499058
v 2.72784 2.810873 3.288218
v 2.362656 2.810873 3.499058
v 2.362656 2.810874 3.920736
v 3.093024 2.54244 3.920736
v 2.72784 2.54244 4.131575
v 3.093024 2.542439 3.499058
v 2.72784 2.54244 3.288218
v 2.362656 2.54244 3.499058
v 2.362656 2.54244 3.920736
v 2.910432 2.54244 3.815316
v 2.72784 2.54244 3.920736
v 2.910432 2.54244 3.604477
v 2.72784 2.54244 3.499058
v 2.545248 2.54244 3.604477
v 2.545248 2.54244 3.815316
v 2.910431 2.408223 3.815316
v 2.72784 2.408223 3.920736
v 2.910431 2.408223 3.604477
v 2.72784 2.408223 3.499058
v 2.545248 2.408223 3.604477
v 2.545248 2.408223 3.815316
v 3.093023 2.047793 3.920736
v 2.727839 2.047793 4.131575
v 3.093023 2.047793 3.499058
v 2.727839 2.047793 3.288219
v 2.362655 2.047793 3.499058
v 2.362655 2.047794 3.920736
v 2.873913 2.047793 3.794232
v 2.727839 2.047793 3.878568
v 2.873913 2.047793 3.625561
v 2.727839 2.047793 3.541225
v 2.581766 2.047793 3.625561
v 2.581766 2.047793 3.794232
v 2.873913 1.807473 3.794232
v 2.727839 1.807473 3.878568
v 2.873913 1.807473 3.625561
v 2.727839 1.807473 3.541225
v 2.581766 1.807473 3.625561
v 2.581766 1.807473 3.794232
v 3.019986 1.296727 3.878568
v 2.727839 1.296727 4.047239
v 3.019986 1.296727 3.541225
v 2.727839 1.296727 3.372554
v 2.435692 1.296727 3.541225
v 2.435692 1.296727 3.878568
v 3.019986 0.044656 3.541225
v 3.019986 0.044656 3.878568
v 2.220778 0.044656 3.878568
v 2.220778 0.044656 3.541225
v 3.019986 1.296727 4.046846
v 2.435692 1.296727 4.046846
v 3.019986 0.044656 4.046846
v 2.220778 0.044656 4.046846
v 3.019986 1.296727 3.378278
v 2.435692 1.296727 3.378278
v 3.019986 0.044656 2.949909
v 2.435692 0.044656 2.949909
v 2.220778 0.670692 3.878568
v 3.019986 0.670692 3.878568
v 3.019986 0.670691 3.541226
v 2.220778 0.670692 3.541226
v 2.220778 0.670692 4.046846
v 3.019986 0.670692 4.046846
v 3.019986 0.670691 2.949909
v 2.435692 0.670692 2.949909
v 0.877014 0.907239 1.520275
v 1.842177 0.907239 1.520275
v 0.877014 0.929007 1.567503
v 1.842177 0.929007 1.567503
v 1.241158 0.511189 1.588297
v 1.241158 0.620028 1.824436
v 1.313013 0.907239 1.520275
v 1.313013 0.929007 1.567503
v 1.313013 0.511189 1.588297
v 1.313013 0.620028 1.824436
v 1.241158 0.907239 1.520275
v 1.241158 0.929007 1.567503
v 1.289346 0.4558 1.708125
v 1.264825 0.4558 1.708125
v 1.289346 0.492943 1.788713
v 1.264825 0.492943 1.788713
v 0.877014 0.912002 1.468491
v 1.842177 0.912002 1.468491
v 1.241158 0.535002 1.329374
v 1.313013 0.912002 1.468491
v 1.313013 0.535002 1.329374
v 1.241158 0.912002 1.468491
v 1.289346 0.427119 1.405454
v 1.264825 0.427119 1.405454
v 1.289346 0.418992 1.493816
v 1.264825 0.418992 1.493816
v 0.877014 0.942018 1.426025
v 1.842177 0.942018 1.426025
v 1.241158 0.685085 1.117047
v 1.313013 0.942018 1.426025
v 1.313013 0.685085 1.117047
v 1.241158 0.942018 1.426025
v 1.289346 0.553616 1.128992
v 1.264825 0.553616 1.128992
v 1.289346 0.502397 1.201453
v 1.264825 0.502397 1.201453
v 0.877014 0.989246 1.404258
v 1.842177 0.989246 1.404257
v 1.241158 0.921225 1.008208
v 1.313013 0.989246 1.404258
v 1.313013 0.921225 1.008208
v 1.241158 0.989246 1.404258
v 1.289346 0.801396 0.952818
v 1.264824 0.801396 0.952818
v 1.289346 0.720809 0.989961
v 1.264825 0.720809 0.989961
v 0.877014 1.041031 1.40902
v 1.842177 1.041031 1.40902
v 1.241158 1.180147 1.03202
v 1.313013 1.041031 1.40902
v 1.313013 1.180147 1.03202
v 1.241158 1.041031 1.40902
v 1.289346 1.104068 0.924137
v 1.264824 1.104068 0.924137
v 1.289346 1.015705 0.916011
v 1.264824 1.015705 0.916011
v 0.877014 1.083496 1.439037
v 1.842177 1.083496 1.439037
v 1.241158 1.392475 1.182104
v 1.313013 1.083496 1.439037
v 1.313012 1.392475 1.182104
v 1.241158 1.083496 1.439037
v 1.289346 1.380529 1.050634
v 1.264824 1.380529 1.050634
v 1.289346 1.308068 0.999415
v 1.264824 1.308068 0.999415
v 0.877014 1.105264 1.486265
v 1.842177 1.105264 1.486265
v 1.241158 1.501314 1.418244
v 1.313013 1.105264 1.486265
v 1.313012 1.501314 1.418244
v 1.241158 1.105264 1.486265
v 1.289346 1.556703 1.298415
v 1.264824 1.556703 1.298415
v 1.289346 1.51956 1.217828
v 1.264824 1.51956 1.217828
v 0.877014 1.100501 1.538049
v 1.842176 1.100502 1.538049
v 1.241158 1.477501 1.677166
v 1.313013 1.100502 1.538049
v 1.313012 1.477501 1.677166
v 1.241158 1.100502 1.538049
v 1.289346 1.585384 1.601087
v 1.264824 1.585384 1.601087
v 1.289346 1.593511 1.512724
v 1.264824 1.593511 1.512724
v 0.877014 1.070485 1.580515
v 1.842176 1.070485 1.580515
v 1.241158 1.327418 1.889493
v 1.313013 1.070485 1.580515
v 1.313013 1.327418 1.889493
v 1.241158 1.070485 1.580515
v 1.289346 1.458887 1.877548
v 1.264824 1.458887 1.877548
v 1.289346 1.510106 1.805087
v 1.264824 1.510106 1.805087
v 0.877014 1.023257 1.602282
v 1.842176 1.023257 1.602282
v 1.241158 1.091278 1.998333
v 1.313013 1.023257 1.602282
v 1.313013 1.091278 1.998333
v 1.241158 1.023257 1.602282
v 1.289346 1.211106 2.053722
v 1.264824 1.211106 2.053722
v 1.289346 1.291693 2.016579
v 1.264824 1.291693 2.016579
v 0.877014 0.971472 1.59752
v 1.842176 0.971473 1.59752
v 1.241158 0.832355 1.97452
v 1.313013 0.971472 1.59752
v 1.313013 0.832355 1.97452
v 1.241158 0.971472 1.59752
v 1.289346 0.908435 2.082403
v 1.264825 0.908435 2.082403
v 1.289346 0.996797 2.09053
v 1.264825 0.996797 2.09053
v 1.289346 0.631973 1.955905
v 1.264825 0.631973 1.955905
v 1.289346 0.704434 2.007124
v 1.264825 0.704434 2.007124
v 1.411981 5.096348 -0.903394
v 1.411983 2.065971 -0.903395
v 1.430904 5.096347 -0.850646
v 1.430906 2.065971 -0.850648
v 0.980424 3.815659 -0.867652
v 1.075034 3.815659 -0.603914
v 1.411982 3.738228 -0.903394
v 1.430905 3.738228 -0.850647
v 0.980424 3.738228 -0.867652
v 1.075035 3.738227 -0.603914
v 1.411982 3.81566 -0.903394
v 1.430904 3.815659 -0.850647
v 0.909685 3.763731 -0.744231
v 0.909685 3.790156 -0.744231
v 0.941973 3.763731 -0.654225
v 0.941972 3.790156 -0.654225
v 1.421968 5.096348 -0.958535
v 1.42197 2.065971 -0.958537
v 1.030357 3.815659 -1.143362
v 1.421969 3.738228 -0.958536
v 1.030357 3.738228 -1.143362
v 1.421969 3.81566 -0.958536
v 0.907385 3.763731 -1.071846
v 0.907385 3.790156 -1.071846
v 0.890344 3.763731 -0.977754
v 0.890344 3.790156 -0.977754
v 1.458187 5.096348 -1.001296
v 1.45819 2.065971 -1.001298
v 1.211456 3.81566 -1.357167
v 1.458188 3.738228 -1.001297
v 1.211456 3.738228 -1.357167
v 1.458188 3.81566 -1.001297
v 1.0692 3.763731 -1.356718
v 1.0692 3.790156 -1.356718
v 1.007397 3.763731 -1.283753
v 1.007397 3.790156 -1.283753
v 1.510935 5.096348 -1.020218
v 1.510938 2.065971 -1.02022
v 1.475194 3.81566 -1.451778
v 1.510936 3.738228 -1.020219
v 1.475194 3.738228 -1.451778
v 1.510936 3.815659 -1.020219
v 1.351773 3.763731 -1.522517
v 1.351773 3.790156 -1.522517
v 1.261767 3.763731 -1.490229
v 1.261767 3.790156 -1.490229
v 1.566076 5.096347 -1.010232
v 1.566079 2.065972 -1.010234
v 1.750903 3.81566 -1.401844
v 1.566078 3.738228 -1.010233
v 1.750903 3.738228 -1.401844
v 1.566077 3.815659 -1.010233
v 1.679387 3.763732 -1.524816
v 1.679387 3.790157 -1.524816
v 1.585296 3.763731 -1.541857
v 1.585296 3.790156 -1.541857
v 1.608837 5.096347 -0.974012
v 1.60884 2.065972 -0.974014
v 1.964708 3.81566 -1.220745
v 1.608839 3.738228 -0.974013
v 1.964708 3.738228 -1.220745
v 1.608838 3.815659 -0.974013
v 1.964259 3.763731 -1.363001
v 1.964259 3.790156 -1.363001
v 1.891294 3.763731 -1.424804
v 1.891294 3.790156 -1.424804
v 1.627759 5.096347 -0.921265
v 1.627763 2.065972 -0.921266
v 2.059319 3.81566 -0.957007
v 1.627761 3.738228 -0.921266
v 2.059319 3.738228 -0.957007
v 1.627761 3.815659 -0.921266
v 2.130058 3.763731 -1.080428
v 2.130058 3.790156 -1.080428
v 2.09777 3.763732 -1.170434
v 2.09777 3.790156 -1.170434
v 1.617773 5.096347 -0.866123
v 1.617776 2.065972 -0.866124
v 2.009385 3.815659 -0.681297
v 1.617774 3.738228 -0.866124
v 2.009385 3.738228 -0.681297
v 1.617774 3.815659 -0.866124
v 2.132357 3.763731 -0.752814
v 2.132357 3.790156 -0.752814
v 2.149398 3.763731 -0.846905
v 2.149398 3.790156 -0.846905
v 1.581553 5.096346 -0.823363
v 1.581556 2.065972 -0.823363
v 1.828286 3.815659 -0.467493
v 1.581555 3.738228 -0.823363
v 1.828287 3.738228 -0.467493
v 1.581555 3.815659 -0.823363
v 1.970542 3.763731 -0.467942
v 1.970542 3.790156 -0.467942
v 2.032345 3.763731 -0.540906
v 2.032345 3.790156 -0.540906
v 1.528806 5.096346 -0.80444
v 1.528808 2.065972 -0.804441
v 1.564548 3.815659 -0.372882
v 1.528807 3.738227 -0.804441
v 1.564548 3.738227 -0.372882
v 1.528807 3.815659 -0.804441
v 1.687969 3.763731 -0.302143
v 1.687969 3.790155 -0.302143
v 1.777975 3.763731 -0.334431
v 1.777975 3.790155 -0.334431
v 1.473664 5.096346 -0.814427
v 1.473667 2.065972 -0.814428
v 1.288839 3.815658 -0.422816
v 1.473665 3.738227 -0.814427
v 1.288839 3.738227 -0.422816
v 1.473665 3.815658 -0.814427
v 1.360355 3.76373 -0.299843
v 1.360355 3.790155 -0.299843
v 1.454446 3.76373 -0.282802
v 1.454446 3.790155 -0.282802
v 1.075483 3.76373 -0.461659
v 1.075483 3.790155 -0.461659
v 1.148448 3.76373 -0.399856
v 1.148448 3.790155 -0.399856
v 1.411986 -0.018458 -0.903396
v 1.411983 3.011919 -0.903395
v 1.430908 -0.018457 -0.850649
v 1.430905 3.011918 -0.850647
v 0.980426 1.26223 -0.867654
v 1.075037 1.26223 -0.603916
v 1.411984 1.339661 -0.903395
v 1.430907 1.339662 -0.850648
v 0.980426 1.339661 -0.867654
v 1.075037 1.339661 -0.603916
v 1.411985 1.26223 -0.903395
v 1.430907 1.262231 -0.850648
v 0.909687 1.314158 -0.744232
v 0.909687 1.287733 -0.744232
v 0.941975 1.314157 -0.654227
v 0.941975 1.287733 -0.654227
v 1.421973 -0.018458 -0.958538
v 1.421969 3.011919 -0.958537
v 1.03036 1.26223 -1.143363
v 1.421971 1.339661 -0.958537
v 1.03036 1.339661 -1.143363
v 1.421971 1.26223 -0.958537
v 0.907387 1.314158 -1.071847
v 0.907387 1.287733 -1.071847
v 0.890346 1.314158 -0.977756
v 0.890346 1.287733 -0.977756
v 1.458192 -0.018458 -1.001298
v 1.458189 3.011919 -1.001298
v 1.211458 1.26223 -1.357168
v 1.458191 1.339662 -1.001298
v 1.211458 1.339661 -1.357168
v 1.458191 1.26223 -1.001298
v 1.069203 1.314158 -1.356719
v 1.069203 1.287733 -1.356719
v 1.007399 1.314158 -1.283754
v 1.007399 1.287733 -1.283754
v 1.510939 -0.018458 -1.020221
v 1.510937 3.011919 -1.02022
v 1.475196 1.262231 -1.451779
v 1.510938 1.339662 -1.020221
v 1.475196 1.339662 -1.451779
v 1.510938 1.262231 -1.020221
v 1.351775 1.314159 -1.522518
v 1.351775 1.287734 -1.522518
v 1.261769 1.314159 -1.49023
v 1.261769 1.287734 -1.49023
v 1.566081 -0.018457 -1.010234
v 1.566079 3.011919 -1.010233
v 1.750906 1.262231 -1.401845
v 1.56608 1.339662 -1.010234
v 1.750906 1.339662 -1.401845
v 1.56608 1.262231 -1.010234
v 1.679389 1.314159 -1.524817
v 1.679389 1.287734 -1.524817
v 1.585298 1.314159 -1.541858
v 1.585298 1.287734 -1.541858
v 1.608842 -0.018457 -0.974015
v 1.60884 3.011919 -0.974013
v 1.96471 1.262231 -1.220747
v 1.608841 1.339662 -0.974014
v 1.96471 1.339663 -1.220747
v 1.608841 1.262231 -0.974014
v 1.964261 1.31416 -1.363002
v 1.964262 1.287735 -1.363002
v 1.891297 1.31416 -1.424805
v 1.891297 1.287735 -1.424805
v 1.627764 -0.018457 -0.921267
v 1.627762 3.011919 -0.921266
v 2.059321 1.262231 -0.957008
v 1.627763 1.339662 -0.921267
v 2.059321 1.339663 -0.957008
v 1.627763 1.262231 -0.921267
v 2.13006 1.31416 -1.080429
v 2.13006 1.287735 -1.080429
v 2.097773 1.31416 -1.170435
v 2.097773 1.287735 -1.170435
v 1.617777 -0.018457 -0.866126
v 1.617775 3.011918 -0.866124
v 2.009387 1.262231 -0.681299
v 1.617776 1.339662 -0.866125
v 2.009387 1.339663 -0.681299
v 1.617777 1.262231 -0.866125
v 2.13236 1.31416 -0.752815
v 2.13236 1.287735 -0.752815
v 2.149401 1.31416 -0.846906
v 2.149401 1.287735 -0.846906
v 1.581558 -0.018456 -0.823365
v 1.581555 3.011918 -0.823363
v 1.828289 1.262231 -0.467494
v 1.581557 1.339662 -0.823364
v 1.828289 1.339662 -0.467494
v 1.581557 1.262231 -0.823364
v 1.970544 1.314159 -0.467943
v 1.970544 1.287735 -0.467943
v 2.032347 1.314159 -0.540908
v 2.032347 1.287735 -0.540908
v 1.528811 -0.018456 -0.804443
v 1.528808 3.011918 -0.804441
v 1.564551 1.262231 -0.372883
v 1.528809 1.339662 -0.804442
v 1.564551 1.339662 -0.372883
v 1.528809 1.262231 -0.804442
v 1.687972 1.314159 -0.302145
v 1.687972 1.287734 -0.302145
v 1.777977 1.314159 -0.334432
v 1.777977 1.287734 -0.334432
v 1.473669 -0.018456 -0.814429
v 1.473666 3.011918 -0.814428
v 1.288841 1.262231 -0.422817
v 1.473668 1.339662 -0.814428
v 1.288841 1.339662 -0.422817
v 1.473668 1.262231 -0.814428
v 1.360357 1.314159 -0.299845
v 1.360357 1.287734 -0.299845
v 1.454448 1.314159 -0.282804
v 1.454448 1.287734 -0.282804
v 1.075485 1.314159 -0.461661
v 1.075485 1.287734 -0.461661
v 1.14845 1.314159 -0.399857
v 1.14845 1.287734 -0.399857
v 1.411982 5.096348 3.903393
v 1.411984 2.065971 3.903395
v 1.430904 5.096347 3.850646
v 1.430906 2.065971 3.850647
v 0.980424 3.815659 3.867652
v 1.075035 3.815658 3.603914
v 1.411982 3.738228 3.903394
v 1.430905 3.738227 3.850646
v 0.980424 3.738228 3.867652
v 1.075035 3.738227 3.603914
v 1.411982 3.81566 3.903394
v 1.430905 3.815659 3.850646
v 0.909685 3.763731 3.744231
v 0.909685 3.790156 3.744231
v 0.941973 3.763731 3.654225
v 0.941973 3.790156 3.654225
v 1.421968 5.096348 3.958535
v 1.42197 2.065971 3.958537
v 1.030358 3.815659 4.143361
v 1.421969 3.738228 3.958536
v 1.030357 3.738228 4.143362
v 1.421969 3.815659 3.958536
v 0.907385 3.763731 4.071846
v 0.907385 3.790156 4.071846
v 0.890344 3.763731 3.977754
v 0.890344 3.790156 3.977754
v 1.458188 5.096347 4.001296
v 1.45819 2.065971 4.001298
v 1.211456 3.815659 4.357166
v 1.458188 3.738228 4.001297
v 1.211456 3.738228 4.357166
v 1.458189 3.815659 4.001297
v 1.069201 3.763731 4.356717
v 1.069201 3.790156 4.356717
v 1.007397 3.763731 4.283752
v 1.007397 3.790156 4.283752
v 1.510935 5.096348 4.020218
v 1.510938 2.065971 4.02022
v 1.475194 3.815659 4.451777
v 1.510936 3.738228 4.020219
v 1.475194 3.738228 4.451777
v 1.510936 3.815659 4.020219
v 1.351773 3.763731 4.522516
v 1.351773 3.790156 4.522516
v 1.261767 3.763731 4.490228
v 1.261767 3.790156 4.490228
v 1.566076 5.096347 4.010231
v 1.56608 2.065971 4.010233
v 1.750904 3.81566 4.401844
v 1.566078 3.738228 4.010232
v 1.750904 3.738228 4.401844
v 1.566078 3.815659 4.010232
v 1.679387 3.763731 4.524816
v 1.679387 3.790156 4.524816
v 1.585296 3.763731 4.541856
v 1.585296 3.790156 4.541856
v 1.608837 5.096346 3.974012
v 1.608841 2.065972 3.974014
v 1.964708 3.81566 4.220745
v 1.608839 3.738228 3.974013
v 1.964708 3.738228 4.220745
v 1.608839 3.815659 3.974013
v 1.964259 3.763731 4.363
v 1.964259 3.790156 4.363
v 1.891294 3.763731 4.424803
v 1.891294 3.790156 4.424803
v 1.627759 5.096347 3.921265
v 1.627763 2.065972 3.921266
v 2.059319 3.815659 3.957006
v 1.627761 3.738228 3.921265
v 2.059319 3.738228 3.957006
v 1.627761 3.815659 3.921265
v 2.130058 3.763731 4.080428
v 2.130058 3.790156 4.080428
v 2.097771 3.763731 4.170433
v 2.097771 3.790156 4.170433
v 1.617773 5.096347 3.866123
v 1.617776 2.065972 3.866124
v 2.009385 3.815659 3.681297
v 1.617774 3.738228 3.866123
v 2.009385 3.738228 3.681297
v 1.617774 3.815659 3.866123
v 2.132358 3.763731 3.752813
v 2.132358 3.790156 3.752813
v 2.149399 3.763731 3.846904
v 2.149398 3.790156 3.846904
v 1.581553 5.096346 3.823363
v 1.581556 2.065972 3.823363
v 1.828287 3.815659 3.467493
v 1.581555 3.738227 3.823362
v 1.828287 3.738228 3.467493
v 1.581555 3.815659 3.823362
v 1.970542 3.763731 3.467941
v 1.970542 3.790156 3.467941
v 2.032345 3.763731 3.540906
v 2.032345 3.790156 3.540906
v 1.528806 5.096345 3.80444
v 1.528809 2.065972 3.804441
v 1.564548 3.815658 3.372881
v 1.528808 3.738227 3.80444
v 1.564548 3.738227 3.372881
v 1.528807 3.815659 3.80444
v 1.687969 3.763731 3.302143
v 1.687969 3.790155 3.302143
v 1.777975 3.763731 3.334431
v 1.777975 3.790155 3.334431
v 1.473664 5.096346 3.814427
v 1.473667 2.065972 3.814428
v 1.288839 3.815658 3.422815
v 1.473666 3.738227 3.814427
v 1.288839 3.738227 3.422815
v 1.473665 3.815658 3.814427
v 1.360355 3.76373 3.299843
v 1.360355 3.790155 3.299843
v 1.454446 3.76373 3.282802
v 1.454446 3.790155 3.282802
v 1.075483 3.76373 3.461659
v 1.075483 3.790154 3.461659
v 1.148448 3.76373 3.399856
v 1.148448 3.790154 3.399856
v 1.411986 -0.018458 3.903395
v 1.411983 3.011918 3.903394
v 1.430908 -0.018457 3.850648
v 1.430905 3.011918 3.850647
v 0.980426 1.26223 3.867653
v 1.075037 1.26223 3.603916
v 1.411985 1.339661 3.903395
v 1.430907 1.339662 3.850648
v 0.980426 1.339661 3.867653
v 1.075037 1.339661 3.603916
v 1.411985 1.26223 3.903395
v 1.430907 1.262231 3.850648
v 0.909687 1.314158 3.744232
v 0.909687 1.287733 3.744232
v 0.941975 1.314158 3.654226
v 0.941975 1.287733 3.654226
v 1.421973 -0.018458 3.958537
v 1.421969 3.011918 3.958536
v 1.03036 1.26223 4.143363
v 1.421971 1.339661 3.958537
v 1.03036 1.339661 4.143363
v 1.421971 1.26223 3.958537
v 0.907387 1.314158 4.071846
v 0.907387 1.287733 4.071846
v 0.890346 1.314158 3.977756
v 0.890347 1.287733 3.977756
v 1.458192 -0.018458 4.001298
v 1.458189 3.011918 4.001297
v 1.211458 1.26223 4.357168
v 1.458191 1.339662 4.001297
v 1.211458 1.339662 4.357168
v 1.458191 1.26223 4.001298
v 1.069203 1.314158 4.356719
v 1.069203 1.287733 4.356719
v 1.0074 1.314158 4.283754
v 1.0074 1.287733 4.283754
v 1.51094 -0.018457 4.02022
v 1.510937 3.011918 4.020219
v 1.475197 1.262231 4.451779
v 1.510939 1.339662 4.02022
v 1.475196 1.339662 4.451778
v 1.510939 1.262231 4.02022
v 1.351776 1.314159 4.522518
v 1.351776 1.287734 4.522518
v 1.26177 1.314159 4.49023
v 1.26177 1.287734 4.49023
v 1.566081 -0.018457 4.010233
v 1.566079 3.011918 4.010232
v 1.750906 1.262231 4.401845
v 1.56608 1.339662 4.010233
v 1.750906 1.339662 4.401845
v 1.56608 1.262231 4.010233
v 1.67939 1.314159 4.524817
v 1.679389 1.287734 4.524817
v 1.585299 1.314159 4.541858
v 1.585299 1.287734 4.541858
v 1.608842 -0.018457 3.974014
v 1.60884 3.011918 3.974013
v 1.964711 1.262231 4.220747
v 1.608841 1.339662 3.974014
v 1.964711 1.339663 4.220747
v 1.608841 1.262231 3.974014
v 1.964262 1.31416 4.363001
v 1.964262 1.287735 4.363001
v 1.891297 1.31416 4.424805
v 1.891297 1.287735 4.424805
v 1.627764 -0.018456 3.921267
v 1.627762 3.011918 3.921265
v 2.059321 1.262231 3.957008
v 1.627763 1.339662 3.921267
v 2.059321 1.339663 3.957008
v 1.627764 1.262231 3.921267
v 2.13006 1.31416 4.080429
v 2.13006 1.287735 4.080429
v 2.097773 1.31416 4.170434
v 2.097773 1.287735 4.170434
v 1.617778 -0.018456 3.866125
v 1.617775 3.011918 3.866123
v 2.009388 1.262231 3.681298
v 1.617777 1.339662 3.866125
v 2.009388 1.339663 3.681298
v 1.617777 1.262231 3.866125
v 2.13236 1.31416 3.752815
v 2.13236 1.287735 3.752815
v 2.149401 1.31416 3.846906
v 2.149401 1.287735 3.846906
v 1.581558 -0.018456 3.823365
v 1.581555 3.011918 3.823362
v 1.828289 1.262231 3.467494
v 1.581557 1.339662 3.823364
v 1.828289 1.339662 3.467494
v 1.581557 1.262231 3.823364
v 1.970544 1.314159 3.467943
v 1.970544 1.287735 3.467943
v 2.032348 1.31416 3.540907
v 2.032348 1.287735 3.540907
v 1.528811 -0.018456 3.804442
v 1.528808 3.011918 3.80444
v 1.564551 1.262231 3.372883
v 1.528809 1.339662 3.804441
v 1.564551 1.339662 3.372883
v 1.52881 1.262231 3.804441
v 1.687972 1.314159 3.302144
v 1.687972 1.287734 3.302144
v 1.777977 1.314159 3.334432
v 1.777978 1.287734 3.334432
v 1.473669 -0.018456 3.814429
v 1.473666 3.011918 3.814427
v 1.288841 1.262231 3.422817
v 1.473668 1.339662 3.814428
v 1.288841 1.339662 3.422817
v 1.473668 1.262231 3.814428
v 1.360357 1.314159 3.299844
v 1.360357 1.287734 3.299844
v 1.454449 1.314159 3.282804
v 1.454449 1.287734 3.282804
v 1.075485 1.314159 3.46166
v 1.075485 1.287734 3.46166
v 1.14845 1.314159 3.399857
v 1.14845 1.287734 3.399857
v 0.549922 3.854411 -0.165841
v 0.778225 3.854411 -0.392123
v 0.303443 3.70191 -0.597169
v 0.349104 3.70191 -0.642425
v 0.549922 3.70191 -0.165841
v 0.778225 3.70191 -0.392123
v 0.303443 3.854411 -0.597169
v 0.349104 3.854411 -0.642425
v 0.712546 3.752138 -0.152161
v 0.712546 3.804182 -0.152161
v 0.790459 3.752138 -0.229385
v 0.790459 3.804182 -0.229385
v 0.239065 3.854411 -0.084025
v 0.241272 3.70191 -0.580806
v 0.239065 3.70191 -0.084025
v 0.241272 3.854411 -0.580806
v 0.373062 3.752138 0.009134
v 0.373062 3.804182 0.009134
v 0.479148 3.752138 -0.018787
v 0.479148 3.804182 -0.018787
v -0.071053 3.854411 -0.168599
v 0.179248 3.70191 -0.59772
v -0.071053 3.70191 -0.168599
v 0.179248 3.854411 -0.59772
v -0.001588 3.752138 -0.020923
v -0.001588 3.804182 -0.020923
v 0.104246 3.752138 0.00794
v 0.104246 3.804182 0.00794
v -0.297336 3.854411 -0.396902
v 0.133992 3.70191 -0.643381
v -0.297336 3.70191 -0.396902
v 0.133992 3.854411 -0.643381
v -0.311016 3.752138 -0.234278
v -0.311016 3.804182 -0.234278
v -0.233793 3.752138 -0.156365
v -0.233793 3.804182 -0.156365
v -0.379152 3.854411 -0.707759
v 0.117628 3.70191 -0.705552
v -0.379152 3.70191 -0.707759
v 0.117628 3.854411 -0.705552
v -0.472311 3.752138 -0.573762
v -0.472311 3.804182 -0.573762
v -0.444389 3.752138 -0.467676
v -0.444389 3.804182 -0.467676
v -0.294578 3.854411 -1.017877
v 0.134543 3.70191 -0.767576
v -0.294578 3.70191 -1.017877
v 0.134543 3.854411 -0.767576
v -0.442254 3.752138 -0.948412
v -0.442254 3.804182 -0.948412
v -0.471116 3.752138 -0.842578
v -0.471116 3.804182 -0.842578
v -0.066275 3.854411 -1.24416
v 0.180204 3.70191 -0.812832
v -0.066275 3.70191 -1.24416
v 0.180204 3.854411 -0.812832
v -0.228899 3.752138 -1.25784
v -0.228899 3.804182 -1.25784
v -0.306811 3.752138 -1.180617
v -0.306811 3.804182 -1.180617
v 0.244583 3.854411 -1.325976
v 0.242375 3.70191 -0.829195
v 0.244583 3.70191 -1.325976
v 0.242375 3.854411 -0.829195
v 0.110586 3.752138 -1.419135
v 0.110586 3.804182 -1.419135
v 0.0045 3.752138 -1.391214
v 0.0045 3.804182 -1.391214
v 0.554701 3.854411 -1.241401
v 0.304399 3.70191 -0.812281
v 0.554701 3.70191 -1.241401
v 0.304399 3.854411 -0.812281
v 0.485236 3.752138 -1.389078
v 0.485236 3.804182 -1.389078
v 0.379402 3.752138 -1.41794
v 0.379402 3.804182 -1.41794
v 0.780984 3.854411 -1.013099
v 0.349655 3.70191 -0.76662
v 0.780984 3.70191 -1.013099
v 0.349655 3.854411 -0.76662
v 0.794663 3.752138 -1.175722
v 0.794663 3.804182 -1.175722
v 0.71744 3.752138 -1.253635
v 0.71744 3.804182 -1.253635
v 0.862799 3.854411 -0.702241
v 0.366018 3.70191 -0.704449
v 0.862799 3.701909 -0.702241
v 0.366018 3.854411 -0.704449
v 0.955958 3.752138 -0.836238
v 0.955958 3.804182 -0.836238
v 0.928037 3.752138 -0.942324
v 0.928037 3.804182 -0.942324
v 0.925901 3.752138 -0.461588
v 0.925901 3.804182 -0.461588
v 0.954764 3.752138 -0.567422
v 0.954764 3.804182 -0.567422
v 0.59972 3.854411 -0.215198
v 0.313403 3.70191 -0.60704
v 0.59972 3.70191 -0.215198
v 0.313403 3.854411 -0.60704
v 0.729541 3.842905 -0.169005
v 0.729541 3.752138 -0.169005
v 0.734836 3.854411 -0.349119
v 0.340426 3.70191 -0.633824
v 0.734836 3.70191 -0.349119
v 0.340426 3.854411 -0.633824
v 0.775652 3.842905 -0.214708
v 0.775652 3.752138 -0.214708
v 1.708882 3.745537 0.819967
v 1.747727 3.747651 0.796567
v 0.988667 3.932186 -0.001114
v 0.986694 3.804182 0.00099
v 0.942556 3.932186 0.044589
v 0.925561 3.752138 0.061433
v 0.925561 3.804182 0.061433
v 0.986694 3.752138 0.00099
v 2.024308 3.804466 1.04756
v 2.024308 3.752422 1.04756
v 1.963176 3.804466 1.108003
v 1.98017 3.932469 1.091159
v 1.963176 3.752422 1.108003
v 2.026281 3.932469 1.045456
v 1.66689 0.803907 -0.702971
v 1.66689 0.803906 3.564564
v 1.712034 0.791811 -0.702971
v 1.712034 0.79181 3.564564
v 1.745081 0.758763 -0.702971
v 1.745081 0.758763 3.564564
v 1.757177 0.713619 -0.702971
v 1.757177 0.713619 3.564564
v 1.745081 0.668476 -0.702971
v 1.745081 0.668476 3.564564
v 1.712034 0.635428 -0.702971
v 1.712034 0.635428 3.564564
v 1.66689 0.623332 -0.702971
v 1.66689 0.623332 3.564564
v 1.621746 0.635428 -0.702971
v 1.621746 0.635428 3.564564
v 1.588699 0.668476 -0.702971
v 1.588699 0.668476 3.564564
v 1.576603 0.713619 -0.702971
v 1.576603 0.713619 3.564564
v 1.588699 0.758763 -0.702971
v 1.588699 0.758763 3.564564
v 1.621746 0.79181 -0.702971
v 1.621746 0.79181 3.564564
v 1.66689 1.165055 0.962067
v 1.892608 1.104575 0.962067
v 2.057845 0.939338 0.962067
v 2.118326 0.71362 0.962067
v 2.057845 0.487902 0.962067
v 1.892608 0.322664 0.962067
v 1.66689 0.262183 0.962067
v 1.441172 0.322664 0.962067
v 1.275935 0.487901 0.962067
v 1.215454 0.713619 0.962067
v 1.275935 0.939337 0.962067
v 1.441172 1.104574 0.962067
v 1.892608 1.104575 0.913055
v 2.057845 0.939338 0.913055
v 2.118326 0.71362 0.913055
v 2.057845 0.487902 0.913055
v 1.892608 0.322664 0.913055
v 1.66689 0.262183 0.913055
v 1.441172 0.322664 0.913055
v 1.275935 0.487901 0.913055
v 1.215454 0.713619 0.913055
v 1.275935 0.939337 0.913055
v 1.441172 1.104574 0.913055
v 1.66689 1.165055 0.913055
v 1.66689 0.803907 0.962067
v 1.712034 0.79181 0.962067
v 1.745081 0.758763 0.962067
v 1.757177 0.713619 0.962067
v 1.745081 0.668476 0.962067
v 1.712034 0.635428 0.962067
v 1.66689 0.623332 0.962067
v 1.621746 0.635428 0.962067
v 1.588699 0.668476 0.962067
v 1.576603 0.713619 0.962067
v 1.588699 0.758763 0.962067
v 1.621746 0.79181 0.962067
v 1.712034 0.79181 0.913055
v 1.745081 0.758763 0.913055
v 1.757177 0.713619 0.913055
v 1.745081 0.668476 0.913055
v 1.712034 0.635428 0.913055
v 1.66689 0.623332 0.913055
v 1.621746 0.635428 0.913055
v 1.588699 0.668476 0.913055
v 1.576603 0.713619 0.913055
v 1.588699 0.758763 0.913055
v 1.621746 0.79181 0.913055
v 1.66689 0.803907 0.913055
v 1.937751 1.182766 -0.256492
v 2.136036 0.984481 -0.256492
v 2.208613 0.71362 -0.256492
v 2.136036 0.442758 -0.256492
v 1.937752 0.244473 -0.256492
v 1.66689 0.171896 -0.256492
v 1.396029 0.244473 -0.256492
v 1.197744 0.442757 -0.256492
v 1.125167 0.713619 -0.256492
v 1.197744 0.984481 -0.256492
v 1.396028 1.182765 -0.256492
v 1.66689 1.255343 -0.256492
v 1.937751 1.182766 -0.34252
v 2.136036 0.984481 -0.34252
v 2.208613 0.71362 -0.34252
v 2.136036 0.442758 -0.34252
v 1.937752 0.244473 -0.34252
v 1.66689 0.171896 -0.34252
v 1.396029 0.244473 -0.34252
v 1.197744 0.442757 -0.34252
v 1.125167 0.713619 -0.34252
v 1.197744 0.984481 -0.34252
v 1.396028 1.182765 -0.34252
v 1.66689 1.255343 -0.34252
v 1.712034 0.79181 -0.34252
v 1.745081 0.758763 -0.34252
v 1.757177 0.713619 -0.34252
v 1.745081 0.668476 -0.34252
v 1.712034 0.635428 -0.34252
v 1.66689 0.623332 -0.34252
v 1.621746 0.635428 -0.34252
v 1.588699 0.668476 -0.34252
v 1.576603 0.713619 -0.34252
v 1.588699 0.758763 -0.34252
v 1.621746 0.79181 -0.34252
v 1.66689 0.803907 -0.34252
v 1.66689 0.803907 -0.256492
v 1.712034 0.79181 -0.256492
v 1.745081 0.758763 -0.256492
v 1.757177 0.713619 -0.256492
v 1.745081 0.668476 -0.256492
v 1.712034 0.635428 -0.256492
v 1.66689 0.623332 -0.256492
v 1.621746 0.635428 -0.256492
v 1.588699 0.668476 -0.256492
v 1.576603 0.713619 -0.256492
v 1.588699 0.758763 -0.256492
v 1.621746 0.79181 -0.256492
v 1.66689 1.255342 3.331537
v 1.937751 1.182766 3.331537
v 2.136036 0.984481 3.331537
v 2.208613 0.71362 3.331537
v 2.136036 0.442758 3.331537
v 1.937752 0.244473 3.331537
v 1.66689 0.171896 3.331537
v 1.396029 0.244473 3.331537
v 1.197744 0.442757 3.331537
v 1.125167 0.713619 3.331537
v 1.197744 0.984481 3.331537
v 1.396028 1.182765 3.331537
v 1.937751 1.182766 3.256625
v 2.136036 0.984481 3.256625
v 2.208613 0.71362 3.256625
v 2.136036 0.442758 3.256625
v 1.937752 0.244473 3.256625
v 1.66689 0.171896 3.256625
v 1.396029 0.244473 3.256625
v 1.197744 0.442757 3.256625
v 1.125167 0.713619 3.256625
v 1.197744 0.984481 3.256625
v 1.396028 1.182765 3.256625
v 1.66689 1.255342 3.256625
v 1.66689 0.803906 3.331537
v 1.712034 0.79181 3.331537
v 1.745081 0.758763 3.331537
v 1.757177 0.713619 3.331537
v 1.745081 0.668476 3.331537
v 1.712034 0.635428 3.331537
v 1.66689 0.623332 3.331537
v 1.621746 0.635428 3.331537
v 1.588699 0.668476 3.331537
v 1.576603 0.713619 3.331537
v 1.588699 0.758763 3.331537
v 1.621746 0.79181 3.331537
v 1.712034 0.79181 3.256625
v 1.745081 0.758763 3.256625
v 1.757177 0.713619 3.256625
v 1.745081 0.668476 3.256625
v 1.712034 0.635428 3.256625
v 1.66689 0.623332 3.256625
v 1.621746 0.635428 3.256625
v 1.588699 0.668476 3.256625
v 1.576603 0.713619 3.256625
v 1.588699 0.758763 3.256625
v 1.621746 0.79181 3.256625
v 1.66689 0.803906 3.256625
v 2.138799 0.890387 0.947755
v 2.163959 0.796489 0.947755
v 2.138799 0.890387 0.927367
v 2.163959 0.796489 0.927367
v 2.248472 0.926444 3.308788
v 2.276968 0.820098 3.308788
v 2.248472 0.926444 3.279375
v 2.276968 0.820098 3.279375
v 2.254336 0.935922 -0.280275
v 2.286784 0.814822 -0.280275
v 2.254336 0.935922 -0.318737
v 2.286784 0.814822 -0.318737
v 1.987192 1.102659 0.947756
v 2.055929 1.033921 0.947755
v 1.987192 1.102659 0.927367
v 2.055929 1.033921 0.927367
v 2.064142 1.188722 3.308788
v 2.141993 1.110871 3.308788
v 2.064142 1.188722 3.279375
v 2.141993 1.110871 3.279375
v 2.064482 1.199862 -0.280275
v 2.153133 1.111211 -0.280275
v 2.064482 1.199862 -0.318737
v 2.153133 1.111211 -0.318737
v 1.74976 1.210688 0.947756
v 1.843657 1.185529 0.947756
v 1.74976 1.210688 0.927367
v 1.843657 1.185529 0.927367
v 1.773369 1.323697 3.308788
v 1.879715 1.295201 3.308788
v 1.773369 1.323697 3.279375
v 1.879715 1.295201 3.279375
v 1.768093 1.333514 -0.280275
v 1.889193 1.301065 -0.280275
v 1.768093 1.333514 -0.318737
v 1.889193 1.301065 -0.318737
v 1.490123 1.185529 0.947756
v 1.58402 1.210688 0.947756
v 1.490123 1.185529 0.927367
v 1.58402 1.210688 0.927367
v 1.454065 1.295202 3.308788
v 1.560411 1.323697 3.308788
v 1.454065 1.295202 3.279375
v 1.560411 1.323697 3.279375
v 1.444587 1.301065 -0.280275
v 1.565687 1.333514 -0.280275
v 1.444587 1.301065 -0.318737
v 1.565687 1.333514 -0.318737
v 1.277851 1.033921 0.947755
v 1.346588 1.102659 0.947756
v 1.277851 1.033921 0.927367
v 1.346588 1.102659 0.927367
v 1.191787 1.110872 3.308788
v 1.269638 1.188722 3.308788
v 1.191787 1.110872 3.279375
v 1.269638 1.188722 3.279375
v 1.180648 1.111211 -0.280275
v 1.269299 1.199862 -0.280275
v 1.180648 1.111211 -0.318737
v 1.269299 1.199862 -0.318737
v 1.169821 0.796489 0.947755
v 1.194981 0.890386 0.947755
v 1.169821 0.796489 0.927367
v 1.194981 0.890386 0.927367
v 1.056813 0.820098 3.308788
v 1.085308 0.926444 3.308788
v 1.056813 0.820098 3.279375
v 1.085308 0.926444 3.279375
v 1.046996 0.814823 -0.280275
v 1.079445 0.935922 -0.280275
v 1.046996 0.814823 -0.318737
v 1.079445 0.935922 -0.318737
v 1.194981 0.536852 0.947755
v 1.169821 0.630749 0.947755
v 1.194981 0.536852 0.927366
v 1.169821 0.630749 0.927367
v 1.085308 0.500794 3.308788
v 1.056813 0.60714 3.308788
v 1.085308 0.500794 3.279375
v 1.056813 0.60714 3.279375
v 1.079445 0.491317 -0.280275
v 1.046996 0.612416 -0.280275
v 1.079445 0.491317 -0.318737
v 1.046996 0.612416 -0.318737
v 1.346589 0.32458 0.947755
v 1.277851 0.393317 0.947755
v 1.346589 0.32458 0.927366
v 1.277851 0.393317 0.927366
v 1.269639 0.238516 3.308788
v 1.191788 0.316367 3.308788
v 1.269639 0.238516 3.279375
v 1.191788 0.316367 3.279375
v 1.269299 0.227377 -0.280275
v 1.180648 0.316028 -0.280275
v 1.269299 0.227377 -0.318737
v 1.180648 0.316028 -0.318737
v 1.584021 0.21655 0.947755
v 1.490124 0.24171 0.947755
v 1.584021 0.21655 0.927366
v 1.490124 0.24171 0.927366
v 1.560412 0.103542 3.308788
v 1.454066 0.132037 3.308788
v 1.560412 0.103542 3.279375
v 1.454066 0.132037 3.279375
v 1.565688 0.093725 -0.280275
v 1.444588 0.126174 -0.280275
v 1.565688 0.093725 -0.318737
v 1.444588 0.126174 -0.318737
v 1.843658 0.241711 0.947755
v 1.74976 0.216551 0.947755
v 1.843658 0.241711 0.927366
v 1.74976 0.216551 0.927366
v 1.879716 0.132038 3.308788
v 1.77337 0.103542 3.308788
v 1.879716 0.132038 3.279375
v 1.77337 0.103542 3.279375
v 1.889193 0.126174 -0.280275
v 1.768093 0.093726 -0.280275
v 1.889193 0.126174 -0.318737
v 1.768093 0.093726 -0.318737
v 2.05593 0.393318 0.947755
v 1.987192 0.32458 0.947755
v 2.05593 0.393318 0.927366
v 1.987192 0.32458 0.927366
v 2.141994 0.316367 3.308788
v 2.064143 0.238517 3.308788
v 2.141994 0.316367 3.279375
v 2.064143 0.238517 3.279375
v 2.153133 0.316028 -0.280275
v 2.064482 0.227377 -0.280275
v 2.153133 0.316028 -0.318737
v 2.064482 0.227377 -0.318737
v 2.163959 0.63075 0.947755
v 2.138799 0.536853 0.947755
v 2.163959 0.63075 0.927366
v 2.138799 0.536853 0.927366
v 2.276968 0.607141 3.308788
v 2.248472 0.500795 3.308788
v 2.276968 0.607141 3.279375
v 2.248472 0.500795 3.279375
v 2.286784 0.612417 -0.280275
v 2.254336 0.491317 -0.280275
v 2.286784 0.612417 -0.318737
v 2.254336 0.491317 -0.318737
v -0.066276 3.854411 3.175914
v -0.294578 3.854411 3.402197
v 0.180203 3.70191 3.607242
v 0.134543 3.70191 3.652499
v -0.066276 3.70191 3.175914
v -0.294578 3.70191 3.402197
v 0.180203 3.854411 3.607242
v 0.134543 3.854411 3.652499
v -0.2289 3.752138 3.162235
v -0.2289 3.804182 3.162235
v -0.306812 3.752138 3.239458
v -0.306812 3.804182 3.239458
v 0.244582 3.854411 3.094098
v 0.242375 3.70191 3.590879
v 0.244582 3.70191 3.094099
v 0.242375 3.854411 3.590879
v 0.110585 3.752138 3.00094
v 0.110585 3.804182 3.00094
v 0.004499 3.752138 3.028861
v 0.004499 3.804182 3.028861
v 0.5547 3.854411 3.178672
v 0.304399 3.70191 3.607794
v 0.5547 3.70191 3.178673
v 0.304399 3.854411 3.607794
v 0.485234 3.752138 3.030996
v 0.485234 3.804182 3.030996
v 0.379401 3.752138 3.002134
v 0.379401 3.804182 3.002134
v 0.780983 3.854411 3.406975
v 0.349655 3.70191 3.653454
v 0.780983 3.70191 3.406975
v 0.349655 3.854411 3.653454
v 0.794663 3.752138 3.244351
v 0.794663 3.804182 3.244351
v 0.717439 3.752138 3.166438
v 0.717439 3.804182 3.166438
v 0.862799 3.854411 3.717832
v 0.366018 3.70191 3.715626
v 0.862799 3.70191 3.717832
v 0.366018 3.854411 3.715626
v 0.955957 3.752138 3.583836
v 0.955957 3.804182 3.583836
v 0.928036 3.752138 3.47775
v 0.928036 3.804182 3.47775
v 0.778224 3.854411 4.027951
v 0.349104 3.70191 3.777649
v 0.778224 3.70191 4.027951
v 0.349103 3.854411 3.777649
v 0.925901 3.752138 3.958485
v 0.925901 3.804182 3.958485
v 0.954763 3.752138 3.852651
v 0.954763 3.804182 3.852651
v 0.549922 3.854411 4.254234
v 0.303443 3.70191 3.822906
v 0.549922 3.70191 4.254234
v 0.303443 3.854411 3.822906
v 0.712546 3.752138 4.267913
v 0.712546 3.804182 4.267913
v 0.790458 3.752138 4.19069
v 0.790458 3.804182 4.19069
v 0.239064 3.854411 4.336049
v 0.241272 3.70191 3.839269
v 0.239064 3.70191 4.336049
v 0.241272 3.854411 3.839269
v 0.373061 3.752138 4.429208
v 0.373061 3.804182 4.429208
v 0.479147 3.752138 4.401287
v 0.479147 3.804182 4.401287
v -0.071054 3.854411 4.251475
v 0.179248 3.70191 3.822354
v -0.071054 3.70191 4.251475
v 0.179248 3.854411 3.822354
v -0.001589 3.752138 4.399151
v -0.001589 3.804182 4.399151
v 0.104245 3.752138 4.428014
v 0.104245 3.804182 4.428014
v -0.297337 3.854411 4.023172
v 0.133991 3.70191 3.776694
v -0.297337 3.70191 4.023172
v 0.133991 3.854411 3.776694
v -0.311016 3.752138 4.185796
v -0.311016 3.804182 4.185796
v -0.233793 3.752138 4.263709
v -0.233793 3.804182 4.263709
v -0.379153 3.854411 3.712315
v 0.117628 3.70191 3.714522
v -0.379152 3.701909 3.712315
v 0.117628 3.854411 3.714522
v -0.472311 3.752138 3.846312
v -0.472312 3.804182 3.846312
v -0.44439 3.752138 3.952398
v -0.44439 3.804182 3.952398
v -0.442254 3.752138 3.471662
v -0.442254 3.804182 3.471662
v -0.471117 3.752138 3.577496
v -0.471117 3.804182 3.577496
v -0.116073 3.854411 3.225271
v 0.170244 3.70191 3.617114
v -0.116073 3.70191 3.225271
v 0.170244 3.854411 3.617114
v -0.245894 3.842905 3.179079
v -0.245894 3.752138 3.179079
v -0.251189 3.854411 3.359192
v 0.143221 3.70191 3.643898
v -0.251189 3.70191 3.359192
v 0.143221 3.854411 3.643898
v -0.292005 3.842905 3.224782
v -0.292005 3.752138 3.224782
v -1.225236 3.745537 2.190107
v -1.264081 3.747651 2.213507
v -0.50502 3.932186 3.011188
v -0.503047 3.804182 3.009084
v -0.458909 3.932186 2.965484
v -0.441915 3.752138 2.94864
v -0.441915 3.804182 2.94864
v -0.503047 3.752138 3.009084
v -1.540662 3.804466 1.962514
v -1.540662 3.752422 1.962514
v -1.47953 3.804466 1.902071
v -1.496524 3.932469 1.918915
v -1.47953 3.752422 1.902071
v -1.542635 3.932469 1.964618
v 2.416389 3.854411 3.178576
v 2.188086 3.854411 3.404859
v 2.662868 3.70191 3.609904
v 2.617208 3.70191 3.655161
v 2.416389 3.70191 3.178576
v 2.188087 3.70191 3.404859
v 2.662868 3.854411 3.609904
v 2.617208 3.854411 3.655161
v 2.253765 3.752138 3.164897
v 2.253765 3.804182 3.164897
v 2.175852 3.752138 3.24212
v 2.175852 3.804182 3.24212
v 2.727246 3.854411 3.09676
v 2.725039 3.70191 3.593541
v 2.727246 3.70191 3.09676
v 2.725039 3.854411 3.593541
v 2.593249 3.752138 3.003602
v 2.593249 3.804182 3.003602
v 2.487163 3.752138 3.031523
v 2.487163 3.804182 3.031523
v 3.037364 3.854411 3.181334
v 2.787063 3.70191 3.610456
v 3.037364 3.70191 3.181334
v 2.787063 3.854411 3.610456
v 2.967899 3.752138 3.033658
v 2.967899 3.804182 3.033658
v 2.862065 3.752138 3.004796
v 2.862065 3.804182 3.004796
v 3.263647 3.854411 3.409637
v 2.832319 3.70191 3.656116
v 3.263648 3.70191 3.409637
v 2.832319 3.854411 3.656116
v 3.277327 3.752138 3.247013
v 3.277327 3.804182 3.247013
v 3.200104 3.752138 3.1691
v 3.200104 3.804182 3.1691
v 3.345463 3.854411 3.720494
v 2.848683 3.70191 3.718287
v 3.345463 3.70191 3.720494
v 2.848683 3.854411 3.718287
v 3.438622 3.752138 3.586498
v 3.438622 3.804182 3.586498
v 3.410701 3.752138 3.480412
v 3.410701 3.804182 3.480412
v 3.260889 3.854411 4.030612
v 2.831768 3.70191 3.780311
v 3.260889 3.70191 4.030612
v 2.831768 3.854411 3.780311
v 3.408565 3.752138 3.961147
v 3.408565 3.804182 3.961147
v 3.437428 3.752138 3.855313
v 3.437428 3.804182 3.855313
v 3.032586 3.854411 4.256896
v 2.786108 3.70191 3.825568
v 3.032586 3.70191 4.256896
v 2.786107 3.854411 3.825568
v 3.19521 3.752138 4.270576
v 3.19521 3.804182 4.270576
v 3.273123 3.752138 4.193352
v 3.273123 3.804182 4.193352
v 2.721729 3.854411 4.338711
v 2.723936 3.70191 3.841931
v 2.721729 3.70191 4.338711
v 2.723936 3.854411 3.841931
v 2.855725 3.752138 4.43187
v 2.855725 3.804182 4.43187
v 2.961811 3.752138 4.403949
v 2.961811 3.804182 4.403949
v 2.411611 3.854411 4.254137
v 2.661912 3.70191 3.825016
v 2.411611 3.70191 4.254137
v 2.661912 3.854411 3.825016
v 2.481076 3.752138 4.401813
v 2.481076 3.804182 4.401813
v 2.586909 3.752138 4.430676
v 2.586909 3.804182 4.430676
v 2.185328 3.854411 4.025834
v 2.616656 3.70191 3.779356
v 2.185328 3.70191 4.025834
v 2.616656 3.854411 3.779356
v 2.171648 3.752138 4.188458
v 2.171648 3.804182 4.188458
v 2.248872 3.752138 4.266371
v 2.248872 3.804182 4.266371
v 2.103512 3.854411 3.714977
v 2.600293 3.70191 3.717184
v 2.103512 3.701909 3.714977
v 2.600293 3.854411 3.717184
v 2.010353 3.752138 3.848974
v 2.010353 3.804182 3.848974
v 2.038274 3.752138 3.95506
v 2.038274 3.804182 3.95506
v 2.04041 3.752138 3.474324
v 2.04041 3.804182 3.474324
v 2.011548 3.752138 3.580158
v 2.011548 3.804182 3.580158
v 2.366591 3.854411 3.227933
v 2.652908 3.70191 3.619776
v 2.366591 3.70191 3.227933
v 2.652908 3.854411 3.619776
v 2.23677 3.842905 3.181741
v 2.23677 3.752138 3.181741
v 2.231475 3.854411 3.361854
v 2.625885 3.70191 3.64656
v 2.231475 3.70191 3.361854
v 2.625885 3.854411 3.64656
v 2.190659 3.842905 3.227444
v 2.190659 3.752138 3.227444
v 1.257429 3.745537 2.192769
v 1.218584 3.747651 2.216169
v 1.977644 3.932186 3.013849
v 1.979617 3.804182 3.011746
v 2.023755 3.932186 2.968146
v 2.04075 3.752138 2.951303
v 2.04075 3.804182 2.951303
v 1.979617 3.752138 3.011746
v 0.942002 3.804466 1.965176
v 0.942002 3.752422 1.965176
v 1.003135 3.804466 1.904732
v 0.98614 3.932469 1.921576
v 1.003135 3.752422 1.904732
v 0.940029 3.932469 1.96728
v 3.046816 3.854411 -0.165841
v 3.275118 3.854411 -0.392123
v 2.800336 3.70191 -0.597169
v 2.845997 3.70191 -0.642425
v 3.046816 3.70191 -0.165841
v 3.275118 3.70191 -0.392123
v 2.800336 3.854411 -0.597169
v 2.845997 3.854411 -0.642425
v 3.20944 3.752138 -0.152161
v 3.20944 3.804182 -0.152161
v 3.287352 3.752138 -0.229385
v 3.287352 3.804182 -0.229385
v 2.735958 3.854411 -0.084025
v 2.738165 3.70191 -0.580806
v 2.735958 3.70191 -0.084025
v 2.738165 3.854411 -0.580806
v 2.869955 3.752138 0.009134
v 2.869955 3.804182 0.009134
v 2.976041 3.752138 -0.018787
v 2.976041 3.804182 -0.018787
v 2.42584 3.854411 -0.168599
v 2.676141 3.70191 -0.59772
v 2.42584 3.70191 -0.168599
v 2.676142 3.854411 -0.59772
v 2.495305 3.752138 -0.020923
v 2.495305 3.804182 -0.020923
v 2.601139 3.752138 0.00794
v 2.601139 3.804182 0.00794
v 2.199557 3.854411 -0.396902
v 2.630885 3.70191 -0.643381
v 2.199557 3.70191 -0.396902
v 2.630885 3.854411 -0.643381
v 2.185877 3.752138 -0.234278
v 2.185877 3.804182 -0.234278
v 2.263101 3.752138 -0.156365
v 2.263101 3.804182 -0.156365
v 2.117741 3.854411 -0.707759
v 2.614522 3.70191 -0.705552
v 2.117741 3.70191 -0.707759
v 2.614522 3.854411 -0.705552
v 2.024583 3.752138 -0.573762
v 2.024583 3.804182 -0.573762
v 2.052504 3.752138 -0.467676
v 2.052504 3.804182 -0.467676
v 2.202316 3.854411 -1.017877
v 2.631437 3.70191 -0.767576
v 2.202316 3.70191 -1.017877
v 2.631437 3.854411 -0.767576
v 2.054639 3.752138 -0.948412
v 2.054639 3.804182 -0.948412
v 2.025777 3.752138 -0.842578
v 2.025777 3.804182 -0.842578
v 2.430619 3.854411 -1.24416
v 2.677097 3.70191 -0.812832
v 2.430619 3.70191 -1.24416
v 2.677097 3.854411 -0.812832
v 2.267994 3.752138 -1.25784
v 2.267994 3.804182 -1.25784
v 2.190082 3.752138 -1.180617
v 2.190082 3.804182 -1.180617
v 2.741476 3.854411 -1.325976
v 2.739269 3.70191 -0.829195
v 2.741476 3.70191 -1.325976
v 2.739269 3.854411 -0.829195
v 2.607479 3.752138 -1.419135
v 2.607479 3.804182 -1.419135
v 2.501393 3.752138 -1.391214
v 2.501393 3.804182 -1.391214
v 3.051594 3.854411 -1.241401
v 2.801292 3.70191 -0.812281
v 3.051594 3.70191 -1.241401
v 2.801292 3.854411 -0.812281
v 2.982129 3.752138 -1.389078
v 2.982129 3.804182 -1.389078
v 2.876295 3.752138 -1.41794
v 2.876295 3.804182 -1.41794
v 3.277877 3.854411 -1.013099
v 2.846549 3.70191 -0.76662
v 3.277877 3.70191 -1.013099
v 2.846549 3.854411 -0.76662
v 3.291556 3.752138 -1.175722
v 3.291556 3.804182 -1.175722
v 3.214333 3.752138 -1.253635
v 3.214333 3.804182 -1.253635
v 3.359692 3.854411 -0.702241
v 2.862912 3.70191 -0.704449
v 3.359692 3.701909 -0.702241
v 2.862912 3.854411 -0.704449
v 3.452851 3.752138 -0.836238
v 3.452852 3.804182 -0.836238
v 3.42493 3.752138 -0.942324
v 3.42493 3.804182 -0.942324
v 3.422794 3.752138 -0.461588
v 3.422794 3.804182 -0.461588
v 3.451657 3.752138 -0.567422
v 3.451657 3.804182 -0.567422
v 3.096613 3.854411 -0.215198
v 2.810296 3.70191 -0.60704
v 3.096613 3.70191 -0.215198
v 2.810296 3.854411 -0.60704
v 3.226434 3.842905 -0.169005
v 3.226434 3.752138 -0.169005
v 3.231729 3.854411 -0.349119
v 2.837319 3.70191 -0.633824
v 3.231729 3.70191 -0.349119
v 2.837319 3.854411 -0.633824
v 3.272545 3.842905 -0.214708
v 3.272545 3.752138 -0.214708
v 4.205775 3.745537 0.819967
v 4.24462 3.747651 0.796567
v 3.48556 3.932186 -0.001114
v 3.483587 3.804182 0.00099
v 3.439449 3.932186 0.044589
v 3.422455 3.752138 0.061433
v 3.422455 3.804182 0.061433
v 3.483587 3.752138 0.00099
v 4.521202 3.804466 1.04756
v 4.521202 3.752422 1.04756
v 4.460069 3.804466 1.108003
v 4.477063 3.932469 1.091159
v 4.460069 3.752422 1.108003
v 4.523174 3.932469 1.045456
v 2.784436 1.004283 1.013079
v 2.027705 1.004283 1.013079
v 2.784436 1.249379 1.078752
v 2.027705 1.249379 1.078752
v 2.784436 1.428801 1.258175
v 2.027705 1.428801 1.258174
v 2.784436 1.494474 1.50327
v 2.027705 1.494474 1.50327
v 2.784436 1.428801 1.748365
v 2.027705 1.428801 1.748365
v 2.784435 1.249379 1.927788
v 2.027705 1.249379 1.927788
v 2.784435 1.004283 1.993461
v 2.027705 1.004283 1.993461
v 2.784435 0.759188 1.927788
v 2.027705 0.759188 1.927788
v 2.784435 0.579765 1.748365
v 2.027705 0.579766 1.748365
v 2.784435 0.514092 1.50327
v 2.027705 0.514092 1.50327
v 2.784435 0.579765 1.258175
v 2.027705 0.579766 1.258174
v 2.784435 0.759188 1.078752
v 2.027705 0.759188 1.078752
v 1.871257 0.157887 1.849708
v 2.940883 0.157886 1.849709
v 2.940883 0.15861 1.50327
v 1.871257 0.15861 1.50327
v 2.940883 0.157886 1.156831
v 1.871257 0.157887 1.156831
v 2.926577 1.004283 1.013079
v 2.926577 1.249379 1.078752
v 2.926577 1.428801 1.258175
v 2.926577 1.494474 1.50327
v 2.926577 1.428801 1.748365
v 2.926577 1.249379 1.927788
v 2.926577 1.004283 1.993461
v 2.926577 0.759188 1.927788
v 2.926577 0.579765 1.748365
v 2.926577 0.514092 1.50327
v 2.926577 0.579765 1.258175
v 2.926577 0.759188 1.078752
v 3.002683 1.004283 1.184646
v 3.002683 1.163595 1.227334
v 3.002683 1.28022 1.343958
v 3.002683 1.322907 1.50327
v 3.002683 1.28022 1.662582
v 3.002683 1.163595 1.779207
v 3.002683 1.004283 1.821894
v 3.002683 0.844971 1.779207
v 3.002683 0.728347 1.662582
v 3.002683 0.685659 1.50327
v 3.002683 0.728347 1.343958
v 3.002683 0.844971 1.227334
v 1.88111 1.249379 1.078752
v 1.88111 1.004283 1.013079
v 1.88111 1.428801 1.258174
v 1.88111 1.494474 1.50327
v 1.88111 1.428801 1.748365
v 1.88111 1.249379 1.927788
v 1.88111 1.004283 1.993461
v 1.88111 0.759188 1.927788
v 1.88111 0.579766 1.748365
v 1.88111 0.514092 1.50327
v 1.88111 0.579766 1.258174
v 1.88111 0.759188 1.078752
v 1.818932 1.160387 1.23289
v 1.818932 1.004283 1.191062
v 1.818932 1.274663 1.347166
v 1.818932 1.316491 1.50327
v 1.818932 1.274663 1.659374
v 1.818932 1.160387 1.77365
v 1.818932 1.004283 1.815478
v 1.818932 0.848179 1.77365
v 1.818932 0.733903 1.659374
v 1.818932 0.692076 1.50327
v 1.818932 0.733903 1.347166
v 1.818932 0.848179 1.23289
v 2.027705 0.423052 1.258174
v 2.027705 0.416824 1.50327
v 2.784435 0.423052 1.748365
v 2.784435 0.417897 1.50327
v 2.784435 0.423052 1.258175
v 2.027705 0.423052 1.748365
v 1.871257 0.308572 1.156831
v 2.940883 0.308571 1.849709
v 2.940884 0.308571 1.156831
v 1.871257 0.300959 1.50327
v 2.940883 0.302286 1.50327
v 1.871257 0.308572 1.849708
vt 0.612127 0.259674
vt 0.677642 0.257516
vt 0.677642 0.421054
vt 0.612128 0.432984
vt 0.940167 0.808959
vt 0.873957 0.81052
vt 0.873957 0.739473
vt 0.940167 0.732346
vt 0.358985 0.383286
vt 0.132986 0.374127
vt 0.132986 0.144801
vt 0.358985 0.144801
vt 0.779633 0.690311
vt 0.85068 0.690311
vt 0.85068 0.853849
vt 0.779633 0.853849
vt 0.701336 0.011639
vt 0.766851 0.023569
vt 0.766851 0.187106
vt 0.701336 0.187181
vt 0.01785 0.858472
vt 0.088898 0.858472
vt 0.089617 0.885264
vt 0.039231 0.885264
vt 0.358985 0.422207
vt 0.132986 0.422207
vt 0.612127 0.223961
vt 0.6778 0.223961
vt 0.011639 0.422208
vt 0.011639 0.386495
vt 0.467503 0.144801
vt 0.58885 0.213184
vt 0.58885 0.388727
vt 0.467503 0.389154
vt 0.350035 0.011639
vt 0.426648 0.011639
vt 0.011639 0.213184
vt 0.173841 0.011639
vt 0.467503 0.422208
vt 0.612127 0.656756
vt 0.779633 0.655268
vt 0.612127 0.690311
vt 0.612127 0.853849
vt 0.940167 0.985153
vt 0.873957 0.978025
vt 0.089617 0.899316
vt 0.039231 0.899316
vt 0.011639 0.899775
vt 0.011639 0.864926
vt 0.988654 0.03106
vt 0.988026 0.171403
vt 0.790545 0.171403
vt 0.79117 0.031838
vt 0.988026 0.24245
vt 0.790545 0.24245
vt 0.107073 0.864926
vt 0.107073 0.899775
vt 0.988158 0.277493
vt 0.790676 0.277298
vt 0.58885 0.422208
vt 0.767015 0.222149
vt 0.701336 0.220662
vt 0.36182 0.749697
vt 0.37533 0.749697
vt 0.371534 0.774884
vt 0.365616 0.774884
vt 0.44254 0.839829
vt 0.429202 0.840711
vt 0.429309 0.81561
vt 0.435421 0.814762
vt 0.37533 0.810321
vt 0.36182 0.810321
vt 0.365616 0.785134
vt 0.371534 0.785134
vt 0.441946 0.731544
vt 0.428688 0.732737
vt 0.428581 0.707636
vt 0.434525 0.706788
vt 0.41535 0.731854
vt 0.422469 0.706788
vt 0.415944 0.839518
vt 0.423365 0.814762
vt 0.37533 0.85323
vt 0.36182 0.85323
vt 0.442771 0.882875
vt 0.429217 0.882947
vt 0.36182 0.706788
vt 0.37533 0.706788
vt 0.41512 0.882818
vt 0.428673 0.774973
vt 0.41512 0.7749
vt 0.442771 0.774843
vt 0.701571 0.491464
vt 0.765425 0.514038
vt 0.72653 0.586391
vt 0.71166 0.58265
vt 0.806021 0.554466
vt 0.738328 0.596098
vt 0.820691 0.609297
vt 0.807468 0.664671
vt 0.738659 0.624416
vt 0.743479 0.610199
vt 0.767617 0.707402
vt 0.727047 0.634402
vt 0.701571 0.730959
vt 0.711376 0.637127
vt 0.834103 0.535768
vt 0.858176 0.608782
vt 0.7859 0.733764
vt 0.716948 0.766674
vt 0.71464 0.459339
vt 0.781654 0.486602
vt 0.836192 0.682425
vt 0.743198 0.437137
vt 0.776706 0.450768
vt 0.816056 0.476183
vt 0.842281 0.500766
vt 0.304541 0.811723
vt 0.304541 0.776745
vt 0.322031 0.776745
vt 0.322031 0.811723
vt 0.884568 0.636712
vt 0.873576 0.673533
vt 0.84585 0.717036
vt 0.820704 0.742706
vt 0.782912 0.771849
vt 0.748436 0.788304
vt 0.304541 0.88168
vt 0.322031 0.88168
vt 0.322031 0.916658
vt 0.304541 0.916658
vt 0.608466 0.172137
vt 0.600504 0.208953
vt 0.552358 0.20656
vt 0.566039 0.150728
vt 0.871737 0.543598
vt 0.883773 0.580105
vt 0.304541 0.846702
vt 0.322031 0.846702
vt 0.304541 0.741766
vt 0.322031 0.741766
vt 0.304541 0.706788
vt 0.322031 0.706788
vt 0.562263 0.263645
vt 0.5312 0.277337
vt 0.518381 0.207042
vt 0.608133 0.246255
vt 0.630515 0.277871
vt 0.593996 0.313846
vt 0.665586 0.127123
vt 0.630881 0.142142
vt 0.602172 0.105038
vt 0.66277 0.07301
vt 0.665586 0.298153
vt 0.650461 0.356078
vt 0.534471 0.137408
vt 0.492252 0.182666
vt 0.500297 0.147849
vt 0.626773 0.384541
vt 0.569847 0.337166
vt 0.577435 0.079059
vt 0.642533 0.037757
vt 0.207474 0.811723
vt 0.207474 0.846702
vt 0.189985 0.846702
vt 0.189985 0.811723
vt 0.534278 0.338943
vt 0.514955 0.309029
vt 0.575825 0.040546
vt 0.608375 0.019895
vt 0.497556 0.265314
vt 0.491147 0.230166
vt 0.592027 0.397348
vt 0.563564 0.37366
vt 0.519946 0.104217
vt 0.541428 0.075043
vt 0.547579 0.663012
vt 0.553988 0.625466
vt 0.60108 0.625861
vt 0.589052 0.682313
vt 0.207474 0.88168
vt 0.207474 0.916658
vt 0.189985 0.916658
vt 0.189985 0.88168
vt 0.207474 0.741766
vt 0.207474 0.776745
vt 0.189985 0.776745
vt 0.189985 0.741766
vt 0.207474 0.706788
vt 0.189985 0.706788
vt 0.590532 0.568061
vt 0.619947 0.5557
vt 0.634757 0.624365
vt 0.543898 0.587556
vt 0.524057 0.553789
vt 0.555282 0.520522
vt 0.491147 0.709371
vt 0.525941 0.693831
vt 0.554066 0.728825
vt 0.493567 0.76151
vt 0.491147 0.5346
vt 0.499161 0.48304
vt 0.581032 0.495285
vt 0.616921 0.493538
vt 0.636378 0.523746
vt 0.520433 0.45274
vt 0.621139 0.694639
vt 0.579495 0.754447
vt 0.514396 0.796915
vt 0.264752 0.88168
vt 0.264752 0.916658
vt 0.247263 0.916658
vt 0.247263 0.88168
vt 0.58161 0.793253
vt 0.54906 0.814487
vt 0.653382 0.566453
vt 0.660787 0.600786
vt 0.554005 0.437137
vt 0.584304 0.458409
vt 0.636625 0.727623
vt 0.615803 0.757527
vt 0.661782 0.64783
vt 0.654973 0.682968
vt 0.865345 0.111806
vt 0.830418 0.113708
vt 0.809917 0.058854
vt 0.87977 0.055051
vt 0.264752 0.741766
vt 0.264752 0.776745
vt 0.247263 0.776745
vt 0.247263 0.741766
vt 0.264752 0.811723
vt 0.247263 0.811723
vt 0.264752 0.846702
vt 0.247263 0.846702
vt 0.264752 0.706788
vt 0.247263 0.706788
vt 0.754692 0.101798
vt 0.748945 0.060219
vt 0.771035 0.043041
vt 0.79236 0.168562
vt 0.802806 0.201944
vt 0.754692 0.235326
vt 0.733799 0.168562
vt 0.830418 0.223416
vt 0.865345 0.225318
vt 0.87977 0.282074
vt 0.809917 0.278271
vt 0.802806 0.13518
vt 0.041739 0.842427
vt 0.039307 0.817921
vt 0.069234 0.811764
vt 0.073694 0.842546
vt 0.705376 0.137677
vt 0.713733 0.110971
vt 0.771035 0.294083
vt 0.748945 0.276905
vt 0.828897 0.021416
vt 0.856838 0.019895
vt 0.713733 0.226153
vt 0.705376 0.199448
vt 0.856838 0.31723
vt 0.828897 0.315708
vt 0.071081 0.874206
vt 0.150196 0.844373
vt 0.143631 0.894718
vt 0.031379 0.794033
vt 0.019895 0.769579
vt 0.047261 0.756727
vt 0.061077 0.782141
vt 0.031251 0.892422
vt 0.039 0.867528
vt 0.062055 0.904436
vt 0.019895 0.917557
vt 0.048023 0.930265
vt 0.124783 0.746314
vt 0.14368 0.793274
vt 0.124677 0.941123
vt 0.093952 0.980105
vt 0.094076 0.706788
vt 0.101646 0.293378
vt 0.183384 0.293384
vt 0.18339 0.321347
vt 0.101646 0.321354
vt 0.183568 0.568752
vt 0.183528 0.512703
vt 0.316316 0.512607
vt 0.316356 0.568657
vt 0.101647 0.237292
vt 0.019895 0.293376
vt 0.019895 0.237288
vt 0.019902 0.13897
vt 0.101659 0.138976
vt 0.368898 0.292937
vt 0.368027 0.238031
vt 0.448337 0.23383
vt 0.450573 0.290505
vt 0.183449 0.403045
vt 0.316237 0.40295
vt 0.316296 0.484648
vt 0.183508 0.484743
vt 0.280399 0.293379
vt 0.280471 0.321277
vt 0.451358 0.318553
vt 0.3694 0.320845
vt 0.280775 0.10184
vt 0.183557 0.101708
vt 0.183668 0.019895
vt 0.280886 0.020026
vt 0.280719 0.666929
vt 0.183638 0.666999
vt 0.280445 0.237527
vt 0.183387 0.237313
vt 0.18341 0.210214
vt 0.280628 0.210346
vt 0.359866 0.135549
vt 0.441098 0.129892
vt 0.019895 0.321354
vt 0.374493 0.780009
vt 0.362658 0.780009
vt 0.225 0.598982
vt 0.024952 0.598982
vt 0.024952 0.579323
vt 0.225 0.579323
vt 0.245062 0.198548
vt 0.391803 0.159229
vt 0.391803 0.257526
vt 0.245062 0.218207
vt 0.490856 0.074101
vt 0.598277 0.181522
vt 0.588447 0.198548
vt 0.441707 0.159229
vt 0.858462 0.122458
vt 0.870912 0.024952
vt 0.905516 0.062009
vt 0.901267 0.095285
vt 0.274904 0.520345
vt 0.412567 0.520345
vt 0.412567 0.540004
vt 0.274904 0.540004
vt 0.907538 0.102112
vt 0.925971 0.072591
vt 0.932243 0.079418
vt 0.956671 0.03224
vt 0.975048 0.052245
vt 0.975048 0.138313
vt 0.876838 0.142462
vt 0.941054 0.100696
vt 0.225 0.618642
vt 0.024952 0.618642
vt 0.342654 0.342654
vt 0.235233 0.235233
vt 0.588447 0.218207
vt 0.441707 0.257526
vt 0.480848 0.776536
vt 0.579057 0.780685
vt 0.545064 0.818303
vt 0.511548 0.816887
vt 0.274904 0.500685
vt 0.412567 0.500685
vt 0.505276 0.823714
vt 0.536252 0.839581
vt 0.529981 0.846408
vt 0.579057 0.866754
vt 0.560681 0.886758
vt 0.474921 0.894047
vt 0.462471 0.796541
vt 0.509525 0.85699
vt 0.225 0.638301
vt 0.024952 0.638301
vt 0.257526 0.391803
vt 0.218207 0.245062
vt 0.598277 0.235233
vt 0.490855 0.342654
vt 0.462471 0.706627
vt 0.474922 0.609122
vt 0.509525 0.646179
vt 0.505276 0.679454
vt 0.274904 0.481026
vt 0.412567 0.481026
vt 0.511548 0.686281
vt 0.529981 0.656761
vt 0.536252 0.663588
vt 0.560681 0.61641
vt 0.579057 0.636415
vt 0.579057 0.722483
vt 0.480848 0.726632
vt 0.545064 0.684866
vt 0.225 0.657961
vt 0.024952 0.657961
vt 0.159229 0.391803
vt 0.198548 0.245062
vt 0.615302 0.245062
vt 0.575983 0.391803
vt 0.123162 0.845035
vt 0.024952 0.840886
vt 0.058946 0.803268
vt 0.092462 0.804684
vt 0.274904 0.461366
vt 0.412567 0.461366
vt 0.098733 0.797857
vt 0.067757 0.78199
vt 0.074029 0.775163
vt 0.024952 0.754817
vt 0.043329 0.734813
vt 0.129088 0.727525
vt 0.141539 0.82503
vt 0.094484 0.764582
vt 0.225 0.67762
vt 0.024952 0.67762
vt 0.074101 0.342654
vt 0.181522 0.235233
vt 0.634962 0.245062
vt 0.674281 0.391803
vt 0.813829 0.441707
vt 0.912039 0.445856
vt 0.878045 0.483473
vt 0.844529 0.482057
vt 0.274904 0.441707
vt 0.412567 0.441707
vt 0.838258 0.488884
vt 0.869233 0.504751
vt 0.862962 0.511578
vt 0.912039 0.531924
vt 0.893662 0.551929
vt 0.807903 0.559217
vt 0.795452 0.461712
vt 0.842507 0.52216
vt 0.225 0.461366
vt 0.024952 0.461366
vt 0.024952 0.441707
vt 0.225 0.441707
vt 0.024952 0.257526
vt 0.171692 0.218207
vt 0.651987 0.235233
vt 0.759409 0.342654
vt 0.628962 0.539212
vt 0.641412 0.441707
vt 0.676016 0.478764
vt 0.671767 0.51204
vt 0.274904 0.657961
vt 0.412567 0.657961
vt 0.412567 0.67762
vt 0.274904 0.67762
vt 0.678038 0.518867
vt 0.696471 0.489346
vt 0.702743 0.496173
vt 0.727171 0.448995
vt 0.745548 0.469
vt 0.745548 0.555068
vt 0.647338 0.559217
vt 0.711554 0.517451
vt 0.225 0.481026
vt 0.024952 0.481026
vt 0.024952 0.159229
vt 0.171692 0.198548
vt 0.661817 0.218207
vt 0.808557 0.257526
vt 0.628962 0.706627
vt 0.641412 0.609122
vt 0.676016 0.646179
vt 0.671767 0.679455
vt 0.274904 0.638301
vt 0.412567 0.638301
vt 0.678038 0.686282
vt 0.696471 0.656761
vt 0.702743 0.663588
vt 0.727171 0.61641
vt 0.745548 0.636415
vt 0.745548 0.722483
vt 0.647338 0.726632
vt 0.711554 0.684866
vt 0.225 0.500685
vt 0.024952 0.500685
vt 0.074101 0.074101
vt 0.181522 0.181522
vt 0.661817 0.198548
vt 0.808557 0.159229
vt 0.20982 0.727525
vt 0.308029 0.731673
vt 0.274036 0.769291
vt 0.24052 0.767875
vt 0.274904 0.618642
vt 0.412567 0.618642
vt 0.234248 0.774702
vt 0.265224 0.790569
vt 0.258953 0.797396
vt 0.308029 0.817742
vt 0.289653 0.837746
vt 0.203894 0.845035
vt 0.191443 0.747529
vt 0.238497 0.807978
vt 0.225 0.520345
vt 0.024952 0.520345
vt 0.159229 0.024952
vt 0.198548 0.171692
vt 0.651987 0.181522
vt 0.759408 0.074101
vt 0.647338 0.776536
vt 0.745548 0.780685
vt 0.711554 0.818302
vt 0.678038 0.816887
vt 0.274904 0.598982
vt 0.412567 0.598982
vt 0.671767 0.823714
vt 0.702743 0.839581
vt 0.696471 0.846407
vt 0.745548 0.866753
vt 0.727171 0.886758
vt 0.641412 0.894046
vt 0.628962 0.796541
vt 0.676016 0.856989
vt 0.225 0.540004
vt 0.024952 0.540004
vt 0.257526 0.024952
vt 0.218207 0.171692
vt 0.634962 0.171692
vt 0.674281 0.024952
vt 0.813829 0.609122
vt 0.912039 0.613271
vt 0.878045 0.650888
vt 0.844529 0.649472
vt 0.274904 0.579323
vt 0.412567 0.579323
vt 0.838258 0.656299
vt 0.869234 0.672166
vt 0.862962 0.678993
vt 0.912039 0.699339
vt 0.893662 0.719343
vt 0.807903 0.726632
vt 0.795452 0.629126
vt 0.842507 0.689575
vt 0.225 0.559664
vt 0.024952 0.559664
vt 0.342654 0.074101
vt 0.235233 0.181522
vt 0.615302 0.171692
vt 0.575983 0.024952
vt 0.560681 0.559217
vt 0.462471 0.555068
vt 0.496465 0.517451
vt 0.529981 0.518867
vt 0.274904 0.559664
vt 0.412567 0.559664
vt 0.536252 0.51204
vt 0.505276 0.496173
vt 0.511548 0.489346
vt 0.462471 0.469
vt 0.480848 0.448995
vt 0.566607 0.441707
vt 0.579057 0.539213
vt 0.532003 0.478764
vt 0.893662 0.894046
vt 0.795452 0.889898
vt 0.829446 0.85228
vt 0.862962 0.853696
vt 0.869234 0.846869
vt 0.838258 0.831002
vt 0.844529 0.824175
vt 0.795452 0.803829
vt 0.813829 0.783824
vt 0.899588 0.776536
vt 0.912039 0.874042
vt 0.864985 0.813593
vt 0.054283 0.024588
vt 0.054283 0.467645
vt 0.039436 0.467645
vt 0.039436 0.024588
vt 0.383035 0.523899
vt 0.353341 0.413078
vt 0.427577 0.413078
vt 0.397882 0.523899
vt 0.580684 0.301642
vt 0.610379 0.19082
vt 0.625226 0.19082
vt 0.65492 0.301642
vt 0.024588 0.975099
vt 0.072457 0.918358
vt 0.079214 0.956048
vt 0.062878 0.975412
vt 0.281627 0.024588
vt 0.281626 0.363901
vt 0.266779 0.363901
vt 0.26678 0.024589
vt 0.313559 0.764643
vt 0.306558 0.764643
vt 0.306558 0.739308
vt 0.313559 0.739308
vt 0.092972 0.918358
vt 0.086215 0.956048
vt 0.140841 0.975099
vt 0.102552 0.975412
vt 0.320316 0.802333
vt 0.299801 0.802333
vt 0.06913 0.024588
vt 0.06913 0.467645
vt 0.491868 0.450196
vt 0.41074 0.531323
vt 0.638084 0.183397
vt 0.719211 0.264524
vt 0.251932 0.859074
vt 0.306558 0.840023
vt 0.290222 0.859387
vt 0.296474 0.024588
vt 0.296474 0.363901
vt 0.086215 0.711412
vt 0.079214 0.711412
vt 0.079214 0.686078
vt 0.086215 0.686078
vt 0.313559 0.840023
vt 0.368185 0.859074
vt 0.329895 0.859387
vt 0.092972 0.749102
vt 0.072457 0.749102
vt 0.083977 0.024588
vt 0.083977 0.467645
vt 0.528986 0.514487
vt 0.418164 0.544181
vt 0.645508 0.170539
vt 0.756329 0.200233
vt 0.024588 0.805844
vt 0.079214 0.786792
vt 0.062878 0.806156
vt 0.311321 0.024588
vt 0.311321 0.363901
vt 0.086215 0.542157
vt 0.079214 0.542157
vt 0.079214 0.516822
vt 0.086215 0.516822
vt 0.086215 0.786792
vt 0.140841 0.805844
vt 0.102552 0.806156
vt 0.092972 0.579847
vt 0.072457 0.579847
vt 0.098825 0.024588
vt 0.098825 0.467645
vt 0.528986 0.588723
vt 0.418164 0.559028
vt 0.645508 0.155692
vt 0.756329 0.125997
vt 0.024588 0.636588
vt 0.079214 0.617537
vt 0.062878 0.636901
vt 0.326168 0.024588
vt 0.326168 0.363901
vt 0.639789 0.776923
vt 0.632788 0.776923
vt 0.632788 0.751589
vt 0.639789 0.751589
vt 0.086215 0.617537
vt 0.140841 0.636588
vt 0.102552 0.636901
vt 0.646546 0.814614
vt 0.626031 0.814614
vt 0.113672 0.024588
vt 0.113672 0.467645
vt 0.491868 0.653013
vt 0.410741 0.571886
vt 0.638084 0.142833
vt 0.719211 0.061707
vt 0.578162 0.871355
vt 0.632788 0.852304
vt 0.616452 0.871668
vt 0.341015 0.024589
vt 0.341015 0.363901
vt 0.860132 0.119333
vt 0.867133 0.119333
vt 0.867133 0.144667
vt 0.860132 0.144667
vt 0.639789 0.852304
vt 0.694415 0.871355
vt 0.656126 0.871668
vt 0.853375 0.081642
vt 0.87389 0.081642
vt 0.128519 0.024588
vt 0.128519 0.467645
vt 0.427577 0.690132
vt 0.397883 0.57931
vt 0.625226 0.13541
vt 0.65492 0.024588
vt 0.921759 0.024901
vt 0.867133 0.043952
vt 0.883469 0.024588
vt 0.355863 0.024589
vt 0.355863 0.363901
vt 0.632788 0.677078
vt 0.639789 0.677078
vt 0.639789 0.702412
vt 0.632788 0.702412
vt 0.860132 0.043952
vt 0.805506 0.024901
vt 0.843795 0.024588
vt 0.626031 0.639387
vt 0.646546 0.639387
vt 0.143366 0.024588
vt 0.143366 0.467645
vt 0.353341 0.690131
vt 0.383035 0.57931
vt 0.610379 0.13541
vt 0.580684 0.024588
vt 0.694415 0.582646
vt 0.639789 0.601697
vt 0.656125 0.582333
vt 0.37071 0.024589
vt 0.37071 0.363901
vt 0.805219 0.438412
vt 0.798218 0.438412
vt 0.798218 0.413078
vt 0.805219 0.413078
vt 0.632788 0.601697
vt 0.578162 0.582646
vt 0.616452 0.582333
vt 0.811976 0.476102
vt 0.791461 0.476102
vt 0.158213 0.024589
vt 0.158214 0.467645
vt 0.28905 0.653013
vt 0.370177 0.571886
vt 0.597521 0.142833
vt 0.516394 0.061707
vt 0.743592 0.532844
vt 0.798218 0.513793
vt 0.781881 0.533157
vt 0.385557 0.024589
vt 0.385557 0.363901
vt 0.805219 0.607668
vt 0.798218 0.607668
vt 0.798218 0.582333
vt 0.805219 0.582333
vt 0.805219 0.513793
vt 0.859845 0.532844
vt 0.821555 0.533157
vt 0.811976 0.645358
vt 0.791461 0.645358
vt 0.173061 0.024589
vt 0.173061 0.467645
vt 0.251932 0.588723
vt 0.362754 0.559028
vt 0.590097 0.155691
vt 0.479275 0.125997
vt 0.743592 0.702099
vt 0.798218 0.683048
vt 0.781881 0.702412
vt 0.400404 0.024589
vt 0.400404 0.363901
vt 0.860132 0.288588
vt 0.867133 0.288588
vt 0.867133 0.313922
vt 0.860132 0.313922
vt 0.805219 0.683048
vt 0.859845 0.702099
vt 0.821555 0.702412
vt 0.853375 0.250898
vt 0.87389 0.250898
vt 0.187908 0.024589
vt 0.187908 0.467645
vt 0.251932 0.514487
vt 0.362754 0.544181
vt 0.590097 0.170539
vt 0.479275 0.200233
vt 0.921759 0.194156
vt 0.867133 0.213208
vt 0.883469 0.193844
vt 0.415251 0.024589
vt 0.415252 0.363901
vt 0.798218 0.846333
vt 0.805219 0.846333
vt 0.805219 0.871668
vt 0.798218 0.871668
vt 0.860132 0.213208
vt 0.805506 0.194156
vt 0.843795 0.193844
vt 0.791461 0.808643
vt 0.811976 0.808643
vt 0.202755 0.024589
vt 0.202755 0.467645
vt 0.28905 0.450196
vt 0.370177 0.531323
vt 0.597521 0.183397
vt 0.516394 0.264524
vt 0.859845 0.751902
vt 0.805219 0.770953
vt 0.821555 0.751589
vt 0.430098 0.024589
vt 0.430099 0.363901
vt 0.639789 0.438412
vt 0.632788 0.438412
vt 0.632788 0.413078
vt 0.639789 0.413078
vt 0.798218 0.770953
vt 0.743592 0.751902
vt 0.781882 0.751589
vt 0.646546 0.476103
vt 0.626031 0.476103
vt 0.024588 0.467645
vt 0.024588 0.024589
vt 0.370177 0.531323
vt 0.28905 0.450196
vt 0.516394 0.264524
vt 0.597521 0.183397
vt 0.578162 0.532844
vt 0.632788 0.513793
vt 0.616452 0.533157
vt 0.251932 0.363901
vt 0.251932 0.024589
vt 0.086215 0.880668
vt 0.079214 0.880668
vt 0.079214 0.855333
vt 0.086215 0.855333
vt 0.639789 0.513793
vt 0.694415 0.532844
vt 0.656125 0.533157
vt 0.334623 0.548028
vt 0.285286 0.421793
vt 0.302222 0.412035
vt 0.338037 0.546113
vt 0.50476 0.255123
vt 0.378526 0.205555
vt 0.380485 0.202163
vt 0.514564 0.238158
vt 0.585426 0.118327
vt 0.590025 0.101893
vt 0.616379 0.13998
vt 0.61481 0.145588
vt 0.612602 0.091596
vt 0.624084 0.136465
vt 0.677565 0.118134
vt 0.696252 0.123999
vt 0.657359 0.149149
vt 0.649446 0.144486
vt 0.803289 0.695154
vt 0.803289 0.719969
vt 0.7577 0.711796
vt 0.7577 0.703327
vt 0.391967 0.412083
vt 0.355997 0.54611
vt 0.380488 0.184206
vt 0.514567 0.148318
vt 0.871921 0.777869
vt 0.848877 0.711796
vt 0.872299 0.731555
vt 0.832242 0.466769
vt 0.823773 0.466769
vt 0.823773 0.436125
vt 0.832242 0.436125
vt 0.848877 0.703327
vt 0.871921 0.637254
vt 0.872299 0.683568
vt 0.840415 0.512357
vt 0.8156 0.512357
vt 0.469693 0.456989
vt 0.371549 0.555089
vt 0.371512 0.168652
vt 0.469665 0.070531
vt 0.7577 0.580989
vt 0.823773 0.557946
vt 0.804014 0.581368
vt 0.640368 0.66327
vt 0.6319 0.66327
vt 0.6319 0.632626
vt 0.640368 0.632626
vt 0.832242 0.557946
vt 0.898315 0.580989
vt 0.852001 0.581368
vt 0.648541 0.708859
vt 0.623727 0.708859
vt 0.514566 0.534735
vt 0.38053 0.57064
vt 0.355962 0.159674
vt 0.39189 0.025629
vt 0.565826 0.777491
vt 0.6319 0.754447
vt 0.61214 0.777869
vt 0.832241 0.270267
vt 0.823773 0.270267
vt 0.823773 0.239623
vt 0.832241 0.239623
vt 0.640368 0.754447
vt 0.706442 0.777491
vt 0.660128 0.777869
vt 0.840414 0.315856
vt 0.8156 0.315856
vt 0.514566 0.624509
vt 0.380532 0.588598
vt 0.338005 0.159675
vt 0.302093 0.025632
vt 0.7577 0.384488
vt 0.823773 0.361444
vt 0.804014 0.384866
vt 0.437392 0.913036
vt 0.44586 0.913036
vt 0.44586 0.94368
vt 0.437392 0.94368
vt 0.832241 0.361444
vt 0.898315 0.384488
vt 0.852001 0.384866
vt 0.429219 0.867448
vt 0.454033 0.867448
vt 0.46968 0.702266
vt 0.371555 0.60415
vt 0.322454 0.168654
vt 0.224334 0.07053
vt 0.511934 0.798816
vt 0.44586 0.821859
vt 0.46562 0.798437
vt 0.6319 0.550724
vt 0.640368 0.550724
vt 0.640368 0.581368
vt 0.6319 0.581368
vt 0.437392 0.821859
vt 0.371319 0.798816
vt 0.417632 0.798437
vt 0.623727 0.505135
vt 0.648541 0.505135
vt 0.391927 0.747168
vt 0.356005 0.613129
vt 0.313476 0.184206
vt 0.179445 0.148287
vt 0.706441 0.436503
vt 0.640368 0.459547
vt 0.660128 0.436125
vt 0.813583 0.140228
vt 0.822052 0.140228
vt 0.822052 0.170872
vt 0.813583 0.170872
vt 0.6319 0.459547
vt 0.565826 0.436503
vt 0.61214 0.436125
vt 0.805411 0.09464
vt 0.830225 0.09464
vt 0.302133 0.747179
vt 0.338049 0.613131
vt 0.313477 0.202164
vt 0.179445 0.23806
vt 0.888125 0.026008
vt 0.822052 0.049051
vt 0.841811 0.025629
vt 0.640368 0.859772
vt 0.6319 0.859772
vt 0.6319 0.829128
vt 0.640368 0.829128
vt 0.813584 0.049051
vt 0.74751 0.026008
vt 0.793824 0.025629
vt 0.648541 0.90536
vt 0.623727 0.90536
vt 0.224355 0.702286
vt 0.322497 0.604154
vt 0.322456 0.217717
vt 0.22432 0.3158
vt 0.565826 0.973992
vt 0.6319 0.950949
vt 0.61214 0.974371
vt 0.823774 0.943727
vt 0.832242 0.943727
vt 0.832242 0.974371
vt 0.823774 0.974371
vt 0.640368 0.950949
vt 0.706441 0.973992
vt 0.660128 0.974371
vt 0.815601 0.898138
vt 0.840415 0.898138
vt 0.179445 0.624499
vt 0.313516 0.588601
vt 0.338007 0.226693
vt 0.302022 0.360698
vt 0.898315 0.829506
vt 0.832242 0.85255
vt 0.852002 0.829128
vt 0.245518 0.913036
vt 0.253986 0.913036
vt 0.253986 0.94368
vt 0.245518 0.94368
vt 0.823774 0.85255
vt 0.7577 0.829506
vt 0.804014 0.829128
vt 0.237345 0.867448
vt 0.262159 0.867448
vt 0.179462 0.534661
vt 0.313514 0.570643
vt 0.355967 0.226691
vt 0.391735 0.360776
vt 0.32006 0.798816
vt 0.253986 0.821859
vt 0.273746 0.798437
vt 0.640368 0.270267
vt 0.6319 0.270267
vt 0.6319 0.239623
vt 0.640368 0.239623
vt 0.245518 0.821859
vt 0.179445 0.798816
vt 0.225758 0.798437
vt 0.648541 0.315856
vt 0.623727 0.315856
vt 0.224434 0.45686
vt 0.32249 0.555093
vt 0.371518 0.217708
vt 0.469499 0.316033
vt 0.565826 0.384488
vt 0.6319 0.361444
vt 0.61214 0.384866
vt 0.586248 0.05351
vt 0.578543 0.057024
vt 0.565826 0.029144
vt 0.573531 0.025629
vt 0.640368 0.361444
vt 0.706441 0.384488
vt 0.660127 0.384866
vt 0.628026 0.098897
vt 0.63254 0.137921
vt 0.565826 0.188365
vt 0.571105 0.169503
vt 0.609922 0.163053
vt 0.608121 0.16949
vt 0.478041 0.301301
vt 0.37326 0.214776
vt 0.325446 0.553387
vt 0.239225 0.448338
vt 0.092538 0.599559
vt 0.083007 0.598411
vt 0.094677 0.502983
vt 0.112049 0.503595
vt 0.05206 0.596997
vt 0.041658 0.598556
vt 0.027552 0.503552
vt 0.051713 0.501377
vt 0.032044 0.599971
vt 0.017965 0.504308
vt 0.073358 0.596744
vt 0.071645 0.501148
vt 0.124039 0.504341
vt 0.120011 0.601136
vt 0.119717 0.600793
vt 0.099126 0.599859
vt 0.095237 0.041238
vt 0.112523 0.041247
vt 0.016193 0.041381
vt 0.025691 0.041344
vt 0.112537 0.031833
vt 0.124039 0.031873
vt 0.124025 0.041287
vt 0.111676 0.008676
vt 0.116643 0.008707
vt 0.050928 0.04128
vt 0.071871 0.041263
vt 0.588755 0.637589
vt 0.640565 0.637589
vt 0.640565 0.64798
vt 0.588755 0.64798
vt 0.640565 0.658371
vt 0.588755 0.658371
vt 0.588754 0.533678
vt 0.640564 0.533678
vt 0.640564 0.544069
vt 0.588754 0.544069
vt 0.640564 0.55446
vt 0.588754 0.55446
vt 0.640564 0.564851
vt 0.588755 0.564852
vt 0.640564 0.575242
vt 0.588755 0.575243
vt 0.640564 0.585633
vt 0.588755 0.585634
vt 0.640564 0.596025
vt 0.588755 0.596025
vt 0.640564 0.606416
vt 0.588755 0.606416
vt 0.640565 0.616807
vt 0.588755 0.616807
vt 0.64576 0.524679
vt 0.654759 0.519484
vt 0.66515 0.519484
vt 0.674149 0.524679
vt 0.679344 0.533678
vt 0.679344 0.544069
vt 0.674149 0.553068
vt 0.66515 0.558264
vt 0.654759 0.558264
vt 0.64576 0.553068
vt 0.640565 0.627198
vt 0.588755 0.627198
vt 0.09969 0.665111
vt 0.090691 0.659915
vt 0.085496 0.650916
vt 0.085496 0.640525
vt 0.090691 0.631526
vt 0.09969 0.626331
vt 0.110081 0.626331
vt 0.11908 0.631526
vt 0.124275 0.640525
vt 0.124275 0.650916
vt 0.11908 0.659915
vt 0.110081 0.665111
vt 0.795206 0.939832
vt 0.825674 0.981916
vt 0.804699 0.978372
vt 0.792024 0.960866
vt 0.461705 0.611238
vt 0.384145 0.590456
vt 0.410123 0.545461
vt 0.466901 0.602239
vt 0.455118 0.519484
vt 0.4759 0.597044
vt 0.507073 0.519484
vt 0.486291 0.597044
vt 0.552067 0.545461
vt 0.49529 0.602239
vt 0.578045 0.590456
vt 0.500485 0.611238
vt 0.578045 0.642411
vt 0.500485 0.621629
vt 0.552067 0.687406
vt 0.49529 0.630628
vt 0.507073 0.713383
vt 0.486291 0.635823
vt 0.455118 0.713383
vt 0.4759 0.635823
vt 0.410123 0.687406
vt 0.466901 0.630628
vt 0.384145 0.642411
vt 0.461705 0.621629
vt 0.545525 0.173277
vt 0.602303 0.116499
vt 0.611302 0.121694
vt 0.59052 0.199254
vt 0.519547 0.128282
vt 0.597107 0.1075
vt 0.519547 0.076327
vt 0.597107 0.097109
vt 0.545525 0.031332
vt 0.602303 0.08811
vt 0.59052 0.005355
vt 0.611302 0.082915
vt 0.642475 0.005355
vt 0.621693 0.082915
vt 0.687469 0.031332
vt 0.630692 0.08811
vt 0.713447 0.076327
vt 0.635887 0.097109
vt 0.713447 0.128282
vt 0.635887 0.1075
vt 0.687469 0.173277
vt 0.630692 0.116499
vt 0.642475 0.199254
vt 0.621693 0.121694
vt 0.17193 0.005355
vt 0.17193 0.265385
vt 0.161539 0.265385
vt 0.161539 0.005355
vt 0.182321 0.005355
vt 0.182321 0.265385
vt 0.192712 0.005355
vt 0.192712 0.265385
vt 0.203103 0.005355
vt 0.203103 0.265385
vt 0.213494 0.005355
vt 0.213494 0.265385
vt 0.223885 0.005355
vt 0.223885 0.265385
vt 0.234276 0.005355
vt 0.234276 0.265385
vt 0.244667 0.005355
vt 0.244667 0.265385
vt 0.255058 0.005355
vt 0.255058 0.265385
vt 0.265449 0.005355
vt 0.265449 0.265385
vt 0.151148 0.005355
vt 0.151148 0.265385
vt 0.140757 0.265385
vt 0.140757 0.005355
vt 0.183181 0.81173
vt 0.202308 0.81173
vt 0.197021 0.840161
vt 0.188469 0.840161
vt 0.271291 0.621629
vt 0.342263 0.550657
vt 0.373436 0.60465
vt 0.276486 0.630628
vt 0.262292 0.616434
vt 0.288269 0.519484
vt 0.251901 0.616434
vt 0.225923 0.519484
vt 0.242902 0.621629
vt 0.17193 0.550657
vt 0.237706 0.630628
vt 0.140757 0.60465
vt 0.237706 0.641019
vt 0.140757 0.666997
vt 0.242902 0.650018
vt 0.17193 0.72099
vt 0.251901 0.655213
vt 0.225923 0.752163
vt 0.262292 0.655213
vt 0.28827 0.752163
vt 0.271291 0.650018
vt 0.342263 0.72099
vt 0.276486 0.641019
vt 0.373436 0.666997
vt 0.085496 0.547006
vt 0.005355 0.547006
vt 0.005355 0.536614
vt 0.085496 0.536615
vt 0.005355 0.526224
vt 0.085496 0.526224
vt 0.005355 0.650916
vt 0.005355 0.640525
vt 0.005355 0.630134
vt 0.085496 0.630134
vt 0.005355 0.619743
vt 0.085496 0.619743
vt 0.005355 0.609352
vt 0.085496 0.609352
vt 0.005355 0.598961
vt 0.085496 0.598961
vt 0.005355 0.58857
vt 0.085496 0.58857
vt 0.005355 0.578179
vt 0.085496 0.578179
vt 0.005355 0.567788
vt 0.085496 0.567788
vt 0.005355 0.557397
vt 0.085496 0.557397
vt 0.140757 0.423608
vt 0.237706 0.39763
vt 0.242902 0.406629
vt 0.17193 0.477601
vt 0.251901 0.411825
vt 0.225923 0.508774
vt 0.262292 0.411825
vt 0.28827 0.508774
vt 0.271291 0.406629
vt 0.342263 0.477601
vt 0.276486 0.39763
vt 0.373436 0.423608
vt 0.276486 0.387239
vt 0.373436 0.361261
vt 0.271291 0.37824
vt 0.342263 0.307268
vt 0.262292 0.373045
vt 0.28827 0.276095
vt 0.251901 0.373045
vt 0.225923 0.276095
vt 0.242902 0.37824
vt 0.17193 0.307268
vt 0.237706 0.387239
vt 0.140757 0.361261
vt 0.478122 0.839965
vt 0.439462 0.888878
vt 0.434404 0.860745
vt 0.449583 0.841541
vt 0.406693 0.1075
vt 0.477665 0.036528
vt 0.508838 0.090521
vt 0.411888 0.116499
vt 0.508838 0.152868
vt 0.411888 0.12689
vt 0.477665 0.206861
vt 0.406693 0.135889
vt 0.423671 0.238034
vt 0.397694 0.141084
vt 0.361325 0.238034
vt 0.387303 0.141084
vt 0.307332 0.206861
vt 0.378304 0.135889
vt 0.276158 0.152868
vt 0.373108 0.12689
vt 0.276158 0.090521
vt 0.373108 0.116499
vt 0.307332 0.036528
vt 0.378304 0.1075
vt 0.361325 0.005355
vt 0.387303 0.102304
vt 0.423671 0.005355
vt 0.397694 0.102304
vt 0.531658 0.508774
vt 0.505681 0.411825
vt 0.51468 0.406629
vt 0.585652 0.477601
vt 0.469312 0.508774
vt 0.49529 0.411825
vt 0.415319 0.477601
vt 0.486291 0.406629
vt 0.384145 0.423608
vt 0.481095 0.39763
vt 0.384145 0.361261
vt 0.481095 0.387239
vt 0.415319 0.307268
vt 0.486291 0.37824
vt 0.469312 0.276095
vt 0.49529 0.373045
vt 0.531658 0.276095
vt 0.505681 0.373045
vt 0.585652 0.307268
vt 0.51468 0.37824
vt 0.616825 0.361261
vt 0.519875 0.387239
vt 0.616825 0.423608
vt 0.519875 0.39763
vt 0.036528 0.005355
vt 0.036528 0.515514
vt 0.026137 0.515514
vt 0.026137 0.005355
vt 0.046919 0.005355
vt 0.046919 0.515514
vt 0.05731 0.005355
vt 0.05731 0.515514
vt 0.067701 0.005355
vt 0.067701 0.515514
vt 0.078092 0.005355
vt 0.078092 0.515514
vt 0.088483 0.005355
vt 0.088483 0.515514
vt 0.098874 0.005355
vt 0.098874 0.515514
vt 0.109265 0.005355
vt 0.109265 0.515514
vt 0.119656 0.005355
vt 0.119656 0.515514
vt 0.130047 0.005355
vt 0.130047 0.515514
vt 0.015746 0.005355
vt 0.015746 0.515514
vt 0.005355 0.515514
vt 0.005355 0.005355
vt 0.956462 0.66908
vt 0.960995 0.66908
vt 0.960995 0.690693
vt 0.956462 0.690693
vt 0.964177 0.711727
vt 0.95328 0.711727
vt 0.75384 0.981916
vt 0.784309 0.939832
vt 0.787491 0.960866
vt 0.774816 0.978372
vt 0.900625 0.391968
vt 0.907164 0.391968
vt 0.907164 0.416446
vt 0.900625 0.416446
vt 0.422806 0.888878
vt 0.427864 0.860745
vt 0.384145 0.839965
vt 0.412685 0.841541
vt 0.912222 0.444578
vt 0.895567 0.444578
vt 0.197021 0.868036
vt 0.188469 0.868036
vt 0.732478 0.568341
vt 0.690053 0.522655
vt 0.718798 0.519484
vt 0.737766 0.539909
vt 0.751605 0.568341
vt 0.746317 0.539909
vt 0.794029 0.522655
vt 0.765285 0.519484
vt 0.712663 0.939832
vt 0.743131 0.981916
vt 0.722156 0.978372
vt 0.709481 0.960866
vt 0.746317 0.596773
vt 0.737766 0.596773
vt 0.838842 0.106878
vt 0.877502 0.057965
vt 0.88256 0.086098
vt 0.867381 0.105302
vt 0.787491 0.897186
vt 0.792024 0.897186
vt 0.792024 0.918799
vt 0.787491 0.918799
vt 0.671298 0.981916
vt 0.701766 0.939832
vt 0.704948 0.960866
vt 0.692273 0.978372
vt 0.434404 0.941488
vt 0.427864 0.941488
vt 0.427864 0.91701
vt 0.434404 0.91701
vt 0.894158 0.057965
vt 0.8891 0.086098
vt 0.932818 0.106878
vt 0.904279 0.105302
vt 0.746317 0.624647
vt 0.737766 0.624647
vt 0.650306 0.725386
vt 0.69273 0.771072
vt 0.663986 0.774244
vt 0.645018 0.753818
vt 0.631179 0.725386
vt 0.636467 0.753818
vt 0.588754 0.771072
vt 0.617499 0.774244
vt 0.944178 0.8276
vt 0.974646 0.869683
vt 0.953671 0.86614
vt 0.940996 0.848633
vt 0.636467 0.696955
vt 0.645018 0.696955
vt 0.005355 0.893216
vt 0.044015 0.844303
vt 0.049073 0.872436
vt 0.033894 0.89164
vt 0.704948 0.897186
vt 0.709481 0.897186
vt 0.709481 0.918799
vt 0.704948 0.918799
vt 0.902813 0.869683
vt 0.933281 0.8276
vt 0.936463 0.848633
vt 0.923788 0.86614
vt 0.88256 0.005355
vt 0.8891 0.005355
vt 0.8891 0.029833
vt 0.88256 0.029833
vt 0.060671 0.844303
vt 0.055613 0.872436
vt 0.099331 0.893216
vt 0.070792 0.89164
vt 0.636467 0.66908
vt 0.645018 0.66908
vt 0.689086 0.332401
vt 0.73151 0.378087
vt 0.702766 0.381258
vt 0.683798 0.360833
vt 0.669959 0.332401
vt 0.675247 0.360833
vt 0.627534 0.378087
vt 0.656279 0.381258
vt 0.04672 0.946572
vt 0.077188 0.988655
vt 0.056213 0.985112
vt 0.043538 0.967605
vt 0.675247 0.303969
vt 0.683798 0.303969
vt 0.856905 0.377618
vt 0.895566 0.328705
vt 0.900624 0.356838
vt 0.885445 0.376042
vt 0.936463 0.784953
vt 0.940996 0.784953
vt 0.940996 0.806566
vt 0.936463 0.806566
vt 0.005355 0.988655
vt 0.035823 0.946572
vt 0.039005 0.967605
vt 0.02633 0.985112
vt 0.049073 0.791693
vt 0.055613 0.791693
vt 0.055613 0.816171
vt 0.049073 0.816171
vt 0.912221 0.328705
vt 0.907163 0.356838
vt 0.950882 0.377618
vt 0.922342 0.376042
vt 0.675247 0.276095
vt 0.683798 0.276095
vt 0.766581 0.054212
vt 0.724156 0.008526
vt 0.752901 0.005355
vt 0.771869 0.02578
vt 0.785708 0.054212
vt 0.78042 0.02578
vt 0.828132 0.008526
vt 0.799388 0.005355
vt 0.95079 0.56213
vt 0.981258 0.604214
vt 0.960283 0.60067
vt 0.947608 0.583164
vt 0.78042 0.082644
vt 0.771869 0.082644
vt 0.804739 0.621007
vt 0.843399 0.572094
vt 0.848457 0.600226
vt 0.833278 0.61943
vt 0.039005 0.903925
vt 0.043538 0.903925
vt 0.043538 0.925538
vt 0.039005 0.925538
vt 0.909425 0.604214
vt 0.939893 0.56213
vt 0.943075 0.583164
vt 0.9304 0.60067
vt 0.900624 0.276095
vt 0.907163 0.276095
vt 0.907163 0.300573
vt 0.900624 0.300573
vt 0.860055 0.572094
vt 0.854997 0.600226
vt 0.898715 0.621007
vt 0.870176 0.61943
vt 0.78042 0.110518
vt 0.771869 0.110518
vt 0.785708 0.177533
vt 0.828132 0.22322
vt 0.799388 0.226391
vt 0.78042 0.205965
vt 0.766581 0.177533
vt 0.771869 0.205965
vt 0.724156 0.22322
vt 0.752901 0.226391
vt 0.296808 0.917752
vt 0.327276 0.959835
vt 0.3063 0.956292
vt 0.293626 0.938785
vt 0.771869 0.149102
vt 0.78042 0.149102
vt 0.588754 0.886476
vt 0.627415 0.837564
vt 0.632473 0.865696
vt 0.617294 0.8849
vt 0.943075 0.519484
vt 0.947608 0.519484
vt 0.947608 0.541097
vt 0.943075 0.541097
vt 0.255442 0.959835
vt 0.285911 0.917752
vt 0.289093 0.938785
vt 0.276418 0.956292
vt 0.848458 0.519484
vt 0.854997 0.519484
vt 0.854997 0.543962
vt 0.848458 0.543962
vt 0.644071 0.837564
vt 0.639012 0.865696
vt 0.682731 0.886476
vt 0.654191 0.8849
vt 0.771869 0.121227
vt 0.78042 0.121227
vt 0.745864 0.717938
vt 0.70344 0.672252
vt 0.732184 0.66908
vt 0.751152 0.689506
vt 0.764991 0.717938
vt 0.759703 0.689506
vt 0.807416 0.672252
vt 0.778671 0.66908
vt 0.182122 0.921392
vt 0.21259 0.963476
vt 0.191615 0.959932
vt 0.17894 0.942425
vt 0.759703 0.746369
vt 0.751152 0.746369
vt 0.892103 0.784953
vt 0.853443 0.833866
vt 0.848385 0.805733
vt 0.863564 0.786529
vt 0.289093 0.875105
vt 0.293626 0.875105
vt 0.293626 0.896718
vt 0.289093 0.896718
vt 0.140757 0.963476
vt 0.171225 0.921392
vt 0.174407 0.942425
vt 0.161732 0.959932
vt 0.632473 0.784953
vt 0.639013 0.784953
vt 0.639012 0.809432
vt 0.632473 0.809432
vt 0.836787 0.833866
vt 0.841845 0.805733
vt 0.798127 0.784953
vt 0.826666 0.786529
vt 0.759703 0.774244
vt 0.751152 0.774244
vt 0.42657 0.77295
vt 0.384145 0.727264
vt 0.41289 0.724093
vt 0.431858 0.744518
vt 0.445697 0.77295
vt 0.440409 0.744518
vt 0.488122 0.727264
vt 0.459377 0.724093
vt 0.540196 0.862179
vt 0.570665 0.904263
vt 0.549689 0.900719
vt 0.537014 0.883212
vt 0.440409 0.801382
vt 0.431858 0.801382
vt 0.787417 0.784953
vt 0.748757 0.833866
vt 0.743699 0.805733
vt 0.758878 0.786529
vt 0.174407 0.878745
vt 0.17894 0.878745
vt 0.17894 0.900358
vt 0.174407 0.900358
vt 0.498831 0.904263
vt 0.529299 0.862179
vt 0.532481 0.883212
vt 0.519806 0.900719
vt 0.848385 0.886476
vt 0.841845 0.886476
vt 0.841845 0.861998
vt 0.848385 0.861998
vt 0.732101 0.833865
vt 0.737159 0.805733
vt 0.69344 0.784953
vt 0.72198 0.786529
vt 0.440409 0.829256
vt 0.431858 0.829256
vt 0.784644 0.324952
vt 0.74222 0.279266
vt 0.770964 0.276095
vt 0.789932 0.296521
vt 0.803771 0.324952
vt 0.798483 0.296521
vt 0.846196 0.279266
vt 0.817451 0.276095
vt 0.619223 0.939269
vt 0.588754 0.897186
vt 0.60973 0.900729
vt 0.622405 0.918236
vt 0.798483 0.353384
vt 0.789932 0.353384
vt 0.818125 0.770603
vt 0.856786 0.721691
vt 0.861844 0.749823
vt 0.846665 0.769027
vt 0.532481 0.819532
vt 0.537014 0.819532
vt 0.537014 0.841145
vt 0.532481 0.841145
vt 0.660588 0.897186
vt 0.63012 0.939269
vt 0.626938 0.918236
vt 0.639613 0.900729
vt 0.743698 0.886476
vt 0.737159 0.886476
vt 0.737159 0.861998
vt 0.743698 0.861998
vt 0.873441 0.721691
vt 0.868383 0.749823
vt 0.912102 0.770603
vt 0.883562 0.769027
vt 0.798483 0.381258
vt 0.789932 0.381258
vt 0.803772 0.448274
vt 0.846197 0.49396
vt 0.817452 0.497131
vt 0.798484 0.476705
vt 0.784645 0.448274
vt 0.789933 0.476705
vt 0.74222 0.49396
vt 0.770965 0.497131
vt 0.529299 0.766176
vt 0.498831 0.724093
vt 0.519806 0.727636
vt 0.532481 0.745143
vt 0.789933 0.419842
vt 0.798484 0.419842
vt 0.349419 0.762873
vt 0.310759 0.811785
vt 0.305701 0.783653
vt 0.32088 0.764449
vt 0.626938 0.981916
vt 0.622405 0.981916
vt 0.622405 0.960303
vt 0.626938 0.960303
vt 0.570665 0.724093
vt 0.540196 0.766176
vt 0.537014 0.745143
vt 0.549689 0.727636
vt 0.861844 0.66908
vt 0.868383 0.66908
vt 0.868383 0.693559
vt 0.861844 0.693559
vt 0.294103 0.811785
vt 0.299161 0.783653
vt 0.255442 0.762873
vt 0.283982 0.764449
vt 0.789933 0.391968
vt 0.798484 0.391968
vt 0.047779 0.724677
vt 0.005355 0.678991
vt 0.034099 0.67582
vt 0.053067 0.696246
vt 0.066906 0.724677
vt 0.061618 0.696246
vt 0.109331 0.678991
vt 0.080586 0.67582
vt 0.933281 0.922476
vt 0.902813 0.880393
vt 0.923788 0.883936
vt 0.936463 0.901443
vt 0.061618 0.753109
vt 0.053067 0.753109
vt 0.932819 0.121227
vt 0.894158 0.17014
vt 0.8891 0.142007
vt 0.904279 0.122803
vt 0.537014 0.808823
vt 0.532481 0.808823
vt 0.532481 0.78721
vt 0.537014 0.78721
vt 0.974647 0.880393
vt 0.944178 0.922476
vt 0.940996 0.901443
vt 0.953671 0.883936
vt 0.3057 0.864396
vt 0.299161 0.864396
vt 0.299161 0.839917
vt 0.3057 0.839917
vt 0.877502 0.17014
vt 0.88256 0.142007
vt 0.838841 0.121227
vt 0.867381 0.122803
vt 0.061618 0.780983
vt 0.053067 0.780983
vt 0.689086 0.448274
vt 0.731511 0.49396
vt 0.702766 0.497131
vt 0.683798 0.476706
vt 0.669959 0.448274
vt 0.675247 0.476706
vt 0.627534 0.49396
vt 0.656279 0.497131
vt 0.994645 0.75381
vt 0.97367 0.750267
vt 0.960995 0.73276
vt 0.675247 0.419842
vt 0.683798 0.419842
vt 0.856906 0.49349
vt 0.900625 0.47271
vt 0.885446 0.491914
vt 0.940996 0.965123
vt 0.936463 0.965123
vt 0.936463 0.94351
vt 0.940996 0.94351
vt 0.922811 0.75381
vt 0.956462 0.73276
vt 0.943787 0.750267
vt 0.8891 0.22275
vt 0.88256 0.22275
vt 0.88256 0.198272
vt 0.8891 0.198272
vt 0.907164 0.47271
vt 0.950883 0.49349
vt 0.922343 0.491914
vt 0.675247 0.391968
vt 0.683798 0.391968
vt 0.140757 0.766044
vt 0.169501 0.762873
vt 0.188469 0.783298
vt 0.197021 0.783298
vt 0.244733 0.766044
vt 0.215988 0.762873
vt 0.334623 0.548028
vt 0.285286 0.421793
vt 0.302222 0.412035
vt 0.338037 0.546113
vt 0.50476 0.255123
vt 0.378526 0.205555
vt 0.380485 0.202163
vt 0.514564 0.238158
vt 0.585426 0.118327
vt 0.590025 0.101893
vt 0.616379 0.13998
vt 0.61481 0.145588
vt 0.612602 0.091596
vt 0.624084 0.136465
vt 0.677565 0.118134
vt 0.696252 0.123999
vt 0.657359 0.149149
vt 0.649446 0.144486
vt 0.803289 0.695154
vt 0.803289 0.719969
vt 0.7577 0.711796
vt 0.7577 0.703327
vt 0.391967 0.412083
vt 0.355997 0.54611
vt 0.380488 0.184206
vt 0.514567 0.148318
vt 0.871921 0.777869
vt 0.848877 0.711796
vt 0.872299 0.731555
vt 0.832242 0.466769
vt 0.823773 0.466769
vt 0.823773 0.436125
vt 0.832242 0.436125
vt 0.848877 0.703327
vt 0.871921 0.637254
vt 0.872299 0.683568
vt 0.840415 0.512357
vt 0.8156 0.512357
vt 0.469693 0.456989
vt 0.371549 0.555089
vt 0.371512 0.168652
vt 0.469665 0.070531
vt 0.7577 0.580989
vt 0.823773 0.557946
vt 0.804014 0.581368
vt 0.640368 0.66327
vt 0.6319 0.66327
vt 0.6319 0.632626
vt 0.640368 0.632626
vt 0.832242 0.557946
vt 0.898315 0.580989
vt 0.852001 0.581368
vt 0.648541 0.708859
vt 0.623727 0.708859
vt 0.514566 0.534735
vt 0.38053 0.57064
vt 0.355962 0.159674
vt 0.39189 0.025629
vt 0.565826 0.777491
vt 0.6319 0.754447
vt 0.61214 0.777869
vt 0.832241 0.270267
vt 0.823773 0.270267
vt 0.823773 0.239623
vt 0.832241 0.239623
vt 0.640368 0.754447
vt 0.706442 0.777491
vt 0.660128 0.777869
vt 0.840414 0.315856
vt 0.8156 0.315856
vt 0.514566 0.624509
vt 0.380532 0.588598
vt 0.338005 0.159675
vt 0.302093 0.025632
vt 0.7577 0.384488
vt 0.823773 0.361444
vt 0.804014 0.384866
vt 0.437392 0.913036
vt 0.44586 0.913036
vt 0.44586 0.94368
vt 0.437392 0.94368
vt 0.832241 0.361444
vt 0.898315 0.384488
vt 0.852001 0.384866
vt 0.429219 0.867448
vt 0.454033 0.867448
vt 0.46968 0.702266
vt 0.371555 0.60415
vt 0.322454 0.168654
vt 0.224334 0.07053
vt 0.511934 0.798816
vt 0.44586 0.821859
vt 0.46562 0.798437
vt 0.6319 0.550724
vt 0.640368 0.550724
vt 0.640368 0.581368
vt 0.6319 0.581368
vt 0.437392 0.821859
vt 0.371319 0.798816
vt 0.417632 0.798437
vt 0.623727 0.505135
vt 0.648541 0.505135
vt 0.391927 0.747168
vt 0.356005 0.613129
vt 0.313476 0.184206
vt 0.179445 0.148287
vt 0.706441 0.436503
vt 0.640368 0.459547
vt 0.660128 0.436125
vt 0.813583 0.140228
vt 0.822052 0.140228
vt 0.822052 0.170872
vt 0.813583 0.170872
vt 0.6319 0.459547
vt 0.565826 0.436503
vt 0.61214 0.436125
vt 0.805411 0.09464
vt 0.830225 0.09464
vt 0.302133 0.747179
vt 0.338049 0.613131
vt 0.313477 0.202164
vt 0.179445 0.23806
vt 0.888125 0.026008
vt 0.822052 0.049051
vt 0.841811 0.025629
vt 0.640368 0.859772
vt 0.6319 0.859772
vt 0.6319 0.829128
vt 0.640368 0.829128
vt 0.813584 0.049051
vt 0.74751 0.026008
vt 0.793824 0.025629
vt 0.648541 0.90536
vt 0.623727 0.90536
vt 0.224355 0.702286
vt 0.322497 0.604154
vt 0.322456 0.217717
vt 0.22432 0.3158
vt 0.565826 0.973992
vt 0.6319 0.950949
vt 0.61214 0.974371
vt 0.823774 0.943727
vt 0.832242 0.943727
vt 0.832242 0.974371
vt 0.823774 0.974371
vt 0.640368 0.950949
vt 0.706441 0.973992
vt 0.660128 0.974371
vt 0.815601 0.898138
vt 0.840415 0.898138
vt 0.179445 0.624499
vt 0.313516 0.588601
vt 0.338007 0.226693
vt 0.302022 0.360698
vt 0.898315 0.829506
vt 0.832242 0.85255
vt 0.852002 0.829128
vt 0.245518 0.913036
vt 0.253986 0.913036
vt 0.253986 0.94368
vt 0.245518 0.94368
vt 0.823774 0.85255
vt 0.7577 0.829506
vt 0.804014 0.829128
vt 0.237345 0.867448
vt 0.262159 0.867448
vt 0.179462 0.534661
vt 0.313514 0.570643
vt 0.355967 0.226691
vt 0.391735 0.360776
vt 0.32006 0.798816
vt 0.253986 0.821859
vt 0.273746 0.798437
vt 0.640368 0.270267
vt 0.6319 0.270267
vt 0.6319 0.239623
vt 0.640368 0.239623
vt 0.245518 0.821859
vt 0.179445 0.798816
vt 0.225758 0.798437
vt 0.648541 0.315856
vt 0.623727 0.315856
vt 0.224434 0.45686
vt 0.32249 0.555093
vt 0.371518 0.217708
vt 0.469499 0.316033
vt 0.565826 0.384488
vt 0.6319 0.361444
vt 0.61214 0.384866
vt 0.586248 0.05351
vt 0.578543 0.057024
vt 0.565826 0.029144
vt 0.573531 0.025629
vt 0.640368 0.361444
vt 0.706441 0.384488
vt 0.660127 0.384866
vt 0.628026 0.098897
vt 0.63254 0.137921
vt 0.565826 0.188365
vt 0.571105 0.169503
vt 0.609922 0.163053
vt 0.608121 0.16949
vt 0.478041 0.301301
vt 0.37326 0.214776
vt 0.325446 0.553387
vt 0.239225 0.448338
vt 0.092538 0.599559
vt 0.083007 0.598411
vt 0.094677 0.502983
vt 0.112049 0.503595
vt 0.05206 0.596997
vt 0.041658 0.598556
vt 0.027552 0.503552
vt 0.051713 0.501377
vt 0.032044 0.599971
vt 0.017965 0.504308
vt 0.073358 0.596744
vt 0.071645 0.501148
vt 0.124039 0.504341
vt 0.120011 0.601136
vt 0.119717 0.600793
vt 0.099126 0.599859
vt 0.095237 0.041238
vt 0.112523 0.041247
vt 0.016193 0.041381
vt 0.025691 0.041344
vt 0.112537 0.031833
vt 0.124039 0.031873
vt 0.124025 0.041287
vt 0.111676 0.008676
vt 0.116643 0.008707
vt 0.050928 0.04128
vt 0.071871 0.041263
vt 0.334623 0.548028
vt 0.285286 0.421793
vt 0.302222 0.412035
vt 0.338037 0.546113
vt 0.50476 0.255123
vt 0.378526 0.205555
vt 0.380485 0.202163
vt 0.514564 0.238158
vt 0.585426 0.118327
vt 0.590025 0.101893
vt 0.616379 0.13998
vt 0.61481 0.145588
vt 0.612602 0.091596
vt 0.624084 0.136465
vt 0.677565 0.118134
vt 0.696252 0.123999
vt 0.657359 0.149149
vt 0.649446 0.144486
vt 0.803289 0.695154
vt 0.803289 0.719969
vt 0.7577 0.711796
vt 0.7577 0.703327
vt 0.391967 0.412083
vt 0.355997 0.54611
vt 0.380488 0.184206
vt 0.514567 0.148318
vt 0.871921 0.777869
vt 0.848877 0.711796
vt 0.872299 0.731555
vt 0.832242 0.466769
vt 0.823773 0.466769
vt 0.823773 0.436125
vt 0.832242 0.436125
vt 0.848877 0.703327
vt 0.871921 0.637254
vt 0.872299 0.683568
vt 0.840415 0.512357
vt 0.8156 0.512357
vt 0.469693 0.456989
vt 0.371549 0.555089
vt 0.371512 0.168652
vt 0.469665 0.070531
vt 0.7577 0.580989
vt 0.823773 0.557946
vt 0.804014 0.581368
vt 0.640368 0.66327
vt 0.6319 0.66327
vt 0.6319 0.632626
vt 0.640368 0.632626
vt 0.832242 0.557946
vt 0.898315 0.580989
vt 0.852001 0.581368
vt 0.648541 0.708859
vt 0.623727 0.708859
vt 0.514566 0.534735
vt 0.38053 0.57064
vt 0.355962 0.159674
vt 0.39189 0.025629
vt 0.565826 0.777491
vt 0.6319 0.754447
vt 0.61214 0.777869
vt 0.832241 0.270267
vt 0.823773 0.270267
vt 0.823773 0.239623
vt 0.832241 0.239623
vt 0.640368 0.754447
vt 0.706442 0.777491
vt 0.660128 0.777869
vt 0.840414 0.315856
vt 0.8156 0.315856
vt 0.514566 0.624509
vt 0.380532 0.588598
vt 0.338005 0.159675
vt 0.302093 0.025632
vt 0.7577 0.384488
vt 0.823773 0.361444
vt 0.804014 0.384866
vt 0.437392 0.913036
vt 0.44586 0.913036
vt 0.44586 0.94368
vt 0.437392 0.94368
vt 0.832241 0.361444
vt 0.898315 0.384488
vt 0.852001 0.384866
vt 0.429219 0.867448
vt 0.454033 0.867448
vt 0.46968 0.702266
vt 0.371555 0.60415
vt 0.322454 0.168654
vt 0.224334 0.07053
vt 0.511934 0.798816
vt 0.44586 0.821859
vt 0.46562 0.798437
vt 0.6319 0.550724
vt 0.640368 0.550724
vt 0.640368 0.581368
vt 0.6319 0.581368
vt 0.437392 0.821859
vt 0.371319 0.798816
vt 0.417632 0.798437
vt 0.623727 0.505135
vt 0.648541 0.505135
vt 0.391927 0.747168
vt 0.356005 0.613129
vt 0.313476 0.184206
vt 0.179445 0.148287
vt 0.706441 0.436503
vt 0.640368 0.459547
vt 0.660128 0.436125
vt 0.813583 0.140228
vt 0.822052 0.140228
vt 0.822052 0.170872
vt 0.813583 0.170872
vt 0.6319 0.459547
vt 0.565826 0.436503
vt 0.61214 0.436125
vt 0.805411 0.09464
vt 0.830225 0.09464
vt 0.302133 0.747179
vt 0.338049 0.613131
vt 0.313477 0.202164
vt 0.179445 0.23806
vt 0.888125 0.026008
vt 0.822052 0.049051
vt 0.841811 0.025629
vt 0.640368 0.859772
vt 0.6319 0.859772
vt 0.6319 0.829128
vt 0.640368 0.829128
vt 0.813584 0.049051
vt 0.74751 0.026008
vt 0.793824 0.025629
vt 0.648541 0.90536
vt 0.623727 0.90536
vt 0.224355 0.702286
vt 0.322497 0.604154
vt 0.322456 0.217717
vt 0.22432 0.3158
vt 0.565826 0.973992
vt 0.6319 0.950949
vt 0.61214 0.974371
vt 0.823774 0.943727
vt 0.832242 0.943727
vt 0.832242 0.974371
vt 0.823774 0.974371
vt 0.640368 0.950949
vt 0.706441 0.973992
vt 0.660128 0.974371
vt 0.815601 0.898138
vt 0.840415 0.898138
vt 0.179445 0.624499
vt 0.313516 0.588601
vt 0.338007 0.226693
vt 0.302022 0.360698
vt 0.898315 0.829506
vt 0.832242 0.85255
vt 0.852002 0.829128
vt 0.245518 0.913036
vt 0.253986 0.913036
vt 0.253986 0.94368
vt 0.245518 0.94368
vt 0.823774 0.85255
vt 0.7577 0.829506
vt 0.804014 0.829128
vt 0.237345 0.867448
vt 0.262159 0.867448
vt 0.179462 0.534661
vt 0.313514 0.570643
vt 0.355967 0.226691
vt 0.391735 0.360776
vt 0.32006 0.798816
vt 0.253986 0.821859
vt 0.273746 0.798437
vt 0.640368 0.270267
vt 0.6319 0.270267
vt 0.6319 0.239623
vt 0.640368 0.239623
vt 0.245518 0.821859
vt 0.179445 0.798816
vt 0.225758 0.798437
vt 0.648541 0.315856
vt 0.623727 0.315856
vt 0.224434 0.45686
vt 0.32249 0.555093
vt 0.371518 0.217708
vt 0.469499 0.316033
vt 0.565826 0.384488
vt 0.6319 0.361444
vt 0.61214 0.384866
vt 0.586248 0.05351
vt 0.578543 0.057024
vt 0.565826 0.029144
vt 0.573531 0.025629
vt 0.640368 0.361444
vt 0.706441 0.384488
vt 0.660127 0.384866
vt 0.628026 0.098897
vt 0.63254 0.137921
vt 0.565826 0.188365
vt 0.571105 0.169503
vt 0.609922 0.163053
vt 0.608121 0.16949
vt 0.478041 0.301301
vt 0.37326 0.214776
vt 0.325446 0.553387
vt 0.239225 0.448338
vt 0.092538 0.599559
vt 0.083007 0.598411
vt 0.094677 0.502983
vt 0.112049 0.503595
vt 0.05206 0.596997
vt 0.041658 0.598556
vt 0.027552 0.503552
vt 0.051713 0.501377
vt 0.032044 0.599971
vt 0.017965 0.504308
vt 0.073358 0.596744
vt 0.071645 0.501148
vt 0.124039 0.504341
vt 0.120011 0.601136
vt 0.119717 0.600793
vt 0.099126 0.599859
vt 0.095237 0.041238
vt 0.112523 0.041247
vt 0.016193 0.041381
vt 0.025691 0.041344
vt 0.112537 0.031833
vt 0.124039 0.031873
vt 0.124025 0.041287
vt 0.111676 0.008676
vt 0.116643 0.008707
vt 0.050928 0.04128
vt 0.071871 0.041263
vt 0.334623 0.548028
vt 0.285286 0.421793
vt 0.302222 0.412035
vt 0.338037 0.546113
vt 0.50476 0.255123
vt 0.378526 0.205555
vt 0.380485 0.202163
vt 0.514564 0.238158
vt 0.585426 0.118327
vt 0.590025 0.101893
vt 0.616379 0.13998
vt 0.61481 0.145588
vt 0.612602 0.091596
vt 0.624084 0.136465
vt 0.677565 0.118134
vt 0.696252 0.123999
vt 0.657359 0.149149
vt 0.649446 0.144486
vt 0.803289 0.695154
vt 0.803289 0.719969
vt 0.7577 0.711796
vt 0.7577 0.703327
vt 0.391967 0.412083
vt 0.355997 0.54611
vt 0.380488 0.184206
vt 0.514567 0.148318
vt 0.871921 0.777869
vt 0.848877 0.711796
vt 0.872299 0.731555
vt 0.832242 0.466769
vt 0.823773 0.466769
vt 0.823773 0.436125
vt 0.832242 0.436125
vt 0.848877 0.703327
vt 0.871921 0.637254
vt 0.872299 0.683568
vt 0.840415 0.512357
vt 0.8156 0.512357
vt 0.469693 0.456989
vt 0.371549 0.555089
vt 0.371512 0.168652
vt 0.469665 0.070531
vt 0.7577 0.580989
vt 0.823773 0.557946
vt 0.804014 0.581368
vt 0.640368 0.66327
vt 0.6319 0.66327
vt 0.6319 0.632626
vt 0.640368 0.632626
vt 0.832242 0.557946
vt 0.898315 0.580989
vt 0.852001 0.581368
vt 0.648541 0.708859
vt 0.623727 0.708859
vt 0.514566 0.534735
vt 0.38053 0.57064
vt 0.355962 0.159674
vt 0.39189 0.025629
vt 0.565826 0.777491
vt 0.6319 0.754447
vt 0.61214 0.777869
vt 0.832241 0.270267
vt 0.823773 0.270267
vt 0.823773 0.239623
vt 0.832241 0.239623
vt 0.640368 0.754447
vt 0.706442 0.777491
vt 0.660128 0.777869
vt 0.840414 0.315856
vt 0.8156 0.315856
vt 0.514566 0.624509
vt 0.380532 0.588598
vt 0.338005 0.159675
vt 0.302093 0.025632
vt 0.7577 0.384488
vt 0.823773 0.361444
vt 0.804014 0.384866
vt 0.437392 0.913036
vt 0.44586 0.913036
vt 0.44586 0.94368
vt 0.437392 0.94368
vt 0.832241 0.361444
vt 0.898315 0.384488
vt 0.852001 0.384866
vt 0.429219 0.867448
vt 0.454033 0.867448
vt 0.46968 0.702266
vt 0.371555 0.60415
vt 0.322454 0.168654
vt 0.224334 0.07053
vt 0.511934 0.798816
vt 0.44586 0.821859
vt 0.46562 0.798437
vt 0.6319 0.550724
vt 0.640368 0.550724
vt 0.640368 0.581368
vt 0.6319 0.581368
vt 0.437392 0.821859
vt 0.371319 0.798816
vt 0.417632 0.798437
vt 0.623727 0.505135
vt 0.648541 0.505135
vt 0.391927 0.747168
vt 0.356005 0.613129
vt 0.313476 0.184206
vt 0.179445 0.148287
vt 0.706441 0.436503
vt 0.640368 0.459547
vt 0.660128 0.436125
vt 0.813583 0.140228
vt 0.822052 0.140228
vt 0.822052 0.170872
vt 0.813583 0.170872
vt 0.6319 0.459547
vt 0.565826 0.436503
vt 0.61214 0.436125
vt 0.805411 0.09464
vt 0.830225 0.09464
vt 0.302133 0.747179
vt 0.338049 0.613131
vt 0.313477 0.202164
vt 0.179445 0.23806
vt 0.888125 0.026008
vt 0.822052 0.049051
vt 0.841811 0.025629
vt 0.640368 0.859772
vt 0.6319 0.859772
vt 0.6319 0.829128
vt 0.640368 0.829128
vt 0.813584 0.049051
vt 0.74751 0.026008
vt 0.793824 0.025629
vt 0.648541 0.90536
vt 0.623727 0.90536
vt 0.224355 0.702286
vt 0.322497 0.604154
vt 0.322456 0.217717
vt 0.22432 0.3158
vt 0.565826 0.973992
vt 0.6319 0.950949
vt 0.61214 0.974371
vt 0.823774 0.943727
vt 0.832242 0.943727
vt 0.832242 0.974371
vt 0.823774 0.974371
vt 0.640368 0.950949
vt 0.706441 0.973992
vt 0.660128 0.974371
vt 0.815601 0.898138
vt 0.840415 0.898138
vt 0.179445 0.624499
vt 0.313516 0.588601
vt 0.338007 0.226693
vt 0.302022 0.360698
vt 0.898315 0.829506
vt 0.832242 0.85255
vt 0.852002 0.829128
vt 0.245518 0.913036
vt 0.253986 0.913036
vt 0.253986 0.94368
vt 0.245518 0.94368
vt 0.823774 0.85255
vt 0.7577 0.829506
vt 0.804014 0.829128
vt 0.237345 0.867448
vt 0.262159 0.867448
vt 0.179462 0.534661
vt 0.313514 0.570643
vt 0.355967 0.226691
vt 0.391735 0.360776
vt 0.32006 0.798816
vt 0.253986 0.821859
vt 0.273746 0.798437
vt 0.640368 0.270267
vt 0.6319 0.270267
vt 0.6319 0.239623
vt 0.640368 0.239623
vt 0.245518 0.821859
vt 0.179445 0.798816
vt 0.225758 0.798437
vt 0.648541 0.315856
vt 0.623727 0.315856
vt 0.224434 0.45686
vt 0.32249 0.555093
vt 0.371518 0.217708
vt 0.469499 0.316033
vt 0.565826 0.384488
vt 0.6319 0.361444
vt 0.61214 0.384866
vt 0.586248 0.05351
vt 0.578543 0.057024
vt 0.565826 0.029144
vt 0.573531 0.025629
vt 0.640368 0.361444
vt 0.706441 0.384488
vt 0.660127 0.384866
vt 0.628026 0.098897
vt 0.63254 0.137921
vt 0.565826 0.188365
vt 0.571105 0.169503
vt 0.609922 0.163053
vt 0.608121 0.16949
vt 0.478041 0.301301
vt 0.37326 0.214776
vt 0.325446 0.553387
vt 0.239225 0.448338
vt 0.092538 0.599559
vt 0.083007 0.598411
vt 0.094677 0.502983
vt 0.112049 0.503595
vt 0.05206 0.596997
vt 0.041658 0.598556
vt 0.027552 0.503552
vt 0.051713 0.501377
vt 0.032044 0.599971
vt 0.017965 0.504308
vt 0.073358 0.596744
vt 0.071645 0.501148
vt 0.124039 0.504341
vt 0.120011 0.601136
vt 0.119717 0.600793
vt 0.099126 0.599859
vt 0.095237 0.041238
vt 0.112523 0.041247
vt 0.016193 0.041381
vt 0.025691 0.041344
vt 0.112537 0.031833
vt 0.124039 0.031873
vt 0.124025 0.041287
vt 0.111676 0.008676
vt 0.116643 0.008707
vt 0.050928 0.04128
vt 0.071871 0.041263
vt 0.218762 0.111768
vt 0.432338 0.112332
vt 0.432192 0.16761
vt 0.218616 0.167045
vt 0.432046 0.222887
vt 0.21847 0.222323
vt 0.431899 0.278164
vt 0.218324 0.2776
vt 0.431753 0.333442
vt 0.218178 0.332877
vt 0.431607 0.388719
vt 0.218032 0.388155
vt 0.431461 0.443997
vt 0.217886 0.443432
vt 0.431315 0.499274
vt 0.21774 0.49871
vt 0.431169 0.554551
vt 0.217593 0.553987
vt 0.823125 0.451815
vt 0.747566 0.453015
vt 0.747611 0.420256
vt 0.823128 0.420458
vt 0.823103 0.087077
vt 0.898681 0.085633
vt 0.898622 0.11838
vt 0.823099 0.118155
vt 0.472835 0.444106
vt 0.472689 0.499383
vt 0.219055 0.001213
vt 0.43263 0.001777
vt 0.432484 0.057055
vt 0.218908 0.05649
vt 0.177768 0.443326
vt 0.177914 0.388049
vt 0.747611 0.118373
vt 0.898613 0.420261
vt 0.931448 0.118381
vt 0.931439 0.420262
vt 0.898664 0.45301
vt 0.747546 0.085638
vt 0.714784 0.420256
vt 0.714784 0.118373
vt 0.178353 0.222217
vt 0.178207 0.277494
vt 0.136223 0.267709
vt 0.136318 0.231779
vt 0.178061 0.332771
vt 0.178645 0.111662
vt 0.178791 0.056384
vt 0.178499 0.166939
vt 0.178937 0.001107
vt 0.217447 0.609264
vt 0.217301 0.664542
vt 0.177184 0.664436
vt 0.17733 0.609158
vt 0.177476 0.553881
vt 0.177622 0.498604
vt 0.085989 0.703603
vt 0.050059 0.703508
vt 0.01899 0.685461
vt 0.001107 0.654297
vt 0.001202 0.618366
vt 0.019249 0.587297
vt 0.050413 0.569414
vt 0.086344 0.569509
vt 0.117413 0.587557
vt 0.135296 0.618721
vt 0.135201 0.654651
vt 0.117153 0.68572
vt 0.135639 0.488819
vt 0.135734 0.452889
vt 0.136077 0.322987
vt 0.136172 0.287056
vt 0.136808 0.0466
vt 0.136903 0.010669
vt 0.136516 0.157155
vt 0.136611 0.121224
vt 0.135493 0.544096
vt 0.135588 0.508166
vt 0.135931 0.378264
vt 0.136026 0.342334
vt 0.136662 0.101877
vt 0.136757 0.065947
vt 0.136369 0.212432
vt 0.136464 0.176502
vt 0.135347 0.599374
vt 0.135442 0.563443
vt 0.135785 0.433542
vt 0.13588 0.397611
vt 0.472251 0.665216
vt 0.472397 0.609938
vt 0.51373 0.620083
vt 0.513637 0.65529
vt 0.472981 0.388829
vt 0.473128 0.333551
vt 0.473274 0.278274
vt 0.473858 0.057164
vt 0.473712 0.112442
vt 0.473566 0.167719
vt 0.47342 0.222996
vt 0.474004 0.001887
vt 0.430877 0.665106
vt 0.431023 0.609829
vt 0.472543 0.554661
vt 0.59681 0.703603
vt 0.561603 0.70351
vt 0.53116 0.685826
vt 0.531414 0.589639
vt 0.561951 0.572117
vt 0.597158 0.57221
vt 0.627601 0.589894
vt 0.645124 0.62043
vt 0.645031 0.655637
vt 0.627347 0.68608
vt 0.514169 0.454251
vt 0.514076 0.489457
vt 0.514607 0.288419
vt 0.514514 0.323625
vt 0.515338 0.012031
vt 0.515244 0.047238
vt 0.515045 0.122586
vt 0.514952 0.157793
vt 0.514023 0.509528
vt 0.513929 0.544735
vt 0.514461 0.343696
vt 0.514368 0.378903
vt 0.515191 0.067309
vt 0.515098 0.102516
vt 0.514899 0.177864
vt 0.514806 0.21307
vt 0.513876 0.564805
vt 0.513783 0.600012
vt 0.514315 0.398973
vt 0.514222 0.43418
vt 0.514753 0.233141
vt 0.51466 0.268348
vt 0.647338 0.376101
vt 0.647338 0.162528
vt 0.681477 0.162528
vt 0.681477 0.376101
vt 0.769734 0.001119
vt 0.8231 0.015118
vt 0.823102 0.036239
vt 0.769913 0.035194
vt 0.876495 0.537578
vt 0.823128 0.523528
vt 0.823126 0.502629
vt 0.876346 0.503495
vt 0.998893 0.162537
vt 0.998887 0.376109
vt 0.964747 0.376108
vt 0.964754 0.162536
vt 0.876469 0.001107
vt 0.876297 0.035184
vt 0.769759 0.53759
vt 0.769901 0.503505
vn -0.9769 0.2138 0
vn 0 0.344 -0.939
vn 0 -1 0
vn 0 1 0
vn 0.9769 0.2138 0
vn 0 0.9204 0.3909
vn -0.9769 0.2136 -0.0002
vn 0.8134 0.5817 0
vn -0.8134 0.5817 0
vn 0 0.7674 0.6411
vn 0 1 -0.0024
vn 0 1 -0.0026
vn -0.3777 0.9259 -0.0023
vn -1 0 0
vn 0 0.0019 1
vn 0.9966 -0.0822 0.0002
vn 1 0 0
vn 0.9769 0.2136 -0.0003
vn 0 0.344 0.939
vn 0 0.9204 -0.3909
vn -0.9769 0.2136 0.0002
vn 0 0.7674 -0.6411
vn 0 1 0.0024
vn 0 1 0.0026
vn -0.3777 0.9259 0.0023
vn 0 0.0019 -1
vn 0.9966 -0.0822 -0.0002
vn 0.9769 0.2136 0.0003
vn -0.4891 0.2078 0.8471
vn 0.4891 0.2078 0.8471
vn 0.4891 0.2078 -0.8471
vn -0.4891 0.2078 -0.8471
vn -0.9782 0.2078 0
vn 0.9782 0.2078 0
vn 0.5 0 -0.866
vn 0.5 0 0.866
vn -0.5 0 0.866
vn 1 0 0
vn -1 0 0
vn -0.5 0 -0.866
vn -0.4166 0.5529 0.7216
vn 0.4166 0.5529 0.7216
vn 0.4166 0.5529 -0.7216
vn -0.4166 0.5529 -0.7216
vn -0.8332 0.5529 0
vn 0.8332 0.5529 0
vn 0 -1 0
vn 0.4168 0.5525 -0.7219
vn 0.4168 0.5525 0.7219
vn -0.8335 0.5525 0
vn 0.8335 0.5525 0
vn -0.4168 0.5525 0.7219
vn -0.4168 0.5525 -0.7219
vn 0.4045 0.5879 -0.7006
vn 0.4045 0.5879 0.7006
vn -0.8089 0.5879 0
vn 0.8089 0.5879 0
vn -0.4045 0.5879 0.7006
vn -0.4045 0.5879 -0.7006
vn -0.8921 0.4519 0
vn 0.8921 0.4519 0
vn -0.446 0.4519 0.7725
vn -0.446 0.4519 -0.7725
vn 0.446 0.4519 -0.7725
vn 0.446 0.4519 0.7725
vn 0.4807 0.275 -0.8326
vn 0.4807 0.275 0.8326
vn -0.9615 0.275 0
vn 0.9615 0.275 0
vn -0.4807 0.275 0.8326
vn -0.4807 0.275 -0.8326
vn 0 0 -1
vn 0 1 0
vn 0 0 1
vn 0.931 0.2506 0.2653
vn 0.9398 0 0.3416
vn 0 0.5647 0.8253
vn 0.9458 0.3247 0
vn -0.931 0.2506 0.2653
vn -0.9398 0 0.3416
vn -0.9458 0.3247 0
vn 0.931 0.2506 -0.2653
vn 0.9398 0 -0.3416
vn 0 0.5647 -0.8253
vn -0.931 0.2506 -0.2653
vn -0.9398 0 -0.3416
vn 0 -0.9082 0.4186
vn 1 0 0
vn -1 0 0
vn 0.9734 -0.2082 0.096
vn 0 -0.2706 0.9627
vn -0.9734 -0.2082 0.096
vn 0 -0.9077 -0.4196
vn 0 -0.9958 -0.0916
vn 0.9734 -0.2283 -0.021
vn 0 -0.7157 0.6984
vn -0.9734 -0.2283 -0.021
vn 0 -0.5763 -0.8172
vn 0 -0.8166 -0.5772
vn 0.9734 -0.1872 -0.1324
vn 0 -0.969 0.247
vn -0.9734 -0.1872 -0.1324
vn 0 -0.0905 -0.9959
vn 0 -0.4186 -0.9082
vn 0.9734 -0.096 -0.2082
vn 0 -0.9627 -0.2706
vn -0.9734 -0.096 -0.2082
vn 0 0.4196 -0.9077
vn 0 0.0916 -0.9958
vn 0.9734 0.021 -0.2283
vn 0 -0.6984 -0.7157
vn -0.9734 0.021 -0.2283
vn 0 0.8172 -0.5763
vn 0 0.5772 -0.8166
vn 0.9734 0.1324 -0.1872
vn 0 -0.247 -0.969
vn -0.9734 0.1324 -0.1872
vn 0 0.9959 -0.0905
vn 0 0.9082 -0.4186
vn 0.9734 0.2082 -0.096
vn 0 0.2706 -0.9627
vn -0.9734 0.2082 -0.096
vn 0 0.9077 0.4196
vn 0 0.9958 0.0916
vn 0.9734 0.2283 0.021
vn 0 0.7157 -0.6984
vn -0.9734 0.2283 0.021
vn 0 0.5763 0.8172
vn 0 0.8166 0.5772
vn 0.9734 0.1872 0.1324
vn 0 0.969 -0.247
vn -0.9734 0.1872 0.1324
vn 0 0.0905 0.9959
vn 0 0.4186 0.9082
vn 0.9734 0.096 0.2082
vn 0 0.9627 0.2706
vn -0.9734 0.096 0.2082
vn 0 -0.4196 0.9077
vn 0 -0.0916 0.9958
vn 0.9734 -0.021 0.2283
vn 0 0.6984 0.7157
vn -0.9734 -0.021 0.2283
vn 0 -0.8172 0.5763
vn 0 -0.5772 0.8166
vn 0.9734 -0.1324 0.1872
vn 0 0.247 0.969
vn -0.9734 -0.1324 0.1872
vn 0 -0.9959 0.0905
vn -0.9413 0 0.3377
vn 0 -1 0
vn 0 1 0
vn -0.2158 -0.9734 0.0774
vn -0.3537 0 0.9354
vn -0.2158 0.9734 0.0774
vn -0.8676 0 -0.4973
vn -0.984 0 -0.1782
vn -0.2256 -0.9734 -0.0409
vn -0.774 0 0.6332
vn -0.2256 0.9734 -0.0409
vn -0.5027 0 -0.8644
vn -0.7631 0 -0.6463
vn -0.175 -0.9734 -0.1482
vn -0.9869 0 0.1614
vn -0.175 0.9734 -0.1482
vn -0.0032 0 -1
vn -0.3377 0 -0.9413
vn -0.0774 -0.9734 -0.2158
vn -0.9354 0 -0.3537
vn -0.0774 0.9734 -0.2158
vn 0.4973 0 -0.8676
vn 0.1782 0 -0.984
vn 0.0409 -0.9734 -0.2256
vn -0.6332 0 -0.774
vn 0.0409 0.9734 -0.2256
vn 0.8644 0 -0.5027
vn 0.6463 0 -0.7631
vn 0.1482 -0.9734 -0.175
vn -0.1614 0 -0.9869
vn 0.1482 0.9734 -0.175
vn 1 0 -0.0032
vn 0.9413 0 -0.3377
vn 0.2158 -0.9734 -0.0774
vn 0.3537 0 -0.9354
vn 0.2158 0.9734 -0.0774
vn 0.8676 0 0.4973
vn 0.984 0 0.1782
vn 0.2256 -0.9734 0.0409
vn 0.774 0 -0.6332
vn 0.2256 0.9734 0.0409
vn 0.5027 0 0.8644
vn 0.7631 0 0.6463
vn 0.175 -0.9734 0.1482
vn 0.9869 0 -0.1614
vn 0.175 0.9734 0.1482
vn 0.0032 0 1
vn 0.3377 0 0.9413
vn 0.0774 -0.9734 0.2158
vn 0.9354 0 0.3537
vn 0.0774 0.9734 0.2158
vn -0.4973 0 0.8676
vn -0.1782 0 0.984
vn -0.0409 -0.9734 0.2256
vn 0.6332 0 0.774
vn -0.0409 0.9734 0.2256
vn -0.8644 0 0.5027
vn -0.6463 0 0.7631
vn -0.1482 -0.9734 0.175
vn 0.1614 0 0.9869
vn -0.1482 0.9734 0.175
vn -1 0 0.0032
vn -0.9413 0 -0.3377
vn -0.2158 -0.9734 -0.0774
vn -0.3537 0 -0.9354
vn -0.2158 0.9734 -0.0774
vn -0.8676 0 0.4973
vn -0.984 0 0.1782
vn -0.2256 -0.9734 0.0409
vn -0.774 0 -0.6332
vn -0.2256 0.9734 0.0409
vn -0.5027 0 0.8644
vn -0.7631 0 0.6463
vn -0.175 -0.9734 0.1482
vn -0.9869 0 -0.1614
vn -0.175 0.9734 0.1482
vn -0.0032 0 1
vn -0.3377 0 0.9413
vn -0.0774 -0.9734 0.2158
vn -0.9354 0 0.3537
vn -0.0774 0.9734 0.2158
vn 0.4973 0 0.8676
vn 0.1782 0 0.984
vn 0.0409 -0.9734 0.2256
vn -0.6332 0 0.774
vn 0.0409 0.9734 0.2256
vn 0.8644 0 0.5027
vn 0.6463 0 0.7631
vn 0.1482 -0.9734 0.175
vn -0.1614 0 0.9869
vn 0.1482 0.9734 0.175
vn 1 0 0.0032
vn 0.9413 0 0.3377
vn 0.2158 -0.9734 0.0774
vn 0.3537 0 0.9354
vn 0.2158 0.9734 0.0774
vn 0.8676 0 -0.4973
vn 0.984 0 -0.1782
vn 0.2256 -0.9734 -0.0409
vn 0.774 0 0.6332
vn 0.2256 0.9734 -0.0409
vn 0.5027 0 -0.8644
vn 0.7631 0 -0.6463
vn 0.175 -0.9734 -0.1482
vn 0.9869 0 0.1614
vn 0.175 0.9734 -0.1482
vn 0.0031 0 -1
vn 0.3377 0 -0.9413
vn 0.0774 -0.9734 -0.2158
vn 0.9354 0 -0.3537
vn 0.0774 0.9734 -0.2158
vn -0.4973 0 -0.8676
vn -0.1782 0 -0.984
vn -0.0409 -0.9734 -0.2256
vn 0.6332 0 -0.774
vn -0.0409 0.9734 -0.2256
vn -0.8644 0 -0.5027
vn -0.6463 0 -0.7631
vn -0.1482 -0.9734 -0.175
vn 0.1614 0 -0.9869
vn -0.1482 0.9734 -0.175
vn -1 0 -0.0032
vn 0.0032 0 -1
vn 0 -1 0
vn 0 1 0
vn 0.2639 -0.9271 0.2663
vn 0.9972 0 -0.075
vn 0.063 0.8324 0.5505
vn -0.0838 0 0.9965
vn 0.0954 -0.9271 0.3626
vn 0.2545 0 0.9671
vn 0.9011 0 0.4337
vn 0.0954 0.9271 0.3626
vn -0.5708 0 0.8211
vn -0.0986 -0.9271 0.3617
vn -0.2631 0 0.9648
vn 0.5635 0 0.8261
vn -0.0986 0.9271 0.3617
vn -0.9049 0 0.4256
vn -0.2663 -0.9271 0.2639
vn -0.7102 0 0.704
vn 0.075 0 0.9972
vn -0.2663 0.9271 0.2639
vn -0.9965 0 -0.0838
vn -0.3626 -0.9271 0.0954
vn -0.9671 0 0.2545
vn -0.4337 0 0.9011
vn -0.3626 0.9271 0.0954
vn -0.8211 0 -0.5708
vn -0.3617 -0.9271 -0.0986
vn -0.9648 0 -0.2631
vn -0.8261 0 0.5635
vn -0.3617 0.9271 -0.0986
vn -0.4257 0 -0.9049
vn -0.2639 -0.9271 -0.2663
vn -0.704 0 -0.7102
vn -0.9972 0 0.075
vn -0.2639 0.9271 -0.2663
vn 0.0838 0 -0.9965
vn -0.0954 -0.9271 -0.3626
vn -0.2545 0 -0.9671
vn -0.9011 0 -0.4337
vn -0.0954 0.9271 -0.3626
vn 0.5708 0 -0.8211
vn 0.0986 -0.9271 -0.3617
vn 0.2631 0 -0.9648
vn -0.5635 0 -0.8261
vn 0.0986 0.9271 -0.3617
vn 0.9049 0 -0.4256
vn 0.2663 -0.9271 -0.2639
vn 0.7102 0 -0.704
vn -0.075 0 -0.9972
vn 0.2663 0.9271 -0.2639
vn 0.9965 0 0.0838
vn 0.3626 -0.9271 -0.0954
vn 0.9671 0 -0.2545
vn 0.4337 0 -0.9011
vn 0.3626 0.9271 -0.0954
vn 0.8211 0 0.5708
vn 0.3617 -0.9271 0.0986
vn 0.9648 0 0.2631
vn 0.8261 0 -0.5635
vn 0.3617 0.9271 0.0986
vn 0.4256 0 0.9049
vn 0.0649 0.9957 0.0655
vn 0.5939 0.8022 0.0606
vn 0.7613 0 -0.6484
vn -0.7088 0.2757 0.6493
vn -0.7081 0 0.7061
vn -0.1998 0.9589 -0.2016
vn 0.7202 0.1071 -0.6854
vn 0.7101 0 -0.7041
vn -0.7101 0 0.7041
vn 0.7031 0 0.7111
vn 0.7035 0.0005 0.7107
vn 0.0001 -1 0.0001
vn -0.0001 1 -0.0001
vn -0.6981 0.1837 0.692
vn 0.71 -0.0225 -0.7039
vn 0.2588 0.9659 0
vn 0.7071 0.7071 0
vn 0.9659 0.2588 0
vn 0.9659 -0.2588 0
vn 0.7071 -0.7071 0
vn 0.2588 -0.9659 0
vn -0.2588 -0.9659 0
vn -0.7071 -0.7071 0
vn -0.9659 -0.2588 0
vn -0.9659 0.2588 0
vn 0 0 1
vn -0.7071 0.7071 0
vn -0.2588 0.9659 0
vn 0 0 -1
vn 0.2061 0.0552 0.977
vn 0.7914 -0.6113 0
vn 0.2282 0.0611 -0.9717
vn 0.876 -0.4824 0
vn 0.2061 0.0552 -0.977
vn 0.5174 0.8557 0
vn 0.4587 0.8886 0
vn 0.2282 0.0611 0.9717
vn 0.8415 -0.5402 0
vn 0.2199 0.0589 0.9737
vn 0.3797 0.9251 0
vn 0.2199 0.0589 -0.9737
vn 0.1509 0.1509 0.977
vn 0.991 -0.1337 0
vn 0.167 0.167 -0.9717
vn 0.9998 0.0202 0
vn 0.1509 0.1509 -0.977
vn 0.0203 0.9998 0
vn -0.0471 0.9989 0
vn 0.167 0.167 0.9717
vn 0.9989 -0.0471 0
vn 0.161 0.161 0.9737
vn -0.1337 0.991 0
vn 0.161 0.161 -0.9737
vn 0.0552 0.2061 0.977
vn 0.9251 0.3797 0
vn 0.0611 0.2282 -0.9717
vn 0.8557 0.5174 0
vn 0.0552 0.2061 -0.977
vn -0.4824 0.876 0
vn -0.5402 0.8415 0
vn 0.0611 0.2282 0.9717
vn 0.8886 0.4587 0
vn 0.0589 0.2199 0.9737
vn -0.6113 0.7914 0
vn 0.0589 0.2199 -0.9737
vn -0.0552 0.2061 0.977
vn 0.6113 0.7914 0
vn -0.0611 0.2282 -0.9717
vn 0.4824 0.876 0
vn -0.0552 0.2061 -0.977
vn -0.8557 0.5174 0
vn -0.8886 0.4587 0
vn -0.0611 0.2282 0.9717
vn 0.5402 0.8415 0
vn -0.0589 0.2199 0.9737
vn -0.9251 0.3797 0
vn -0.0589 0.2199 -0.9737
vn -0.1509 0.1509 0.977
vn 0.1337 0.991 0
vn -0.167 0.167 -0.9717
vn -0.0202 0.9998 0
vn -0.1509 0.1509 -0.977
vn -0.9998 0.0203 0
vn -0.9989 -0.0471 0
vn -0.167 0.167 0.9717
vn 0.0471 0.9989 0
vn -0.161 0.161 0.9737
vn -0.991 -0.1337 0
vn -0.161 0.161 -0.9737
vn -0.2061 0.0552 0.977
vn -0.3797 0.9251 0
vn -0.2282 0.0611 -0.9717
vn -0.5174 0.8557 0
vn -0.2061 0.0552 -0.977
vn -0.876 -0.4824 0
vn -0.8415 -0.5402 0
vn -0.2282 0.0611 0.9717
vn -0.4587 0.8886 0
vn -0.2199 0.0589 0.9737
vn -0.7914 -0.6113 0
vn -0.2199 0.0589 -0.9737
vn -0.2061 -0.0552 0.977
vn -0.7914 0.6113 0
vn -0.2282 -0.0611 -0.9717
vn -0.876 0.4824 0
vn -0.2061 -0.0552 -0.977
vn -0.5174 -0.8557 0
vn -0.4587 -0.8886 0
vn -0.2282 -0.0611 0.9717
vn -0.8415 0.5402 0
vn -0.2199 -0.0589 0.9737
vn -0.3797 -0.9251 0
vn -0.2199 -0.0589 -0.9737
vn -0.1509 -0.1509 0.977
vn -0.991 0.1337 0
vn -0.167 -0.167 -0.9717
vn -0.9998 -0.0203 0
vn -0.1509 -0.1509 -0.977
vn -0.0202 -0.9998 0
vn 0.0471 -0.9989 0
vn -0.167 -0.167 0.9717
vn -0.9989 0.0471 0
vn -0.161 -0.161 0.9737
vn 0.1337 -0.991 0
vn -0.161 -0.161 -0.9737
vn -0.0552 -0.2061 0.977
vn -0.9251 -0.3797 0
vn -0.0611 -0.2282 -0.9717
vn -0.8557 -0.5174 0
vn -0.0552 -0.2061 -0.977
vn 0.4824 -0.876 0
vn 0.5402 -0.8415 0
vn -0.0611 -0.2282 0.9717
vn -0.8886 -0.4587 0
vn -0.0589 -0.2199 0.9737
vn 0.6113 -0.7914 0
vn -0.0589 -0.2199 -0.9737
vn 0.0552 -0.2061 0.977
vn -0.6113 -0.7914 0
vn 0.0611 -0.2282 -0.9717
vn -0.4824 -0.876 0
vn 0.0552 -0.2061 -0.977
vn 0.8557 -0.5174 0
vn 0.8886 -0.4587 0
vn 0.0611 -0.2282 0.9717
vn -0.5402 -0.8415 0
vn 0.0589 -0.2199 0.9737
vn 0.9251 -0.3797 0
vn 0.0589 -0.2199 -0.9737
vn 0.1509 -0.1509 0.977
vn -0.1337 -0.991 0
vn 0.167 -0.167 -0.9717
vn 0.0202 -0.9998 0
vn 0.1509 -0.1509 -0.977
vn 0.9998 -0.0202 0
vn 0.9989 0.0471 0
vn 0.167 -0.167 0.9717
vn -0.0471 -0.9989 0
vn 0.161 -0.161 0.9737
vn 0.991 0.1337 0
vn 0.161 -0.161 -0.9737
vn 0.2061 -0.0552 0.977
vn 0.3797 -0.9251 0
vn 0.2282 -0.0611 -0.9717
vn 0.5174 -0.8557 0
vn 0.2061 -0.0552 -0.977
vn 0.876 0.4824 0
vn 0.8415 0.5402 0
vn 0.2282 -0.0611 0.9717
vn 0.4587 -0.8886 0
vn 0.2199 -0.0589 0.9737
vn 0.7914 0.6113 0
vn 0.2199 -0.0589 -0.9737
vn 0 -1 0
vn 0 1 0
vn -0.2639 -0.9271 -0.2663
vn -0.9972 0 0.075
vn -0.063 0.8324 -0.5505
vn 0.0838 0 -0.9965
vn -0.0954 -0.9271 -0.3626
vn -0.2545 0 -0.9671
vn -0.9011 0 -0.4337
vn -0.0954 0.9271 -0.3626
vn 0.5708 0 -0.8211
vn 0.0986 -0.9271 -0.3617
vn 0.2631 0 -0.9648
vn -0.5635 0 -0.8261
vn 0.0986 0.9271 -0.3617
vn 0.9049 0 -0.4257
vn 0.2663 -0.9271 -0.2639
vn 0.7102 0 -0.704
vn -0.075 0 -0.9972
vn 0.2663 0.9271 -0.2639
vn 0.9965 0 0.0838
vn 0.3626 -0.9271 -0.0954
vn 0.9671 0 -0.2545
vn 0.4337 0 -0.9011
vn 0.3626 0.9271 -0.0954
vn 0.8211 0 0.5708
vn 0.3617 -0.9271 0.0986
vn 0.9648 0 0.2631
vn 0.8261 0 -0.5635
vn 0.3617 0.9271 0.0986
vn 0.4257 0 0.9049
vn 0.2639 -0.9271 0.2663
vn 0.704 0 0.7102
vn 0.9972 0 -0.075
vn 0.2639 0.9271 0.2663
vn -0.0838 0 0.9965
vn 0.0954 -0.9271 0.3626
vn 0.2545 0 0.9671
vn 0.9011 0 0.4337
vn 0.0954 0.9271 0.3626
vn -0.5708 0 0.8211
vn -0.0986 -0.9271 0.3617
vn -0.2631 0 0.9648
vn 0.5635 0 0.8261
vn -0.0986 0.9271 0.3617
vn -0.9049 0 0.4256
vn -0.2663 -0.9271 0.2639
vn -0.7102 0 0.704
vn 0.075 0 0.9972
vn -0.2663 0.9271 0.2639
vn -0.9965 0 -0.0838
vn -0.3626 -0.9271 0.0954
vn -0.9671 0 0.2545
vn -0.4337 0 0.9011
vn -0.3626 0.9271 0.0954
vn -0.8211 0 -0.5708
vn -0.3617 -0.9271 -0.0986
vn -0.9648 0 -0.2631
vn -0.8261 0 0.5635
vn -0.3617 0.9271 -0.0986
vn -0.4256 0 -0.9049
vn -0.0649 0.9957 -0.0655
vn -0.5939 0.8022 -0.0606
vn -0.7613 0 0.6484
vn 0.7088 0.2757 -0.6493
vn 0.7081 0 -0.7061
vn 0.1998 0.9589 0.2016
vn -0.7202 0.1071 0.6854
vn -0.7101 0 0.7041
vn 0.7101 0 -0.7041
vn -0.7031 0 -0.7111
vn -0.7035 0.0005 -0.7107
vn -0.0001 -1 -0.0001
vn 0.0001 1 0.0001
vn 0.6981 0.1837 -0.692
vn -0.71 -0.0225 0.7039
vn 0 -1 0
vn 0 1 0
vn -0.2639 -0.9271 -0.2663
vn -0.9972 0 0.075
vn -0.063 0.8324 -0.5505
vn 0.0838 0 -0.9965
vn -0.0954 -0.9271 -0.3626
vn -0.2545 0 -0.9671
vn -0.9011 0 -0.4337
vn -0.0954 0.9271 -0.3626
vn 0.5708 0 -0.8211
vn 0.0986 -0.9271 -0.3617
vn 0.2631 0 -0.9648
vn -0.5635 0 -0.8261
vn 0.0986 0.9271 -0.3617
vn 0.9049 0 -0.4257
vn 0.2663 -0.9271 -0.2639
vn 0.7102 0 -0.704
vn -0.075 0 -0.9972
vn 0.2663 0.9271 -0.2639
vn 0.9965 0 0.0838
vn 0.3626 -0.9271 -0.0954
vn 0.9671 0 -0.2545
vn 0.4337 0 -0.9011
vn 0.3626 0.9271 -0.0954
vn 0.8211 0 0.5708
vn 0.3617 -0.9271 0.0986
vn 0.9648 0 0.2631
vn 0.8261 0 -0.5635
vn 0.3617 0.9271 0.0986
vn 0.4257 0 0.9049
vn 0.2639 -0.9271 0.2663
vn 0.704 0 0.7102
vn 0.9972 0 -0.075
vn 0.2639 0.9271 0.2663
vn -0.0838 0 0.9965
vn 0.0954 -0.9271 0.3626
vn 0.2545 0 0.9671
vn 0.9011 0 0.4337
vn 0.0954 0.9271 0.3626
vn -0.5708 0 0.8211
vn -0.0986 -0.9271 0.3617
vn -0.2631 0 0.9648
vn 0.5635 0 0.8261
vn -0.0986 0.9271 0.3617
vn -0.9049 0 0.4256
vn -0.2663 -0.9271 0.2639
vn -0.7102 0 0.704
vn 0.075 0 0.9972
vn -0.2663 0.9271 0.2639
vn -0.9965 0 -0.0838
vn -0.3626 -0.9271 0.0954
vn -0.9671 0 0.2545
vn -0.4337 0 0.9011
vn -0.3626 0.9271 0.0954
vn -0.8211 0 -0.5708
vn -0.3617 -0.9271 -0.0986
vn -0.9648 0 -0.2631
vn -0.8261 0 0.5635
vn -0.3617 0.9271 -0.0986
vn -0.4256 0 -0.9049
vn -0.0649 0.9957 -0.0655
vn -0.5939 0.8022 -0.0606
vn -0.7613 0 0.6484
vn 0.7088 0.2757 -0.6493
vn 0.7081 0 -0.7061
vn 0.1998 0.9589 0.2016
vn -0.7202 0.1071 0.6854
vn -0.7101 0 0.7041
vn 0.7101 0 -0.7041
vn -0.7031 0 -0.7111
vn -0.7035 0.0005 -0.7107
vn -0.0001 -1 -0.0001
vn 0.0001 1 0.0001
vn 0.6981 0.1837 -0.692
vn -0.71 -0.0225 0.7039
vn 0 -1 0
vn 0 1 0
vn 0.2639 -0.9271 0.2663
vn 0.9972 0 -0.075
vn 0.063 0.8324 0.5505
vn -0.0838 0 0.9965
vn 0.0954 -0.9271 0.3626
vn 0.2545 0 0.9671
vn 0.9011 0 0.4337
vn 0.0954 0.9271 0.3626
vn -0.5708 0 0.8211
vn -0.0986 -0.9271 0.3617
vn -0.2631 0 0.9648
vn 0.5635 0 0.8261
vn -0.0986 0.9271 0.3617
vn -0.9049 0 0.4256
vn -0.2663 -0.9271 0.2639
vn -0.7102 0 0.704
vn 0.075 0 0.9972
vn -0.2663 0.9271 0.2639
vn -0.9965 0 -0.0838
vn -0.3626 -0.9271 0.0954
vn -0.9671 0 0.2545
vn -0.4337 0 0.9011
vn -0.3626 0.9271 0.0954
vn -0.8211 0 -0.5708
vn -0.3617 -0.9271 -0.0986
vn -0.9648 0 -0.2631
vn -0.8261 0 0.5635
vn -0.3617 0.9271 -0.0986
vn -0.4257 0 -0.9049
vn -0.2639 -0.9271 -0.2663
vn -0.704 0 -0.7102
vn -0.9972 0 0.075
vn -0.2639 0.9271 -0.2663
vn 0.0838 0 -0.9965
vn -0.0954 -0.9271 -0.3626
vn -0.2545 0 -0.9671
vn -0.9011 0 -0.4337
vn -0.0954 0.9271 -0.3626
vn 0.5708 0 -0.8211
vn 0.0986 -0.9271 -0.3617
vn 0.2631 0 -0.9648
vn -0.5635 0 -0.8261
vn 0.0986 0.9271 -0.3617
vn 0.9049 0 -0.4256
vn 0.2663 -0.9271 -0.2639
vn 0.7102 0 -0.704
vn -0.075 0 -0.9972
vn 0.2663 0.9271 -0.2639
vn 0.9965 0 0.0838
vn 0.3626 -0.9271 -0.0954
vn 0.9671 0 -0.2545
vn 0.4337 0 -0.9011
vn 0.3626 0.9271 -0.0954
vn 0.8211 0 0.5708
vn 0.3617 -0.9271 0.0986
vn 0.9648 0 0.2631
vn 0.8261 0 -0.5635
vn 0.3617 0.9271 0.0986
vn 0.4256 0 0.9049
vn 0.0649 0.9957 0.0655
vn 0.5939 0.8022 0.0606
vn 0.7613 0 -0.6484
vn -0.7088 0.2757 0.6493
vn -0.7081 0 0.7061
vn -0.1998 0.9589 -0.2016
vn 0.7202 0.1071 -0.6854
vn 0.7101 0 -0.7041
vn -0.7101 0 0.7041
vn 0.7031 0 0.7111
vn 0.7035 0.0005 0.7107
vn 0.0001 -1 0.0001
vn -0.0001 1 -0.0001
vn -0.6981 0.1837 0.692
vn 0.71 -0.0225 -0.7039
vn 0 0.2588 -0.9659
vn 0 0.7071 -0.7071
vn 0 0.9659 -0.2588
vn 0 0.9659 0.2588
vn 0 0.7071 0.7071
vn 0 0.2588 0.9659
vn 0 -0.2588 0.9659
vn 0 -0.7071 0.7071
vn 1 0 0
vn -1 0 0
vn 0 -0.7071 -0.7071
vn 0 -0.2588 -0.9659
vn 0 -1 -0.0021
vn 0 -1 0.0021
vn 0 0 -1
vn 0 0 1
vn 0.9088 0.4031 -0.108
vn 0 -0.9659 -0.2588
vn 0 -0.9659 0.2588
vn 0.9088 -0.4031 -0.108
vn 0.9088 -0.108 0.4031
vn 0.9088 0.4031 0.108
vn 0.9088 -0.2951 -0.2951
vn 0.9088 0.108 -0.4031
vn 0.9088 -0.2951 0.2951
vn 0.9088 0.2951 0.2951
vn 0.9088 -0.108 -0.4031
vn 0.9088 0.2951 -0.2951
vn 0.9088 -0.4031 0.108
vn 0.9088 0.108 0.4031
vn -0.9404 -0.3285 -0.088
vn -0.9404 -0.088 0.3285
vn -0.9404 0.3285 0.088
vn -0.9404 -0.2405 -0.2405
vn -0.9404 0.088 -0.3285
vn -0.9404 -0.2405 0.2405
vn -0.9404 0.2405 0.2405
vn -0.9404 -0.088 -0.3285
vn -0.9404 0.2405 -0.2405
vn -0.9404 -0.3285 0.088
vn -0.9404 0.088 0.3285
vn -0.9404 0.3285 -0.088
vn 0 0.6628 0.7488
vn -0.5967 0.8023 -0.0188
vn 0.5956 0.8031 0.0155
vn 0 0.6628 -0.7488
vn -0.5967 0.8023 0.0188
vn 0.5956 0.8031 -0.0155
s off
usemtl Material
f 12/1/1 6/2/1 4/3/1
f 12/1/1 4/3/1 10/4/1
f 17/5/2 14/6/2 2/7/2
f 17/5/2 2/7/2 9/8/2
f 16/9/3 8/10/3 3/11/3
f 16/9/3 3/11/3 13/12/3
f 15/13/4 7/14/4 2/15/4
f 15/13/4 2/15/4 14/16/4
f 9/17/5 2/18/5 7/19/5
f 9/17/5 7/19/5 11/20/5
f 21/21/6 20/22/6 19/23/6
f 21/21/6 19/23/6 18/24/6
f 28/25/3 23/26/3 8/10/3
f 28/25/3 8/10/3 16/9/3
f 26/27/7 25/28/7 6/2/7
f 26/27/7 6/2/7 12/1/7
f 23/26/8 26/29/8 12/30/8
f 23/26/8 12/30/8 8/10/8
f 1/31/9 9/32/9 11/33/9
f 1/31/9 11/33/9 5/34/9
f 13/12/10 17/35/10 9/36/10
f 13/12/10 9/36/10 1/31/10
f 8/10/8 12/30/8 10/37/8
f 8/10/8 10/37/8 3/11/8
f 3/11/10 10/38/10 17/35/10
f 3/11/10 17/35/10 13/12/10
f 24/39/3 28/25/3 16/9/3
f 24/39/3 16/9/3 5/34/3
f 25/40/11 29/41/11 15/13/11
f 25/40/11 15/13/11 6/42/11
f 6/42/4 15/13/4 14/16/4
f 6/42/4 14/16/4 4/43/4
f 5/34/3 16/9/3 13/12/3
f 5/34/3 13/12/3 1/31/3
f 10/44/2 4/45/2 14/6/2
f 10/44/2 14/6/2 17/5/2
f 31/46/12 30/47/12 18/24/12
f 31/46/12 18/24/12 19/23/12
f 33/48/13 21/49/13 18/24/13
f 33/48/13 18/24/13 30/47/13
f 22/50/14 7/51/14 21/52/14
f 22/50/14 21/52/14 33/53/14
f 7/51/15 15/54/15 20/55/15
f 7/51/15 20/55/15 21/52/15
f 20/56/16 32/57/16 31/46/16
f 20/56/16 31/46/16 19/23/16
f 15/54/17 29/58/17 32/59/17
f 15/54/17 32/59/17 20/55/17
f 5/34/9 11/33/9 27/60/9
f 5/34/9 27/60/9 24/39/9
f 11/20/18 7/19/18 22/61/18
f 11/20/18 22/61/18 27/62/18
f 45/1/1 43/4/1 37/3/1
f 45/1/1 37/3/1 39/2/1
f 50/5/19 42/8/19 35/7/19
f 50/5/19 35/7/19 47/6/19
f 49/9/3 46/12/3 36/11/3
f 49/9/3 36/11/3 41/10/3
f 48/13/4 47/16/4 35/15/4
f 48/13/4 35/15/4 40/14/4
f 42/17/5 44/20/5 40/19/5
f 42/17/5 40/19/5 35/18/5
f 54/21/20 51/24/20 52/23/20
f 54/21/20 52/23/20 53/22/20
f 28/25/3 49/9/3 41/10/3
f 28/25/3 41/10/3 23/26/3
f 26/27/21 45/1/21 39/2/21
f 26/27/21 39/2/21 25/28/21
f 23/26/8 41/10/8 45/30/8
f 23/26/8 45/30/8 26/29/8
f 34/31/9 38/34/9 44/33/9
f 34/31/9 44/33/9 42/32/9
f 46/12/22 34/31/22 42/36/22
f 46/12/22 42/36/22 50/35/22
f 41/10/8 36/11/8 43/37/8
f 41/10/8 43/37/8 45/30/8
f 36/11/22 46/12/22 50/35/22
f 36/11/22 50/35/22 43/38/22
f 24/39/3 38/34/3 49/9/3
f 24/39/3 49/9/3 28/25/3
f 25/40/23 39/42/23 48/13/23
f 25/40/23 48/13/23 29/41/23
f 39/42/4 37/43/4 47/16/4
f 39/42/4 47/16/4 48/13/4
f 38/34/3 34/31/3 46/12/3
f 38/34/3 46/12/3 49/9/3
f 43/44/19 50/5/19 47/6/19
f 43/44/19 47/6/19 37/45/19
f 31/46/24 52/23/24 51/24/24
f 31/46/24 51/24/24 30/47/24
f 33/48/25 30/47/25 51/24/25
f 33/48/25 51/24/25 54/49/25
f 22/50/14 33/53/14 54/52/14
f 22/50/14 54/52/14 40/51/14
f 40/51/26 54/52/26 53/55/26
f 40/51/26 53/55/26 48/54/26
f 53/56/27 52/23/27 31/46/27
f 53/56/27 31/46/27 32/57/27
f 48/54/17 53/55/17 32/59/17
f 48/54/17 32/59/17 29/58/17
f 38/34/9 24/39/9 27/60/9
f 38/34/9 27/60/9 44/33/9
f 44/20/28 27/62/28 22/61/28
f 44/20/28 22/61/28 40/19/28
usemtl Material.005
f 63/63/29 64/64/29 57/65/29
f 63/63/29 57/65/29 58/66/29
f 64/67/30 65/68/30 56/69/30
f 64/67/30 56/69/30 57/70/30
f 66/71/31 62/72/31 59/73/31
f 66/71/31 59/73/31 55/74/31
f 62/75/32 61/76/32 60/77/32
f 62/75/32 60/77/32 59/78/32
f 61/76/33 63/79/33 58/80/33
f 61/76/33 58/80/33 60/77/33
f 65/68/34 66/81/34 55/82/34
f 65/68/34 55/82/34 56/69/34
f 67/83/35 71/84/35 62/72/35
f 67/83/35 62/72/35 66/71/35
f 69/85/36 68/86/36 65/68/36
f 69/85/36 65/68/36 64/67/36
f 70/87/37 69/88/37 64/64/37
f 70/87/37 64/64/37 63/63/37
f 68/86/38 67/89/38 66/81/38
f 68/86/38 66/81/38 65/68/38
f 72/90/39 70/91/39 63/79/39
f 72/90/39 63/79/39 61/76/39
f 71/92/40 72/90/40 61/76/40
f 71/92/40 61/76/40 62/75/40
f 75/93/41 76/94/41 69/95/41
f 75/93/41 69/95/41 70/96/41
f 76/94/42 77/97/42 68/98/42
f 76/94/42 68/98/42 69/95/42
f 78/99/43 74/100/43 71/101/43
f 78/99/43 71/101/43 67/102/43
f 74/100/44 73/103/44 72/104/44
f 74/100/44 72/104/44 71/101/44
f 73/103/45 75/105/45 70/106/45
f 73/103/45 70/106/45 72/104/45
f 77/97/46 78/99/46 67/102/46
f 77/97/46 67/102/46 68/98/46
f 80/107/38 79/108/38 78/99/38
f 80/107/38 78/99/38 77/97/38
f 85/109/39 82/110/39 75/105/39
f 85/109/39 75/105/39 73/103/39
f 82/111/37 81/112/37 76/94/37
f 82/111/37 76/94/37 75/93/37
f 79/108/35 84/113/35 74/100/35
f 79/108/35 74/100/35 78/99/35
f 81/112/36 80/107/36 77/97/36
f 81/112/36 77/97/36 76/94/36
f 84/113/40 85/109/40 73/103/40
f 84/113/40 73/103/40 74/100/40
f 88/114/47 89/115/47 81/112/47
f 88/114/47 81/112/47 82/111/47
f 89/116/47 90/117/47 80/107/47
f 89/116/47 80/107/47 81/112/47
f 91/118/38 90/119/38 96/120/38
f 91/118/38 96/120/38 97/121/38
f 91/122/47 87/123/47 84/113/47
f 91/122/47 84/113/47 79/108/47
f 87/124/47 86/125/47 85/109/47
f 87/124/47 85/109/47 84/113/47
f 86/126/47 88/127/47 82/110/47
f 86/126/47 82/110/47 85/109/47
f 86/128/39 92/129/39 94/130/39
f 86/128/39 94/130/39 88/131/39
f 93/132/48 97/133/48 103/134/48
f 93/132/48 103/134/48 99/135/48
f 90/136/47 91/137/47 79/108/47
f 90/136/47 79/108/47 80/107/47
f 86/128/40 87/138/40 93/139/40
f 86/128/40 93/139/40 92/129/40
f 87/138/35 91/118/35 97/121/35
f 87/138/35 97/121/35 93/139/35
f 90/119/36 89/140/36 95/141/36
f 90/119/36 95/141/36 96/120/36
f 88/142/37 94/143/37 95/141/37
f 88/142/37 95/141/37 89/140/37
f 103/134/38 102/144/38 108/145/38
f 103/134/38 108/145/38 109/146/38
f 96/147/49 95/148/49 101/149/49
f 96/147/49 101/149/49 102/144/49
f 94/150/50 92/151/50 98/152/50
f 94/150/50 98/152/50 100/153/50
f 97/133/51 96/147/51 102/144/51
f 97/133/51 102/144/51 103/134/51
f 95/148/52 94/154/52 100/155/52
f 95/148/52 100/155/52 101/149/52
f 92/151/53 93/132/53 99/135/53
f 92/151/53 99/135/53 98/152/53
f 105/156/47 109/146/47 115/157/47
f 105/156/47 115/157/47 111/158/47
f 101/149/37 100/155/37 106/159/37
f 101/149/37 106/159/37 107/160/37
f 98/152/40 99/135/40 105/156/40
f 98/152/40 105/156/40 104/161/40
f 99/135/35 103/134/35 109/146/35
f 99/135/35 109/146/35 105/156/35
f 102/144/36 101/149/36 107/160/36
f 102/144/36 107/160/36 108/145/36
f 100/153/39 98/152/39 104/161/39
f 100/153/39 104/161/39 106/162/39
f 115/163/38 114/164/38 120/165/38
f 115/163/38 120/165/38 121/166/38
f 108/145/47 107/160/47 113/167/47
f 108/145/47 113/167/47 114/168/47
f 106/162/47 104/161/47 110/169/47
f 106/162/47 110/169/47 112/170/47
f 109/146/47 108/145/47 114/171/47
f 109/146/47 114/171/47 115/172/47
f 107/160/47 106/159/47 112/173/47
f 107/160/47 112/173/47 113/174/47
f 104/161/47 105/156/47 111/175/47
f 104/161/47 111/175/47 110/176/47
f 117/177/54 121/178/54 127/179/54
f 117/177/54 127/179/54 123/180/54
f 113/181/37 112/182/37 118/183/37
f 113/181/37 118/183/37 119/184/37
f 110/185/40 111/186/40 117/187/40
f 110/185/40 117/187/40 116/188/40
f 111/186/35 115/163/35 121/166/35
f 111/186/35 121/166/35 117/187/35
f 114/164/36 113/181/36 119/184/36
f 114/164/36 119/184/36 120/165/36
f 112/189/39 110/185/39 116/188/39
f 112/189/39 116/188/39 118/190/39
f 127/179/38 126/191/38 132/192/38
f 127/179/38 132/192/38 133/193/38
f 120/194/55 119/195/55 125/196/55
f 120/194/55 125/196/55 126/191/55
f 118/197/56 116/198/56 122/199/56
f 118/197/56 122/199/56 124/200/56
f 121/178/57 120/194/57 126/191/57
f 121/178/57 126/191/57 127/179/57
f 119/195/58 118/201/58 124/202/58
f 119/195/58 124/202/58 125/196/58
f 116/198/59 117/177/59 123/180/59
f 116/198/59 123/180/59 122/199/59
f 132/192/47 131/203/47 137/204/47
f 132/192/47 137/204/47 138/205/47
f 125/196/37 124/202/37 130/206/37
f 125/196/37 130/206/37 131/203/37
f 122/199/40 123/180/40 129/207/40
f 122/199/40 129/207/40 128/208/40
f 123/180/35 127/179/35 133/193/35
f 123/180/35 133/193/35 129/207/35
f 126/191/36 125/196/36 131/203/36
f 126/191/36 131/203/36 132/192/36
f 124/200/39 122/199/39 128/208/39
f 124/200/39 128/208/39 130/209/39
f 137/210/37 136/211/37 142/212/37
f 137/210/37 142/212/37 143/213/37
f 130/209/47 128/208/47 134/214/47
f 130/209/47 134/214/47 136/215/47
f 133/193/47 132/192/47 138/216/47
f 133/193/47 138/216/47 139/217/47
f 131/203/47 130/206/47 136/218/47
f 131/203/47 136/218/47 137/219/47
f 128/208/47 129/207/47 135/220/47
f 128/208/47 135/220/47 134/221/47
f 129/207/47 133/193/47 139/222/47
f 129/207/47 139/222/47 135/223/47
f 142/224/60 140/225/60 146/226/60
f 142/224/60 146/226/60 148/227/60
f 134/228/40 135/229/40 141/230/40
f 134/228/40 141/230/40 140/231/40
f 135/229/35 139/232/35 145/233/35
f 135/229/35 145/233/35 141/230/35
f 138/234/36 137/210/36 143/213/36
f 138/234/36 143/213/36 144/235/36
f 136/236/39 134/228/39 140/231/39
f 136/236/39 140/231/39 142/237/39
f 139/232/38 138/234/38 144/235/38
f 139/232/38 144/235/38 145/233/38
f 146/226/47 147/238/47 153/239/47
f 146/226/47 153/239/47 152/240/47
f 145/241/61 144/242/61 150/243/61
f 145/241/61 150/243/61 151/244/61
f 143/245/62 142/246/62 148/247/62
f 143/245/62 148/247/62 149/248/62
f 140/225/63 141/249/63 147/238/63
f 140/225/63 147/238/63 146/226/63
f 141/249/64 145/241/64 151/244/64
f 141/249/64 151/244/64 147/238/64
f 144/242/65 143/245/65 149/248/65
f 144/242/65 149/248/65 150/243/65
f 157/250/38 156/251/38 162/252/38
f 157/250/38 162/252/38 163/253/38
f 147/238/47 151/244/47 157/254/47
f 147/238/47 157/254/47 153/255/47
f 150/243/47 149/248/47 155/256/47
f 150/243/47 155/256/47 156/257/47
f 148/227/47 146/226/47 152/258/47
f 148/227/47 152/258/47 154/259/47
f 151/244/47 150/243/47 156/260/47
f 151/244/47 156/260/47 157/261/47
f 149/248/47 148/247/47 154/262/47
f 149/248/47 154/262/47 155/263/47
f 159/264/66 163/253/66 169/265/66
f 159/264/66 169/265/66 165/266/66
f 155/267/37 154/268/37 160/269/37
f 155/267/37 160/269/37 161/270/37
f 152/271/40 153/272/40 159/264/40
f 152/271/40 159/264/40 158/273/40
f 153/272/35 157/250/35 163/253/35
f 153/272/35 163/253/35 159/264/35
f 156/251/36 155/267/36 161/270/36
f 156/251/36 161/270/36 162/252/36
f 154/274/39 152/271/39 158/273/39
f 154/274/39 158/273/39 160/275/39
f 162/252/67 161/270/67 167/276/67
f 162/252/67 167/276/67 168/277/67
f 160/275/68 158/273/68 164/278/68
f 160/275/68 164/278/68 166/279/68
f 163/253/69 162/252/69 168/277/69
f 163/253/69 168/277/69 169/265/69
f 161/270/70 160/269/70 166/280/70
f 161/270/70 166/280/70 167/276/70
f 158/273/71 159/264/71 165/266/71
f 158/273/71 165/266/71 164/278/71
f 183/281/39 164/282/39 174/283/39
f 183/281/39 174/283/39 187/284/39
f 170/285/47 171/286/47 172/287/47
f 170/285/47 172/287/47 173/288/47
f 184/289/39 183/281/39 171/290/39
f 184/289/39 171/290/39 170/291/39
f 184/289/39 170/291/39 180/292/39
f 184/289/39 180/292/39 188/293/39
f 182/294/38 185/295/38 173/296/38
f 182/294/38 173/296/38 172/297/38
f 187/298/72 186/299/72 177/300/72
f 187/298/72 177/300/72 176/301/72
f 172/287/47 171/286/47 176/301/47
f 172/287/47 176/301/47 177/300/47
f 164/282/73 169/302/73 175/303/73
f 164/282/73 175/303/73 174/283/73
f 182/294/38 172/297/38 177/304/38
f 182/294/38 177/304/38 186/305/38
f 189/306/74 188/307/74 180/308/74
f 189/306/74 180/308/74 181/309/74
f 170/285/47 173/288/47 181/310/47
f 170/285/47 181/310/47 180/311/47
f 168/312/73 166/313/73 178/314/73
f 168/312/73 178/314/73 179/315/73
f 185/295/75 168/312/75 179/315/75
f 185/295/75 179/315/75 189/316/75
f 173/296/76 185/295/76 189/316/76
f 173/296/76 189/316/76 181/317/76
f 179/315/77 178/314/77 188/307/77
f 179/315/77 188/307/77 189/306/77
f 169/302/78 182/294/78 186/305/78
f 169/302/78 186/305/78 175/303/78
f 174/283/72 175/303/72 186/299/72
f 174/283/72 186/299/72 187/298/72
f 169/302/78 168/312/78 185/295/78
f 169/302/78 185/295/78 182/294/78
f 166/313/39 184/289/39 188/293/39
f 166/313/39 188/293/39 178/314/39
f 166/313/39 164/282/39 183/281/39
f 166/313/39 183/281/39 184/289/39
f 171/290/39 183/281/39 187/284/39
f 171/290/39 187/284/39 176/318/39
f 56/319/73 60/320/73 58/66/73
f 56/319/73 58/66/73 57/65/73
f 59/73/73 60/320/73 56/319/73
f 59/73/73 56/319/73 55/74/73
f 198/63/30 193/66/30 192/65/30
f 198/63/30 192/65/30 199/64/30
f 199/67/29 192/70/29 191/69/29
f 199/67/29 191/69/29 200/68/29
f 201/71/32 190/74/32 194/73/32
f 201/71/32 194/73/32 197/72/32
f 197/75/31 194/78/31 195/77/31
f 197/75/31 195/77/31 196/76/31
f 196/76/34 195/77/34 193/80/34
f 196/76/34 193/80/34 198/79/34
f 200/68/33 191/69/33 190/82/33
f 200/68/33 190/82/33 201/81/33
f 202/83/40 201/71/40 197/72/40
f 202/83/40 197/72/40 206/84/40
f 204/85/37 199/67/37 200/68/37
f 204/85/37 200/68/37 203/86/37
f 205/87/36 198/63/36 199/64/36
f 205/87/36 199/64/36 204/88/36
f 203/86/39 200/68/39 201/81/39
f 203/86/39 201/81/39 202/89/39
f 207/90/38 196/76/38 198/79/38
f 207/90/38 198/79/38 205/91/38
f 206/92/35 197/75/35 196/76/35
f 206/92/35 196/76/35 207/90/35
f 210/93/42 205/96/42 204/95/42
f 210/93/42 204/95/42 211/94/42
f 211/94/41 204/95/41 203/98/41
f 211/94/41 203/98/41 212/97/41
f 213/99/44 202/102/44 206/101/44
f 213/99/44 206/101/44 209/100/44
f 209/100/43 206/101/43 207/104/43
f 209/100/43 207/104/43 208/103/43
f 208/103/46 207/104/46 205/106/46
f 208/103/46 205/106/46 210/105/46
f 212/97/45 203/98/45 202/102/45
f 212/97/45 202/102/45 213/99/45
f 215/107/39 212/97/39 213/99/39
f 215/107/39 213/99/39 214/108/39
f 220/109/38 208/103/38 210/105/38
f 220/109/38 210/105/38 217/110/38
f 217/111/36 210/93/36 211/94/36
f 217/111/36 211/94/36 216/112/36
f 214/108/40 213/99/40 209/100/40
f 214/108/40 209/100/40 219/113/40
f 216/112/37 211/94/37 212/97/37
f 216/112/37 212/97/37 215/107/37
f 219/113/35 209/100/35 208/103/35
f 219/113/35 208/103/35 220/109/35
f 223/114/47 217/111/47 216/112/47
f 223/114/47 216/112/47 224/115/47
f 224/116/47 216/112/47 215/107/47
f 224/116/47 215/107/47 225/117/47
f 226/118/39 232/121/39 231/120/39
f 226/118/39 231/120/39 225/119/39
f 226/122/47 214/108/47 219/113/47
f 226/122/47 219/113/47 222/123/47
f 222/124/47 219/113/47 220/109/47
f 222/124/47 220/109/47 221/125/47
f 221/126/47 220/109/47 217/110/47
f 221/126/47 217/110/47 223/127/47
f 221/128/38 223/131/38 229/130/38
f 221/128/38 229/130/38 227/129/38
f 228/132/53 234/135/53 238/134/53
f 228/132/53 238/134/53 232/133/53
f 225/136/47 215/107/47 214/108/47
f 225/136/47 214/108/47 226/137/47
f 221/128/35 227/129/35 228/139/35
f 221/128/35 228/139/35 222/138/35
f 222/138/40 228/139/40 232/121/40
f 222/138/40 232/121/40 226/118/40
f 225/119/37 231/120/37 230/141/37
f 225/119/37 230/141/37 224/140/37
f 223/142/36 224/140/36 230/141/36
f 223/142/36 230/141/36 229/143/36
f 238/134/39 244/146/39 243/145/39
f 238/134/39 243/145/39 237/144/39
f 231/147/52 237/144/52 236/149/52
f 231/147/52 236/149/52 230/148/52
f 229/150/51 235/153/51 233/152/51
f 229/150/51 233/152/51 227/151/51
f 232/133/50 238/134/50 237/144/50
f 232/133/50 237/144/50 231/147/50
f 230/148/49 236/149/49 235/155/49
f 230/148/49 235/155/49 229/154/49
f 227/151/48 233/152/48 234/135/48
f 227/151/48 234/135/48 228/132/48
f 240/156/47 246/158/47 250/157/47
f 240/156/47 250/157/47 244/146/47
f 236/149/36 242/160/36 241/159/36
f 236/149/36 241/159/36 235/155/36
f 233/152/35 239/161/35 240/156/35
f 233/152/35 240/156/35 234/135/35
f 234/135/40 240/156/40 244/146/40
f 234/135/40 244/146/40 238/134/40
f 237/144/37 243/145/37 242/160/37
f 237/144/37 242/160/37 236/149/37
f 235/153/38 241/162/38 239/161/38
f 235/153/38 239/161/38 233/152/38
f 250/163/39 256/166/39 255/165/39
f 250/163/39 255/165/39 249/164/39
f 243/145/47 249/168/47 248/167/47
f 243/145/47 248/167/47 242/160/47
f 241/162/47 247/170/47 245/169/47
f 241/162/47 245/169/47 239/161/47
f 244/146/47 250/172/47 249/171/47
f 244/146/47 249/171/47 243/145/47
f 242/160/47 248/174/47 247/173/47
f 242/160/47 247/173/47 241/159/47
f 239/161/47 245/176/47 246/175/47
f 239/161/47 246/175/47 240/156/47
f 252/177/59 258/180/59 262/179/59
f 252/177/59 262/179/59 256/178/59
f 248/181/36 254/184/36 253/183/36
f 248/181/36 253/183/36 247/182/36
f 245/185/35 251/188/35 252/187/35
f 245/185/35 252/187/35 246/186/35
f 246/186/40 252/187/40 256/166/40
f 246/186/40 256/166/40 250/163/40
f 249/164/37 255/165/37 254/184/37
f 249/164/37 254/184/37 248/181/37
f 247/189/38 253/190/38 251/188/38
f 247/189/38 251/188/38 245/185/38
f 262/179/39 268/193/39 267/192/39
f 262/179/39 267/192/39 261/191/39
f 255/194/58 261/191/58 260/196/58
f 255/194/58 260/196/58 254/195/58
f 253/197/57 259/200/57 257/199/57
f 253/197/57 257/199/57 251/198/57
f 256/178/56 262/179/56 261/191/56
f 256/178/56 261/191/56 255/194/56
f 254/195/55 260/196/55 259/202/55
f 254/195/55 259/202/55 253/201/55
f 251/198/54 257/199/54 258/180/54
f 251/198/54 258/180/54 252/177/54
f 267/192/47 273/205/47 272/204/47
f 267/192/47 272/204/47 266/203/47
f 260/196/36 266/203/36 265/206/36
f 260/196/36 265/206/36 259/202/36
f 257/199/35 263/208/35 264/207/35
f 257/199/35 264/207/35 258/180/35
f 258/180/40 264/207/40 268/193/40
f 258/180/40 268/193/40 262/179/40
f 261/191/37 267/192/37 266/203/37
f 261/191/37 266/203/37 260/196/37
f 259/200/38 265/209/38 263/208/38
f 259/200/38 263/208/38 257/199/38
f 272/210/36 278/213/36 277/212/36
f 272/210/36 277/212/36 271/211/36
f 265/209/47 271/215/47 269/214/47
f 265/209/47 269/214/47 263/208/47
f 268/193/47 274/217/47 273/216/47
f 268/193/47 273/216/47 267/192/47
f 266/203/47 272/219/47 271/218/47
f 266/203/47 271/218/47 265/206/47
f 263/208/47 269/221/47 270/220/47
f 263/208/47 270/220/47 264/207/47
f 264/207/47 270/223/47 274/222/47
f 264/207/47 274/222/47 268/193/47
f 277/224/61 283/227/61 281/226/61
f 277/224/61 281/226/61 275/225/61
f 269/228/35 275/231/35 276/230/35
f 269/228/35 276/230/35 270/229/35
f 270/229/40 276/230/40 280/233/40
f 270/229/40 280/233/40 274/232/40
f 273/234/37 279/235/37 278/213/37
f 273/234/37 278/213/37 272/210/37
f 271/236/38 277/237/38 275/231/38
f 271/236/38 275/231/38 269/228/38
f 274/232/39 280/233/39 279/235/39
f 274/232/39 279/235/39 273/234/39
f 281/226/47 287/240/47 288/239/47
f 281/226/47 288/239/47 282/238/47
f 280/241/60 286/244/60 285/243/60
f 280/241/60 285/243/60 279/242/60
f 278/245/65 284/248/65 283/247/65
f 278/245/65 283/247/65 277/246/65
f 275/225/64 281/226/64 282/238/64
f 275/225/64 282/238/64 276/249/64
f 276/249/63 282/238/63 286/244/63
f 276/249/63 286/244/63 280/241/63
f 279/242/62 285/243/62 284/248/62
f 279/242/62 284/248/62 278/245/62
f 292/250/39 298/253/39 297/252/39
f 292/250/39 297/252/39 291/251/39
f 282/238/47 288/255/47 292/254/47
f 282/238/47 292/254/47 286/244/47
f 285/243/47 291/257/47 290/256/47
f 285/243/47 290/256/47 284/248/47
f 283/227/47 289/259/47 287/258/47
f 283/227/47 287/258/47 281/226/47
f 286/244/47 292/261/47 291/260/47
f 286/244/47 291/260/47 285/243/47
f 284/248/47 290/263/47 289/262/47
f 284/248/47 289/262/47 283/247/47
f 294/264/71 300/266/71 304/265/71
f 294/264/71 304/265/71 298/253/71
f 290/267/36 296/270/36 295/269/36
f 290/267/36 295/269/36 289/268/36
f 287/271/35 293/273/35 294/264/35
f 287/271/35 294/264/35 288/272/35
f 288/272/40 294/264/40 298/253/40
f 288/272/40 298/253/40 292/250/40
f 291/251/37 297/252/37 296/270/37
f 291/251/37 296/270/37 290/267/37
f 289/274/38 295/275/38 293/273/38
f 289/274/38 293/273/38 287/271/38
f 297/252/70 303/277/70 302/276/70
f 297/252/70 302/276/70 296/270/70
f 295/275/69 301/279/69 299/278/69
f 295/275/69 299/278/69 293/273/69
f 298/253/68 304/265/68 303/277/68
f 298/253/68 303/277/68 297/252/68
f 296/270/67 302/276/67 301/280/67
f 296/270/67 301/280/67 295/269/67
f 293/273/66 299/278/66 300/266/66
f 293/273/66 300/266/66 294/264/66
f 318/281/38 322/284/38 309/283/38
f 318/281/38 309/283/38 299/282/38
f 305/285/47 308/288/47 307/287/47
f 305/285/47 307/287/47 306/286/47
f 319/289/38 305/291/38 306/290/38
f 319/289/38 306/290/38 318/281/38
f 319/289/38 323/293/38 315/292/38
f 319/289/38 315/292/38 305/291/38
f 317/294/39 307/297/39 308/296/39
f 317/294/39 308/296/39 320/295/39
f 322/298/72 311/301/72 312/300/72
f 322/298/72 312/300/72 321/299/72
f 307/287/47 312/300/47 311/301/47
f 307/287/47 311/301/47 306/286/47
f 299/282/73 309/283/73 310/303/73
f 299/282/73 310/303/73 304/302/73
f 317/294/39 321/305/39 312/304/39
f 317/294/39 312/304/39 307/297/39
f 324/306/74 316/309/74 315/308/74
f 324/306/74 315/308/74 323/307/74
f 305/285/47 315/311/47 316/310/47
f 305/285/47 316/310/47 308/288/47
f 303/312/73 314/315/73 313/314/73
f 303/312/73 313/314/73 301/313/73
f 320/295/79 324/316/79 314/315/79
f 320/295/79 314/315/79 303/312/79
f 308/296/80 316/317/80 324/316/80
f 308/296/80 324/316/80 320/295/80
f 314/315/77 324/306/77 323/307/77
f 314/315/77 323/307/77 313/314/77
f 304/302/81 310/303/81 321/305/81
f 304/302/81 321/305/81 317/294/81
f 309/283/72 322/298/72 321/299/72
f 309/283/72 321/299/72 310/303/72
f 304/302/81 317/294/81 320/295/81
f 304/302/81 320/295/81 303/312/81
f 301/313/38 313/314/38 323/293/38
f 301/313/38 323/293/38 319/289/38
f 301/313/38 319/289/38 318/281/38
f 301/313/38 318/281/38 299/282/38
f 306/290/38 311/318/38 322/284/38
f 306/290/38 322/284/38 318/281/38
f 191/319/73 192/65/73 193/66/73
f 191/319/73 193/66/73 195/320/73
f 194/73/73 190/74/73 191/319/73
f 194/73/73 191/319/73 195/320/73
f 333/63/32 328/66/32 327/65/32
f 333/63/32 327/65/32 334/64/32
f 334/67/31 327/70/31 326/69/31
f 334/67/31 326/69/31 335/68/31
f 336/71/30 325/74/30 329/73/30
f 336/71/30 329/73/30 332/72/30
f 332/75/29 329/78/29 330/77/29
f 332/75/29 330/77/29 331/76/29
f 331/76/33 330/77/33 328/80/33
f 331/76/33 328/80/33 333/79/33
f 335/68/34 326/69/34 325/82/34
f 335/68/34 325/82/34 336/81/34
f 337/83/36 336/71/36 332/72/36
f 337/83/36 332/72/36 341/84/36
f 339/85/35 334/67/35 335/68/35
f 339/85/35 335/68/35 338/86/35
f 340/87/40 333/63/40 334/64/40
f 340/87/40 334/64/40 339/88/40
f 338/86/38 335/68/38 336/81/38
f 338/86/38 336/81/38 337/89/38
f 342/90/39 331/76/39 333/79/39
f 342/90/39 333/79/39 340/91/39
f 341/92/37 332/75/37 331/76/37
f 341/92/37 331/76/37 342/90/37
f 345/93/44 340/96/44 339/95/44
f 345/93/44 339/95/44 346/94/44
f 346/94/43 339/95/43 338/98/43
f 346/94/43 338/98/43 347/97/43
f 348/99/42 337/102/42 341/101/42
f 348/99/42 341/101/42 344/100/42
f 344/100/41 341/101/41 342/104/41
f 344/100/41 342/104/41 343/103/41
f 343/103/45 342/104/45 340/106/45
f 343/103/45 340/106/45 345/105/45
f 347/97/46 338/98/46 337/102/46
f 347/97/46 337/102/46 348/99/46
f 350/107/38 347/97/38 348/99/38
f 350/107/38 348/99/38 349/108/38
f 355/109/39 343/103/39 345/105/39
f 355/109/39 345/105/39 352/110/39
f 352/111/40 345/93/40 346/94/40
f 352/111/40 346/94/40 351/112/40
f 349/108/36 348/99/36 344/100/36
f 349/108/36 344/100/36 354/113/36
f 351/112/35 346/94/35 347/97/35
f 351/112/35 347/97/35 350/107/35
f 354/113/37 344/100/37 343/103/37
f 354/113/37 343/103/37 355/109/37
f 358/114/47 352/111/47 351/112/47
f 358/114/47 351/112/47 359/115/47
f 359/116/47 351/112/47 350/107/47
f 359/116/47 350/107/47 360/117/47
f 361/118/38 367/121/38 366/120/38
f 361/118/38 366/120/38 360/119/38
f 361/122/47 349/108/47 354/113/47
f 361/122/47 354/113/47 357/123/47
f 357/124/47 354/113/47 355/109/47
f 357/124/47 355/109/47 356/125/47
f 356/126/47 355/109/47 352/110/47
f 356/126/47 352/110/47 358/127/47
f 356/128/39 358/131/39 364/130/39
f 356/128/39 364/130/39 362/129/39
f 363/132/49 369/135/49 373/134/49
f 363/132/49 373/134/49 367/133/49
f 360/136/47 350/107/47 349/108/47
f 360/136/47 349/108/47 361/137/47
f 356/128/37 362/129/37 363/139/37
f 356/128/37 363/139/37 357/138/37
f 357/138/36 363/139/36 367/121/36
f 357/138/36 367/121/36 361/118/36
f 360/119/35 366/120/35 365/141/35
f 360/119/35 365/141/35 359/140/35
f 358/142/40 359/140/40 365/141/40
f 358/142/40 365/141/40 364/143/40
f 373/134/38 379/146/38 378/145/38
f 373/134/38 378/145/38 372/144/38
f 366/147/48 372/144/48 371/149/48
f 366/147/48 371/149/48 365/148/48
f 364/150/50 370/153/50 368/152/50
f 364/150/50 368/152/50 362/151/50
f 367/133/51 373/134/51 372/144/51
f 367/133/51 372/144/51 366/147/51
f 365/148/53 371/149/53 370/155/53
f 365/148/53 370/155/53 364/154/53
f 362/151/52 368/152/52 369/135/52
f 362/151/52 369/135/52 363/132/52
f 375/156/47 381/158/47 385/157/47
f 375/156/47 385/157/47 379/146/47
f 371/149/40 377/160/40 376/159/40
f 371/149/40 376/159/40 370/155/40
f 368/152/37 374/161/37 375/156/37
f 368/152/37 375/156/37 369/135/37
f 369/135/36 375/156/36 379/146/36
f 369/135/36 379/146/36 373/134/36
f 372/144/35 378/145/35 377/160/35
f 372/144/35 377/160/35 371/149/35
f 370/153/39 376/162/39 374/161/39
f 370/153/39 374/161/39 368/152/39
f 385/163/38 391/166/38 390/165/38
f 385/163/38 390/165/38 384/164/38
f 378/145/47 384/168/47 383/167/47
f 378/145/47 383/167/47 377/160/47
f 376/162/47 382/170/47 380/169/47
f 376/162/47 380/169/47 374/161/47
f 379/146/47 385/172/47 384/171/47
f 379/146/47 384/171/47 378/145/47
f 377/160/47 383/174/47 382/173/47
f 377/160/47 382/173/47 376/159/47
f 374/161/47 380/176/47 381/175/47
f 374/161/47 381/175/47 375/156/47
f 387/177/55 393/180/55 397/179/55
f 387/177/55 397/179/55 391/178/55
f 383/181/40 389/184/40 388/183/40
f 383/181/40 388/183/40 382/182/40
f 380/185/37 386/188/37 387/187/37
f 380/185/37 387/187/37 381/186/37
f 381/186/36 387/187/36 391/166/36
f 381/186/36 391/166/36 385/163/36
f 384/164/35 390/165/35 389/184/35
f 384/164/35 389/184/35 383/181/35
f 382/189/39 388/190/39 386/188/39
f 382/189/39 386/188/39 380/185/39
f 397/179/38 403/193/38 402/192/38
f 397/179/38 402/192/38 396/191/38
f 390/194/54 396/191/54 395/196/54
f 390/194/54 395/196/54 389/195/54
f 388/197/56 394/200/56 392/199/56
f 388/197/56 392/199/56 386/198/56
f 391/178/57 397/179/57 396/191/57
f 391/178/57 396/191/57 390/194/57
f 389/195/59 395/196/59 394/202/59
f 389/195/59 394/202/59 388/201/59
f 386/198/58 392/199/58 393/180/58
f 386/198/58 393/180/58 387/177/58
f 402/192/47 408/205/47 407/204/47
f 402/192/47 407/204/47 401/203/47
f 395/196/40 401/203/40 400/206/40
f 395/196/40 400/206/40 394/202/40
f 392/199/37 398/208/37 399/207/37
f 392/199/37 399/207/37 393/180/37
f 393/180/36 399/207/36 403/193/36
f 393/180/36 403/193/36 397/179/36
f 396/191/35 402/192/35 401/203/35
f 396/191/35 401/203/35 395/196/35
f 394/200/39 400/209/39 398/208/39
f 394/200/39 398/208/39 392/199/39
f 407/210/40 413/213/40 412/212/40
f 407/210/40 412/212/40 406/211/40
f 400/209/47 406/215/47 404/214/47
f 400/209/47 404/214/47 398/208/47
f 403/193/47 409/217/47 408/216/47
f 403/193/47 408/216/47 402/192/47
f 401/203/47 407/219/47 406/218/47
f 401/203/47 406/218/47 400/206/47
f 398/208/47 404/221/47 405/220/47
f 398/208/47 405/220/47 399/207/47
f 399/207/47 405/223/47 409/222/47
f 399/207/47 409/222/47 403/193/47
f 412/224/60 418/227/60 416/226/60
f 412/224/60 416/226/60 410/225/60
f 404/228/37 410/231/37 411/230/37
f 404/228/37 411/230/37 405/229/37
f 405/229/36 411/230/36 415/233/36
f 405/229/36 415/233/36 409/232/36
f 408/234/35 414/235/35 413/213/35
f 408/234/35 413/213/35 407/210/35
f 406/236/39 412/237/39 410/231/39
f 406/236/39 410/231/39 404/228/39
f 409/232/38 415/233/38 414/235/38
f 409/232/38 414/235/38 408/234/38
f 416/226/47 422/240/47 423/239/47
f 416/226/47 423/239/47 417/238/47
f 415/241/61 421/244/61 420/243/61
f 415/241/61 420/243/61 414/242/61
f 413/245/63 419/248/63 418/247/63
f 413/245/63 418/247/63 412/246/63
f 410/225/62 416/226/62 417/238/62
f 410/225/62 417/238/62 411/249/62
f 411/249/65 417/238/65 421/244/65
f 411/249/65 421/244/65 415/241/65
f 414/242/64 420/243/64 419/248/64
f 414/242/64 419/248/64 413/245/64
f 427/250/38 433/253/38 432/252/38
f 427/250/38 432/252/38 426/251/38
f 417/238/47 423/255/47 427/254/47
f 417/238/47 427/254/47 421/244/47
f 420/243/47 426/257/47 425/256/47
f 420/243/47 425/256/47 419/248/47
f 418/227/47 424/259/47 422/258/47
f 418/227/47 422/258/47 416/226/47
f 421/244/47 427/261/47 426/260/47
f 421/244/47 426/260/47 420/243/47
f 419/248/47 425/263/47 424/262/47
f 419/248/47 424/262/47 418/247/47
f 429/264/67 435/266/67 439/265/67
f 429/264/67 439/265/67 433/253/67
f 425/267/40 431/270/40 430/269/40
f 425/267/40 430/269/40 424/268/40
f 422/271/37 428/273/37 429/264/37
f 422/271/37 429/264/37 423/272/37
f 423/272/36 429/264/36 433/253/36
f 423/272/36 433/253/36 427/250/36
f 426/251/35 432/252/35 431/270/35
f 426/251/35 431/270/35 425/267/35
f 424/274/39 430/275/39 428/273/39
f 424/274/39 428/273/39 422/271/39
f 432/252/66 438/277/66 437/276/66
f 432/252/66 437/276/66 431/270/66
f 430/275/68 436/279/68 434/278/68
f 430/275/68 434/278/68 428/273/68
f 433/253/69 439/265/69 438/277/69
f 433/253/69 438/277/69 432/252/69
f 431/270/71 437/276/71 436/280/71
f 431/270/71 436/280/71 430/269/71
f 428/273/70 434/278/70 435/266/70
f 428/273/70 435/266/70 429/264/70
f 453/281/39 457/284/39 444/283/39
f 453/281/39 444/283/39 434/282/39
f 440/285/47 443/288/47 442/287/47
f 440/285/47 442/287/47 441/286/47
f 454/289/39 440/291/39 441/290/39
f 454/289/39 441/290/39 453/281/39
f 454/289/39 458/293/39 450/292/39
f 454/289/39 450/292/39 440/291/39
f 452/294/38 442/297/38 443/296/38
f 452/294/38 443/296/38 455/295/38
f 457/298/74 446/301/74 447/300/74
f 457/298/74 447/300/74 456/299/74
f 442/287/47 447/300/47 446/301/47
f 442/287/47 446/301/47 441/286/47
f 434/282/73 444/283/73 445/303/73
f 434/282/73 445/303/73 439/302/73
f 452/294/38 456/305/38 447/304/38
f 452/294/38 447/304/38 442/297/38
f 459/306/72 451/309/72 450/308/72
f 459/306/72 450/308/72 458/307/72
f 440/285/47 450/311/47 451/310/47
f 440/285/47 451/310/47 443/288/47
f 438/312/73 449/315/73 448/314/73
f 438/312/73 448/314/73 436/313/73
f 455/295/82 459/316/82 449/315/82
f 455/295/82 449/315/82 438/312/82
f 443/296/83 451/317/83 459/316/83
f 443/296/83 459/316/83 455/295/83
f 449/315/84 459/306/84 458/307/84
f 449/315/84 458/307/84 448/314/84
f 439/302/78 445/303/78 456/305/78
f 439/302/78 456/305/78 452/294/78
f 444/283/74 457/298/74 456/299/74
f 444/283/74 456/299/74 445/303/74
f 439/302/78 452/294/78 455/295/78
f 439/302/78 455/295/78 438/312/78
f 436/313/39 448/314/39 458/293/39
f 436/313/39 458/293/39 454/289/39
f 436/313/39 454/289/39 453/281/39
f 436/313/39 453/281/39 434/282/39
f 441/290/39 446/318/39 457/284/39
f 441/290/39 457/284/39 453/281/39
f 326/319/73 327/65/73 328/66/73
f 326/319/73 328/66/73 330/320/73
f 329/73/73 325/74/73 326/319/73
f 329/73/73 326/319/73 330/320/73
f 468/63/31 469/64/31 462/65/31
f 468/63/31 462/65/31 463/66/31
f 469/67/32 470/68/32 461/69/32
f 469/67/32 461/69/32 462/70/32
f 471/71/29 467/72/29 464/73/29
f 471/71/29 464/73/29 460/74/29
f 467/75/30 466/76/30 465/77/30
f 467/75/30 465/77/30 464/78/30
f 466/76/34 468/79/34 463/80/34
f 466/76/34 463/80/34 465/77/34
f 470/68/33 471/81/33 460/82/33
f 470/68/33 460/82/33 461/69/33
f 472/83/37 476/84/37 467/72/37
f 472/83/37 467/72/37 471/71/37
f 474/85/40 473/86/40 470/68/40
f 474/85/40 470/68/40 469/67/40
f 475/87/35 474/88/35 469/64/35
f 475/87/35 469/64/35 468/63/35
f 473/86/39 472/89/39 471/81/39
f 473/86/39 471/81/39 470/68/39
f 477/90/38 475/91/38 468/79/38
f 477/90/38 468/79/38 466/76/38
f 476/92/36 477/90/36 466/76/36
f 476/92/36 466/76/36 467/75/36
f 480/93/43 481/94/43 474/95/43
f 480/93/43 474/95/43 475/96/43
f 481/94/44 482/97/44 473/98/44
f 481/94/44 473/98/44 474/95/44
f 483/99/41 479/100/41 476/101/41
f 483/99/41 476/101/41 472/102/41
f 479/100/42 478/103/42 477/104/42
f 479/100/42 477/104/42 476/101/42
f 478/103/46 480/105/46 475/106/46
f 478/103/46 475/106/46 477/104/46
f 482/97/45 483/99/45 472/102/45
f 482/97/45 472/102/45 473/98/45
f 485/107/39 484/108/39 483/99/39
f 485/107/39 483/99/39 482/97/39
f 490/109/38 487/110/38 480/105/38
f 490/109/38 480/105/38 478/103/38
f 487/111/35 486/112/35 481/94/35
f 487/111/35 481/94/35 480/93/35
f 484/108/37 489/113/37 479/100/37
f 484/108/37 479/100/37 483/99/37
f 486/112/40 485/107/40 482/97/40
f 486/112/40 482/97/40 481/94/40
f 489/113/36 490/109/36 478/103/36
f 489/113/36 478/103/36 479/100/36
f 493/114/47 494/115/47 486/112/47
f 493/114/47 486/112/47 487/111/47
f 494/116/47 495/117/47 485/107/47
f 494/116/47 485/107/47 486/112/47
f 496/118/39 495/119/39 501/120/39
f 496/118/39 501/120/39 502/121/39
f 496/122/47 492/123/47 489/113/47
f 496/122/47 489/113/47 484/108/47
f 492/124/47 491/125/47 490/109/47
f 492/124/47 490/109/47 489/113/47
f 491/126/47 493/127/47 487/110/47
f 491/126/47 487/110/47 490/109/47
f 491/128/38 497/129/38 499/130/38
f 491/128/38 499/130/38 493/131/38
f 498/132/52 502/133/52 508/134/52
f 498/132/52 508/134/52 504/135/52
f 495/136/47 496/137/47 484/108/47
f 495/136/47 484/108/47 485/107/47
f 491/128/36 492/138/36 498/139/36
f 491/128/36 498/139/36 497/129/36
f 492/138/37 496/118/37 502/121/37
f 492/138/37 502/121/37 498/139/37
f 495/119/40 494/140/40 500/141/40
f 495/119/40 500/141/40 501/120/40
f 493/142/35 499/143/35 500/141/35
f 493/142/35 500/141/35 494/140/35
f 508/134/39 507/144/39 513/145/39
f 508/134/39 513/145/39 514/146/39
f 501/147/53 500/148/53 506/149/53
f 501/147/53 506/149/53 507/144/53
f 499/150/51 497/151/51 503/152/51
f 499/150/51 503/152/51 505/153/51
f 502/133/50 501/147/50 507/144/50
f 502/133/50 507/144/50 508/134/50
f 500/148/48 499/154/48 505/155/48
f 500/148/48 505/155/48 506/149/48
f 497/151/49 498/132/49 504/135/49
f 497/151/49 504/135/49 503/152/49
f 510/156/47 514/146/47 520/157/47
f 510/156/47 520/157/47 516/158/47
f 506/149/35 505/155/35 511/159/35
f 506/149/35 511/159/35 512/160/35
f 503/152/36 504/135/36 510/156/36
f 503/152/36 510/156/36 509/161/36
f 504/135/37 508/134/37 514/146/37
f 504/135/37 514/146/37 510/156/37
f 507/144/40 506/149/40 512/160/40
f 507/144/40 512/160/40 513/145/40
f 505/153/38 503/152/38 509/161/38
f 505/153/38 509/161/38 511/162/38
f 520/163/39 519/164/39 525/165/39
f 520/163/39 525/165/39 526/166/39
f 513/145/47 512/160/47 518/167/47
f 513/145/47 518/167/47 519/168/47
f 511/162/47 509/161/47 515/169/47
f 511/162/47 515/169/47 517/170/47
f 514/146/47 513/145/47 519/171/47
f 514/146/47 519/171/47 520/172/47
f 512/160/47 511/159/47 517/173/47
f 512/160/47 517/173/47 518/174/47
f 509/161/47 510/156/47 516/175/47
f 509/161/47 516/175/47 515/176/47
f 522/177/58 526/178/58 532/179/58
f 522/177/58 532/179/58 528/180/58
f 518/181/35 517/182/35 523/183/35
f 518/181/35 523/183/35 524/184/35
f 515/185/36 516/186/36 522/187/36
f 515/185/36 522/187/36 521/188/36
f 516/186/37 520/163/37 526/166/37
f 516/186/37 526/166/37 522/187/37
f 519/164/40 518/181/40 524/184/40
f 519/164/40 524/184/40 525/165/40
f 517/189/38 515/185/38 521/188/38
f 517/189/38 521/188/38 523/190/38
f 532/179/39 531/191/39 537/192/39
f 532/179/39 537/192/39 538/193/39
f 525/194/59 524/195/59 530/196/59
f 525/194/59 530/196/59 531/191/59
f 523/197/57 521/198/57 527/199/57
f 523/197/57 527/199/57 529/200/57
f 526/178/56 525/194/56 531/191/56
f 526/178/56 531/191/56 532/179/56
f 524/195/54 523/201/54 529/202/54
f 524/195/54 529/202/54 530/196/54
f 521/198/55 522/177/55 528/180/55
f 521/198/55 528/180/55 527/199/55
f 537/192/47 536/203/47 542/204/47
f 537/192/47 542/204/47 543/205/47
f 530/196/35 529/202/35 535/206/35
f 530/196/35 535/206/35 536/203/35
f 527/199/36 528/180/36 534/207/36
f 527/199/36 534/207/36 533/208/36
f 528/180/37 532/179/37 538/193/37
f 528/180/37 538/193/37 534/207/37
f 531/191/40 530/196/40 536/203/40
f 531/191/40 536/203/40 537/192/40
f 529/200/38 527/199/38 533/208/38
f 529/200/38 533/208/38 535/209/38
f 542/210/35 541/211/35 547/212/35
f 542/210/35 547/212/35 548/213/35
f 535/209/47 533/208/47 539/214/47
f 535/209/47 539/214/47 541/215/47
f 538/193/47 537/192/47 543/216/47
f 538/193/47 543/216/47 544/217/47
f 536/203/47 535/206/47 541/218/47
f 536/203/47 541/218/47 542/219/47
f 533/208/47 534/207/47 540/220/47
f 533/208/47 540/220/47 539/221/47
f 534/207/47 538/193/47 544/222/47
f 534/207/47 544/222/47 540/223/47
f 547/224/61 545/225/61 551/226/61
f 547/224/61 551/226/61 553/227/61
f 539/228/36 540/229/36 546/230/36
f 539/228/36 546/230/36 545/231/36
f 540/229/37 544/232/37 550/233/37
f 540/229/37 550/233/37 546/230/37
f 543/234/40 542/210/40 548/213/40
f 543/234/40 548/213/40 549/235/40
f 541/236/38 539/228/38 545/231/38
f 541/236/38 545/231/38 547/237/38
f 544/232/39 543/234/39 549/235/39
f 544/232/39 549/235/39 550/233/39
f 551/226/47 552/238/47 558/239/47
f 551/226/47 558/239/47 557/240/47
f 550/241/60 549/242/60 555/243/60
f 550/241/60 555/243/60 556/244/60
f 548/245/64 547/246/64 553/247/64
f 548/245/64 553/247/64 554/248/64
f 545/225/65 546/249/65 552/238/65
f 545/225/65 552/238/65 551/226/65
f 546/249/62 550/241/62 556/244/62
f 546/249/62 556/244/62 552/238/62
f 549/242/63 548/245/63 554/248/63
f 549/242/63 554/248/63 555/243/63
f 562/250/39 561/251/39 567/252/39
f 562/250/39 567/252/39 568/253/39
f 552/238/47 556/244/47 562/254/47
f 552/238/47 562/254/47 558/255/47
f 555/243/47 554/248/47 560/256/47
f 555/243/47 560/256/47 561/257/47
f 553/227/47 551/226/47 557/258/47
f 553/227/47 557/258/47 559/259/47
f 556/244/47 555/243/47 561/260/47
f 556/244/47 561/260/47 562/261/47
f 554/248/47 553/247/47 559/262/47
f 554/248/47 559/262/47 560/263/47
f 564/264/70 568/253/70 574/265/70
f 564/264/70 574/265/70 570/266/70
f 560/267/35 559/268/35 565/269/35
f 560/267/35 565/269/35 566/270/35
f 557/271/36 558/272/36 564/264/36
f 557/271/36 564/264/36 563/273/36
f 558/272/37 562/250/37 568/253/37
f 558/272/37 568/253/37 564/264/37
f 561/251/40 560/267/40 566/270/40
f 561/251/40 566/270/40 567/252/40
f 559/274/38 557/271/38 563/273/38
f 559/274/38 563/273/38 565/275/38
f 567/252/71 566/270/71 572/276/71
f 567/252/71 572/276/71 573/277/71
f 565/275/69 563/273/69 569/278/69
f 565/275/69 569/278/69 571/279/69
f 568/253/68 567/252/68 573/277/68
f 568/253/68 573/277/68 574/265/68
f 566/270/66 565/269/66 571/280/66
f 566/270/66 571/280/66 572/276/66
f 563/273/67 564/264/67 570/266/67
f 563/273/67 570/266/67 569/278/67
f 588/281/38 569/282/38 579/283/38
f 588/281/38 579/283/38 592/284/38
f 575/285/47 576/286/47 577/287/47
f 575/285/47 577/287/47 578/288/47
f 589/289/38 588/281/38 576/290/38
f 589/289/38 576/290/38 575/291/38
f 589/289/38 575/291/38 585/292/38
f 589/289/38 585/292/38 593/293/38
f 587/294/39 590/295/39 578/296/39
f 587/294/39 578/296/39 577/297/39
f 592/298/74 591/299/74 582/300/74
f 592/298/74 582/300/74 581/301/74
f 577/287/47 576/286/47 581/301/47
f 577/287/47 581/301/47 582/300/47
f 569/282/73 574/302/73 580/303/73
f 569/282/73 580/303/73 579/283/73
f 587/294/39 577/297/39 582/304/39
f 587/294/39 582/304/39 591/305/39
f 594/306/72 593/307/72 585/308/72
f 594/306/72 585/308/72 586/309/72
f 575/285/47 578/288/47 586/310/47
f 575/285/47 586/310/47 585/311/47
f 573/312/73 571/313/73 583/314/73
f 573/312/73 583/314/73 584/315/73
f 590/295/85 573/312/85 584/315/85
f 590/295/85 584/315/85 594/316/85
f 578/296/86 590/295/86 594/316/86
f 578/296/86 594/316/86 586/317/86
f 584/315/84 583/314/84 593/307/84
f 584/315/84 593/307/84 594/306/84
f 574/302/81 587/294/81 591/305/81
f 574/302/81 591/305/81 580/303/81
f 579/283/74 580/303/74 591/299/74
f 579/283/74 591/299/74 592/298/74
f 574/302/81 573/312/81 590/295/81
f 574/302/81 590/295/81 587/294/81
f 571/313/38 589/289/38 593/293/38
f 571/313/38 593/293/38 583/314/38
f 571/313/38 569/282/38 588/281/38
f 571/313/38 588/281/38 589/289/38
f 576/290/38 588/281/38 592/284/38
f 576/290/38 592/284/38 581/318/38
f 461/319/73 465/320/73 463/66/73
f 461/319/73 463/66/73 462/65/73
f 464/73/73 465/320/73 461/319/73
f 464/73/73 461/319/73 460/74/73
usemtl Material.004
f 601/321/87 596/322/87 598/323/87
f 601/321/87 598/323/87 602/324/87
f 602/325/88 604/326/88 603/327/88
f 602/325/88 603/327/88 601/328/88
f 600/329/89 606/330/89 605/331/89
f 600/329/89 605/331/89 599/332/89
f 603/333/90 604/334/90 609/335/90
f 603/333/90 609/335/90 607/336/90
f 595/337/87 605/338/87 606/339/87
f 595/337/87 606/339/87 597/340/87
f 608/341/87 607/336/87 609/342/87
f 608/341/87 609/342/87 610/343/87
f 604/344/91 600/345/91 610/343/91
f 604/344/91 610/343/91 609/342/91
f 600/346/92 599/347/92 608/341/92
f 600/346/92 608/341/92 610/348/92
f 599/347/93 603/333/93 607/336/93
f 599/347/93 607/336/93 608/341/93
f 614/349/94 612/350/94 596/322/94
f 614/349/94 596/322/94 601/321/94
f 601/328/88 603/327/88 615/351/88
f 601/328/88 615/351/88 614/352/88
f 599/332/89 605/331/89 616/353/89
f 599/332/89 616/353/89 613/354/89
f 615/355/95 603/356/95 619/357/95
f 615/355/95 619/357/95 617/358/95
f 611/359/94 616/360/94 605/338/94
f 611/359/94 605/338/94 595/337/94
f 618/361/94 617/358/94 619/362/94
f 618/361/94 619/362/94 620/363/94
f 603/364/96 599/365/96 620/363/96
f 603/364/96 620/363/96 619/362/96
f 599/366/97 613/367/97 618/361/97
f 599/366/97 618/361/97 620/368/97
f 613/367/98 615/355/98 617/358/98
f 613/367/98 617/358/98 618/361/98
f 624/369/99 622/370/99 612/350/99
f 624/369/99 612/350/99 614/349/99
f 614/352/88 615/351/88 625/371/88
f 614/352/88 625/371/88 624/372/88
f 613/354/89 616/353/89 626/373/89
f 613/354/89 626/373/89 623/374/89
f 625/375/100 615/376/100 629/377/100
f 625/375/100 629/377/100 627/378/100
f 621/379/99 626/380/99 616/360/99
f 621/379/99 616/360/99 611/359/99
f 628/381/99 627/378/99 629/382/99
f 628/381/99 629/382/99 630/383/99
f 615/384/101 613/385/101 630/383/101
f 615/384/101 630/383/101 629/382/101
f 613/386/102 623/387/102 628/381/102
f 613/386/102 628/381/102 630/388/102
f 623/387/103 625/375/103 627/378/103
f 623/387/103 627/378/103 628/381/103
f 634/389/104 632/390/104 622/370/104
f 634/389/104 622/370/104 624/369/104
f 624/372/88 625/371/88 635/391/88
f 624/372/88 635/391/88 634/392/88
f 623/374/89 626/373/89 636/393/89
f 623/374/89 636/393/89 633/394/89
f 635/395/105 625/396/105 639/397/105
f 635/395/105 639/397/105 637/398/105
f 631/399/104 636/400/104 626/380/104
f 631/399/104 626/380/104 621/379/104
f 638/401/104 637/398/104 639/402/104
f 638/401/104 639/402/104 640/403/104
f 625/404/106 623/405/106 640/403/106
f 625/404/106 640/403/106 639/402/106
f 623/406/107 633/407/107 638/401/107
f 623/406/107 638/401/107 640/408/107
f 633/407/108 635/395/108 637/398/108
f 633/407/108 637/398/108 638/401/108
f 644/409/109 642/410/109 632/390/109
f 644/409/109 632/390/109 634/389/109
f 634/392/88 635/391/88 645/411/88
f 634/392/88 645/411/88 644/412/88
f 633/394/89 636/393/89 646/413/89
f 633/394/89 646/413/89 643/414/89
f 645/415/110 635/416/110 649/417/110
f 645/415/110 649/417/110 647/418/110
f 641/419/109 646/420/109 636/400/109
f 641/419/109 636/400/109 631/399/109
f 648/421/109 647/418/109 649/422/109
f 648/421/109 649/422/109 650/423/109
f 635/424/111 633/425/111 650/423/111
f 635/424/111 650/423/111 649/422/111
f 633/426/112 643/427/112 648/421/112
f 633/426/112 648/421/112 650/428/112
f 643/427/113 645/415/113 647/418/113
f 643/427/113 647/418/113 648/421/113
f 654/429/114 652/430/114 642/431/114
f 654/429/114 642/431/114 644/432/114
f 644/412/88 645/411/88 655/433/88
f 644/412/88 655/433/88 654/434/88
f 643/414/89 646/413/89 656/435/89
f 643/414/89 656/435/89 653/436/89
f 655/437/115 645/438/115 659/439/115
f 655/437/115 659/439/115 657/440/115
f 651/441/114 656/442/114 646/443/114
f 651/441/114 646/443/114 641/444/114
f 658/445/114 657/440/114 659/446/114
f 658/445/114 659/446/114 660/447/114
f 645/448/116 643/449/116 660/447/116
f 645/448/116 660/447/116 659/446/116
f 643/450/117 653/451/117 658/445/117
f 643/450/117 658/445/117 660/452/117
f 653/451/118 655/437/118 657/440/118
f 653/451/118 657/440/118 658/445/118
f 664/453/119 662/454/119 652/430/119
f 664/453/119 652/430/119 654/429/119
f 654/434/88 655/433/88 665/455/88
f 654/434/88 665/455/88 664/456/88
f 653/436/89 656/435/89 666/457/89
f 653/436/89 666/457/89 663/458/89
f 665/459/120 655/460/120 669/461/120
f 665/459/120 669/461/120 667/462/120
f 661/463/119 666/464/119 656/442/119
f 661/463/119 656/442/119 651/441/119
f 668/465/119 667/462/119 669/466/119
f 668/465/119 669/466/119 670/467/119
f 655/468/121 653/469/121 670/467/121
f 655/468/121 670/467/121 669/466/121
f 653/470/122 663/471/122 668/465/122
f 653/470/122 668/465/122 670/472/122
f 663/471/123 665/459/123 667/462/123
f 663/471/123 667/462/123 668/465/123
f 674/473/124 672/474/124 662/454/124
f 674/473/124 662/454/124 664/453/124
f 664/456/88 665/455/88 675/475/88
f 664/456/88 675/475/88 674/476/88
f 663/458/89 666/457/89 676/477/89
f 663/458/89 676/477/89 673/478/89
f 675/479/125 665/480/125 679/481/125
f 675/479/125 679/481/125 677/482/125
f 671/483/124 676/484/124 666/464/124
f 671/483/124 666/464/124 661/463/124
f 678/485/124 677/482/124 679/486/124
f 678/485/124 679/486/124 680/487/124
f 665/488/126 663/489/126 680/487/126
f 665/488/126 680/487/126 679/486/126
f 663/490/127 673/491/127 678/485/127
f 663/490/127 678/485/127 680/492/127
f 673/491/128 675/479/128 677/482/128
f 673/491/128 677/482/128 678/485/128
f 684/493/129 682/494/129 672/474/129
f 684/493/129 672/474/129 674/473/129
f 674/476/88 675/475/88 685/495/88
f 674/476/88 685/495/88 684/496/88
f 673/478/89 676/477/89 686/497/89
f 673/478/89 686/497/89 683/498/89
f 685/499/130 675/500/130 689/501/130
f 685/499/130 689/501/130 687/502/130
f 681/503/129 686/504/129 676/484/129
f 681/503/129 676/484/129 671/483/129
f 688/505/129 687/502/129 689/506/129
f 688/505/129 689/506/129 690/507/129
f 675/508/131 673/509/131 690/507/131
f 675/508/131 690/507/131 689/506/131
f 673/510/132 683/511/132 688/505/132
f 673/510/132 688/505/132 690/512/132
f 683/511/133 685/499/133 687/502/133
f 683/511/133 687/502/133 688/505/133
f 694/513/134 692/514/134 682/494/134
f 694/513/134 682/494/134 684/493/134
f 684/496/88 685/495/88 695/515/88
f 684/496/88 695/515/88 694/516/88
f 683/498/89 686/497/89 696/517/89
f 683/498/89 696/517/89 693/518/89
f 695/519/135 685/520/135 699/521/135
f 695/519/135 699/521/135 697/522/135
f 691/523/134 696/524/134 686/504/134
f 691/523/134 686/504/134 681/503/134
f 698/525/134 697/522/134 699/526/134
f 698/525/134 699/526/134 700/527/134
f 685/528/136 683/529/136 700/527/136
f 685/528/136 700/527/136 699/526/136
f 683/530/137 693/531/137 698/525/137
f 683/530/137 698/525/137 700/532/137
f 693/531/138 695/519/138 697/522/138
f 693/531/138 697/522/138 698/525/138
f 704/533/139 702/534/139 692/514/139
f 704/533/139 692/514/139 694/513/139
f 694/516/88 695/515/88 705/535/88
f 694/516/88 705/535/88 704/536/88
f 693/518/89 696/517/89 706/537/89
f 693/518/89 706/537/89 703/538/89
f 705/539/140 695/540/140 709/541/140
f 705/539/140 709/541/140 707/542/140
f 701/543/139 706/544/139 696/524/139
f 701/543/139 696/524/139 691/523/139
f 708/545/139 707/542/139 709/546/139
f 708/545/139 709/546/139 710/547/139
f 695/548/141 693/549/141 710/547/141
f 695/548/141 710/547/141 709/546/141
f 693/550/142 703/551/142 708/545/142
f 693/550/142 708/545/142 710/552/142
f 703/551/143 705/539/143 707/542/143
f 703/551/143 707/542/143 708/545/143
f 602/324/144 598/323/144 702/534/144
f 602/324/144 702/534/144 704/533/144
f 704/536/88 705/535/88 604/326/88
f 704/536/88 604/326/88 602/325/88
f 703/538/89 706/537/89 606/330/89
f 703/538/89 606/330/89 600/329/89
f 604/553/145 705/554/145 713/555/145
f 604/553/145 713/555/145 711/556/145
f 597/340/144 606/339/144 706/544/144
f 597/340/144 706/544/144 701/543/144
f 712/557/144 711/556/144 713/558/144
f 712/557/144 713/558/144 714/559/144
f 705/560/146 703/561/146 714/559/146
f 705/560/146 714/559/146 713/558/146
f 703/562/147 600/563/147 712/557/147
f 703/562/147 712/557/147 714/564/147
f 600/563/148 604/553/148 711/556/148
f 600/563/148 711/556/148 712/557/148
usemtl Material.003
f 721/565/149 716/566/149 718/567/149
f 721/565/149 718/567/149 722/568/149
f 722/569/150 724/570/150 723/571/150
f 722/569/150 723/571/150 721/572/150
f 720/573/151 726/574/151 725/575/151
f 720/573/151 725/575/151 719/576/151
f 723/577/152 724/578/152 729/579/152
f 723/577/152 729/579/152 727/580/152
f 715/581/149 725/582/149 726/583/149
f 715/581/149 726/583/149 717/584/149
f 728/585/149 727/586/149 729/587/149
f 728/585/149 729/587/149 730/588/149
f 724/578/153 720/589/153 730/590/153
f 724/578/153 730/590/153 729/579/153
f 720/589/154 719/591/154 728/592/154
f 720/589/154 728/592/154 730/590/154
f 719/593/155 723/594/155 727/586/155
f 719/593/155 727/586/155 728/585/155
f 734/595/156 732/596/156 716/566/156
f 734/595/156 716/566/156 721/565/156
f 721/572/150 723/571/150 735/597/150
f 721/572/150 735/597/150 734/598/150
f 719/576/151 725/575/151 736/599/151
f 719/576/151 736/599/151 733/600/151
f 735/601/157 723/594/157 739/602/157
f 735/601/157 739/602/157 737/603/157
f 731/604/156 736/605/156 725/582/156
f 731/604/156 725/582/156 715/581/156
f 738/606/156 737/607/156 739/608/156
f 738/606/156 739/608/156 740/609/156
f 723/594/158 719/593/158 740/610/158
f 723/594/158 740/610/158 739/602/158
f 719/593/159 733/611/159 738/612/159
f 719/593/159 738/612/159 740/610/159
f 733/613/160 735/614/160 737/607/160
f 733/613/160 737/607/160 738/606/160
f 744/615/161 742/616/161 732/596/161
f 744/615/161 732/596/161 734/595/161
f 734/598/150 735/597/150 745/617/150
f 734/598/150 745/617/150 744/618/150
f 733/600/151 736/599/151 746/619/151
f 733/600/151 746/619/151 743/620/151
f 745/621/162 735/614/162 749/622/162
f 745/621/162 749/622/162 747/623/162
f 741/624/161 746/625/161 736/605/161
f 741/624/161 736/605/161 731/604/161
f 748/626/161 747/627/161 749/628/161
f 748/626/161 749/628/161 750/629/161
f 735/614/163 733/613/163 750/630/163
f 735/614/163 750/630/163 749/622/163
f 733/613/164 743/631/164 748/632/164
f 733/613/164 748/632/164 750/630/164
f 743/633/165 745/634/165 747/627/165
f 743/633/165 747/627/165 748/626/165
f 754/635/166 752/636/166 742/616/166
f 754/635/166 742/616/166 744/615/166
f 744/618/150 745/617/150 755/637/150
f 744/618/150 755/637/150 754/638/150
f 743/620/151 746/619/151 756/639/151
f 743/620/151 756/639/151 753/640/151
f 755/641/167 745/634/167 759/642/167
f 755/641/167 759/642/167 757/643/167
f 751/644/166 756/645/166 746/625/166
f 751/644/166 746/625/166 741/624/166
f 758/646/166 757/647/166 759/648/166
f 758/646/166 759/648/166 760/649/166
f 745/634/168 743/633/168 760/650/168
f 745/634/168 760/650/168 759/642/168
f 743/633/169 753/651/169 758/652/169
f 743/633/169 758/652/169 760/650/169
f 753/653/170 755/654/170 757/647/170
f 753/653/170 757/647/170 758/646/170
f 764/655/171 762/656/171 752/636/171
f 764/655/171 752/636/171 754/635/171
f 754/638/150 755/637/150 765/657/150
f 754/638/150 765/657/150 764/658/150
f 753/640/151 756/639/151 766/659/151
f 753/640/151 766/659/151 763/660/151
f 765/661/172 755/654/172 769/662/172
f 765/661/172 769/662/172 767/663/172
f 761/664/171 766/665/171 756/645/171
f 761/664/171 756/645/171 751/644/171
f 768/666/171 767/667/171 769/668/171
f 768/666/171 769/668/171 770/669/171
f 755/654/173 753/653/173 770/670/173
f 755/654/173 770/670/173 769/662/173
f 753/653/174 763/671/174 768/672/174
f 753/653/174 768/672/174 770/670/174
f 763/673/175 765/674/175 767/667/175
f 763/673/175 767/667/175 768/666/175
f 774/675/176 772/676/176 762/656/176
f 774/675/176 762/656/176 764/655/176
f 764/658/150 765/657/150 775/677/150
f 764/658/150 775/677/150 774/678/150
f 763/660/151 766/659/151 776/679/151
f 763/660/151 776/679/151 773/680/151
f 775/681/177 765/674/177 779/682/177
f 775/681/177 779/682/177 777/683/177
f 771/684/176 776/685/176 766/665/176
f 771/684/176 766/665/176 761/664/176
f 778/686/176 777/687/176 779/688/176
f 778/686/176 779/688/176 780/689/176
f 765/674/178 763/673/178 780/690/178
f 765/674/178 780/690/178 779/682/178
f 763/673/179 773/691/179 778/692/179
f 763/673/179 778/692/179 780/690/179
f 773/693/180 775/694/180 777/687/180
f 773/693/180 777/687/180 778/686/180
f 784/695/181 782/696/181 772/676/181
f 784/695/181 772/676/181 774/675/181
f 774/678/150 775/677/150 785/697/150
f 774/678/150 785/697/150 784/698/150
f 773/680/151 776/679/151 786/699/151
f 773/680/151 786/699/151 783/700/151
f 785/701/182 775/694/182 789/702/182
f 785/701/182 789/702/182 787/703/182
f 781/704/181 786/705/181 776/685/181
f 781/704/181 776/685/181 771/684/181
f 788/706/181 787/707/181 789/708/181
f 788/706/181 789/708/181 790/709/181
f 775/694/183 773/693/183 790/710/183
f 775/694/183 790/710/183 789/702/183
f 773/693/184 783/711/184 788/712/184
f 773/693/184 788/712/184 790/710/184
f 783/713/185 785/714/185 787/707/185
f 783/713/185 787/707/185 788/706/185
f 794/715/186 792/716/186 782/696/186
f 794/715/186 782/696/186 784/695/186
f 784/698/150 785/697/150 795/717/150
f 784/698/150 795/717/150 794/718/150
f 783/700/151 786/699/151 796/719/151
f 783/700/151 796/719/151 793/720/151
f 795/721/187 785/714/187 799/722/187
f 795/721/187 799/722/187 797/723/187
f 791/724/186 796/725/186 786/705/186
f 791/724/186 786/705/186 781/704/186
f 798/726/186 797/727/186 799/728/186
f 798/726/186 799/728/186 800/729/186
f 785/714/188 783/713/188 800/730/188
f 785/714/188 800/730/188 799/722/188
f 783/713/189 793/731/189 798/732/189
f 783/713/189 798/732/189 800/730/189
f 793/733/190 795/734/190 797/727/190
f 793/733/190 797/727/190 798/726/190
f 804/735/191 802/736/191 792/716/191
f 804/735/191 792/716/191 794/715/191
f 794/718/150 795/717/150 805/737/150
f 794/718/150 805/737/150 804/738/150
f 793/720/151 796/719/151 806/739/151
f 793/720/151 806/739/151 803/740/151
f 805/741/192 795/734/192 809/742/192
f 805/741/192 809/742/192 807/743/192
f 801/744/191 806/745/191 796/725/191
f 801/744/191 796/725/191 791/724/191
f 808/746/191 807/747/191 809/748/191
f 808/746/191 809/748/191 810/749/191
f 795/734/193 793/733/193 810/750/193
f 795/734/193 810/750/193 809/742/193
f 793/733/194 803/751/194 808/752/194
f 793/733/194 808/752/194 810/750/194
f 803/753/195 805/754/195 807/747/195
f 803/753/195 807/747/195 808/746/195
f 814/755/196 812/756/196 802/736/196
f 814/755/196 802/736/196 804/735/196
f 804/738/150 805/737/150 815/757/150
f 804/738/150 815/757/150 814/758/150
f 803/740/151 806/739/151 816/759/151
f 803/740/151 816/759/151 813/760/151
f 815/761/197 805/754/197 819/762/197
f 815/761/197 819/762/197 817/763/197
f 811/764/196 816/765/196 806/745/196
f 811/764/196 806/745/196 801/744/196
f 818/766/196 817/767/196 819/768/196
f 818/766/196 819/768/196 820/769/196
f 805/754/198 803/753/198 820/770/198
f 805/754/198 820/770/198 819/762/198
f 803/753/199 813/771/199 818/772/199
f 803/753/199 818/772/199 820/770/199
f 813/773/200 815/774/200 817/767/200
f 813/773/200 817/767/200 818/766/200
f 824/775/201 822/776/201 812/756/201
f 824/775/201 812/756/201 814/755/201
f 814/758/150 815/757/150 825/777/150
f 814/758/150 825/777/150 824/778/150
f 813/760/151 816/759/151 826/779/151
f 813/760/151 826/779/151 823/780/151
f 825/781/202 815/774/202 829/782/202
f 825/781/202 829/782/202 827/783/202
f 821/784/201 826/785/201 816/765/201
f 821/784/201 816/765/201 811/764/201
f 828/786/201 827/787/201 829/788/201
f 828/786/201 829/788/201 830/789/201
f 815/774/203 813/773/203 830/790/203
f 815/774/203 830/790/203 829/782/203
f 813/773/204 823/791/204 828/792/204
f 813/773/204 828/792/204 830/790/204
f 823/793/205 825/794/205 827/787/205
f 823/793/205 827/787/205 828/786/205
f 722/568/206 718/567/206 822/795/206
f 722/568/206 822/795/206 824/796/206
f 824/797/150 825/798/150 724/570/150
f 824/797/150 724/570/150 722/569/150
f 823/799/151 826/800/151 726/574/151
f 823/799/151 726/574/151 720/573/151
f 724/801/207 825/794/207 833/802/207
f 724/801/207 833/802/207 831/803/207
f 717/584/206 726/583/206 826/804/206
f 717/584/206 826/804/206 821/805/206
f 832/806/206 831/807/206 833/808/206
f 832/806/206 833/808/206 834/809/206
f 825/794/208 823/793/208 834/810/208
f 825/794/208 834/810/208 833/802/208
f 823/793/209 720/811/209 832/812/209
f 823/793/209 832/812/209 834/810/209
f 720/589/210 724/578/210 831/807/210
f 720/589/210 831/807/210 832/806/210
f 841/565/149 842/568/149 838/567/149
f 841/565/149 838/567/149 836/566/149
f 842/569/151 841/572/151 843/571/151
f 842/569/151 843/571/151 844/570/151
f 840/573/150 839/576/150 845/575/150
f 840/573/150 845/575/150 846/574/150
f 843/577/154 847/580/154 849/579/154
f 843/577/154 849/579/154 844/578/154
f 835/581/149 837/584/149 846/583/149
f 835/581/149 846/583/149 845/582/149
f 848/585/149 850/588/149 849/587/149
f 848/585/149 849/587/149 847/586/149
f 844/578/153 849/579/153 850/590/153
f 844/578/153 850/590/153 840/589/153
f 840/589/152 850/590/152 848/592/152
f 840/589/152 848/592/152 839/591/152
f 839/593/155 848/585/155 847/586/155
f 839/593/155 847/586/155 843/594/155
f 854/595/156 841/565/156 836/566/156
f 854/595/156 836/566/156 852/596/156
f 841/572/151 854/598/151 855/597/151
f 841/572/151 855/597/151 843/571/151
f 839/576/150 853/600/150 856/599/150
f 839/576/150 856/599/150 845/575/150
f 855/601/159 857/603/159 859/602/159
f 855/601/159 859/602/159 843/594/159
f 851/604/156 835/581/156 845/582/156
f 851/604/156 845/582/156 856/605/156
f 858/606/156 860/609/156 859/608/156
f 858/606/156 859/608/156 857/607/156
f 843/594/158 859/602/158 860/610/158
f 843/594/158 860/610/158 839/593/158
f 839/593/157 860/610/157 858/612/157
f 839/593/157 858/612/157 853/611/157
f 853/613/160 858/606/160 857/607/160
f 853/613/160 857/607/160 855/614/160
f 864/615/161 854/595/161 852/596/161
f 864/615/161 852/596/161 862/616/161
f 854/598/151 864/618/151 865/617/151
f 854/598/151 865/617/151 855/597/151
f 853/600/150 863/620/150 866/619/150
f 853/600/150 866/619/150 856/599/150
f 865/621/164 867/623/164 869/622/164
f 865/621/164 869/622/164 855/614/164
f 861/624/161 851/604/161 856/605/161
f 861/624/161 856/605/161 866/625/161
f 868/626/161 870/629/161 869/628/161
f 868/626/161 869/628/161 867/627/161
f 855/614/163 869/622/163 870/630/163
f 855/614/163 870/630/163 853/613/163
f 853/613/162 870/630/162 868/632/162
f 853/613/162 868/632/162 863/631/162
f 863/633/165 868/626/165 867/627/165
f 863/633/165 867/627/165 865/634/165
f 874/635/166 864/615/166 862/616/166
f 874/635/166 862/616/166 872/636/166
f 864/618/151 874/638/151 875/637/151
f 864/618/151 875/637/151 865/617/151
f 863/620/150 873/640/150 876/639/150
f 863/620/150 876/639/150 866/619/150
f 875/641/169 877/643/169 879/642/169
f 875/641/169 879/642/169 865/634/169
f 871/644/166 861/624/166 866/625/166
f 871/644/166 866/625/166 876/645/166
f 878/646/166 880/649/166 879/648/166
f 878/646/166 879/648/166 877/647/166
f 865/634/168 879/642/168 880/650/168
f 865/634/168 880/650/168 863/633/168
f 863/633/167 880/650/167 878/652/167
f 863/633/167 878/652/167 873/651/167
f 873/653/170 878/646/170 877/647/170
f 873/653/170 877/647/170 875/654/170
f 884/655/171 874/635/171 872/636/171
f 884/655/171 872/636/171 882/656/171
f 874/638/151 884/658/151 885/657/151
f 874/638/151 885/657/151 875/637/151
f 873/640/150 883/660/150 886/659/150
f 873/640/150 886/659/150 876/639/150
f 885/661/174 887/663/174 889/662/174
f 885/661/174 889/662/174 875/654/174
f 881/664/171 871/644/171 876/645/171
f 881/664/171 876/645/171 886/665/171
f 888/666/171 890/669/171 889/668/171
f 888/666/171 889/668/171 887/667/171
f 875/654/173 889/662/173 890/670/173
f 875/654/173 890/670/173 873/653/173
f 873/653/172 890/670/172 888/672/172
f 873/653/172 888/672/172 883/671/172
f 883/673/175 888/666/175 887/667/175
f 883/673/175 887/667/175 885/674/175
f 894/675/176 884/655/176 882/656/176
f 894/675/176 882/656/176 892/676/176
f 884/658/151 894/678/151 895/677/151
f 884/658/151 895/677/151 885/657/151
f 883/660/150 893/680/150 896/679/150
f 883/660/150 896/679/150 886/659/150
f 895/681/179 897/683/179 899/682/179
f 895/681/179 899/682/179 885/674/179
f 891/684/176 881/664/176 886/665/176
f 891/684/176 886/665/176 896/685/176
f 898/686/176 900/689/176 899/688/176
f 898/686/176 899/688/176 897/687/176
f 885/674/178 899/682/178 900/690/178
f 885/674/178 900/690/178 883/673/178
f 883/673/177 900/690/177 898/692/177
f 883/673/177 898/692/177 893/691/177
f 893/693/180 898/686/180 897/687/180
f 893/693/180 897/687/180 895/694/180
f 904/695/181 894/675/181 892/676/181
f 904/695/181 892/676/181 902/696/181
f 894/678/151 904/698/151 905/697/151
f 894/678/151 905/697/151 895/677/151
f 893/680/150 903/700/150 906/699/150
f 893/680/150 906/699/150 896/679/150
f 905/701/184 907/703/184 909/702/184
f 905/701/184 909/702/184 895/694/184
f 901/704/181 891/684/181 896/685/181
f 901/704/181 896/685/181 906/705/181
f 908/706/181 910/709/181 909/708/181
f 908/706/181 909/708/181 907/707/181
f 895/694/183 909/702/183 910/710/183
f 895/694/183 910/710/183 893/693/183
f 893/693/182 910/710/182 908/712/182
f 893/693/182 908/712/182 903/711/182
f 903/713/185 908/706/185 907/707/185
f 903/713/185 907/707/185 905/714/185
f 914/715/186 904/695/186 902/696/186
f 914/715/186 902/696/186 912/716/186
f 904/698/151 914/718/151 915/717/151
f 904/698/151 915/717/151 905/697/151
f 903/700/150 913/720/150 916/719/150
f 903/700/150 916/719/150 906/699/150
f 915/721/189 917/723/189 919/722/189
f 915/721/189 919/722/189 905/714/189
f 911/724/186 901/704/186 906/705/186
f 911/724/186 906/705/186 916/725/186
f 918/726/186 920/729/186 919/728/186
f 918/726/186 919/728/186 917/727/186
f 905/714/188 919/722/188 920/730/188
f 905/714/188 920/730/188 903/713/188
f 903/713/187 920/730/187 918/732/187
f 903/713/187 918/732/187 913/731/187
f 913/733/190 918/726/190 917/727/190
f 913/733/190 917/727/190 915/734/190
f 924/735/191 914/715/191 912/716/191
f 924/735/191 912/716/191 922/736/191
f 914/718/151 924/738/151 925/737/151
f 914/718/151 925/737/151 915/717/151
f 913/720/150 923/740/150 926/739/150
f 913/720/150 926/739/150 916/719/150
f 925/741/194 927/743/194 929/742/194
f 925/741/194 929/742/194 915/734/194
f 921/744/191 911/724/191 916/725/191
f 921/744/191 916/725/191 926/745/191
f 928/746/191 930/749/191 929/748/191
f 928/746/191 929/748/191 927/747/191
f 915/734/193 929/742/193 930/750/193
f 915/734/193 930/750/193 913/733/193
f 913/733/192 930/750/192 928/752/192
f 913/733/192 928/752/192 923/751/192
f 923/753/195 928/746/195 927/747/195
f 923/753/195 927/747/195 925/754/195
f 934/755/196 924/735/196 922/736/196
f 934/755/196 922/736/196 932/756/196
f 924/738/151 934/758/151 935/757/151
f 924/738/151 935/757/151 925/737/151
f 923/740/150 933/760/150 936/759/150
f 923/740/150 936/759/150 926/739/150
f 935/761/199 937/763/199 939/762/199
f 935/761/199 939/762/199 925/754/199
f 931/764/196 921/744/196 926/745/196
f 931/764/196 926/745/196 936/765/196
f 938/766/196 940/769/196 939/768/196
f 938/766/196 939/768/196 937/767/196
f 925/754/198 939/762/198 940/770/198
f 925/754/198 940/770/198 923/753/198
f 923/753/197 940/770/197 938/772/197
f 923/753/197 938/772/197 933/771/197
f 933/773/200 938/766/200 937/767/200
f 933/773/200 937/767/200 935/774/200
f 944/775/201 934/755/201 932/756/201
f 944/775/201 932/756/201 942/776/201
f 934/758/151 944/778/151 945/777/151
f 934/758/151 945/777/151 935/757/151
f 933/760/150 943/780/150 946/779/150
f 933/760/150 946/779/150 936/759/150
f 945/781/204 947/783/204 949/782/204
f 945/781/204 949/782/204 935/774/204
f 941/784/201 931/764/201 936/765/201
f 941/784/201 936/765/201 946/785/201
f 948/786/201 950/789/201 949/788/201
f 948/786/201 949/788/201 947/787/201
f 935/774/203 949/782/203 950/790/203
f 935/774/203 950/790/203 933/773/203
f 933/773/202 950/790/202 948/792/202
f 933/773/202 948/792/202 943/791/202
f 943/793/205 948/786/205 947/787/205
f 943/793/205 947/787/205 945/794/205
f 842/568/206 944/796/206 942/795/206
f 842/568/206 942/795/206 838/567/206
f 944/797/151 842/569/151 844/570/151
f 944/797/151 844/570/151 945/798/151
f 943/799/150 840/573/150 846/574/150
f 943/799/150 846/574/150 946/800/150
f 844/801/209 951/803/209 953/802/209
f 844/801/209 953/802/209 945/794/209
f 837/584/206 941/805/206 946/804/206
f 837/584/206 946/804/206 846/583/206
f 952/806/206 954/809/206 953/808/206
f 952/806/206 953/808/206 951/807/206
f 945/794/208 953/802/208 954/810/208
f 945/794/208 954/810/208 943/793/208
f 943/793/207 954/810/207 952/812/207
f 943/793/207 952/812/207 840/811/207
f 840/589/210 952/806/210 951/807/210
f 840/589/210 951/807/210 844/578/210
f 961/565/211 962/568/211 958/567/211
f 961/565/211 958/567/211 956/566/211
f 962/569/150 961/572/150 963/571/150
f 962/569/150 963/571/150 964/570/150
f 960/573/151 959/576/151 965/575/151
f 960/573/151 965/575/151 966/574/151
f 963/577/212 967/580/212 969/579/212
f 963/577/212 969/579/212 964/578/212
f 955/581/211 957/584/211 966/583/211
f 955/581/211 966/583/211 965/582/211
f 968/585/211 970/588/211 969/587/211
f 968/585/211 969/587/211 967/586/211
f 964/578/213 969/579/213 970/590/213
f 964/578/213 970/590/213 960/589/213
f 960/589/214 970/590/214 968/592/214
f 960/589/214 968/592/214 959/591/214
f 959/593/215 968/585/215 967/586/215
f 959/593/215 967/586/215 963/594/215
f 974/595/216 961/565/216 956/566/216
f 974/595/216 956/566/216 972/596/216
f 961/572/150 974/598/150 975/597/150
f 961/572/150 975/597/150 963/571/150
f 959/576/151 973/600/151 976/599/151
f 959/576/151 976/599/151 965/575/151
f 975/601/217 977/603/217 979/602/217
f 975/601/217 979/602/217 963/594/217
f 971/604/216 955/581/216 965/582/216
f 971/604/216 965/582/216 976/605/216
f 978/606/216 980/609/216 979/608/216
f 978/606/216 979/608/216 977/607/216
f 963/594/218 979/602/218 980/610/218
f 963/594/218 980/610/218 959/593/218
f 959/593/219 980/610/219 978/612/219
f 959/593/219 978/612/219 973/611/219
f 973/613/220 978/606/220 977/607/220
f 973/613/220 977/607/220 975/614/220
f 984/615/221 974/595/221 972/596/221
f 984/615/221 972/596/221 982/616/221
f 974/598/150 984/618/150 985/617/150
f 974/598/150 985/617/150 975/597/150
f 973/600/151 983/620/151 986/619/151
f 973/600/151 986/619/151 976/599/151
f 985/621/222 987/623/222 989/622/222
f 985/621/222 989/622/222 975/614/222
f 981/624/221 971/604/221 976/605/221
f 981/624/221 976/605/221 986/625/221
f 988/626/221 990/629/221 989/628/221
f 988/626/221 989/628/221 987/627/221
f 975/614/223 989/622/223 990/630/223
f 975/614/223 990/630/223 973/613/223
f 973/613/224 990/630/224 988/632/224
f 973/613/224 988/632/224 983/631/224
f 983/633/225 988/626/225 987/627/225
f 983/633/225 987/627/225 985/634/225
f 994/635/226 984/615/226 982/616/226
f 994/635/226 982/616/226 992/636/226
f 984/618/150 994/638/150 995/637/150
f 984/618/150 995/637/150 985/617/150
f 983/620/151 993/640/151 996/639/151
f 983/620/151 996/639/151 986/619/151
f 995/641/227 997/643/227 999/642/227
f 995/641/227 999/642/227 985/634/227
f 991/644/226 981/624/226 986/625/226
f 991/644/226 986/625/226 996/645/226
f 998/646/226 1000/649/226 999/648/226
f 998/646/226 999/648/226 997/647/226
f 985/634/228 999/642/228 1000/650/228
f 985/634/228 1000/650/228 983/633/228
f 983/633/229 1000/650/229 998/652/229
f 983/633/229 998/652/229 993/651/229
f 993/653/230 998/646/230 997/647/230
f 993/653/230 997/647/230 995/654/230
f 1004/655/231 994/635/231 992/636/231
f 1004/655/231 992/636/231 1002/656/231
f 994/638/150 1004/658/150 1005/657/150
f 994/638/150 1005/657/150 995/637/150
f 993/640/151 1003/660/151 1006/659/151
f 993/640/151 1006/659/151 996/639/151
f 1005/661/232 1007/663/232 1009/662/232
f 1005/661/232 1009/662/232 995/654/232
f 1001/664/231 991/644/231 996/645/231
f 1001/664/231 996/645/231 1006/665/231
f 1008/666/231 1010/669/231 1009/668/231
f 1008/666/231 1009/668/231 1007/667/231
f 995/654/233 1009/662/233 1010/670/233
f 995/654/233 1010/670/233 993/653/233
f 993/653/234 1010/670/234 1008/672/234
f 993/653/234 1008/672/234 1003/671/234
f 1003/673/235 1008/666/235 1007/667/235
f 1003/673/235 1007/667/235 1005/674/235
f 1014/675/236 1004/655/236 1002/656/236
f 1014/675/236 1002/656/236 1012/676/236
f 1004/658/150 1014/678/150 1015/677/150
f 1004/658/150 1015/677/150 1005/657/150
f 1003/660/151 1013/680/151 1016/679/151
f 1003/660/151 1016/679/151 1006/659/151
f 1015/681/237 1017/683/237 1019/682/237
f 1015/681/237 1019/682/237 1005/674/237
f 1011/684/236 1001/664/236 1006/665/236
f 1011/684/236 1006/665/236 1016/685/236
f 1018/686/236 1020/689/236 1019/688/236
f 1018/686/236 1019/688/236 1017/687/236
f 1005/674/238 1019/682/238 1020/690/238
f 1005/674/238 1020/690/238 1003/673/238
f 1003/673/239 1020/690/239 1018/692/239
f 1003/673/239 1018/692/239 1013/691/239
f 1013/693/240 1018/686/240 1017/687/240
f 1013/693/240 1017/687/240 1015/694/240
f 1024/695/241 1014/675/241 1012/676/241
f 1024/695/241 1012/676/241 1022/696/241
f 1014/678/150 1024/698/150 1025/697/150
f 1014/678/150 1025/697/150 1015/677/150
f 1013/680/151 1023/700/151 1026/699/151
f 1013/680/151 1026/699/151 1016/679/151
f 1025/701/242 1027/703/242 1029/702/242
f 1025/701/242 1029/702/242 1015/694/242
f 1021/704/241 1011/684/241 1016/685/241
f 1021/704/241 1016/685/241 1026/705/241
f 1028/706/241 1030/709/241 1029/708/241
f 1028/706/241 1029/708/241 1027/707/241
f 1015/694/243 1029/702/243 1030/710/243
f 1015/694/243 1030/710/243 1013/693/243
f 1013/693/244 1030/710/244 1028/712/244
f 1013/693/244 1028/712/244 1023/711/244
f 1023/713/245 1028/706/245 1027/707/245
f 1023/713/245 1027/707/245 1025/714/245
f 1034/715/246 1024/695/246 1022/696/246
f 1034/715/246 1022/696/246 1032/716/246
f 1024/698/150 1034/718/150 1035/717/150
f 1024/698/150 1035/717/150 1025/697/150
f 1023/700/151 1033/720/151 1036/719/151
f 1023/700/151 1036/719/151 1026/699/151
f 1035/721/247 1037/723/247 1039/722/247
f 1035/721/247 1039/722/247 1025/714/247
f 1031/724/246 1021/704/246 1026/705/246
f 1031/724/246 1026/705/246 1036/725/246
f 1038/726/246 1040/729/246 1039/728/246
f 1038/726/246 1039/728/246 1037/727/246
f 1025/714/248 1039/722/248 1040/730/248
f 1025/714/248 1040/730/248 1023/713/248
f 1023/713/249 1040/730/249 1038/732/249
f 1023/713/249 1038/732/249 1033/731/249
f 1033/733/250 1038/726/250 1037/727/250
f 1033/733/250 1037/727/250 1035/734/250
f 1044/735/251 1034/715/251 1032/716/251
f 1044/735/251 1032/716/251 1042/736/251
f 1034/718/150 1044/738/150 1045/737/150
f 1034/718/150 1045/737/150 1035/717/150
f 1033/720/151 1043/740/151 1046/739/151
f 1033/720/151 1046/739/151 1036/719/151
f 1045/741/252 1047/743/252 1049/742/252
f 1045/741/252 1049/742/252 1035/734/252
f 1041/744/251 1031/724/251 1036/725/251
f 1041/744/251 1036/725/251 1046/745/251
f 1048/746/251 1050/749/251 1049/748/251
f 1048/746/251 1049/748/251 1047/747/251
f 1035/734/253 1049/742/253 1050/750/253
f 1035/734/253 1050/750/253 1033/733/253
f 1033/733/254 1050/750/254 1048/752/254
f 1033/733/254 1048/752/254 1043/751/254
f 1043/753/255 1048/746/255 1047/747/255
f 1043/753/255 1047/747/255 1045/754/255
f 1054/755/256 1044/735/256 1042/736/256
f 1054/755/256 1042/736/256 1052/756/256
f 1044/738/150 1054/758/150 1055/757/150
f 1044/738/150 1055/757/150 1045/737/150
f 1043/740/151 1053/760/151 1056/759/151
f 1043/740/151 1056/759/151 1046/739/151
f 1055/761/257 1057/763/257 1059/762/257
f 1055/761/257 1059/762/257 1045/754/257
f 1051/764/256 1041/744/256 1046/745/256
f 1051/764/256 1046/745/256 1056/765/256
f 1058/766/256 1060/769/256 1059/768/256
f 1058/766/256 1059/768/256 1057/767/256
f 1045/754/258 1059/762/258 1060/770/258
f 1045/754/258 1060/770/258 1043/753/258
f 1043/753/259 1060/770/259 1058/772/259
f 1043/753/259 1058/772/259 1053/771/259
f 1053/773/260 1058/766/260 1057/767/260
f 1053/773/260 1057/767/260 1055/774/260
f 1064/775/261 1054/755/261 1052/756/261
f 1064/775/261 1052/756/261 1062/776/261
f 1054/758/150 1064/778/150 1065/777/150
f 1054/758/150 1065/777/150 1055/757/150
f 1053/760/151 1063/780/151 1066/779/151
f 1053/760/151 1066/779/151 1056/759/151
f 1065/781/262 1067/783/262 1069/782/262
f 1065/781/262 1069/782/262 1055/774/262
f 1061/784/261 1051/764/261 1056/765/261
f 1061/784/261 1056/765/261 1066/785/261
f 1068/786/261 1070/789/261 1069/788/261
f 1068/786/261 1069/788/261 1067/787/261
f 1055/774/263 1069/782/263 1070/790/263
f 1055/774/263 1070/790/263 1053/773/263
f 1053/773/264 1070/790/264 1068/792/264
f 1053/773/264 1068/792/264 1063/791/264
f 1063/793/265 1068/786/265 1067/787/265
f 1063/793/265 1067/787/265 1065/794/265
f 962/568/266 1064/796/266 1062/795/266
f 962/568/266 1062/795/266 958/567/266
f 1064/797/150 962/569/150 964/570/150
f 1064/797/150 964/570/150 1065/798/150
f 1063/799/151 960/573/151 966/574/151
f 1063/799/151 966/574/151 1066/800/151
f 964/801/267 1071/803/267 1073/802/267
f 964/801/267 1073/802/267 1065/794/267
f 957/584/266 1061/805/266 1066/804/266
f 957/584/266 1066/804/266 966/583/266
f 1072/806/266 1074/809/266 1073/808/266
f 1072/806/266 1073/808/266 1071/807/266
f 1065/794/268 1073/802/268 1074/810/268
f 1065/794/268 1074/810/268 1063/793/268
f 1063/793/269 1074/810/269 1072/812/269
f 1063/793/269 1072/812/269 960/811/269
f 960/589/270 1072/806/270 1071/807/270
f 960/589/270 1071/807/270 964/578/270
f 1081/565/211 1076/566/211 1078/567/211
f 1081/565/211 1078/567/211 1082/568/211
f 1082/569/151 1084/570/151 1083/571/151
f 1082/569/151 1083/571/151 1081/572/151
f 1080/573/150 1086/574/150 1085/575/150
f 1080/573/150 1085/575/150 1079/576/150
f 1083/577/214 1084/578/214 1089/579/214
f 1083/577/214 1089/579/214 1087/580/214
f 1075/581/211 1085/582/211 1086/583/211
f 1075/581/211 1086/583/211 1077/584/211
f 1088/585/211 1087/586/211 1089/587/211
f 1088/585/211 1089/587/211 1090/588/211
f 1084/578/213 1080/589/213 1090/590/213
f 1084/578/213 1090/590/213 1089/579/213
f 1080/589/212 1079/591/212 1088/592/212
f 1080/589/212 1088/592/212 1090/590/212
f 1079/593/215 1083/594/215 1087/586/215
f 1079/593/215 1087/586/215 1088/585/215
f 1094/595/216 1092/596/216 1076/566/216
f 1094/595/216 1076/566/216 1081/565/216
f 1081/572/151 1083/571/151 1095/597/151
f 1081/572/151 1095/597/151 1094/598/151
f 1079/576/150 1085/575/150 1096/599/150
f 1079/576/150 1096/599/150 1093/600/150
f 1095/601/219 1083/594/219 1099/602/219
f 1095/601/219 1099/602/219 1097/603/219
f 1091/604/216 1096/605/216 1085/582/216
f 1091/604/216 1085/582/216 1075/581/216
f 1098/606/216 1097/607/216 1099/608/216
f 1098/606/216 1099/608/216 1100/609/216
f 1083/594/218 1079/593/218 1100/610/218
f 1083/594/218 1100/610/218 1099/602/218
f 1079/593/217 1093/611/217 1098/612/217
f 1079/593/217 1098/612/217 1100/610/217
f 1093/613/220 1095/614/220 1097/607/220
f 1093/613/220 1097/607/220 1098/606/220
f 1104/615/221 1102/616/221 1092/596/221
f 1104/615/221 1092/596/221 1094/595/221
f 1094/598/151 1095/597/151 1105/617/151
f 1094/598/151 1105/617/151 1104/618/151
f 1093/600/150 1096/599/150 1106/619/150
f 1093/600/150 1106/619/150 1103/620/150
f 1105/621/224 1095/614/224 1109/622/224
f 1105/621/224 1109/622/224 1107/623/224
f 1101/624/221 1106/625/221 1096/605/221
f 1101/624/221 1096/605/221 1091/604/221
f 1108/626/221 1107/627/221 1109/628/221
f 1108/626/221 1109/628/221 1110/629/221
f 1095/614/223 1093/613/223 1110/630/223
f 1095/614/223 1110/630/223 1109/622/223
f 1093/613/222 1103/631/222 1108/632/222
f 1093/613/222 1108/632/222 1110/630/222
f 1103/633/225 1105/634/225 1107/627/225
f 1103/633/225 1107/627/225 1108/626/225
f 1114/635/226 1112/636/226 1102/616/226
f 1114/635/226 1102/616/226 1104/615/226
f 1104/618/151 1105/617/151 1115/637/151
f 1104/618/151 1115/637/151 1114/638/151
f 1103/620/150 1106/619/150 1116/639/150
f 1103/620/150 1116/639/150 1113/640/150
f 1115/641/229 1105/634/229 1119/642/229
f 1115/641/229 1119/642/229 1117/643/229
f 1111/644/226 1116/645/226 1106/625/226
f 1111/644/226 1106/625/226 1101/624/226
f 1118/646/226 1117/647/226 1119/648/226
f 1118/646/226 1119/648/226 1120/649/226
f 1105/634/228 1103/633/228 1120/650/228
f 1105/634/228 1120/650/228 1119/642/228
f 1103/633/227 1113/651/227 1118/652/227
f 1103/633/227 1118/652/227 1120/650/227
f 1113/653/230 1115/654/230 1117/647/230
f 1113/653/230 1117/647/230 1118/646/230
f 1124/655/231 1122/656/231 1112/636/231
f 1124/655/231 1112/636/231 1114/635/231
f 1114/638/151 1115/637/151 1125/657/151
f 1114/638/151 1125/657/151 1124/658/151
f 1113/640/150 1116/639/150 1126/659/150
f 1113/640/150 1126/659/150 1123/660/150
f 1125/661/234 1115/654/234 1129/662/234
f 1125/661/234 1129/662/234 1127/663/234
f 1121/664/231 1126/665/231 1116/645/231
f 1121/664/231 1116/645/231 1111/644/231
f 1128/666/231 1127/667/231 1129/668/231
f 1128/666/231 1129/668/231 1130/669/231
f 1115/654/233 1113/653/233 1130/670/233
f 1115/654/233 1130/670/233 1129/662/233
f 1113/653/232 1123/671/232 1128/672/232
f 1113/653/232 1128/672/232 1130/670/232
f 1123/673/235 1125/674/235 1127/667/235
f 1123/673/235 1127/667/235 1128/666/235
f 1134/675/236 1132/676/236 1122/656/236
f 1134/675/236 1122/656/236 1124/655/236
f 1124/658/151 1125/657/151 1135/677/151
f 1124/658/151 1135/677/151 1134/678/151
f 1123/660/150 1126/659/150 1136/679/150
f 1123/660/150 1136/679/150 1133/680/150
f 1135/681/239 1125/674/239 1139/682/239
f 1135/681/239 1139/682/239 1137/683/239
f 1131/684/236 1136/685/236 1126/665/236
f 1131/684/236 1126/665/236 1121/664/236
f 1138/686/236 1137/687/236 1139/688/236
f 1138/686/236 1139/688/236 1140/689/236
f 1125/674/238 1123/673/238 1140/690/238
f 1125/674/238 1140/690/238 1139/682/238
f 1123/673/237 1133/691/237 1138/692/237
f 1123/673/237 1138/692/237 1140/690/237
f 1133/693/240 1135/694/240 1137/687/240
f 1133/693/240 1137/687/240 1138/686/240
f 1144/695/241 1142/696/241 1132/676/241
f 1144/695/241 1132/676/241 1134/675/241
f 1134/678/151 1135/677/151 1145/697/151
f 1134/678/151 1145/697/151 1144/698/151
f 1133/680/150 1136/679/150 1146/699/150
f 1133/680/150 1146/699/150 1143/700/150
f 1145/701/244 1135/694/244 1149/702/244
f 1145/701/244 1149/702/244 1147/703/244
f 1141/704/241 1146/705/241 1136/685/241
f 1141/704/241 1136/685/241 1131/684/241
f 1148/706/241 1147/707/241 1149/708/241
f 1148/706/241 1149/708/241 1150/709/241
f 1135/694/243 1133/693/243 1150/710/243
f 1135/694/243 1150/710/243 1149/702/243
f 1133/693/242 1143/711/242 1148/712/242
f 1133/693/242 1148/712/242 1150/710/242
f 1143/713/245 1145/714/245 1147/707/245
f 1143/713/245 1147/707/245 1148/706/245
f 1154/715/246 1152/716/246 1142/696/246
f 1154/715/246 1142/696/246 1144/695/246
f 1144/698/151 1145/697/151 1155/717/151
f 1144/698/151 1155/717/151 1154/718/151
f 1143/700/150 1146/699/150 1156/719/150
f 1143/700/150 1156/719/150 1153/720/150
f 1155/721/249 1145/714/249 1159/722/249
f 1155/721/249 1159/722/249 1157/723/249
f 1151/724/246 1156/725/246 1146/705/246
f 1151/724/246 1146/705/246 1141/704/246
f 1158/726/246 1157/727/246 1159/728/246
f 1158/726/246 1159/728/246 1160/729/246
f 1145/714/248 1143/713/248 1160/730/248
f 1145/714/248 1160/730/248 1159/722/248
f 1143/713/247 1153/731/247 1158/732/247
f 1143/713/247 1158/732/247 1160/730/247
f 1153/733/250 1155/734/250 1157/727/250
f 1153/733/250 1157/727/250 1158/726/250
f 1164/735/251 1162/736/251 1152/716/251
f 1164/735/251 1152/716/251 1154/715/251
f 1154/718/151 1155/717/151 1165/737/151
f 1154/718/151 1165/737/151 1164/738/151
f 1153/720/150 1156/719/150 1166/739/150
f 1153/720/150 1166/739/150 1163/740/150
f 1165/741/254 1155/734/254 1169/742/254
f 1165/741/254 1169/742/254 1167/743/254
f 1161/744/251 1166/745/251 1156/725/251
f 1161/744/251 1156/725/251 1151/724/251
f 1168/746/251 1167/747/251 1169/748/251
f 1168/746/251 1169/748/251 1170/749/251
f 1155/734/253 1153/733/253 1170/750/253
f 1155/734/253 1170/750/253 1169/742/253
f 1153/733/252 1163/751/252 1168/752/252
f 1153/733/252 1168/752/252 1170/750/252
f 1163/753/271 1165/754/271 1167/747/271
f 1163/753/271 1167/747/271 1168/746/271
f 1174/755/256 1172/756/256 1162/736/256
f 1174/755/256 1162/736/256 1164/735/256
f 1164/738/151 1165/737/151 1175/757/151
f 1164/738/151 1175/757/151 1174/758/151
f 1163/740/150 1166/739/150 1176/759/150
f 1163/740/150 1176/759/150 1173/760/150
f 1175/761/259 1165/754/259 1179/762/259
f 1175/761/259 1179/762/259 1177/763/259
f 1171/764/256 1176/765/256 1166/745/256
f 1171/764/256 1166/745/256 1161/744/256
f 1178/766/256 1177/767/256 1179/768/256
f 1178/766/256 1179/768/256 1180/769/256
f 1165/754/258 1163/753/258 1180/770/258
f 1165/754/258 1180/770/258 1179/762/258
f 1163/753/257 1173/771/257 1178/772/257
f 1163/753/257 1178/772/257 1180/770/257
f 1173/773/260 1175/774/260 1177/767/260
f 1173/773/260 1177/767/260 1178/766/260
f 1184/775/261 1182/776/261 1172/756/261
f 1184/775/261 1172/756/261 1174/755/261
f 1174/758/151 1175/757/151 1185/777/151
f 1174/758/151 1185/777/151 1184/778/151
f 1173/760/150 1176/759/150 1186/779/150
f 1173/760/150 1186/779/150 1183/780/150
f 1185/781/264 1175/774/264 1189/782/264
f 1185/781/264 1189/782/264 1187/783/264
f 1181/784/261 1186/785/261 1176/765/261
f 1181/784/261 1176/765/261 1171/764/261
f 1188/786/261 1187/787/261 1189/788/261
f 1188/786/261 1189/788/261 1190/789/261
f 1175/774/263 1173/773/263 1190/790/263
f 1175/774/263 1190/790/263 1189/782/263
f 1173/773/262 1183/791/262 1188/792/262
f 1173/773/262 1188/792/262 1190/790/262
f 1183/793/265 1185/794/265 1187/787/265
f 1183/793/265 1187/787/265 1188/786/265
f 1082/568/266 1078/567/266 1182/795/266
f 1082/568/266 1182/795/266 1184/796/266
f 1184/797/151 1185/798/151 1084/570/151
f 1184/797/151 1084/570/151 1082/569/151
f 1183/799/150 1186/800/150 1086/574/150
f 1183/799/150 1086/574/150 1080/573/150
f 1084/801/269 1185/794/269 1193/802/269
f 1084/801/269 1193/802/269 1191/803/269
f 1077/584/266 1086/583/266 1186/804/266
f 1077/584/266 1186/804/266 1181/805/266
f 1192/806/266 1191/807/266 1193/808/266
f 1192/806/266 1193/808/266 1194/809/266
f 1185/794/268 1183/793/268 1194/810/268
f 1185/794/268 1194/810/268 1193/802/268
f 1183/793/267 1080/811/267 1192/812/267
f 1183/793/267 1192/812/267 1194/810/267
f 1080/589/270 1084/578/270 1191/807/270
f 1080/589/270 1191/807/270 1192/806/270
usemtl Material.006
f 1292/813/272 1293/814/272 1199/815/272
f 1292/813/272 1199/815/272 1197/816/272
f 1291/817/273 1294/818/273 1201/819/273
f 1291/817/273 1201/819/273 1195/820/273
f 1299/821/274 1200/822/274 1205/823/274
f 1299/821/274 1205/823/274 1302/824/274
f 1200/822/275 1196/825/275 1206/826/275
f 1200/822/275 1206/826/275 1205/823/275
f 1291/827/276 1195/828/276 1204/829/276
f 1291/827/276 1204/829/276 1295/830/276
f 1195/831/277 1199/832/277 1203/833/277
f 1195/831/277 1203/833/277 1204/834/277
f 1197/816/272 1199/815/272 1209/835/272
f 1197/816/272 1209/835/272 1208/836/272
f 1195/820/273 1201/819/273 1210/837/273
f 1195/820/273 1210/837/273 1207/838/273
f 1209/839/278 1199/832/278 1213/840/278
f 1209/839/278 1213/840/278 1211/841/278
f 1212/842/279 1211/843/279 1213/844/279
f 1212/842/279 1213/844/279 1214/845/279
f 1199/832/280 1195/831/280 1214/846/280
f 1199/832/280 1214/846/280 1213/840/280
f 1195/831/281 1207/847/281 1212/848/281
f 1195/831/281 1212/848/281 1214/846/281
f 1207/849/282 1209/850/282 1211/843/282
f 1207/849/282 1211/843/282 1212/842/282
f 1208/836/272 1209/835/272 1217/851/272
f 1208/836/272 1217/851/272 1216/852/272
f 1207/838/273 1210/837/273 1218/853/273
f 1207/838/273 1218/853/273 1215/854/273
f 1217/855/283 1209/850/283 1221/856/283
f 1217/855/283 1221/856/283 1219/857/283
f 1220/858/284 1219/859/284 1221/860/284
f 1220/858/284 1221/860/284 1222/861/284
f 1209/850/285 1207/849/285 1222/862/285
f 1209/850/285 1222/862/285 1221/856/285
f 1207/849/286 1215/863/286 1220/864/286
f 1207/849/286 1220/864/286 1222/862/286
f 1215/865/287 1217/866/287 1219/859/287
f 1215/865/287 1219/859/287 1220/858/287
f 1216/852/272 1217/851/272 1225/867/272
f 1216/852/272 1225/867/272 1224/868/272
f 1215/854/273 1218/853/273 1226/869/273
f 1215/854/273 1226/869/273 1223/870/273
f 1225/871/288 1217/866/288 1229/872/288
f 1225/871/288 1229/872/288 1227/873/288
f 1228/874/289 1227/875/289 1229/876/289
f 1228/874/289 1229/876/289 1230/877/289
f 1217/866/290 1215/865/290 1230/878/290
f 1217/866/290 1230/878/290 1229/872/290
f 1215/865/291 1223/879/291 1228/880/291
f 1215/865/291 1228/880/291 1230/878/291
f 1223/881/292 1225/882/292 1227/875/292
f 1223/881/292 1227/875/292 1228/874/292
f 1224/868/272 1225/867/272 1233/883/272
f 1224/868/272 1233/883/272 1232/884/272
f 1223/870/273 1226/869/273 1234/885/273
f 1223/870/273 1234/885/273 1231/886/273
f 1233/887/293 1225/882/293 1237/888/293
f 1233/887/293 1237/888/293 1235/889/293
f 1236/890/294 1235/891/294 1237/892/294
f 1236/890/294 1237/892/294 1238/893/294
f 1225/882/295 1223/881/295 1238/894/295
f 1225/882/295 1238/894/295 1237/888/295
f 1223/881/296 1231/895/296 1236/896/296
f 1223/881/296 1236/896/296 1238/894/296
f 1231/897/297 1233/898/297 1235/891/297
f 1231/897/297 1235/891/297 1236/890/297
f 1232/884/272 1233/883/272 1241/899/272
f 1232/884/272 1241/899/272 1240/900/272
f 1231/886/273 1234/885/273 1242/901/273
f 1231/886/273 1242/901/273 1239/902/273
f 1241/903/298 1233/898/298 1245/904/298
f 1241/903/298 1245/904/298 1243/905/298
f 1244/906/299 1243/907/299 1245/908/299
f 1244/906/299 1245/908/299 1246/909/299
f 1233/898/300 1231/897/300 1246/910/300
f 1233/898/300 1246/910/300 1245/904/300
f 1231/897/301 1239/911/301 1244/912/301
f 1231/897/301 1244/912/301 1246/910/301
f 1239/913/302 1241/914/302 1243/907/302
f 1239/913/302 1243/907/302 1244/906/302
f 1240/900/272 1241/899/272 1249/915/272
f 1240/900/272 1249/915/272 1248/916/272
f 1239/902/273 1242/901/273 1250/917/273
f 1239/902/273 1250/917/273 1247/918/273
f 1249/919/303 1241/914/303 1253/920/303
f 1249/919/303 1253/920/303 1251/921/303
f 1252/922/304 1251/923/304 1253/924/304
f 1252/922/304 1253/924/304 1254/925/304
f 1241/914/305 1239/913/305 1254/926/305
f 1241/914/305 1254/926/305 1253/920/305
f 1239/913/306 1247/927/306 1252/928/306
f 1239/913/306 1252/928/306 1254/926/306
f 1247/929/307 1249/930/307 1251/923/307
f 1247/929/307 1251/923/307 1252/922/307
f 1248/916/272 1249/915/272 1257/931/272
f 1248/916/272 1257/931/272 1256/932/272
f 1247/918/273 1250/917/273 1258/933/273
f 1247/918/273 1258/933/273 1255/934/273
f 1257/935/308 1249/930/308 1261/936/308
f 1257/935/308 1261/936/308 1259/937/308
f 1260/938/309 1259/939/309 1261/940/309
f 1260/938/309 1261/940/309 1262/941/309
f 1249/930/310 1247/929/310 1262/942/310
f 1249/930/310 1262/942/310 1261/936/310
f 1247/929/311 1255/943/311 1260/944/311
f 1247/929/311 1260/944/311 1262/942/311
f 1255/945/312 1257/946/312 1259/939/312
f 1255/945/312 1259/939/312 1260/938/312
f 1256/932/272 1257/931/272 1265/947/272
f 1256/932/272 1265/947/272 1264/948/272
f 1255/934/273 1258/933/273 1266/949/273
f 1255/934/273 1266/949/273 1263/950/273
f 1265/951/313 1257/946/313 1269/952/313
f 1265/951/313 1269/952/313 1267/953/313
f 1268/954/314 1267/955/314 1269/956/314
f 1268/954/314 1269/956/314 1270/957/314
f 1257/946/315 1255/945/315 1270/958/315
f 1257/946/315 1270/958/315 1269/952/315
f 1255/945/316 1263/959/316 1268/960/316
f 1255/945/316 1268/960/316 1270/958/316
f 1263/961/317 1265/962/317 1267/955/317
f 1263/961/317 1267/955/317 1268/954/317
f 1264/948/272 1265/947/272 1273/963/272
f 1264/948/272 1273/963/272 1272/964/272
f 1263/950/273 1266/949/273 1274/965/273
f 1263/950/273 1274/965/273 1271/966/273
f 1273/967/318 1265/962/318 1277/968/318
f 1273/967/318 1277/968/318 1275/969/318
f 1276/970/319 1275/971/319 1277/972/319
f 1276/970/319 1277/972/319 1278/973/319
f 1265/962/320 1263/961/320 1278/974/320
f 1265/962/320 1278/974/320 1277/968/320
f 1263/961/321 1271/975/321 1276/976/321
f 1263/961/321 1276/976/321 1278/974/321
f 1271/977/322 1273/978/322 1275/971/322
f 1271/977/322 1275/971/322 1276/970/322
f 1272/964/272 1273/963/272 1281/979/272
f 1272/964/272 1281/979/272 1280/980/272
f 1271/966/273 1274/965/273 1282/981/273
f 1271/966/273 1282/981/273 1279/982/273
f 1281/983/323 1273/978/323 1285/984/323
f 1281/983/323 1285/984/323 1283/985/323
f 1284/986/324 1283/987/324 1285/988/324
f 1284/986/324 1285/988/324 1286/989/324
f 1273/978/325 1271/977/325 1286/990/325
f 1273/978/325 1286/990/325 1285/984/325
f 1271/977/326 1279/991/326 1284/992/326
f 1271/977/326 1284/992/326 1286/990/326
f 1279/993/327 1281/994/327 1283/987/327
f 1279/993/327 1283/987/327 1284/986/327
f 1280/980/272 1281/979/272 1200/995/272
f 1280/980/272 1200/995/272 1198/996/272
f 1279/982/273 1282/981/273 1202/997/273
f 1279/982/273 1202/997/273 1196/998/273
f 1200/999/328 1281/994/328 1289/1000/328
f 1200/999/328 1289/1000/328 1287/1001/328
f 1288/1002/329 1287/1003/329 1289/1004/329
f 1288/1002/329 1289/1004/329 1290/1005/329
f 1281/994/330 1279/993/330 1290/1006/330
f 1281/994/330 1290/1006/330 1289/1000/330
f 1279/993/331 1196/1007/331 1288/1008/331
f 1279/993/331 1288/1008/331 1290/1006/331
f 1196/825/332 1200/822/332 1287/1003/332
f 1196/825/332 1287/1003/332 1288/1002/332
f 1297/1009/333 1291/827/333 1295/830/333
f 1297/1009/333 1295/830/333 1301/1010/333
f 1199/1011/274 1293/1012/274 1296/1013/274
f 1199/1011/274 1296/1013/274 1203/1014/274
f 1297/1015/273 1300/1016/273 1294/818/273
f 1297/1015/273 1294/818/273 1291/817/273
f 1298/1017/272 1299/1018/272 1293/814/272
f 1298/1017/272 1293/814/272 1292/813/272
f 1198/996/272 1200/995/272 1299/1018/272
f 1198/996/272 1299/1018/272 1298/1017/272
f 1196/998/273 1202/997/273 1300/1016/273
f 1196/998/273 1300/1016/273 1297/1015/273
f 1196/825/334 1297/1009/334 1301/1010/334
f 1196/825/334 1301/1010/334 1206/826/334
f 1293/1012/274 1299/821/274 1302/824/274
f 1293/1012/274 1302/824/274 1296/1013/274
f 1205/1019/335 1206/1020/335 1306/1021/335
f 1205/1019/335 1306/1021/335 1310/1022/335
f 1295/1023/336 1204/1024/336 1309/1025/336
f 1295/1023/336 1309/1025/336 1307/1026/336
f 1204/1024/337 1203/1027/337 1308/1028/337
f 1204/1024/337 1308/1028/337 1309/1025/337
f 1301/1029/338 1295/1023/338 1307/1026/338
f 1301/1029/338 1307/1026/338 1305/1030/338
f 1206/1020/339 1301/1029/339 1305/1030/339
f 1206/1020/339 1305/1030/339 1306/1021/339
f 1205/1019/272 1310/1022/272 1308/1031/272
f 1205/1019/272 1308/1031/272 1203/1032/272
f 1205/1019/272 1203/1032/272 1296/1033/272
f 1205/1019/272 1296/1033/272 1302/1034/272
f 1310/1022/340 1306/1021/340 1311/1035/340
f 1310/1022/340 1311/1035/340 1312/1036/340
f 1309/1025/341 1308/1028/341 1315/1037/341
f 1309/1025/341 1315/1037/341 1313/1038/341
f 1311/1039/342 1313/1040/342 1315/1041/342
f 1311/1039/342 1315/1041/342 1312/1036/342
f 1313/1040/343 1311/1039/343 1316/1042/343
f 1313/1040/343 1316/1042/343 1314/1043/343
f 1308/1031/344 1310/1022/344 1312/1036/344
f 1308/1031/344 1312/1036/344 1315/1041/344
f 1305/1030/345 1307/1026/345 1314/1044/345
f 1305/1030/345 1314/1044/345 1316/1045/345
f 1307/1026/346 1309/1025/346 1313/1038/346
f 1307/1026/346 1313/1038/346 1314/1044/346
f 1306/1021/347 1305/1030/347 1316/1045/347
f 1306/1021/347 1316/1045/347 1311/1035/347
usemtl Material.001
f 1461/1046/348 1318/1047/348 1320/1048/348
f 1461/1046/348 1320/1048/348 1462/1049/348
f 1462/1049/349 1320/1048/349 1322/1050/349
f 1462/1049/349 1322/1050/349 1463/1051/349
f 1463/1052/350 1322/1053/350 1324/1054/350
f 1463/1052/350 1324/1054/350 1464/1055/350
f 1464/1055/351 1324/1054/351 1326/1056/351
f 1464/1055/351 1326/1056/351 1465/1057/351
f 1465/1057/352 1326/1056/352 1328/1058/352
f 1465/1057/352 1328/1058/352 1466/1059/352
f 1466/1059/353 1328/1058/353 1330/1060/353
f 1466/1059/353 1330/1060/353 1467/1061/353
f 1467/1061/354 1330/1060/354 1332/1062/354
f 1467/1061/354 1332/1062/354 1468/1063/354
f 1468/1063/355 1332/1062/355 1334/1064/355
f 1468/1063/355 1334/1064/355 1469/1065/355
f 1469/1065/356 1334/1064/356 1336/1066/356
f 1469/1065/356 1336/1066/356 1470/1067/356
f 1470/1067/357 1336/1066/357 1338/1068/357
f 1470/1067/357 1338/1068/357 1471/1069/357
f 1320/1070/358 1318/1071/358 1340/1072/358
f 1320/1070/358 1340/1072/358 1338/1073/358
f 1320/1070/358 1338/1073/358 1336/1074/358
f 1320/1070/358 1336/1074/358 1334/1075/358
f 1320/1070/358 1334/1075/358 1332/1076/358
f 1320/1070/358 1332/1076/358 1330/1077/358
f 1320/1070/358 1330/1077/358 1328/1078/358
f 1320/1070/358 1328/1078/358 1326/1079/358
f 1320/1070/358 1326/1079/358 1324/1054/358
f 1320/1070/358 1324/1054/358 1322/1053/358
f 1471/1069/359 1338/1068/359 1340/1080/359
f 1471/1069/359 1340/1080/359 1472/1081/359
f 1472/1081/360 1340/1080/360 1318/1047/360
f 1472/1081/360 1318/1047/360 1461/1046/360
f 1317/1082/361 1319/1083/361 1321/1084/361
f 1317/1082/361 1321/1084/361 1323/1085/361
f 1317/1082/361 1323/1085/361 1325/1086/361
f 1317/1082/361 1325/1086/361 1327/1087/361
f 1317/1082/361 1327/1087/361 1329/1088/361
f 1317/1082/361 1329/1088/361 1331/1089/361
f 1317/1082/361 1331/1089/361 1333/1090/361
f 1317/1082/361 1333/1090/361 1335/1091/361
f 1317/1082/361 1335/1091/361 1337/1092/361
f 1317/1082/361 1337/1092/361 1339/1093/361
f 1343/1094/362 1344/1095/362 1486/1096/362
f 1343/1094/362 1486/1096/362 1485/1097/362
f 1388/1098/361 1364/1099/361 1353/1100/361
f 1388/1098/361 1353/1100/361 1377/1101/361
f 1377/1101/361 1353/1100/361 1354/1102/361
f 1377/1101/361 1354/1102/361 1378/1103/361
f 1378/1103/361 1354/1102/361 1355/1104/361
f 1378/1103/361 1355/1104/361 1379/1105/361
f 1379/1105/361 1355/1104/361 1356/1106/361
f 1379/1105/361 1356/1106/361 1380/1107/361
f 1380/1107/361 1356/1106/361 1357/1108/361
f 1380/1107/361 1357/1108/361 1381/1109/361
f 1381/1109/361 1357/1108/361 1358/1110/361
f 1381/1109/361 1358/1110/361 1382/1111/361
f 1382/1111/361 1358/1110/361 1359/1112/361
f 1382/1111/361 1359/1112/361 1383/1113/361
f 1383/1113/361 1359/1112/361 1360/1114/361
f 1383/1113/361 1360/1114/361 1384/1115/361
f 1384/1115/361 1360/1114/361 1361/1116/361
f 1384/1115/361 1361/1116/361 1385/1117/361
f 1385/1117/361 1361/1116/361 1362/1118/361
f 1385/1117/361 1362/1118/361 1386/1119/361
f 1386/1119/361 1362/1118/361 1363/1120/361
f 1386/1119/361 1363/1120/361 1387/1121/361
f 1387/1121/361 1363/1120/361 1364/1099/361
f 1387/1121/361 1364/1099/361 1388/1098/361
f 1352/1122/358 1376/1123/358 1365/1124/358
f 1352/1122/358 1365/1124/358 1341/1125/358
f 1351/1126/358 1375/1127/358 1376/1123/358
f 1351/1126/358 1376/1123/358 1352/1122/358
f 1350/1128/358 1374/1129/358 1375/1127/358
f 1350/1128/358 1375/1127/358 1351/1126/358
f 1349/1130/358 1373/1131/358 1374/1129/358
f 1349/1130/358 1374/1129/358 1350/1128/358
f 1348/1132/358 1372/1133/358 1373/1131/358
f 1348/1132/358 1373/1131/358 1349/1130/358
f 1347/1134/358 1371/1135/358 1372/1133/358
f 1347/1134/358 1372/1133/358 1348/1132/358
f 1346/1136/358 1370/1137/358 1371/1135/358
f 1346/1136/358 1371/1135/358 1347/1134/358
f 1345/1138/358 1369/1139/358 1370/1137/358
f 1345/1138/358 1370/1137/358 1346/1136/358
f 1344/1140/358 1368/1141/358 1369/1139/358
f 1344/1140/358 1369/1139/358 1345/1138/358
f 1343/1142/358 1367/1143/358 1368/1141/358
f 1343/1142/358 1368/1141/358 1344/1140/358
f 1342/1144/358 1366/1145/358 1367/1143/358
f 1342/1144/358 1367/1143/358 1343/1142/358
f 1341/1125/358 1365/1124/358 1366/1145/358
f 1341/1125/358 1366/1145/358 1342/1144/358
f 1436/1146/360 1387/1147/360 1388/1148/360
f 1436/1146/360 1388/1148/360 1425/1149/360
f 1435/1150/359 1386/1151/359 1387/1147/359
f 1435/1150/359 1387/1147/359 1436/1146/359
f 1434/1152/357 1385/1153/357 1386/1151/357
f 1434/1152/357 1386/1151/357 1435/1150/357
f 1433/1154/356 1384/1155/356 1385/1153/356
f 1433/1154/356 1385/1153/356 1434/1152/356
f 1432/1156/355 1383/1157/355 1384/1155/355
f 1432/1156/355 1384/1155/355 1433/1154/355
f 1431/1158/354 1382/1159/354 1383/1157/354
f 1431/1158/354 1383/1157/354 1432/1156/354
f 1430/1160/353 1381/1161/353 1382/1159/353
f 1430/1160/353 1382/1159/353 1431/1158/353
f 1429/1162/352 1380/1163/352 1381/1161/352
f 1429/1162/352 1381/1161/352 1430/1160/352
f 1428/1164/351 1379/1165/351 1380/1163/351
f 1428/1164/351 1380/1163/351 1429/1162/351
f 1427/1166/350 1378/1167/350 1379/1165/350
f 1427/1166/350 1379/1165/350 1428/1164/350
f 1426/1168/349 1377/1169/349 1378/1170/349
f 1426/1168/349 1378/1170/349 1427/1171/349
f 1425/1149/348 1388/1148/348 1377/1169/348
f 1425/1149/348 1377/1169/348 1426/1168/348
f 1391/1172/363 1403/1173/363 1496/1174/363
f 1391/1172/363 1496/1174/363 1494/1175/363
f 1423/1176/361 1411/1177/361 1412/1178/361
f 1423/1176/361 1412/1178/361 1424/1179/361
f 1422/1180/361 1410/1181/361 1411/1177/361
f 1422/1180/361 1411/1177/361 1423/1176/361
f 1421/1182/361 1409/1183/361 1410/1181/361
f 1421/1182/361 1410/1181/361 1422/1180/361
f 1420/1184/361 1408/1185/361 1409/1183/361
f 1420/1184/361 1409/1183/361 1421/1182/361
f 1419/1186/361 1407/1187/361 1408/1185/361
f 1419/1186/361 1408/1185/361 1420/1184/361
f 1418/1188/361 1406/1189/361 1407/1187/361
f 1418/1188/361 1407/1187/361 1419/1186/361
f 1417/1190/361 1405/1191/361 1406/1189/361
f 1417/1190/361 1406/1189/361 1418/1188/361
f 1416/1192/361 1404/1193/361 1405/1191/361
f 1416/1192/361 1405/1191/361 1417/1190/361
f 1415/1194/361 1403/1195/361 1404/1193/361
f 1415/1194/361 1404/1193/361 1416/1192/361
f 1414/1196/361 1402/1197/361 1403/1195/361
f 1414/1196/361 1403/1195/361 1415/1194/361
f 1413/1198/361 1401/1199/361 1402/1197/361
f 1413/1198/361 1402/1197/361 1414/1196/361
f 1424/1179/361 1412/1178/361 1401/1199/361
f 1424/1179/361 1401/1199/361 1413/1198/361
f 1317/1200/348 1424/1201/348 1413/1202/348
f 1317/1200/348 1413/1202/348 1319/1203/348
f 1319/1203/349 1413/1202/349 1414/1204/349
f 1319/1203/349 1414/1204/349 1321/1205/349
f 1321/1084/350 1414/1206/350 1415/1207/350
f 1321/1084/350 1415/1207/350 1323/1085/350
f 1323/1085/351 1415/1207/351 1416/1208/351
f 1323/1085/351 1416/1208/351 1325/1209/351
f 1325/1209/352 1416/1208/352 1417/1210/352
f 1325/1209/352 1417/1210/352 1327/1211/352
f 1327/1211/353 1417/1210/353 1418/1212/353
f 1327/1211/353 1418/1212/353 1329/1213/353
f 1329/1213/354 1418/1212/354 1419/1214/354
f 1329/1213/354 1419/1214/354 1331/1215/354
f 1331/1215/355 1419/1214/355 1420/1216/355
f 1331/1215/355 1420/1216/355 1333/1217/355
f 1333/1217/356 1420/1216/356 1421/1218/356
f 1333/1217/356 1421/1218/356 1335/1219/356
f 1335/1219/357 1421/1218/357 1422/1220/357
f 1335/1219/357 1422/1220/357 1337/1221/357
f 1337/1221/359 1422/1220/359 1423/1222/359
f 1337/1221/359 1423/1222/359 1339/1223/359
f 1339/1223/360 1423/1222/360 1424/1201/360
f 1339/1223/360 1424/1201/360 1317/1200/360
f 1400/1224/358 1425/1225/358 1426/1226/358
f 1400/1224/358 1426/1226/358 1389/1227/358
f 1389/1227/358 1426/1226/358 1427/1228/358
f 1389/1227/358 1427/1228/358 1390/1229/358
f 1390/1229/358 1427/1228/358 1428/1230/358
f 1390/1229/358 1428/1230/358 1391/1231/358
f 1391/1231/358 1428/1230/358 1429/1232/358
f 1391/1231/358 1429/1232/358 1392/1233/358
f 1392/1233/358 1429/1232/358 1430/1234/358
f 1392/1233/358 1430/1234/358 1393/1235/358
f 1393/1235/358 1430/1234/358 1431/1236/358
f 1393/1235/358 1431/1236/358 1394/1237/358
f 1394/1237/358 1431/1236/358 1432/1238/358
f 1394/1237/358 1432/1238/358 1395/1239/358
f 1395/1239/358 1432/1238/358 1433/1240/358
f 1395/1239/358 1433/1240/358 1396/1241/358
f 1396/1241/358 1433/1240/358 1434/1242/358
f 1396/1241/358 1434/1242/358 1397/1243/358
f 1397/1243/358 1434/1242/358 1435/1244/358
f 1397/1243/358 1435/1244/358 1398/1245/358
f 1398/1245/358 1435/1244/358 1436/1246/358
f 1398/1245/358 1436/1246/358 1399/1247/358
f 1399/1247/358 1436/1246/358 1425/1225/358
f 1399/1247/358 1425/1225/358 1400/1224/358
f 1451/1248/364 1450/1249/364 1491/1250/364
f 1451/1248/364 1491/1250/364 1492/1251/364
f 1484/1252/361 1460/1253/361 1449/1254/361
f 1484/1252/361 1449/1254/361 1473/1255/361
f 1473/1255/361 1449/1254/361 1450/1256/361
f 1473/1255/361 1450/1256/361 1474/1257/361
f 1474/1257/361 1450/1256/361 1451/1258/361
f 1474/1257/361 1451/1258/361 1475/1259/361
f 1475/1259/361 1451/1258/361 1452/1260/361
f 1475/1259/361 1452/1260/361 1476/1261/361
f 1476/1261/361 1452/1260/361 1453/1262/361
f 1476/1261/361 1453/1262/361 1477/1263/361
f 1477/1263/361 1453/1262/361 1454/1264/361
f 1477/1263/361 1454/1264/361 1478/1265/361
f 1478/1265/361 1454/1264/361 1455/1266/361
f 1478/1265/361 1455/1266/361 1479/1267/361
f 1479/1267/361 1455/1266/361 1456/1268/361
f 1479/1267/361 1456/1268/361 1480/1269/361
f 1480/1269/361 1456/1268/361 1457/1270/361
f 1480/1269/361 1457/1270/361 1481/1271/361
f 1481/1271/361 1457/1270/361 1458/1272/361
f 1481/1271/361 1458/1272/361 1482/1273/361
f 1482/1273/361 1458/1272/361 1459/1274/361
f 1482/1273/361 1459/1274/361 1483/1275/361
f 1483/1275/361 1459/1274/361 1460/1253/361
f 1483/1275/361 1460/1253/361 1484/1252/361
f 1448/1276/358 1472/1277/358 1461/1278/358
f 1448/1276/358 1461/1278/358 1437/1279/358
f 1447/1280/358 1471/1281/358 1472/1277/358
f 1447/1280/358 1472/1277/358 1448/1276/358
f 1446/1282/358 1470/1283/358 1471/1281/358
f 1446/1282/358 1471/1281/358 1447/1280/358
f 1445/1284/358 1469/1285/358 1470/1283/358
f 1445/1284/358 1470/1283/358 1446/1282/358
f 1444/1286/358 1468/1287/358 1469/1285/358
f 1444/1286/358 1469/1285/358 1445/1284/358
f 1443/1288/358 1467/1289/358 1468/1287/358
f 1443/1288/358 1468/1287/358 1444/1286/358
f 1442/1290/358 1466/1291/358 1467/1289/358
f 1442/1290/358 1467/1289/358 1443/1288/358
f 1441/1292/358 1465/1293/358 1466/1291/358
f 1441/1292/358 1466/1291/358 1442/1290/358
f 1440/1294/358 1464/1295/358 1465/1293/358
f 1440/1294/358 1465/1293/358 1441/1292/358
f 1439/1296/358 1463/1297/358 1464/1295/358
f 1439/1296/358 1464/1295/358 1440/1294/358
f 1438/1298/358 1462/1299/358 1463/1297/358
f 1438/1298/358 1463/1297/358 1439/1296/358
f 1437/1279/358 1461/1278/358 1462/1299/358
f 1437/1279/358 1462/1299/358 1438/1298/358
f 1376/1300/360 1483/1301/360 1484/1302/360
f 1376/1300/360 1484/1302/360 1365/1303/360
f 1375/1304/359 1482/1305/359 1483/1301/359
f 1375/1304/359 1483/1301/359 1376/1300/359
f 1374/1306/357 1481/1307/357 1482/1305/357
f 1374/1306/357 1482/1305/357 1375/1304/357
f 1373/1308/356 1480/1309/356 1481/1307/356
f 1373/1308/356 1481/1307/356 1374/1306/356
f 1372/1310/355 1479/1311/355 1480/1309/355
f 1372/1310/355 1480/1309/355 1373/1308/355
f 1371/1312/354 1478/1313/354 1479/1311/354
f 1371/1312/354 1479/1311/354 1372/1310/354
f 1370/1314/353 1477/1315/353 1478/1313/353
f 1370/1314/353 1478/1313/353 1371/1312/353
f 1369/1316/352 1476/1317/352 1477/1315/352
f 1369/1316/352 1477/1315/352 1370/1314/352
f 1368/1318/351 1475/1319/351 1476/1317/351
f 1368/1318/351 1476/1317/351 1369/1316/351
f 1367/1320/350 1474/1321/350 1475/1319/350
f 1367/1320/350 1475/1319/350 1368/1318/350
f 1366/1322/349 1473/1323/349 1474/1324/349
f 1366/1322/349 1474/1324/349 1367/1325/349
f 1365/1303/348 1484/1302/348 1473/1323/348
f 1365/1303/348 1473/1323/348 1366/1322/348
f 1487/1326/350 1485/1327/350 1486/1328/350
f 1487/1326/350 1486/1328/350 1488/1329/350
f 1344/1330/365 1355/1331/365 1488/1329/365
f 1344/1330/365 1488/1329/365 1486/1328/365
f 1355/1332/366 1354/1333/366 1487/1334/366
f 1355/1332/366 1487/1334/366 1488/1335/366
f 1354/1333/367 1343/1094/367 1485/1097/367
f 1354/1333/367 1485/1097/367 1487/1334/367
f 1491/1336/350 1489/1337/350 1490/1338/350
f 1491/1336/350 1490/1338/350 1492/1339/350
f 1450/1249/368 1439/1340/368 1489/1341/368
f 1450/1249/368 1489/1341/368 1491/1250/368
f 1439/1340/369 1440/1342/369 1490/1343/369
f 1439/1340/369 1490/1343/369 1489/1341/369
f 1440/1344/370 1451/1345/370 1492/1339/370
f 1440/1344/370 1492/1339/370 1490/1338/370
f 1495/1346/350 1493/1347/350 1494/1175/350
f 1495/1346/350 1494/1175/350 1496/1174/350
f 1390/1348/371 1391/1349/371 1494/1350/371
f 1390/1348/371 1494/1350/371 1493/1351/371
f 1402/1352/372 1390/1348/372 1493/1351/372
f 1402/1352/372 1493/1351/372 1495/1353/372
f 1403/1354/373 1402/1352/373 1495/1353/373
f 1403/1354/373 1495/1353/373 1496/1355/373
f 1342/1356/374 1343/1357/374 1498/1358/374
f 1342/1356/374 1498/1358/374 1497/1359/374
f 1390/1348/375 1402/1352/375 1508/1360/375
f 1390/1348/375 1508/1360/375 1506/1361/375
f 1450/1362/376 1449/1363/376 1503/1364/376
f 1450/1362/376 1503/1364/376 1504/1365/376
f 1499/1366/349 1497/1367/349 1498/1368/349
f 1499/1366/349 1498/1368/349 1500/1369/349
f 1343/1094/377 1354/1333/377 1500/1369/377
f 1343/1094/377 1500/1369/377 1498/1368/377
f 1354/1370/378 1353/1371/378 1499/1372/378
f 1354/1370/378 1499/1372/378 1500/1373/378
f 1353/1371/379 1342/1356/379 1497/1359/379
f 1353/1371/379 1497/1359/379 1499/1372/379
f 1503/1374/349 1501/1375/349 1502/1376/349
f 1503/1374/349 1502/1376/349 1504/1377/349
f 1449/1363/380 1438/1378/380 1501/1379/380
f 1449/1363/380 1501/1379/380 1503/1364/380
f 1438/1378/381 1439/1380/381 1502/1381/381
f 1438/1378/381 1502/1381/381 1501/1379/381
f 1439/1340/382 1450/1249/382 1504/1377/382
f 1439/1340/382 1504/1377/382 1502/1376/382
f 1507/1382/349 1505/1383/349 1506/1361/349
f 1507/1382/349 1506/1361/349 1508/1360/349
f 1389/1384/383 1390/1385/383 1506/1386/383
f 1389/1384/383 1506/1386/383 1505/1387/383
f 1401/1388/384 1389/1384/384 1505/1387/384
f 1401/1388/384 1505/1387/384 1507/1389/384
f 1402/1390/385 1401/1388/385 1507/1389/385
f 1402/1390/385 1507/1389/385 1508/1391/385
f 1341/1392/386 1342/1393/386 1510/1394/386
f 1341/1392/386 1510/1394/386 1509/1395/386
f 1389/1384/387 1401/1388/387 1520/1396/387
f 1389/1384/387 1520/1396/387 1518/1397/387
f 1449/1398/388 1460/1399/388 1515/1400/388
f 1449/1398/388 1515/1400/388 1516/1401/388
f 1511/1402/348 1509/1403/348 1510/1404/348
f 1511/1402/348 1510/1404/348 1512/1405/348
f 1342/1356/389 1353/1371/389 1512/1405/389
f 1342/1356/389 1512/1405/389 1510/1404/389
f 1353/1406/390 1364/1407/390 1511/1408/390
f 1353/1406/390 1511/1408/390 1512/1409/390
f 1364/1407/391 1341/1392/391 1509/1395/391
f 1364/1407/391 1509/1395/391 1511/1408/391
f 1515/1410/348 1513/1411/348 1514/1412/348
f 1515/1410/348 1514/1412/348 1516/1413/348
f 1460/1399/392 1437/1414/392 1513/1415/392
f 1460/1399/392 1513/1415/392 1515/1400/392
f 1437/1414/393 1438/1416/393 1514/1417/393
f 1437/1414/393 1514/1417/393 1513/1415/393
f 1438/1378/394 1449/1363/394 1516/1413/394
f 1438/1378/394 1516/1413/394 1514/1412/394
f 1519/1418/348 1517/1419/348 1518/1397/348
f 1519/1418/348 1518/1397/348 1520/1396/348
f 1400/1420/395 1389/1421/395 1518/1422/395
f 1400/1420/395 1518/1422/395 1517/1423/395
f 1412/1424/396 1400/1420/396 1517/1423/396
f 1412/1424/396 1517/1423/396 1519/1425/396
f 1401/1426/397 1412/1424/397 1519/1425/397
f 1401/1426/397 1519/1425/397 1520/1427/397
f 1352/1428/398 1341/1429/398 1522/1430/398
f 1352/1428/398 1522/1430/398 1521/1431/398
f 1400/1420/399 1412/1424/399 1532/1432/399
f 1400/1420/399 1532/1432/399 1530/1433/399
f 1460/1434/400 1459/1435/400 1527/1436/400
f 1460/1434/400 1527/1436/400 1528/1437/400
f 1523/1438/360 1521/1439/360 1522/1440/360
f 1523/1438/360 1522/1440/360 1524/1441/360
f 1341/1392/401 1364/1407/401 1524/1441/401
f 1341/1392/401 1524/1441/401 1522/1440/401
f 1364/1442/402 1363/1443/402 1523/1444/402
f 1364/1442/402 1523/1444/402 1524/1445/402
f 1363/1443/403 1352/1428/403 1521/1431/403
f 1363/1443/403 1521/1431/403 1523/1444/403
f 1527/1446/360 1525/1447/360 1526/1448/360
f 1527/1446/360 1526/1448/360 1528/1449/360
f 1459/1435/404 1448/1450/404 1525/1451/404
f 1459/1435/404 1525/1451/404 1527/1436/404
f 1448/1450/405 1437/1452/405 1526/1453/405
f 1448/1450/405 1526/1453/405 1525/1451/405
f 1437/1414/406 1460/1399/406 1528/1449/406
f 1437/1414/406 1528/1449/406 1526/1448/406
f 1531/1454/360 1529/1455/360 1530/1433/360
f 1531/1454/360 1530/1433/360 1532/1432/360
f 1399/1456/407 1400/1457/407 1530/1458/407
f 1399/1456/407 1530/1458/407 1529/1459/407
f 1411/1460/408 1399/1456/408 1529/1459/408
f 1411/1460/408 1529/1459/408 1531/1461/408
f 1412/1462/409 1411/1460/409 1531/1461/409
f 1412/1462/409 1531/1461/409 1532/1463/409
f 1351/1464/410 1352/1465/410 1534/1466/410
f 1351/1464/410 1534/1466/410 1533/1467/410
f 1399/1456/411 1411/1460/411 1544/1468/411
f 1399/1456/411 1544/1468/411 1542/1469/411
f 1459/1470/412 1458/1471/412 1539/1472/412
f 1459/1470/412 1539/1472/412 1540/1473/412
f 1535/1474/359 1533/1475/359 1534/1476/359
f 1535/1474/359 1534/1476/359 1536/1477/359
f 1352/1428/413 1363/1443/413 1536/1477/413
f 1352/1428/413 1536/1477/413 1534/1476/413
f 1363/1478/414 1362/1479/414 1535/1480/414
f 1363/1478/414 1535/1480/414 1536/1481/414
f 1362/1479/415 1351/1464/415 1533/1467/415
f 1362/1479/415 1533/1467/415 1535/1480/415
f 1539/1482/359 1537/1483/359 1538/1484/359
f 1539/1482/359 1538/1484/359 1540/1485/359
f 1458/1471/416 1447/1486/416 1537/1487/416
f 1458/1471/416 1537/1487/416 1539/1472/416
f 1447/1486/417 1448/1488/417 1538/1489/417
f 1447/1486/417 1538/1489/417 1537/1487/417
f 1448/1450/418 1459/1435/418 1540/1485/418
f 1448/1450/418 1540/1485/418 1538/1484/418
f 1543/1490/359 1541/1491/359 1542/1469/359
f 1543/1490/359 1542/1469/359 1544/1468/359
f 1398/1492/419 1399/1493/419 1542/1494/419
f 1398/1492/419 1542/1494/419 1541/1495/419
f 1410/1496/420 1398/1492/420 1541/1495/420
f 1410/1496/420 1541/1495/420 1543/1497/420
f 1411/1498/421 1410/1496/421 1543/1497/421
f 1411/1498/421 1543/1497/421 1544/1499/421
f 1350/1500/422 1351/1501/422 1546/1502/422
f 1350/1500/422 1546/1502/422 1545/1503/422
f 1398/1492/423 1410/1496/423 1556/1504/423
f 1398/1492/423 1556/1504/423 1554/1505/423
f 1458/1506/424 1457/1507/424 1551/1508/424
f 1458/1506/424 1551/1508/424 1552/1509/424
f 1547/1510/357 1545/1511/357 1546/1512/357
f 1547/1510/357 1546/1512/357 1548/1513/357
f 1351/1464/425 1362/1479/425 1548/1513/425
f 1351/1464/425 1548/1513/425 1546/1512/425
f 1362/1514/426 1361/1515/426 1547/1516/426
f 1362/1514/426 1547/1516/426 1548/1517/426
f 1361/1515/427 1350/1500/427 1545/1503/427
f 1361/1515/427 1545/1503/427 1547/1516/427
f 1551/1518/357 1549/1519/357 1550/1520/357
f 1551/1518/357 1550/1520/357 1552/1521/357
f 1457/1507/428 1446/1522/428 1549/1523/428
f 1457/1507/428 1549/1523/428 1551/1508/428
f 1446/1522/429 1447/1524/429 1550/1525/429
f 1446/1522/429 1550/1525/429 1549/1523/429
f 1447/1486/430 1458/1471/430 1552/1521/430
f 1447/1486/430 1552/1521/430 1550/1520/430
f 1555/1526/357 1553/1527/357 1554/1505/357
f 1555/1526/357 1554/1505/357 1556/1504/357
f 1397/1528/431 1398/1529/431 1554/1530/431
f 1397/1528/431 1554/1530/431 1553/1531/431
f 1409/1532/432 1397/1528/432 1553/1531/432
f 1409/1532/432 1553/1531/432 1555/1533/432
f 1410/1534/433 1409/1532/433 1555/1533/433
f 1410/1534/433 1555/1533/433 1556/1535/433
f 1349/1536/434 1350/1537/434 1558/1538/434
f 1349/1536/434 1558/1538/434 1557/1539/434
f 1397/1528/435 1409/1532/435 1568/1540/435
f 1397/1528/435 1568/1540/435 1566/1541/435
f 1457/1542/436 1456/1543/436 1563/1544/436
f 1457/1542/436 1563/1544/436 1564/1545/436
f 1559/1546/356 1557/1547/356 1558/1548/356
f 1559/1546/356 1558/1548/356 1560/1549/356
f 1350/1500/437 1361/1515/437 1560/1549/437
f 1350/1500/437 1560/1549/437 1558/1548/437
f 1361/1550/438 1360/1551/438 1559/1552/438
f 1361/1550/438 1559/1552/438 1560/1553/438
f 1360/1551/439 1349/1536/439 1557/1539/439
f 1360/1551/439 1557/1539/439 1559/1552/439
f 1563/1554/356 1561/1555/356 1562/1556/356
f 1563/1554/356 1562/1556/356 1564/1557/356
f 1456/1543/440 1445/1558/440 1561/1559/440
f 1456/1543/440 1561/1559/440 1563/1544/440
f 1445/1558/441 1446/1560/441 1562/1561/441
f 1445/1558/441 1562/1561/441 1561/1559/441
f 1446/1522/442 1457/1507/442 1564/1557/442
f 1446/1522/442 1564/1557/442 1562/1556/442
f 1567/1562/356 1565/1563/356 1566/1541/356
f 1567/1562/356 1566/1541/356 1568/1540/356
f 1396/1564/443 1397/1565/443 1566/1566/443
f 1396/1564/443 1566/1566/443 1565/1567/443
f 1408/1568/444 1396/1564/444 1565/1567/444
f 1408/1568/444 1565/1567/444 1567/1569/444
f 1409/1570/445 1408/1568/445 1567/1569/445
f 1409/1570/445 1567/1569/445 1568/1571/445
f 1348/1572/446 1349/1573/446 1570/1574/446
f 1348/1572/446 1570/1574/446 1569/1575/446
f 1396/1564/447 1408/1568/447 1580/1576/447
f 1396/1564/447 1580/1576/447 1578/1577/447
f 1456/1578/448 1455/1579/448 1575/1580/448
f 1456/1578/448 1575/1580/448 1576/1581/448
f 1571/1582/355 1569/1583/355 1570/1584/355
f 1571/1582/355 1570/1584/355 1572/1585/355
f 1349/1536/449 1360/1551/449 1572/1585/449
f 1349/1536/449 1572/1585/449 1570/1584/449
f 1360/1586/450 1359/1587/450 1571/1588/450
f 1360/1586/450 1571/1588/450 1572/1589/450
f 1359/1587/451 1348/1572/451 1569/1575/451
f 1359/1587/451 1569/1575/451 1571/1588/451
f 1575/1590/355 1573/1591/355 1574/1592/355
f 1575/1590/355 1574/1592/355 1576/1593/355
f 1455/1579/452 1444/1594/452 1573/1595/452
f 1455/1579/452 1573/1595/452 1575/1580/452
f 1444/1594/453 1445/1596/453 1574/1597/453
f 1444/1594/453 1574/1597/453 1573/1595/453
f 1445/1558/454 1456/1543/454 1576/1593/454
f 1445/1558/454 1576/1593/454 1574/1592/454
f 1579/1598/355 1577/1599/355 1578/1577/355
f 1579/1598/355 1578/1577/355 1580/1576/355
f 1395/1600/455 1396/1601/455 1578/1602/455
f 1395/1600/455 1578/1602/455 1577/1603/455
f 1407/1604/456 1395/1600/456 1577/1603/456
f 1407/1604/456 1577/1603/456 1579/1605/456
f 1408/1606/457 1407/1604/457 1579/1605/457
f 1408/1606/457 1579/1605/457 1580/1607/457
f 1347/1608/458 1348/1609/458 1582/1610/458
f 1347/1608/458 1582/1610/458 1581/1611/458
f 1395/1600/459 1407/1604/459 1592/1612/459
f 1395/1600/459 1592/1612/459 1590/1613/459
f 1455/1614/460 1454/1615/460 1587/1616/460
f 1455/1614/460 1587/1616/460 1588/1617/460
f 1583/1618/354 1581/1619/354 1582/1620/354
f 1583/1618/354 1582/1620/354 1584/1621/354
f 1348/1572/461 1359/1587/461 1584/1621/461
f 1348/1572/461 1584/1621/461 1582/1620/461
f 1359/1622/462 1358/1623/462 1583/1624/462
f 1359/1622/462 1583/1624/462 1584/1625/462
f 1358/1623/463 1347/1608/463 1581/1611/463
f 1358/1623/463 1581/1611/463 1583/1624/463
f 1587/1626/354 1585/1627/354 1586/1628/354
f 1587/1626/354 1586/1628/354 1588/1629/354
f 1454/1615/464 1443/1630/464 1585/1631/464
f 1454/1615/464 1585/1631/464 1587/1616/464
f 1443/1630/465 1444/1632/465 1586/1633/465
f 1443/1630/465 1586/1633/465 1585/1631/465
f 1444/1594/466 1455/1579/466 1588/1629/466
f 1444/1594/466 1588/1629/466 1586/1628/466
f 1591/1634/354 1589/1635/354 1590/1613/354
f 1591/1634/354 1590/1613/354 1592/1612/354
f 1394/1636/467 1395/1637/467 1590/1638/467
f 1394/1636/467 1590/1638/467 1589/1639/467
f 1406/1640/468 1394/1636/468 1589/1639/468
f 1406/1640/468 1589/1639/468 1591/1641/468
f 1407/1642/469 1406/1640/469 1591/1641/469
f 1407/1642/469 1591/1641/469 1592/1643/469
f 1346/1644/470 1347/1645/470 1594/1646/470
f 1346/1644/470 1594/1646/470 1593/1647/470
f 1394/1636/471 1406/1640/471 1604/1648/471
f 1394/1636/471 1604/1648/471 1602/1649/471
f 1454/1650/472 1453/1651/472 1599/1652/472
f 1454/1650/472 1599/1652/472 1600/1653/472
f 1595/1654/353 1593/1655/353 1594/1656/353
f 1595/1654/353 1594/1656/353 1596/1657/353
f 1347/1608/473 1358/1623/473 1596/1657/473
f 1347/1608/473 1596/1657/473 1594/1656/473
f 1358/1658/474 1357/1659/474 1595/1660/474
f 1358/1658/474 1595/1660/474 1596/1661/474
f 1357/1659/475 1346/1644/475 1593/1647/475
f 1357/1659/475 1593/1647/475 1595/1660/475
f 1599/1662/353 1597/1663/353 1598/1664/353
f 1599/1662/353 1598/1664/353 1600/1665/353
f 1453/1651/476 1442/1666/476 1597/1667/476
f 1453/1651/476 1597/1667/476 1599/1652/476
f 1442/1666/477 1443/1668/477 1598/1669/477
f 1442/1666/477 1598/1669/477 1597/1667/477
f 1443/1630/478 1454/1615/478 1600/1665/478
f 1443/1630/478 1600/1665/478 1598/1664/478
f 1603/1670/353 1601/1671/353 1602/1649/353
f 1603/1670/353 1602/1649/353 1604/1648/353
f 1393/1672/479 1394/1673/479 1602/1674/479
f 1393/1672/479 1602/1674/479 1601/1675/479
f 1405/1676/480 1393/1672/480 1601/1675/480
f 1405/1676/480 1601/1675/480 1603/1677/480
f 1406/1678/481 1405/1676/481 1603/1677/481
f 1406/1678/481 1603/1677/481 1604/1679/481
f 1345/1680/482 1346/1681/482 1606/1682/482
f 1345/1680/482 1606/1682/482 1605/1683/482
f 1393/1672/483 1405/1676/483 1616/1684/483
f 1393/1672/483 1616/1684/483 1614/1685/483
f 1453/1686/484 1452/1687/484 1611/1688/484
f 1453/1686/484 1611/1688/484 1612/1689/484
f 1607/1690/352 1605/1691/352 1606/1692/352
f 1607/1690/352 1606/1692/352 1608/1693/352
f 1346/1644/485 1357/1659/485 1608/1693/485
f 1346/1644/485 1608/1693/485 1606/1692/485
f 1357/1694/486 1356/1695/486 1607/1696/486
f 1357/1694/486 1607/1696/486 1608/1697/486
f 1356/1695/487 1345/1680/487 1605/1683/487
f 1356/1695/487 1605/1683/487 1607/1696/487
f 1611/1698/352 1609/1699/352 1610/1700/352
f 1611/1698/352 1610/1700/352 1612/1701/352
f 1452/1687/488 1441/1702/488 1609/1703/488
f 1452/1687/488 1609/1703/488 1611/1688/488
f 1441/1702/489 1442/1704/489 1610/1705/489
f 1441/1702/489 1610/1705/489 1609/1703/489
f 1442/1666/490 1453/1651/490 1612/1701/490
f 1442/1666/490 1612/1701/490 1610/1700/490
f 1615/1706/352 1613/1707/352 1614/1685/352
f 1615/1706/352 1614/1685/352 1616/1684/352
f 1392/1708/491 1393/1709/491 1614/1710/491
f 1392/1708/491 1614/1710/491 1613/1711/491
f 1404/1712/492 1392/1708/492 1613/1711/492
f 1404/1712/492 1613/1711/492 1615/1713/492
f 1405/1714/493 1404/1712/493 1615/1713/493
f 1405/1714/493 1615/1713/493 1616/1715/493
f 1344/1330/494 1345/1716/494 1618/1717/494
f 1344/1330/494 1618/1717/494 1617/1718/494
f 1392/1708/495 1404/1712/495 1628/1719/495
f 1392/1708/495 1628/1719/495 1626/1720/495
f 1452/1721/496 1451/1345/496 1623/1722/496
f 1452/1721/496 1623/1722/496 1624/1723/496
f 1619/1724/351 1617/1725/351 1618/1726/351
f 1619/1724/351 1618/1726/351 1620/1727/351
f 1345/1680/497 1356/1695/497 1620/1727/497
f 1345/1680/497 1620/1727/497 1618/1726/497
f 1356/1728/498 1355/1331/498 1619/1729/498
f 1356/1728/498 1619/1729/498 1620/1730/498
f 1355/1331/499 1344/1330/499 1617/1718/499
f 1355/1331/499 1617/1718/499 1619/1729/499
f 1623/1731/351 1621/1732/351 1622/1733/351
f 1623/1731/351 1622/1733/351 1624/1734/351
f 1451/1345/500 1440/1344/500 1621/1735/500
f 1451/1345/500 1621/1735/500 1623/1722/500
f 1440/1344/501 1441/1736/501 1622/1737/501
f 1440/1344/501 1622/1737/501 1621/1735/501
f 1441/1702/502 1452/1687/502 1624/1734/502
f 1441/1702/502 1624/1734/502 1622/1733/502
f 1627/1738/351 1625/1739/351 1626/1720/351
f 1627/1738/351 1626/1720/351 1628/1719/351
f 1391/1172/503 1392/1740/503 1626/1741/503
f 1391/1172/503 1626/1741/503 1625/1742/503
f 1403/1173/504 1391/1172/504 1625/1742/504
f 1403/1173/504 1625/1742/504 1627/1743/504
f 1404/1744/505 1403/1173/505 1627/1743/505
f 1404/1744/505 1627/1743/505 1628/1745/505
usemtl Material.006
f 1726/1746/506 1727/1747/506 1633/1748/506
f 1726/1746/506 1633/1748/506 1631/1749/506
f 1725/1750/507 1728/1751/507 1635/1752/507
f 1725/1750/507 1635/1752/507 1629/1753/507
f 1733/1754/508 1634/1755/508 1639/1756/508
f 1733/1754/508 1639/1756/508 1736/1757/508
f 1634/1755/509 1630/1758/509 1640/1759/509
f 1634/1755/509 1640/1759/509 1639/1756/509
f 1725/1760/510 1629/1761/510 1638/1762/510
f 1725/1760/510 1638/1762/510 1729/1763/510
f 1629/1764/511 1633/1765/511 1637/1766/511
f 1629/1764/511 1637/1766/511 1638/1767/511
f 1631/1749/506 1633/1748/506 1643/1768/506
f 1631/1749/506 1643/1768/506 1642/1769/506
f 1629/1753/507 1635/1752/507 1644/1770/507
f 1629/1753/507 1644/1770/507 1641/1771/507
f 1643/1772/512 1633/1765/512 1647/1773/512
f 1643/1772/512 1647/1773/512 1645/1774/512
f 1646/1775/513 1645/1776/513 1647/1777/513
f 1646/1775/513 1647/1777/513 1648/1778/513
f 1633/1765/514 1629/1764/514 1648/1779/514
f 1633/1765/514 1648/1779/514 1647/1773/514
f 1629/1764/515 1641/1780/515 1646/1781/515
f 1629/1764/515 1646/1781/515 1648/1779/515
f 1641/1782/516 1643/1783/516 1645/1776/516
f 1641/1782/516 1645/1776/516 1646/1775/516
f 1642/1769/506 1643/1768/506 1651/1784/506
f 1642/1769/506 1651/1784/506 1650/1785/506
f 1641/1771/507 1644/1770/507 1652/1786/507
f 1641/1771/507 1652/1786/507 1649/1787/507
f 1651/1788/517 1643/1783/517 1655/1789/517
f 1651/1788/517 1655/1789/517 1653/1790/517
f 1654/1791/518 1653/1792/518 1655/1793/518
f 1654/1791/518 1655/1793/518 1656/1794/518
f 1643/1783/519 1641/1782/519 1656/1795/519
f 1643/1783/519 1656/1795/519 1655/1789/519
f 1641/1782/520 1649/1796/520 1654/1797/520
f 1641/1782/520 1654/1797/520 1656/1795/520
f 1649/1798/521 1651/1799/521 1653/1792/521
f 1649/1798/521 1653/1792/521 1654/1791/521
f 1650/1785/506 1651/1784/506 1659/1800/506
f 1650/1785/506 1659/1800/506 1658/1801/506
f 1649/1787/507 1652/1786/507 1660/1802/507
f 1649/1787/507 1660/1802/507 1657/1803/507
f 1659/1804/522 1651/1799/522 1663/1805/522
f 1659/1804/522 1663/1805/522 1661/1806/522
f 1662/1807/523 1661/1808/523 1663/1809/523
f 1662/1807/523 1663/1809/523 1664/1810/523
f 1651/1799/524 1649/1798/524 1664/1811/524
f 1651/1799/524 1664/1811/524 1663/1805/524
f 1649/1798/525 1657/1812/525 1662/1813/525
f 1649/1798/525 1662/1813/525 1664/1811/525
f 1657/1814/526 1659/1815/526 1661/1808/526
f 1657/1814/526 1661/1808/526 1662/1807/526
f 1658/1801/506 1659/1800/506 1667/1816/506
f 1658/1801/506 1667/1816/506 1666/1817/506
f 1657/1803/507 1660/1802/507 1668/1818/507
f 1657/1803/507 1668/1818/507 1665/1819/507
f 1667/1820/527 1659/1815/527 1671/1821/527
f 1667/1820/527 1671/1821/527 1669/1822/527
f 1670/1823/528 1669/1824/528 1671/1825/528
f 1670/1823/528 1671/1825/528 1672/1826/528
f 1659/1815/529 1657/1814/529 1672/1827/529
f 1659/1815/529 1672/1827/529 1671/1821/529
f 1657/1814/530 1665/1828/530 1670/1829/530
f 1657/1814/530 1670/1829/530 1672/1827/530
f 1665/1830/531 1667/1831/531 1669/1824/531
f 1665/1830/531 1669/1824/531 1670/1823/531
f 1666/1817/506 1667/1816/506 1675/1832/506
f 1666/1817/506 1675/1832/506 1674/1833/506
f 1665/1819/507 1668/1818/507 1676/1834/507
f 1665/1819/507 1676/1834/507 1673/1835/507
f 1675/1836/532 1667/1831/532 1679/1837/532
f 1675/1836/532 1679/1837/532 1677/1838/532
f 1678/1839/533 1677/1840/533 1679/1841/533
f 1678/1839/533 1679/1841/533 1680/1842/533
f 1667/1831/534 1665/1830/534 1680/1843/534
f 1667/1831/534 1680/1843/534 1679/1837/534
f 1665/1830/535 1673/1844/535 1678/1845/535
f 1665/1830/535 1678/1845/535 1680/1843/535
f 1673/1846/536 1675/1847/536 1677/1840/536
f 1673/1846/536 1677/1840/536 1678/1839/536
f 1674/1833/506 1675/1832/506 1683/1848/506
f 1674/1833/506 1683/1848/506 1682/1849/506
f 1673/1835/507 1676/1834/507 1684/1850/507
f 1673/1835/507 1684/1850/507 1681/1851/507
f 1683/1852/537 1675/1847/537 1687/1853/537
f 1683/1852/537 1687/1853/537 1685/1854/537
f 1686/1855/538 1685/1856/538 1687/1857/538
f 1686/1855/538 1687/1857/538 1688/1858/538
f 1675/1847/539 1673/1846/539 1688/1859/539
f 1675/1847/539 1688/1859/539 1687/1853/539
f 1673/1846/540 1681/1860/540 1686/1861/540
f 1673/1846/540 1686/1861/540 1688/1859/540
f 1681/1862/541 1683/1863/541 1685/1856/541
f 1681/1862/541 1685/1856/541 1686/1855/541
f 1682/1849/506 1683/1848/506 1691/1864/506
f 1682/1849/506 1691/1864/506 1690/1865/506
f 1681/1851/507 1684/1850/507 1692/1866/507
f 1681/1851/507 1692/1866/507 1689/1867/507
f 1691/1868/542 1683/1863/542 1695/1869/542
f 1691/1868/542 1695/1869/542 1693/1870/542
f 1694/1871/543 1693/1872/543 1695/1873/543
f 1694/1871/543 1695/1873/543 1696/1874/543
f 1683/1863/544 1681/1862/544 1696/1875/544
f 1683/1863/544 1696/1875/544 1695/1869/544
f 1681/1862/545 1689/1876/545 1694/1877/545
f 1681/1862/545 1694/1877/545 1696/1875/545
f 1689/1878/546 1691/1879/546 1693/1872/546
f 1689/1878/546 1693/1872/546 1694/1871/546
f 1690/1865/506 1691/1864/506 1699/1880/506
f 1690/1865/506 1699/1880/506 1698/1881/506
f 1689/1867/507 1692/1866/507 1700/1882/507
f 1689/1867/507 1700/1882/507 1697/1883/507
f 1699/1884/547 1691/1879/547 1703/1885/547
f 1699/1884/547 1703/1885/547 1701/1886/547
f 1702/1887/548 1701/1888/548 1703/1889/548
f 1702/1887/548 1703/1889/548 1704/1890/548
f 1691/1879/549 1689/1878/549 1704/1891/549
f 1691/1879/549 1704/1891/549 1703/1885/549
f 1689/1878/550 1697/1892/550 1702/1893/550
f 1689/1878/550 1702/1893/550 1704/1891/550
f 1697/1894/551 1699/1895/551 1701/1888/551
f 1697/1894/551 1701/1888/551 1702/1887/551
f 1698/1881/506 1699/1880/506 1707/1896/506
f 1698/1881/506 1707/1896/506 1706/1897/506
f 1697/1883/507 1700/1882/507 1708/1898/507
f 1697/1883/507 1708/1898/507 1705/1899/507
f 1707/1900/552 1699/1895/552 1711/1901/552
f 1707/1900/552 1711/1901/552 1709/1902/552
f 1710/1903/553 1709/1904/553 1711/1905/553
f 1710/1903/553 1711/1905/553 1712/1906/553
f 1699/1895/554 1697/1894/554 1712/1907/554
f 1699/1895/554 1712/1907/554 1711/1901/554
f 1697/1894/555 1705/1908/555 1710/1909/555
f 1697/1894/555 1710/1909/555 1712/1907/555
f 1705/1910/556 1707/1911/556 1709/1904/556
f 1705/1910/556 1709/1904/556 1710/1903/556
f 1706/1897/506 1707/1896/506 1715/1912/506
f 1706/1897/506 1715/1912/506 1714/1913/506
f 1705/1899/507 1708/1898/507 1716/1914/507
f 1705/1899/507 1716/1914/507 1713/1915/507
f 1715/1916/557 1707/1911/557 1719/1917/557
f 1715/1916/557 1719/1917/557 1717/1918/557
f 1718/1919/558 1717/1920/558 1719/1921/558
f 1718/1919/558 1719/1921/558 1720/1922/558
f 1707/1911/559 1705/1910/559 1720/1923/559
f 1707/1911/559 1720/1923/559 1719/1917/559
f 1705/1910/560 1713/1924/560 1718/1925/560
f 1705/1910/560 1718/1925/560 1720/1923/560
f 1713/1926/561 1715/1927/561 1717/1920/561
f 1713/1926/561 1717/1920/561 1718/1919/561
f 1714/1913/506 1715/1912/506 1634/1928/506
f 1714/1913/506 1634/1928/506 1632/1929/506
f 1713/1915/507 1716/1914/507 1636/1930/507
f 1713/1915/507 1636/1930/507 1630/1931/507
f 1634/1932/562 1715/1927/562 1723/1933/562
f 1634/1932/562 1723/1933/562 1721/1934/562
f 1722/1935/563 1721/1936/563 1723/1937/563
f 1722/1935/563 1723/1937/563 1724/1938/563
f 1715/1927/564 1713/1926/564 1724/1939/564
f 1715/1927/564 1724/1939/564 1723/1933/564
f 1713/1926/565 1630/1940/565 1722/1941/565
f 1713/1926/565 1722/1941/565 1724/1939/565
f 1630/1758/566 1634/1755/566 1721/1936/566
f 1630/1758/566 1721/1936/566 1722/1935/566
f 1731/1942/567 1725/1760/567 1729/1763/567
f 1731/1942/567 1729/1763/567 1735/1943/567
f 1633/1944/508 1727/1945/508 1730/1946/508
f 1633/1944/508 1730/1946/508 1637/1947/508
f 1731/1948/507 1734/1949/507 1728/1751/507
f 1731/1948/507 1728/1751/507 1725/1750/507
f 1732/1950/506 1733/1951/506 1727/1747/506
f 1732/1950/506 1727/1747/506 1726/1746/506
f 1632/1929/506 1634/1928/506 1733/1951/506
f 1632/1929/506 1733/1951/506 1732/1950/506
f 1630/1931/507 1636/1930/507 1734/1949/507
f 1630/1931/507 1734/1949/507 1731/1948/507
f 1630/1758/568 1731/1942/568 1735/1943/568
f 1630/1758/568 1735/1943/568 1640/1759/568
f 1727/1945/508 1733/1754/508 1736/1757/508
f 1727/1945/508 1736/1757/508 1730/1946/508
f 1639/1952/569 1640/1953/569 1740/1954/569
f 1639/1952/569 1740/1954/569 1744/1955/569
f 1729/1956/570 1638/1957/570 1743/1958/570
f 1729/1956/570 1743/1958/570 1741/1959/570
f 1638/1957/571 1637/1960/571 1742/1961/571
f 1638/1957/571 1742/1961/571 1743/1958/571
f 1735/1962/572 1729/1956/572 1741/1959/572
f 1735/1962/572 1741/1959/572 1739/1963/572
f 1640/1953/573 1735/1962/573 1739/1963/573
f 1640/1953/573 1739/1963/573 1740/1954/573
f 1639/1952/506 1744/1955/506 1742/1964/506
f 1639/1952/506 1742/1964/506 1637/1965/506
f 1639/1952/506 1637/1965/506 1730/1966/506
f 1639/1952/506 1730/1966/506 1736/1967/506
f 1744/1955/574 1740/1954/574 1745/1968/574
f 1744/1955/574 1745/1968/574 1746/1969/574
f 1743/1958/575 1742/1961/575 1749/1970/575
f 1743/1958/575 1749/1970/575 1747/1971/575
f 1745/1972/576 1747/1973/576 1749/1974/576
f 1745/1972/576 1749/1974/576 1746/1969/576
f 1747/1973/577 1745/1972/577 1750/1975/577
f 1747/1973/577 1750/1975/577 1748/1976/577
f 1742/1964/578 1744/1955/578 1746/1969/578
f 1742/1964/578 1746/1969/578 1749/1974/578
f 1739/1963/579 1741/1959/579 1748/1977/579
f 1739/1963/579 1748/1977/579 1750/1978/579
f 1741/1959/580 1743/1958/580 1747/1971/580
f 1741/1959/580 1747/1971/580 1748/1977/580
f 1740/1954/581 1739/1963/581 1750/1978/581
f 1740/1954/581 1750/1978/581 1745/1968/581
f 1848/1979/582 1849/1980/582 1755/1981/582
f 1848/1979/582 1755/1981/582 1753/1982/582
f 1847/1983/583 1850/1984/583 1757/1985/583
f 1847/1983/583 1757/1985/583 1751/1986/583
f 1855/1987/584 1756/1988/584 1761/1989/584
f 1855/1987/584 1761/1989/584 1858/1990/584
f 1756/1988/585 1752/1991/585 1762/1992/585
f 1756/1988/585 1762/1992/585 1761/1989/585
f 1847/1993/586 1751/1994/586 1760/1995/586
f 1847/1993/586 1760/1995/586 1851/1996/586
f 1751/1997/587 1755/1998/587 1759/1999/587
f 1751/1997/587 1759/1999/587 1760/2000/587
f 1753/1982/582 1755/1981/582 1765/2001/582
f 1753/1982/582 1765/2001/582 1764/2002/582
f 1751/1986/583 1757/1985/583 1766/2003/583
f 1751/1986/583 1766/2003/583 1763/2004/583
f 1765/2005/588 1755/1998/588 1769/2006/588
f 1765/2005/588 1769/2006/588 1767/2007/588
f 1768/2008/589 1767/2009/589 1769/2010/589
f 1768/2008/589 1769/2010/589 1770/2011/589
f 1755/1998/590 1751/1997/590 1770/2012/590
f 1755/1998/590 1770/2012/590 1769/2006/590
f 1751/1997/591 1763/2013/591 1768/2014/591
f 1751/1997/591 1768/2014/591 1770/2012/591
f 1763/2015/592 1765/2016/592 1767/2009/592
f 1763/2015/592 1767/2009/592 1768/2008/592
f 1764/2002/582 1765/2001/582 1773/2017/582
f 1764/2002/582 1773/2017/582 1772/2018/582
f 1763/2004/583 1766/2003/583 1774/2019/583
f 1763/2004/583 1774/2019/583 1771/2020/583
f 1773/2021/593 1765/2016/593 1777/2022/593
f 1773/2021/593 1777/2022/593 1775/2023/593
f 1776/2024/594 1775/2025/594 1777/2026/594
f 1776/2024/594 1777/2026/594 1778/2027/594
f 1765/2016/595 1763/2015/595 1778/2028/595
f 1765/2016/595 1778/2028/595 1777/2022/595
f 1763/2015/596 1771/2029/596 1776/2030/596
f 1763/2015/596 1776/2030/596 1778/2028/596
f 1771/2031/597 1773/2032/597 1775/2025/597
f 1771/2031/597 1775/2025/597 1776/2024/597
f 1772/2018/582 1773/2017/582 1781/2033/582
f 1772/2018/582 1781/2033/582 1780/2034/582
f 1771/2020/583 1774/2019/583 1782/2035/583
f 1771/2020/583 1782/2035/583 1779/2036/583
f 1781/2037/598 1773/2032/598 1785/2038/598
f 1781/2037/598 1785/2038/598 1783/2039/598
f 1784/2040/599 1783/2041/599 1785/2042/599
f 1784/2040/599 1785/2042/599 1786/2043/599
f 1773/2032/600 1771/2031/600 1786/2044/600
f 1773/2032/600 1786/2044/600 1785/2038/600
f 1771/2031/601 1779/2045/601 1784/2046/601
f 1771/2031/601 1784/2046/601 1786/2044/601
f 1779/2047/602 1781/2048/602 1783/2041/602
f 1779/2047/602 1783/2041/602 1784/2040/602
f 1780/2034/582 1781/2033/582 1789/2049/582
f 1780/2034/582 1789/2049/582 1788/2050/582
f 1779/2036/583 1782/2035/583 1790/2051/583
f 1779/2036/583 1790/2051/583 1787/2052/583
f 1789/2053/603 1781/2048/603 1793/2054/603
f 1789/2053/603 1793/2054/603 1791/2055/603
f 1792/2056/604 1791/2057/604 1793/2058/604
f 1792/2056/604 1793/2058/604 1794/2059/604
f 1781/2048/605 1779/2047/605 1794/2060/605
f 1781/2048/605 1794/2060/605 1793/2054/605
f 1779/2047/606 1787/2061/606 1792/2062/606
f 1779/2047/606 1792/2062/606 1794/2060/606
f 1787/2063/607 1789/2064/607 1791/2057/607
f 1787/2063/607 1791/2057/607 1792/2056/607
f 1788/2050/582 1789/2049/582 1797/2065/582
f 1788/2050/582 1797/2065/582 1796/2066/582
f 1787/2052/583 1790/2051/583 1798/2067/583
f 1787/2052/583 1798/2067/583 1795/2068/583
f 1797/2069/608 1789/2064/608 1801/2070/608
f 1797/2069/608 1801/2070/608 1799/2071/608
f 1800/2072/609 1799/2073/609 1801/2074/609
f 1800/2072/609 1801/2074/609 1802/2075/609
f 1789/2064/610 1787/2063/610 1802/2076/610
f 1789/2064/610 1802/2076/610 1801/2070/610
f 1787/2063/611 1795/2077/611 1800/2078/611
f 1787/2063/611 1800/2078/611 1802/2076/611
f 1795/2079/612 1797/2080/612 1799/2073/612
f 1795/2079/612 1799/2073/612 1800/2072/612
f 1796/2066/582 1797/2065/582 1805/2081/582
f 1796/2066/582 1805/2081/582 1804/2082/582
f 1795/2068/583 1798/2067/583 1806/2083/583
f 1795/2068/583 1806/2083/583 1803/2084/583
f 1805/2085/613 1797/2080/613 1809/2086/613
f 1805/2085/613 1809/2086/613 1807/2087/613
f 1808/2088/614 1807/2089/614 1809/2090/614
f 1808/2088/614 1809/2090/614 1810/2091/614
f 1797/2080/615 1795/2079/615 1810/2092/615
f 1797/2080/615 1810/2092/615 1809/2086/615
f 1795/2079/616 1803/2093/616 1808/2094/616
f 1795/2079/616 1808/2094/616 1810/2092/616
f 1803/2095/617 1805/2096/617 1807/2089/617
f 1803/2095/617 1807/2089/617 1808/2088/617
f 1804/2082/582 1805/2081/582 1813/2097/582
f 1804/2082/582 1813/2097/582 1812/2098/582
f 1803/2084/583 1806/2083/583 1814/2099/583
f 1803/2084/583 1814/2099/583 1811/2100/583
f 1813/2101/618 1805/2096/618 1817/2102/618
f 1813/2101/618 1817/2102/618 1815/2103/618
f 1816/2104/619 1815/2105/619 1817/2106/619
f 1816/2104/619 1817/2106/619 1818/2107/619
f 1805/2096/620 1803/2095/620 1818/2108/620
f 1805/2096/620 1818/2108/620 1817/2102/620
f 1803/2095/621 1811/2109/621 1816/2110/621
f 1803/2095/621 1816/2110/621 1818/2108/621
f 1811/2111/622 1813/2112/622 1815/2105/622
f 1811/2111/622 1815/2105/622 1816/2104/622
f 1812/2098/582 1813/2097/582 1821/2113/582
f 1812/2098/582 1821/2113/582 1820/2114/582
f 1811/2100/583 1814/2099/583 1822/2115/583
f 1811/2100/583 1822/2115/583 1819/2116/583
f 1821/2117/623 1813/2112/623 1825/2118/623
f 1821/2117/623 1825/2118/623 1823/2119/623
f 1824/2120/624 1823/2121/624 1825/2122/624
f 1824/2120/624 1825/2122/624 1826/2123/624
f 1813/2112/625 1811/2111/625 1826/2124/625
f 1813/2112/625 1826/2124/625 1825/2118/625
f 1811/2111/626 1819/2125/626 1824/2126/626
f 1811/2111/626 1824/2126/626 1826/2124/626
f 1819/2127/627 1821/2128/627 1823/2121/627
f 1819/2127/627 1823/2121/627 1824/2120/627
f 1820/2114/582 1821/2113/582 1829/2129/582
f 1820/2114/582 1829/2129/582 1828/2130/582
f 1819/2116/583 1822/2115/583 1830/2131/583
f 1819/2116/583 1830/2131/583 1827/2132/583
f 1829/2133/628 1821/2128/628 1833/2134/628
f 1829/2133/628 1833/2134/628 1831/2135/628
f 1832/2136/629 1831/2137/629 1833/2138/629
f 1832/2136/629 1833/2138/629 1834/2139/629
f 1821/2128/630 1819/2127/630 1834/2140/630
f 1821/2128/630 1834/2140/630 1833/2134/630
f 1819/2127/631 1827/2141/631 1832/2142/631
f 1819/2127/631 1832/2142/631 1834/2140/631
f 1827/2143/632 1829/2144/632 1831/2137/632
f 1827/2143/632 1831/2137/632 1832/2136/632
f 1828/2130/582 1829/2129/582 1837/2145/582
f 1828/2130/582 1837/2145/582 1836/2146/582
f 1827/2132/583 1830/2131/583 1838/2147/583
f 1827/2132/583 1838/2147/583 1835/2148/583
f 1837/2149/633 1829/2144/633 1841/2150/633
f 1837/2149/633 1841/2150/633 1839/2151/633
f 1840/2152/634 1839/2153/634 1841/2154/634
f 1840/2152/634 1841/2154/634 1842/2155/634
f 1829/2144/635 1827/2143/635 1842/2156/635
f 1829/2144/635 1842/2156/635 1841/2150/635
f 1827/2143/636 1835/2157/636 1840/2158/636
f 1827/2143/636 1840/2158/636 1842/2156/636
f 1835/2159/637 1837/2160/637 1839/2153/637
f 1835/2159/637 1839/2153/637 1840/2152/637
f 1836/2146/582 1837/2145/582 1756/2161/582
f 1836/2146/582 1756/2161/582 1754/2162/582
f 1835/2148/583 1838/2147/583 1758/2163/583
f 1835/2148/583 1758/2163/583 1752/2164/583
f 1756/2165/638 1837/2160/638 1845/2166/638
f 1756/2165/638 1845/2166/638 1843/2167/638
f 1844/2168/639 1843/2169/639 1845/2170/639
f 1844/2168/639 1845/2170/639 1846/2171/639
f 1837/2160/640 1835/2159/640 1846/2172/640
f 1837/2160/640 1846/2172/640 1845/2166/640
f 1835/2159/641 1752/2173/641 1844/2174/641
f 1835/2159/641 1844/2174/641 1846/2172/641
f 1752/1991/642 1756/1988/642 1843/2169/642
f 1752/1991/642 1843/2169/642 1844/2168/642
f 1853/2175/643 1847/1993/643 1851/1996/643
f 1853/2175/643 1851/1996/643 1857/2176/643
f 1755/2177/584 1849/2178/584 1852/2179/584
f 1755/2177/584 1852/2179/584 1759/2180/584
f 1853/2181/583 1856/2182/583 1850/1984/583
f 1853/2181/583 1850/1984/583 1847/1983/583
f 1854/2183/582 1855/2184/582 1849/1980/582
f 1854/2183/582 1849/1980/582 1848/1979/582
f 1754/2162/582 1756/2161/582 1855/2184/582
f 1754/2162/582 1855/2184/582 1854/2183/582
f 1752/2164/583 1758/2163/583 1856/2182/583
f 1752/2164/583 1856/2182/583 1853/2181/583
f 1752/1991/644 1853/2175/644 1857/2176/644
f 1752/1991/644 1857/2176/644 1762/1992/644
f 1849/2178/584 1855/1987/584 1858/1990/584
f 1849/2178/584 1858/1990/584 1852/2179/584
f 1761/2185/645 1762/2186/645 1862/2187/645
f 1761/2185/645 1862/2187/645 1866/2188/645
f 1851/2189/646 1760/2190/646 1865/2191/646
f 1851/2189/646 1865/2191/646 1863/2192/646
f 1760/2190/647 1759/2193/647 1864/2194/647
f 1760/2190/647 1864/2194/647 1865/2191/647
f 1857/2195/648 1851/2189/648 1863/2192/648
f 1857/2195/648 1863/2192/648 1861/2196/648
f 1762/2186/649 1857/2195/649 1861/2196/649
f 1762/2186/649 1861/2196/649 1862/2187/649
f 1761/2185/582 1866/2188/582 1864/2197/582
f 1761/2185/582 1864/2197/582 1759/2198/582
f 1761/2185/582 1759/2198/582 1852/2199/582
f 1761/2185/582 1852/2199/582 1858/2200/582
f 1866/2188/650 1862/2187/650 1867/2201/650
f 1866/2188/650 1867/2201/650 1868/2202/650
f 1865/2191/651 1864/2194/651 1871/2203/651
f 1865/2191/651 1871/2203/651 1869/2204/651
f 1867/2205/652 1869/2206/652 1871/2207/652
f 1867/2205/652 1871/2207/652 1868/2202/652
f 1869/2206/653 1867/2205/653 1872/2208/653
f 1869/2206/653 1872/2208/653 1870/2209/653
f 1864/2197/654 1866/2188/654 1868/2202/654
f 1864/2197/654 1868/2202/654 1871/2207/654
f 1861/2196/655 1863/2192/655 1870/2210/655
f 1861/2196/655 1870/2210/655 1872/2211/655
f 1863/2192/656 1865/2191/656 1869/2204/656
f 1863/2192/656 1869/2204/656 1870/2210/656
f 1862/2187/657 1861/2196/657 1872/2211/657
f 1862/2187/657 1872/2211/657 1867/2201/657
f 1970/2212/658 1971/2213/658 1877/2214/658
f 1970/2212/658 1877/2214/658 1875/2215/658
f 1969/2216/659 1972/2217/659 1879/2218/659
f 1969/2216/659 1879/2218/659 1873/2219/659
f 1977/2220/660 1878/2221/660 1883/2222/660
f 1977/2220/660 1883/2222/660 1980/2223/660
f 1878/2221/661 1874/2224/661 1884/2225/661
f 1878/2221/661 1884/2225/661 1883/2222/661
f 1969/2226/662 1873/2227/662 1882/2228/662
f 1969/2226/662 1882/2228/662 1973/2229/662
f 1873/2230/663 1877/2231/663 1881/2232/663
f 1873/2230/663 1881/2232/663 1882/2233/663
f 1875/2215/658 1877/2214/658 1887/2234/658
f 1875/2215/658 1887/2234/658 1886/2235/658
f 1873/2219/659 1879/2218/659 1888/2236/659
f 1873/2219/659 1888/2236/659 1885/2237/659
f 1887/2238/664 1877/2231/664 1891/2239/664
f 1887/2238/664 1891/2239/664 1889/2240/664
f 1890/2241/665 1889/2242/665 1891/2243/665
f 1890/2241/665 1891/2243/665 1892/2244/665
f 1877/2231/666 1873/2230/666 1892/2245/666
f 1877/2231/666 1892/2245/666 1891/2239/666
f 1873/2230/667 1885/2246/667 1890/2247/667
f 1873/2230/667 1890/2247/667 1892/2245/667
f 1885/2248/668 1887/2249/668 1889/2242/668
f 1885/2248/668 1889/2242/668 1890/2241/668
f 1886/2235/658 1887/2234/658 1895/2250/658
f 1886/2235/658 1895/2250/658 1894/2251/658
f 1885/2237/659 1888/2236/659 1896/2252/659
f 1885/2237/659 1896/2252/659 1893/2253/659
f 1895/2254/669 1887/2249/669 1899/2255/669
f 1895/2254/669 1899/2255/669 1897/2256/669
f 1898/2257/670 1897/2258/670 1899/2259/670
f 1898/2257/670 1899/2259/670 1900/2260/670
f 1887/2249/671 1885/2248/671 1900/2261/671
f 1887/2249/671 1900/2261/671 1899/2255/671
f 1885/2248/672 1893/2262/672 1898/2263/672
f 1885/2248/672 1898/2263/672 1900/2261/672
f 1893/2264/673 1895/2265/673 1897/2258/673
f 1893/2264/673 1897/2258/673 1898/2257/673
f 1894/2251/658 1895/2250/658 1903/2266/658
f 1894/2251/658 1903/2266/658 1902/2267/658
f 1893/2253/659 1896/2252/659 1904/2268/659
f 1893/2253/659 1904/2268/659 1901/2269/659
f 1903/2270/674 1895/2265/674 1907/2271/674
f 1903/2270/674 1907/2271/674 1905/2272/674
f 1906/2273/675 1905/2274/675 1907/2275/675
f 1906/2273/675 1907/2275/675 1908/2276/675
f 1895/2265/676 1893/2264/676 1908/2277/676
f 1895/2265/676 1908/2277/676 1907/2271/676
f 1893/2264/677 1901/2278/677 1906/2279/677
f 1893/2264/677 1906/2279/677 1908/2277/677
f 1901/2280/678 1903/2281/678 1905/2274/678
f 1901/2280/678 1905/2274/678 1906/2273/678
f 1902/2267/658 1903/2266/658 1911/2282/658
f 1902/2267/658 1911/2282/658 1910/2283/658
f 1901/2269/659 1904/2268/659 1912/2284/659
f 1901/2269/659 1912/2284/659 1909/2285/659
f 1911/2286/679 1903/2281/679 1915/2287/679
f 1911/2286/679 1915/2287/679 1913/2288/679
f 1914/2289/680 1913/2290/680 1915/2291/680
f 1914/2289/680 1915/2291/680 1916/2292/680
f 1903/2281/681 1901/2280/681 1916/2293/681
f 1903/2281/681 1916/2293/681 1915/2287/681
f 1901/2280/682 1909/2294/682 1914/2295/682
f 1901/2280/682 1914/2295/682 1916/2293/682
f 1909/2296/683 1911/2297/683 1913/2290/683
f 1909/2296/683 1913/2290/683 1914/2289/683
f 1910/2283/658 1911/2282/658 1919/2298/658
f 1910/2283/658 1919/2298/658 1918/2299/658
f 1909/2285/659 1912/2284/659 1920/2300/659
f 1909/2285/659 1920/2300/659 1917/2301/659
f 1919/2302/684 1911/2297/684 1923/2303/684
f 1919/2302/684 1923/2303/684 1921/2304/684
f 1922/2305/685 1921/2306/685 1923/2307/685
f 1922/2305/685 1923/2307/685 1924/2308/685
f 1911/2297/686 1909/2296/686 1924/2309/686
f 1911/2297/686 1924/2309/686 1923/2303/686
f 1909/2296/687 1917/2310/687 1922/2311/687
f 1909/2296/687 1922/2311/687 1924/2309/687
f 1917/2312/688 1919/2313/688 1921/2306/688
f 1917/2312/688 1921/2306/688 1922/2305/688
f 1918/2299/658 1919/2298/658 1927/2314/658
f 1918/2299/658 1927/2314/658 1926/2315/658
f 1917/2301/659 1920/2300/659 1928/2316/659
f 1917/2301/659 1928/2316/659 1925/2317/659
f 1927/2318/689 1919/2313/689 1931/2319/689
f 1927/2318/689 1931/2319/689 1929/2320/689
f 1930/2321/690 1929/2322/690 1931/2323/690
f 1930/2321/690 1931/2323/690 1932/2324/690
f 1919/2313/691 1917/2312/691 1932/2325/691
f 1919/2313/691 1932/2325/691 1931/2319/691
f 1917/2312/692 1925/2326/692 1930/2327/692
f 1917/2312/692 1930/2327/692 1932/2325/692
f 1925/2328/693 1927/2329/693 1929/2322/693
f 1925/2328/693 1929/2322/693 1930/2321/693
f 1926/2315/658 1927/2314/658 1935/2330/658
f 1926/2315/658 1935/2330/658 1934/2331/658
f 1925/2317/659 1928/2316/659 1936/2332/659
f 1925/2317/659 1936/2332/659 1933/2333/659
f 1935/2334/694 1927/2329/694 1939/2335/694
f 1935/2334/694 1939/2335/694 1937/2336/694
f 1938/2337/695 1937/2338/695 1939/2339/695
f 1938/2337/695 1939/2339/695 1940/2340/695
f 1927/2329/696 1925/2328/696 1940/2341/696
f 1927/2329/696 1940/2341/696 1939/2335/696
f 1925/2328/697 1933/2342/697 1938/2343/697
f 1925/2328/697 1938/2343/697 1940/2341/697
f 1933/2344/698 1935/2345/698 1937/2338/698
f 1933/2344/698 1937/2338/698 1938/2337/698
f 1934/2331/658 1935/2330/658 1943/2346/658
f 1934/2331/658 1943/2346/658 1942/2347/658
f 1933/2333/659 1936/2332/659 1944/2348/659
f 1933/2333/659 1944/2348/659 1941/2349/659
f 1943/2350/699 1935/2345/699 1947/2351/699
f 1943/2350/699 1947/2351/699 1945/2352/699
f 1946/2353/700 1945/2354/700 1947/2355/700
f 1946/2353/700 1947/2355/700 1948/2356/700
f 1935/2345/701 1933/2344/701 1948/2357/701
f 1935/2345/701 1948/2357/701 1947/2351/701
f 1933/2344/702 1941/2358/702 1946/2359/702
f 1933/2344/702 1946/2359/702 1948/2357/702
f 1941/2360/703 1943/2361/703 1945/2354/703
f 1941/2360/703 1945/2354/703 1946/2353/703
f 1942/2347/658 1943/2346/658 1951/2362/658
f 1942/2347/658 1951/2362/658 1950/2363/658
f 1941/2349/659 1944/2348/659 1952/2364/659
f 1941/2349/659 1952/2364/659 1949/2365/659
f 1951/2366/704 1943/2361/704 1955/2367/704
f 1951/2366/704 1955/2367/704 1953/2368/704
f 1954/2369/705 1953/2370/705 1955/2371/705
f 1954/2369/705 1955/2371/705 1956/2372/705
f 1943/2361/706 1941/2360/706 1956/2373/706
f 1943/2361/706 1956/2373/706 1955/2367/706
f 1941/2360/707 1949/2374/707 1954/2375/707
f 1941/2360/707 1954/2375/707 1956/2373/707
f 1949/2376/708 1951/2377/708 1953/2370/708
f 1949/2376/708 1953/2370/708 1954/2369/708
f 1950/2363/658 1951/2362/658 1959/2378/658
f 1950/2363/658 1959/2378/658 1958/2379/658
f 1949/2365/659 1952/2364/659 1960/2380/659
f 1949/2365/659 1960/2380/659 1957/2381/659
f 1959/2382/709 1951/2377/709 1963/2383/709
f 1959/2382/709 1963/2383/709 1961/2384/709
f 1962/2385/710 1961/2386/710 1963/2387/710
f 1962/2385/710 1963/2387/710 1964/2388/710
f 1951/2377/711 1949/2376/711 1964/2389/711
f 1951/2377/711 1964/2389/711 1963/2383/711
f 1949/2376/712 1957/2390/712 1962/2391/712
f 1949/2376/712 1962/2391/712 1964/2389/712
f 1957/2392/713 1959/2393/713 1961/2386/713
f 1957/2392/713 1961/2386/713 1962/2385/713
f 1958/2379/658 1959/2378/658 1878/2394/658
f 1958/2379/658 1878/2394/658 1876/2395/658
f 1957/2381/659 1960/2380/659 1880/2396/659
f 1957/2381/659 1880/2396/659 1874/2397/659
f 1878/2398/714 1959/2393/714 1967/2399/714
f 1878/2398/714 1967/2399/714 1965/2400/714
f 1966/2401/715 1965/2402/715 1967/2403/715
f 1966/2401/715 1967/2403/715 1968/2404/715
f 1959/2393/716 1957/2392/716 1968/2405/716
f 1959/2393/716 1968/2405/716 1967/2399/716
f 1957/2392/717 1874/2406/717 1966/2407/717
f 1957/2392/717 1966/2407/717 1968/2405/717
f 1874/2224/718 1878/2221/718 1965/2402/718
f 1874/2224/718 1965/2402/718 1966/2401/718
f 1975/2408/719 1969/2226/719 1973/2229/719
f 1975/2408/719 1973/2229/719 1979/2409/719
f 1877/2410/660 1971/2411/660 1974/2412/660
f 1877/2410/660 1974/2412/660 1881/2413/660
f 1975/2414/659 1978/2415/659 1972/2217/659
f 1975/2414/659 1972/2217/659 1969/2216/659
f 1976/2416/658 1977/2417/658 1971/2213/658
f 1976/2416/658 1971/2213/658 1970/2212/658
f 1876/2395/658 1878/2394/658 1977/2417/658
f 1876/2395/658 1977/2417/658 1976/2416/658
f 1874/2397/659 1880/2396/659 1978/2415/659
f 1874/2397/659 1978/2415/659 1975/2414/659
f 1874/2224/720 1975/2408/720 1979/2409/720
f 1874/2224/720 1979/2409/720 1884/2225/720
f 1971/2411/660 1977/2220/660 1980/2223/660
f 1971/2411/660 1980/2223/660 1974/2412/660
f 1883/2418/721 1884/2419/721 1984/2420/721
f 1883/2418/721 1984/2420/721 1988/2421/721
f 1973/2422/722 1882/2423/722 1987/2424/722
f 1973/2422/722 1987/2424/722 1985/2425/722
f 1882/2423/723 1881/2426/723 1986/2427/723
f 1882/2423/723 1986/2427/723 1987/2424/723
f 1979/2428/724 1973/2422/724 1985/2425/724
f 1979/2428/724 1985/2425/724 1983/2429/724
f 1884/2419/725 1979/2428/725 1983/2429/725
f 1884/2419/725 1983/2429/725 1984/2420/725
f 1883/2418/658 1988/2421/658 1986/2430/658
f 1883/2418/658 1986/2430/658 1881/2431/658
f 1883/2418/658 1881/2431/658 1974/2432/658
f 1883/2418/658 1974/2432/658 1980/2433/658
f 1988/2421/726 1984/2420/726 1989/2434/726
f 1988/2421/726 1989/2434/726 1990/2435/726
f 1987/2424/727 1986/2427/727 1993/2436/727
f 1987/2424/727 1993/2436/727 1991/2437/727
f 1989/2438/728 1991/2439/728 1993/2440/728
f 1989/2438/728 1993/2440/728 1990/2435/728
f 1991/2439/729 1989/2438/729 1994/2441/729
f 1991/2439/729 1994/2441/729 1992/2442/729
f 1986/2430/730 1988/2421/730 1990/2435/730
f 1986/2430/730 1990/2435/730 1993/2440/730
f 1983/2429/731 1985/2425/731 1992/2443/731
f 1983/2429/731 1992/2443/731 1994/2444/731
f 1985/2425/732 1987/2424/732 1991/2437/732
f 1985/2425/732 1991/2437/732 1992/2443/732
f 1984/2420/733 1983/2429/733 1994/2444/733
f 1984/2420/733 1994/2444/733 1989/2434/733
usemtl Material.002
f 1995/2445/734 1996/2446/734 1998/2447/734
f 1995/2445/734 1998/2447/734 1997/2448/734
f 1997/2448/735 1998/2447/735 2000/2449/735
f 1997/2448/735 2000/2449/735 1999/2450/735
f 1999/2450/736 2000/2449/736 2002/2451/736
f 1999/2450/736 2002/2451/736 2001/2452/736
f 2001/2452/737 2002/2451/737 2004/2453/737
f 2001/2452/737 2004/2453/737 2003/2454/737
f 2003/2454/738 2004/2453/738 2006/2455/738
f 2003/2454/738 2006/2455/738 2005/2456/738
f 2005/2456/739 2006/2455/739 2008/2457/739
f 2005/2456/739 2008/2457/739 2007/2458/739
f 2007/2458/740 2008/2457/740 2010/2459/740
f 2007/2458/740 2010/2459/740 2009/2460/740
f 2009/2460/741 2010/2459/741 2012/2461/741
f 2009/2460/741 2012/2461/741 2011/2462/741
f 2083/2463/742 2080/2464/742 2020/2465/742
f 2083/2463/742 2020/2465/742 2021/2466/742
f 2082/2467/743 2079/2468/743 2024/2469/743
f 2082/2467/743 2024/2469/743 2022/2470/743
f 2010/2459/740 2008/2457/740 2055/2471/740
f 2010/2459/740 2055/2471/740 2056/2472/740
f 2015/2473/744 2016/2474/744 2018/2475/744
f 2015/2473/744 2018/2475/744 2017/2476/744
f 2017/2476/745 2018/2475/745 1996/2446/745
f 2017/2476/745 1996/2446/745 1995/2445/745
f 2005/2456/739 2007/2458/739 2031/2477/739
f 2005/2456/739 2031/2477/739 2030/2478/739
f 2020/2465/746 2019/2479/746 2022/2470/746
f 2020/2465/746 2022/2470/746 2021/2466/746
f 2021/2466/747 2022/2470/747 2024/2469/747
f 2021/2466/747 2024/2469/747 2023/2480/747
f 2079/2481/748 2081/2482/748 2023/2480/748
f 2079/2481/748 2023/2480/748 2024/2469/748
f 2081/2483/742 2083/2463/742 2021/2466/742
f 2081/2483/742 2021/2466/742 2023/2480/742
f 2084/2484/743 2082/2467/743 2022/2470/743
f 2084/2484/743 2022/2470/743 2019/2479/743
f 2080/2485/749 2084/2486/749 2019/2479/749
f 2080/2485/749 2019/2479/749 2020/2465/749
f 2027/2487/750 2028/2488/750 2040/2489/750
f 2027/2487/750 2040/2489/750 2039/2490/750
f 2003/2454/738 2005/2456/738 2030/2478/738
f 2003/2454/738 2030/2478/738 2029/2491/738
f 2001/2452/737 2003/2454/737 2029/2491/737
f 2001/2452/737 2029/2491/737 2028/2488/737
f 2017/2476/745 1995/2445/745 2025/2492/745
f 2017/2476/745 2025/2492/745 2036/2493/745
f 1995/2445/734 1997/2448/734 2026/2494/734
f 1995/2445/734 2026/2494/734 2025/2492/734
f 1999/2450/736 2001/2452/736 2028/2488/736
f 1999/2450/736 2028/2488/736 2027/2487/736
f 2015/2473/744 2017/2476/744 2036/2493/744
f 2015/2473/744 2036/2493/744 2035/2495/744
f 1997/2448/735 1999/2450/735 2027/2487/735
f 1997/2448/735 2027/2487/735 2026/2494/735
f 2013/2496/751 2015/2497/751 2035/2498/751
f 2013/2496/751 2035/2498/751 2034/2499/751
f 2011/2462/752 2013/2496/752 2034/2499/752
f 2011/2462/752 2034/2499/752 2033/2500/752
f 2009/2460/741 2011/2462/741 2033/2500/741
f 2009/2460/741 2033/2500/741 2032/2501/741
f 2007/2458/740 2009/2460/740 2032/2501/740
f 2007/2458/740 2032/2501/740 2031/2477/740
f 2037/2502/742 2038/2503/742 2039/2504/742
f 2037/2502/742 2039/2504/742 2040/2505/742
f 2037/2502/742 2040/2505/742 2041/2506/742
f 2037/2502/742 2041/2506/742 2042/2507/742
f 2037/2502/742 2042/2507/742 2043/2508/742
f 2037/2502/742 2043/2508/742 2044/2509/742
f 2037/2502/742 2044/2509/742 2045/2510/742
f 2037/2502/742 2045/2510/742 2046/2511/742
f 2037/2502/742 2046/2511/742 2047/2512/742
f 2037/2502/742 2047/2512/742 2048/2513/742
f 2034/2499/753 2035/2498/753 2047/2512/753
f 2034/2499/753 2047/2512/753 2046/2511/753
f 2031/2477/754 2032/2501/754 2044/2514/754
f 2031/2477/754 2044/2514/754 2043/2515/754
f 2028/2488/755 2029/2491/755 2041/2516/755
f 2028/2488/755 2041/2516/755 2040/2517/755
f 2035/2495/756 2036/2493/756 2048/2518/756
f 2035/2495/756 2048/2518/756 2047/2519/756
f 2025/2492/757 2026/2494/757 2038/2520/757
f 2025/2492/757 2038/2520/757 2037/2521/757
f 2032/2501/758 2033/2500/758 2045/2522/758
f 2032/2501/758 2045/2522/758 2044/2523/758
f 2029/2491/759 2030/2478/759 2042/2524/759
f 2029/2491/759 2042/2524/759 2041/2525/759
f 2036/2493/760 2025/2492/760 2037/2526/760
f 2036/2493/760 2037/2526/760 2048/2527/760
f 2026/2494/761 2027/2487/761 2039/2528/761
f 2026/2494/761 2039/2528/761 2038/2529/761
f 2033/2500/762 2034/2499/762 2046/2530/762
f 2033/2500/762 2046/2530/762 2045/2531/762
f 2030/2478/763 2031/2477/763 2043/2532/763
f 2030/2478/763 2043/2532/763 2042/2533/763
f 2059/2534/764 2058/2535/764 2070/2536/764
f 2059/2534/764 2070/2536/764 2071/2537/764
f 2008/2457/739 2006/2455/739 2054/2538/739
f 2008/2457/739 2054/2538/739 2055/2471/739
f 2006/2455/738 2004/2453/738 2053/2539/738
f 2006/2455/738 2053/2539/738 2054/2538/738
f 2004/2453/737 2002/2451/737 2052/2540/737
f 2004/2453/737 2052/2540/737 2053/2539/737
f 1996/2446/745 2018/2475/745 2060/2541/745
f 1996/2446/745 2060/2541/745 2050/2542/745
f 1998/2447/734 1996/2446/734 2050/2542/734
f 1998/2447/734 2050/2542/734 2049/2543/734
f 2002/2451/736 2000/2449/736 2051/2544/736
f 2002/2451/736 2051/2544/736 2052/2540/736
f 2018/2475/744 2016/2474/744 2059/2545/744
f 2018/2475/744 2059/2545/744 2060/2541/744
f 2000/2449/735 1998/2447/735 2049/2543/735
f 2000/2449/735 2049/2543/735 2051/2544/735
f 2016/2546/751 2014/2547/751 2058/2535/751
f 2016/2546/751 2058/2535/751 2059/2534/751
f 2014/2547/752 2012/2461/752 2057/2548/752
f 2014/2547/752 2057/2548/752 2058/2535/752
f 2012/2461/741 2010/2459/741 2056/2472/741
f 2012/2461/741 2056/2472/741 2057/2548/741
f 2061/2549/743 2062/2550/743 2072/2551/743
f 2061/2549/743 2072/2551/743 2071/2537/743
f 2061/2549/743 2071/2537/743 2070/2536/743
f 2061/2549/743 2070/2536/743 2069/2552/743
f 2061/2549/743 2069/2552/743 2068/2553/743
f 2061/2549/743 2068/2553/743 2067/2554/743
f 2061/2549/743 2067/2554/743 2066/2555/743
f 2061/2549/743 2066/2555/743 2065/2556/743
f 2061/2549/743 2065/2556/743 2064/2557/743
f 2061/2549/743 2064/2557/743 2063/2558/743
f 2056/2472/765 2055/2471/765 2067/2559/765
f 2056/2472/765 2067/2559/765 2068/2560/765
f 2053/2539/766 2052/2540/766 2064/2561/766
f 2053/2539/766 2064/2561/766 2065/2562/766
f 2060/2541/767 2059/2545/767 2071/2563/767
f 2060/2541/767 2071/2563/767 2072/2564/767
f 2049/2543/768 2050/2542/768 2062/2565/768
f 2049/2543/768 2062/2565/768 2061/2566/768
f 2057/2548/769 2056/2472/769 2068/2567/769
f 2057/2548/769 2068/2567/769 2069/2568/769
f 2054/2538/770 2053/2539/770 2065/2569/770
f 2054/2538/770 2065/2569/770 2066/2570/770
f 2050/2542/771 2060/2541/771 2072/2571/771
f 2050/2542/771 2072/2571/771 2062/2572/771
f 2051/2544/772 2049/2543/772 2061/2573/772
f 2051/2544/772 2061/2573/772 2063/2574/772
f 2058/2535/773 2057/2548/773 2069/2575/773
f 2058/2535/773 2069/2575/773 2070/2576/773
f 2055/2471/774 2054/2538/774 2066/2577/774
f 2055/2471/774 2066/2577/774 2067/2578/774
f 2052/2540/775 2051/2544/775 2063/2579/775
f 2052/2540/775 2063/2579/775 2064/2580/775
f 2011/2581/749 2012/2582/749 2078/2583/749
f 2011/2581/749 2078/2583/749 2075/2584/749
f 2012/2585/743 2014/2586/743 2074/2587/743
f 2012/2585/743 2074/2587/743 2078/2588/743
f 2015/2589/742 2013/2590/742 2076/2591/742
f 2015/2589/742 2076/2591/742 2077/2592/742
f 2016/2593/748 2015/2594/748 2077/2595/748
f 2016/2593/748 2077/2595/748 2073/2596/748
f 2014/2586/743 2016/2597/743 2073/2598/743
f 2014/2586/743 2073/2598/743 2074/2587/743
f 2013/2590/742 2011/2599/742 2075/2600/742
f 2013/2590/742 2075/2600/742 2076/2591/742
f 2075/2584/776 2078/2583/776 2084/2486/776
f 2075/2584/776 2084/2486/776 2080/2485/776
f 2078/2588/777 2074/2587/777 2082/2467/777
f 2078/2588/777 2082/2467/777 2084/2484/777
f 2077/2592/778 2076/2591/778 2083/2463/778
f 2077/2592/778 2083/2463/778 2081/2483/778
f 2073/2596/779 2077/2595/779 2081/2482/779
f 2073/2596/779 2081/2482/779 2079/2481/779
f 2074/2587/780 2073/2598/780 2079/2468/780
f 2074/2587/780 2079/2468/780 2082/2467/780
f 2076/2591/781 2075/2600/781 2080/2464/781
f 2076/2591/781 2080/2464/781 2083/2463/781
