# Fixed for ELN - Merged Objects
mtllib reactor.mtl
o main
v 1.000306 0.723506 0.004435
v 1.000306 1.304591 0.004435
v 1.707413 0.723506 0.297328
v 1.707413 1.304591 0.297328
v 2.000306 0.723506 1.004435
v 2.000306 1.304591 1.004435
v 1.707413 0.723506 1.711541
v 1.707413 1.304591 1.711541
v 1.000306 0.723506 2.004435
v 1.000306 1.304591 2.004435
v 0.293199 0.723506 1.711541
v 0.293199 1.304591 1.711541
v 0.000306 0.723506 1.004435
v 0.000306 1.304591 1.004435
v 0.293199 0.723506 0.297328
v 0.293199 1.304591 0.297328
v 1.530636 1.304591 0.477668
v 0.469976 1.304591 0.477668
v 0.469976 1.304591 1.538808
v 1.530636 1.304591 1.538808
v 1.000306 1.304591 0.257898
v 0.250306 1.304591 1.008238
v 1.750306 1.304591 1.008238
v 1.000306 1.304591 1.758578
v 1.000306 0.723506 0.250292
v 1.750306 0.723506 1.000631
v 1.000306 0.723506 1.750971
v 0.250306 0.723506 1.000631
v 0.469976 0.723506 0.470061
v 1.530636 0.723506 1.531201
v 1.530636 0.723506 0.470061
v 0.469976 0.723506 1.531201
v 2.082548 0.679886 1.571356
v 2.082548 0.738381 1.571356
v 2.038416 0.679886 1.647796
v 2.038416 0.738381 1.647796
v 1.107349 0.738381 1.008326
v 1.107349 0.679886 1.008326
v 1.063217 0.738381 1.084765
v 1.063217 0.679886 1.084765
v 0.955867 0.679886 -0.227291
v 0.955867 0.738381 -0.227291
v 1.044132 0.679886 -0.227291
v 1.044132 0.738381 -0.227291
v 0.955867 0.738381 0.898772
v 0.955867 0.679886 0.898772
v 1.044132 0.738381 0.898772
v 1.044132 0.679886 0.898772
v -0.082582 0.679886 0.423199
v -0.082582 0.738381 0.423199
v -0.03845 0.679886 0.346759
v -0.03845 0.738381 0.346759
v 0.892616 0.738381 0.98623
v 0.892616 0.679886 0.98623
v 0.936749 0.738381 0.90979
v 0.936749 0.679886 0.90979
v -0.038467 0.679886 1.647767
v -0.038467 0.738381 1.647767
v -0.0826 0.679886 1.571327
v -0.0826 0.738381 1.571327
v 0.936732 0.738381 1.084736
v 0.936732 0.679886 1.084736
v 0.892599 0.738381 1.008296
v 0.892599 0.679886 1.008296
v 1.044098 0.679886 2.221846
v 1.044098 0.738381 2.221846
v 0.955834 0.679886 2.221846
v 0.955834 0.738381 2.221846
v 1.044098 0.738381 1.095784
v 1.044098 0.679886 1.095784
v 0.955833 0.738381 1.095784
v 0.955833 0.679886 1.095784
v 2.038432 0.679886 0.346788
v 2.038432 0.738381 0.346788
v 2.082564 0.679886 0.423227
v 2.082564 0.738381 0.423227
v 1.063234 0.738381 0.90982
v 1.063234 0.679886 0.90982
v 1.107366 0.738381 0.986259
v 1.107366 0.679886 0.986259
v 1.056855 0.639909 0.898772
v 1.056855 0.77827 0.898772
v 1.113728 0.639909 0.997278
v 1.113728 0.77827 0.997278
v 1.056855 0.639909 1.095784
v 1.056855 0.77827 1.095784
v 0.94311 0.639909 1.095784
v 0.94311 0.77827 1.095784
v 0.886238 0.639909 0.997278
v 0.886238 0.77827 0.997278
v 0.94311 0.639909 0.898772
v 0.94311 0.77827 0.898772
v 1.000306 0.636289 0.524849
v 1.000306 0.777733 0.524849
v 1.415639 0.636289 0.764642
v 1.415639 0.777733 0.764642
v 1.415639 0.636289 1.244227
v 1.415639 0.777733 1.244227
v 1.000306 0.636289 1.48402
v 1.000306 0.777733 1.48402
v 0.584973 0.636289 1.244227
v 0.584973 0.777733 1.244227
v 0.584973 0.636289 0.764642
v 0.584973 0.777733 0.764642
v 1.311806 0.777733 0.82459
v 0.688806 0.777733 0.82459
v 1.000306 0.777733 1.364124
v 0.688806 0.777733 1.184279
v 1.311806 0.777733 1.184279
v 1.000306 0.777733 0.644745
v 1.000306 0.636289 0.644745
v 1.311806 0.636289 1.184279
v 0.688806 0.636289 1.184279
v 0.688806 0.636289 0.82459
v 1.311806 0.636289 0.82459
v 1.000306 0.636289 1.364124
v 1.044438 0.738381 0.550329
v 1.044438 0.679886 0.550329
v 1.000306 0.679886 0.524849
v 1.000306 0.738381 0.524849
v 1.044438 0.738381 1.45854
v 1.044438 0.679886 1.45854
v 1.000306 0.679886 1.48402
v 1.000306 0.738381 1.48402
v 0.956174 0.679886 1.45854
v 0.956174 0.738381 1.45854
v 0.956174 0.679886 0.550329
v 0.956174 0.738381 0.550329
v 1.044438 0.738381 0.670225
v 1.044438 0.679886 0.670225
v 1.000306 0.679886 0.644745
v 1.000306 0.738381 0.644745
v 1.044438 0.738381 1.338644
v 1.044438 0.679886 1.338644
v 1.000306 0.679886 1.364124
v 1.000306 0.738381 1.364124
v 0.956174 0.679886 1.338644
v 0.956174 0.738381 1.338644
v 0.956174 0.679886 0.670225
v 0.956174 0.738381 0.670225
v 1.371507 0.679886 0.739162
v 1.371507 0.738381 0.739162
v 1.415639 0.679886 0.764642
v 1.415639 0.738381 0.764642
v 1.415639 0.679886 0.815602
v 1.415639 0.738381 0.815602
v 0.629105 0.738381 1.269707
v 0.629105 0.679886 1.269707
v 0.584973 0.679886 1.244227
v 0.584973 0.738381 1.244227
v 0.584973 0.738381 1.193268
v 0.584973 0.679886 1.193268
v 1.267673 0.679886 0.79911
v 1.267673 0.738381 0.79911
v 1.311806 0.679886 0.82459
v 1.311806 0.738381 0.82459
v 1.311806 0.679886 0.87555
v 1.311806 0.738381 0.87555
v 0.732938 0.738381 1.209759
v 0.732938 0.679886 1.209759
v 0.688806 0.679886 1.184279
v 0.688806 0.738381 1.184279
v 0.688806 0.738381 1.133319
v 0.688806 0.679886 1.133319
v 1.415639 0.738381 1.193268
v 1.415639 0.679886 1.193268
v 1.415639 0.679886 1.244227
v 1.415639 0.738381 1.244227
v 1.371507 0.679886 1.269707
v 1.371507 0.738381 1.269707
v 0.584973 0.679886 0.815601
v 0.584973 0.738381 0.815601
v 0.584973 0.679886 0.764642
v 0.584973 0.738381 0.764642
v 0.629105 0.738381 0.739162
v 0.629105 0.679886 0.739162
v 1.311806 0.738381 1.133319
v 1.311806 0.679886 1.133319
v 1.311806 0.679886 1.184279
v 1.311806 0.738381 1.184279
v 1.267673 0.679886 1.209759
v 1.267673 0.738381 1.209759
v 0.688806 0.679886 0.87555
v 0.688806 0.738381 0.87555
v 0.688806 0.679886 0.82459
v 0.688806 0.738381 0.82459
v 0.732939 0.738381 0.79911
v 0.732939 0.679886 0.79911
v 2.082548 1.306793 1.571356
v 2.082548 1.365288 1.571356
v 2.038416 1.306793 1.647796
v 2.038416 1.365288 1.647796
v 1.107349 1.365288 1.008326
v 1.107349 1.306793 1.008326
v 1.063217 1.365288 1.084765
v 1.063217 1.306793 1.084765
v 0.955867 1.306793 -0.227291
v 0.955867 1.365288 -0.227291
v 1.044132 1.306793 -0.227291
v 1.044132 1.365288 -0.227291
v 0.955867 1.365288 0.898772
v 0.955867 1.306793 0.898772
v 1.044132 1.365288 0.898772
v 1.044132 1.306793 0.898772
v -0.082582 1.306793 0.423199
v -0.082582 1.365288 0.423199
v -0.03845 1.306793 0.346759
v -0.03845 1.365288 0.346759
v 0.892616 1.365288 0.98623
v 0.892616 1.306793 0.98623
v 0.936749 1.365288 0.90979
v 0.936749 1.306793 0.90979
v -0.038467 1.306793 1.647767
v -0.038467 1.365288 1.647767
v -0.0826 1.306793 1.571327
v -0.0826 1.365288 1.571327
v 0.936732 1.365288 1.084736
v 0.936732 1.306793 1.084736
v 0.892599 1.365288 1.008296
v 0.892599 1.306793 1.008296
v 1.044098 1.306793 2.221846
v 1.044098 1.365288 2.221846
v 0.955834 1.306793 2.221846
v 0.955834 1.365288 2.221846
v 1.044098 1.365288 1.095784
v 1.044098 1.306793 1.095784
v 0.955833 1.365288 1.095784
v 0.955833 1.306793 1.095784
v 2.038432 1.306793 0.346788
v 2.038432 1.365288 0.346788
v 2.082564 1.306793 0.423227
v 2.082564 1.365288 0.423227
v 1.063234 1.365288 0.90982
v 1.063234 1.306793 0.90982
v 1.107366 1.365288 0.986259
v 1.107366 1.306793 0.986259
v 1.056855 1.266817 0.898772
v 1.056855 1.405177 0.898772
v 1.113728 1.266817 0.997278
v 1.113728 1.405177 0.997278
v 1.056855 1.266817 1.095784
v 1.056855 1.405177 1.095784
v 0.94311 1.266817 1.095784
v 0.94311 1.405177 1.095784
v 0.886238 1.266817 0.997278
v 0.886238 1.405177 0.997278
v 0.94311 1.266817 0.898772
v 0.94311 1.405177 0.898772
v 1.000306 1.263196 0.524849
v 1.000306 1.404641 0.524849
v 1.415639 1.263196 0.764642
v 1.415639 1.404641 0.764642
v 1.415639 1.263196 1.244227
v 1.415639 1.404641 1.244227
v 1.000306 1.263196 1.48402
v 1.000306 1.404641 1.48402
v 0.584973 1.263196 1.244227
v 0.584973 1.404641 1.244227
v 0.584973 1.263196 0.764642
v 0.584973 1.404641 0.764642
v 1.311806 1.404641 0.82459
v 0.688806 1.404641 0.82459
v 1.000306 1.404641 1.364124
v 0.688806 1.404641 1.184279
v 1.311806 1.404641 1.184279
v 1.000306 1.404641 0.644745
v 1.000306 1.263196 0.644745
v 1.311806 1.263196 1.184279
v 0.688806 1.263196 1.184279
v 0.688806 1.263196 0.82459
v 1.311806 1.263196 0.82459
v 1.000306 1.263196 1.364124
v 1.044438 1.365288 0.550329
v 1.044438 1.306793 0.550329
v 1.000306 1.306793 0.524849
v 1.000306 1.365288 0.524849
v 1.044438 1.365288 1.45854
v 1.044438 1.306793 1.45854
v 1.000306 1.306793 1.48402
v 1.000306 1.365288 1.48402
v 0.956174 1.306793 1.45854
v 0.956174 1.365288 1.45854
v 0.956174 1.306793 0.550329
v 0.956174 1.365288 0.550329
v 1.044438 1.365288 0.670225
v 1.044438 1.306793 0.670225
v 1.000306 1.306793 0.644745
v 1.000306 1.365288 0.644745
v 1.044438 1.365288 1.338644
v 1.044438 1.306793 1.338644
v 1.000306 1.306793 1.364124
v 1.000306 1.365288 1.364124
v 0.956174 1.306793 1.338644
v 0.956174 1.365288 1.338644
v 0.956174 1.306793 0.670225
v 0.956174 1.365288 0.670225
v 1.371507 1.306793 0.739162
v 1.371507 1.365288 0.739162
v 1.415639 1.306793 0.764642
v 1.415639 1.365288 0.764642
v 1.415639 1.306793 0.815602
v 1.415639 1.365288 0.815602
v 0.629105 1.365288 1.269707
v 0.629105 1.306793 1.269707
v 0.584973 1.306793 1.244227
v 0.584973 1.365288 1.244227
v 0.584973 1.365288 1.193268
v 0.584973 1.306793 1.193268
v 1.267673 1.306793 0.79911
v 1.267673 1.365288 0.79911
v 1.311806 1.306793 0.82459
v 1.311806 1.365288 0.82459
v 1.311806 1.306793 0.87555
v 1.311806 1.365288 0.87555
v 0.732938 1.365288 1.209759
v 0.732938 1.306793 1.209759
v 0.688806 1.306793 1.184279
v 0.688806 1.365288 1.184279
v 0.688806 1.365288 1.133319
v 0.688806 1.306793 1.133319
v 1.415639 1.365288 1.193268
v 1.415639 1.306793 1.193268
v 1.415639 1.306793 1.244227
v 1.415639 1.365288 1.244227
v 1.371507 1.306793 1.269707
v 1.371507 1.365288 1.269707
v 0.584973 1.306793 0.815601
v 0.584973 1.365288 0.815601
v 0.584973 1.306793 0.764642
v 0.584973 1.365288 0.764642
v 0.629105 1.365288 0.739162
v 0.629105 1.306793 0.739162
v 1.311806 1.365288 1.133319
v 1.311806 1.306793 1.133319
v 1.311806 1.306793 1.184279
v 1.311806 1.365288 1.184279
v 1.267673 1.306793 1.209759
v 1.267673 1.365288 1.209759
v 0.688806 1.306793 0.87555
v 0.688806 1.365288 0.87555
v 0.688806 1.306793 0.82459
v 0.688806 1.365288 0.82459
v 0.732939 1.365288 0.79911
v 0.732939 1.306793 0.79911
v 1.000306 2.030354 0.004435
v 1.000306 2.61144 0.004435
v 1.707413 2.030354 0.297328
v 1.707413 2.61144 0.297328
v 2.000306 2.030354 1.004435
v 2.000306 2.61144 1.004435
v 1.707413 2.030354 1.711541
v 1.707413 2.61144 1.711541
v 1.000306 2.030354 2.004435
v 1.000306 2.61144 2.004435
v 0.293199 2.030354 1.711541
v 0.293199 2.61144 1.711541
v 0.000306 2.030354 1.004435
v 0.000306 2.61144 1.004435
v 0.293199 2.030354 0.297328
v 0.293199 2.61144 0.297328
v 1.530636 2.61144 0.477668
v 0.469976 2.61144 0.477668
v 0.469976 2.61144 1.538808
v 1.530636 2.61144 1.538808
v 1.000306 2.61144 0.257898
v 0.250306 2.61144 1.008238
v 1.750306 2.61144 1.008238
v 1.000306 2.61144 1.758578
v 1.000306 2.030354 0.250292
v 1.750306 2.030354 1.000631
v 1.000306 2.030354 1.750971
v 0.250306 2.030354 1.000631
v 0.469976 2.030354 0.470061
v 1.530636 2.030354 1.531201
v 1.530636 2.030354 0.470061
v 0.469976 2.030354 1.531201
v 2.082548 1.986734 1.571356
v 2.082548 2.045229 1.571356
v 2.038416 1.986734 1.647796
v 2.038416 2.045229 1.647796
v 1.107349 2.045229 1.008326
v 1.107349 1.986734 1.008326
v 1.063217 2.045229 1.084765
v 1.063217 1.986734 1.084765
v 0.955867 1.986734 -0.227291
v 0.955867 2.045229 -0.227291
v 1.044132 1.986734 -0.227291
v 1.044132 2.045229 -0.227291
v 0.955867 2.045229 0.898772
v 0.955867 1.986734 0.898772
v 1.044132 2.045229 0.898772
v 1.044132 1.986734 0.898772
v -0.082582 1.986734 0.423199
v -0.082582 2.045229 0.423199
v -0.03845 1.986734 0.346759
v -0.03845 2.045229 0.346759
v 0.892616 2.045229 0.98623
v 0.892616 1.986734 0.98623
v 0.936749 2.045229 0.90979
v 0.936749 1.986734 0.90979
v -0.038467 1.986734 1.647767
v -0.038467 2.045229 1.647767
v -0.0826 1.986734 1.571327
v -0.0826 2.045229 1.571327
v 0.936732 2.045229 1.084736
v 0.936732 1.986734 1.084736
v 0.892599 2.045229 1.008296
v 0.892599 1.986734 1.008296
v 1.044098 1.986734 2.221846
v 1.044098 2.045229 2.221846
v 0.955834 1.986734 2.221846
v 0.955834 2.045229 2.221846
v 1.044098 2.045229 1.095784
v 1.044098 1.986734 1.095784
v 0.955833 2.045229 1.095784
v 0.955833 1.986734 1.095784
v 2.038432 1.986734 0.346788
v 2.038432 2.045229 0.346788
v 2.082564 1.986734 0.423227
v 2.082564 2.045229 0.423227
v 1.063234 2.045229 0.90982
v 1.063234 1.986734 0.90982
v 1.107366 2.045229 0.986259
v 1.107366 1.986734 0.986259
v 1.056855 1.946758 0.898772
v 1.056855 2.085119 0.898772
v 1.113728 1.946758 0.997278
v 1.113728 2.085119 0.997278
v 1.056855 1.946758 1.095784
v 1.056855 2.085119 1.095784
v 0.94311 1.946758 1.095784
v 0.94311 2.085119 1.095784
v 0.886238 1.946758 0.997278
v 0.886238 2.085119 0.997278
v 0.94311 1.946758 0.898772
v 0.94311 2.085119 0.898772
v 1.000306 1.943138 0.524849
v 1.000306 2.084582 0.524849
v 1.415639 1.943138 0.764642
v 1.415639 2.084582 0.764642
v 1.415639 1.943138 1.244227
v 1.415639 2.084582 1.244227
v 1.000306 1.943138 1.48402
v 1.000306 2.084582 1.48402
v 0.584973 1.943138 1.244227
v 0.584973 2.084582 1.244227
v 0.584973 1.943138 0.764642
v 0.584973 2.084582 0.764642
v 1.311806 2.084582 0.82459
v 0.688806 2.084582 0.82459
v 1.000306 2.084582 1.364124
v 0.688806 2.084582 1.184279
v 1.311806 2.084582 1.184279
v 1.000306 2.084582 0.644745
v 1.000306 1.943138 0.644745
v 1.311806 1.943138 1.184279
v 0.688806 1.943138 1.184279
v 0.688806 1.943138 0.82459
v 1.311806 1.943138 0.82459
v 1.000306 1.943138 1.364124
v 1.044438 2.045229 0.550329
v 1.044438 1.986735 0.550329
v 1.000306 1.986735 0.524849
v 1.000306 2.045229 0.524849
v 1.044438 2.045229 1.45854
v 1.044438 1.986735 1.45854
v 1.000306 1.986735 1.48402
v 1.000306 2.045229 1.48402
v 0.956174 1.986735 1.45854
v 0.956174 2.045229 1.45854
v 0.956174 1.986735 0.550329
v 0.956174 2.045229 0.550329
v 1.044438 2.045229 0.670225
v 1.044438 1.986735 0.670225
v 1.000306 1.986735 0.644745
v 1.000306 2.045229 0.644745
v 1.044438 2.045229 1.338644
v 1.044438 1.986735 1.338644
v 1.000306 1.986735 1.364124
v 1.000306 2.045229 1.364124
v 0.956174 1.986735 1.338644
v 0.956174 2.045229 1.338644
v 0.956174 1.986735 0.670225
v 0.956174 2.045229 0.670225
v 1.371507 1.986734 0.739162
v 1.371507 2.045229 0.739162
v 1.415639 1.986734 0.764642
v 1.415639 2.045229 0.764642
v 1.415639 1.986734 0.815602
v 1.415639 2.045229 0.815602
v 0.629105 2.045229 1.269707
v 0.629105 1.986734 1.269707
v 0.584973 1.986734 1.244227
v 0.584973 2.045229 1.244227
v 0.584973 2.045229 1.193268
v 0.584973 1.986734 1.193268
v 1.267673 1.986734 0.79911
v 1.267673 2.045229 0.79911
v 1.311806 1.986734 0.82459
v 1.311806 2.045229 0.82459
v 1.311806 1.986734 0.87555
v 1.311806 2.045229 0.87555
v 0.732938 2.045229 1.209759
v 0.732938 1.986734 1.209759
v 0.688806 1.986734 1.184279
v 0.688806 2.045229 1.184279
v 0.688806 2.045229 1.133319
v 0.688806 1.986734 1.133319
v 1.415639 2.045229 1.193268
v 1.415639 1.986734 1.193268
v 1.415639 1.986734 1.244227
v 1.415639 2.045229 1.244227
v 1.371507 1.986734 1.269707
v 1.371507 2.045229 1.269707
v 0.584973 1.986734 0.815601
v 0.584973 2.045229 0.815601
v 0.584973 1.986734 0.764642
v 0.584973 2.045229 0.764642
v 0.629105 2.045229 0.739162
v 0.629105 1.986734 0.739162
v 1.311806 2.045229 1.133319
v 1.311806 1.986734 1.133319
v 1.311806 1.986734 1.184279
v 1.311806 2.045229 1.184279
v 1.267673 1.986734 1.209759
v 1.267673 2.045229 1.209759
v 0.688806 1.986734 0.87555
v 0.688806 2.045229 0.87555
v 0.688806 1.986734 0.82459
v 0.688806 2.045229 0.82459
v 0.732939 2.045229 0.79911
v 0.732939 1.986734 0.79911
v 2.082548 2.613642 1.571356
v 2.082548 2.672137 1.571356
v 2.038416 2.613642 1.647796
v 2.038416 2.672137 1.647796
v 1.107349 2.672137 1.008326
v 1.107349 2.613642 1.008326
v 1.063217 2.672137 1.084765
v 1.063217 2.613642 1.084765
v 0.955867 2.613642 -0.227291
v 0.955867 2.672137 -0.227291
v 1.044132 2.613642 -0.227291
v 1.044132 2.672137 -0.227291
v 0.955867 2.672137 0.898772
v 0.955867 2.613642 0.898772
v 1.044132 2.672137 0.898772
v 1.044132 2.613642 0.898772
v -0.082582 2.613642 0.423199
v -0.082582 2.672137 0.423199
v -0.03845 2.613642 0.346759
v -0.03845 2.672137 0.346759
v 0.892616 2.672137 0.98623
v 0.892616 2.613642 0.98623
v 0.936749 2.672137 0.90979
v 0.936749 2.613642 0.90979
v -0.038467 2.613642 1.647767
v -0.038467 2.672137 1.647767
v -0.0826 2.613642 1.571327
v -0.0826 2.672137 1.571327
v 0.936732 2.672137 1.084736
v 0.936732 2.613642 1.084736
v 0.892599 2.672137 1.008296
v 0.892599 2.613642 1.008296
v 1.044098 2.613642 2.221846
v 1.044098 2.672137 2.221846
v 0.955834 2.613642 2.221846
v 0.955834 2.672137 2.221846
v 1.044098 2.672137 1.095784
v 1.044098 2.613642 1.095784
v 0.955833 2.672137 1.095784
v 0.955833 2.613642 1.095784
v 2.038432 2.613642 0.346788
v 2.038432 2.672137 0.346788
v 2.082564 2.613642 0.423227
v 2.082564 2.672137 0.423227
v 1.063234 2.672137 0.90982
v 1.063234 2.613642 0.90982
v 1.107366 2.672137 0.986259
v 1.107366 2.613642 0.986259
v 1.056855 2.573666 0.898772
v 1.056855 2.712026 0.898772
v 1.113728 2.573666 0.997278
v 1.113728 2.712026 0.997278
v 1.056855 2.573666 1.095784
v 1.056855 2.712026 1.095784
v 0.94311 2.573666 1.095784
v 0.94311 2.712026 1.095784
v 0.886238 2.573666 0.997278
v 0.886238 2.712026 0.997278
v 0.94311 2.573666 0.898772
v 0.94311 2.712026 0.898772
v 1.000306 2.570045 0.524849
v 1.000306 2.71149 0.524849
v 1.415639 2.570045 0.764642
v 1.415639 2.71149 0.764642
v 1.415639 2.570045 1.244227
v 1.415639 2.71149 1.244227
v 1.000306 2.570045 1.48402
v 1.000306 2.71149 1.48402
v 0.584973 2.570045 1.244227
v 0.584973 2.71149 1.244227
v 0.584973 2.570045 0.764642
v 0.584973 2.71149 0.764642
v 1.311806 2.71149 0.82459
v 0.688806 2.71149 0.82459
v 1.000306 2.71149 1.364124
v 0.688806 2.71149 1.184279
v 1.311806 2.71149 1.184279
v 1.000306 2.71149 0.644745
v 1.000306 2.570045 0.644745
v 1.311806 2.570045 1.184279
v 0.688806 2.570045 1.184279
v 0.688806 2.570045 0.82459
v 1.311806 2.570045 0.82459
v 1.000306 2.570045 1.364124
v 1.044438 2.672137 0.550329
v 1.044438 2.613642 0.550329
v 1.000306 2.613642 0.524849
v 1.000306 2.672137 0.524849
v 1.044438 2.672137 1.45854
v 1.044438 2.613642 1.45854
v 1.000306 2.613642 1.48402
v 1.000306 2.672137 1.48402
v 0.956174 2.613642 1.45854
v 0.956174 2.672137 1.45854
v 0.956174 2.613642 0.550329
v 0.956174 2.672137 0.550329
v 1.044438 2.672137 0.670225
v 1.044438 2.613642 0.670225
v 1.000306 2.613642 0.644745
v 1.000306 2.672137 0.644745
v 1.044438 2.672137 1.338644
v 1.044438 2.613642 1.338644
v 1.000306 2.613642 1.364124
v 1.000306 2.672137 1.364124
v 0.956174 2.613642 1.338644
v 0.956174 2.672137 1.338644
v 0.956174 2.613642 0.670225
v 0.956174 2.672137 0.670225
v 1.371507 2.613642 0.739162
v 1.371507 2.672137 0.739162
v 1.415639 2.613642 0.764642
v 1.415639 2.672137 0.764642
v 1.415639 2.613642 0.815602
v 1.415639 2.672137 0.815602
v 0.629105 2.672137 1.269707
v 0.629105 2.613642 1.269707
v 0.584973 2.613642 1.244227
v 0.584973 2.672137 1.244227
v 0.584973 2.672137 1.193268
v 0.584973 2.613642 1.193268
v 1.267673 2.613642 0.79911
v 1.267673 2.672137 0.79911
v 1.311806 2.613642 0.82459
v 1.311806 2.672137 0.82459
v 1.311806 2.613642 0.87555
v 1.311806 2.672137 0.87555
v 0.732938 2.672137 1.209759
v 0.732938 2.613642 1.209759
v 0.688806 2.613642 1.184279
v 0.688806 2.672137 1.184279
v 0.688806 2.672137 1.133319
v 0.688806 2.613642 1.133319
v 1.415639 2.672137 1.193268
v 1.415639 2.613642 1.193268
v 1.415639 2.613642 1.244227
v 1.415639 2.672137 1.244227
v 1.371507 2.613642 1.269707
v 1.371507 2.672137 1.269707
v 0.584973 2.613642 0.815601
v 0.584973 2.672137 0.815601
v 0.584973 2.613642 0.764642
v 0.584973 2.672137 0.764642
v 0.629105 2.672137 0.739162
v 0.629105 2.613642 0.739162
v 1.311806 2.672137 1.133319
v 1.311806 2.613642 1.133319
v 1.311806 2.613642 1.184279
v 1.311806 2.672137 1.184279
v 1.267673 2.613642 1.209759
v 1.267673 2.672137 1.209759
v 0.688806 2.613642 0.87555
v 0.688806 2.672137 0.87555
v 0.688806 2.613642 0.82459
v 0.688806 2.672137 0.82459
v 0.732939 2.672137 0.79911
v 0.732939 2.613642 0.79911
v 1.000306 3.337204 0.004435
v 1.000306 3.918289 0.004435
v 1.707413 3.337204 0.297328
v 1.707413 3.918289 0.297328
v 2.000306 3.337204 1.004435
v 2.000306 3.918289 1.004435
v 1.707413 3.337204 1.711541
v 1.707413 3.918289 1.711541
v 1.000306 3.337204 2.004435
v 1.000306 3.918289 2.004435
v 0.293199 3.337204 1.711541
v 0.293199 3.918289 1.711541
v 0.000306 3.337204 1.004435
v 0.000306 3.918289 1.004435
v 0.293199 3.337204 0.297328
v 0.293199 3.918289 0.297328
v 1.530636 3.918289 0.477668
v 0.469976 3.918289 0.477668
v 0.469976 3.918289 1.538808
v 1.530636 3.918289 1.538808
v 1.000306 3.918289 0.257898
v 0.250306 3.918289 1.008238
v 1.750306 3.918289 1.008238
v 1.000306 3.918289 1.758578
v 1.000306 3.337204 0.250292
v 1.750306 3.337204 1.000631
v 1.000306 3.337204 1.750971
v 0.250306 3.337204 1.000631
v 0.469976 3.337204 0.470061
v 1.530636 3.337204 1.531201
v 1.530636 3.337204 0.470061
v 0.469976 3.337204 1.531201
v 2.082548 3.293583 1.571356
v 2.082548 3.352078 1.571356
v 2.038416 3.293583 1.647796
v 2.038416 3.352078 1.647796
v 1.107349 3.352078 1.008326
v 1.107349 3.293583 1.008326
v 1.063217 3.352078 1.084765
v 1.063217 3.293583 1.084765
v 0.955867 3.293583 -0.227291
v 0.955867 3.352078 -0.227291
v 1.044132 3.293583 -0.227291
v 1.044132 3.352078 -0.227291
v 0.955867 3.352078 0.898772
v 0.955867 3.293583 0.898772
v 1.044132 3.352078 0.898772
v 1.044132 3.293583 0.898772
v -0.082582 3.293583 0.423199
v -0.082582 3.352078 0.423199
v -0.03845 3.293583 0.346759
v -0.03845 3.352078 0.346759
v 0.892616 3.352078 0.98623
v 0.892616 3.293583 0.98623
v 0.936749 3.352078 0.90979
v 0.936749 3.293583 0.90979
v -0.038467 3.293583 1.647767
v -0.038467 3.352078 1.647767
v -0.0826 3.293583 1.571327
v -0.0826 3.352078 1.571327
v 0.936732 3.352078 1.084736
v 0.936732 3.293583 1.084736
v 0.892599 3.352078 1.008296
v 0.892599 3.293583 1.008296
v 1.044098 3.293583 2.221846
v 1.044098 3.352078 2.221846
v 0.955834 3.293583 2.221846
v 0.955834 3.352078 2.221846
v 1.044098 3.352078 1.095784
v 1.044098 3.293583 1.095784
v 0.955833 3.352078 1.095784
v 0.955833 3.293583 1.095784
v 2.038432 3.293583 0.346788
v 2.038432 3.352078 0.346788
v 2.082564 3.293583 0.423227
v 2.082564 3.352078 0.423227
v 1.063234 3.352078 0.90982
v 1.063234 3.293583 0.90982
v 1.107366 3.352078 0.986259
v 1.107366 3.293583 0.986259
v 1.056855 3.253607 0.898772
v 1.056855 3.391967 0.898772
v 1.113728 3.253607 0.997278
v 1.113728 3.391967 0.997278
v 1.056855 3.253607 1.095784
v 1.056855 3.391967 1.095784
v 0.94311 3.253607 1.095784
v 0.94311 3.391967 1.095784
v 0.886238 3.253607 0.997278
v 0.886238 3.391967 0.997278
v 0.94311 3.253607 0.898772
v 0.94311 3.391967 0.898772
v 1.000306 3.249987 0.524849
v 1.000306 3.391431 0.524849
v 1.415639 3.249987 0.764642
v 1.415639 3.391431 0.764642
v 1.415639 3.249987 1.244227
v 1.415639 3.391431 1.244227
v 1.000306 3.249987 1.48402
v 1.000306 3.391431 1.48402
v 0.584973 3.249987 1.244227
v 0.584973 3.391431 1.244227
v 0.584973 3.249987 0.764642
v 0.584973 3.391431 0.764642
v 1.311806 3.391431 0.82459
v 0.688806 3.391431 0.82459
v 1.000306 3.391431 1.364124
v 0.688806 3.391431 1.184279
v 1.311806 3.391431 1.184279
v 1.000306 3.391431 0.644745
v 1.000306 3.249987 0.644745
v 1.311806 3.249987 1.184279
v 0.688806 3.249987 1.184279
v 0.688806 3.249987 0.82459
v 1.311806 3.249987 0.82459
v 1.000306 3.249987 1.364124
v 1.044438 3.352078 0.550329
v 1.044438 3.293583 0.550329
v 1.000306 3.293583 0.524849
v 1.000306 3.352078 0.524849
v 1.044438 3.352078 1.45854
v 1.044438 3.293583 1.45854
v 1.000306 3.293583 1.48402
v 1.000306 3.352078 1.48402
v 0.956174 3.293583 1.45854
v 0.956174 3.352078 1.45854
v 0.956174 3.293583 0.550329
v 0.956174 3.352078 0.550329
v 1.044438 3.352078 0.670225
v 1.044438 3.293583 0.670225
v 1.000306 3.293583 0.644745
v 1.000306 3.352078 0.644745
v 1.044438 3.352078 1.338644
v 1.044438 3.293583 1.338644
v 1.000306 3.293583 1.364124
v 1.000306 3.352078 1.364124
v 0.956174 3.293583 1.338644
v 0.956174 3.352078 1.338644
v 0.956174 3.293583 0.670225
v 0.956174 3.352078 0.670225
v 1.371507 3.293583 0.739162
v 1.371507 3.352078 0.739162
v 1.415639 3.293583 0.764642
v 1.415639 3.352078 0.764642
v 1.415639 3.293583 0.815602
v 1.415639 3.352078 0.815602
v 0.629105 3.352078 1.269707
v 0.629105 3.293583 1.269707
v 0.584973 3.293583 1.244227
v 0.584973 3.352078 1.244227
v 0.584973 3.352078 1.193268
v 0.584973 3.293583 1.193268
v 1.267673 3.293583 0.79911
v 1.267673 3.352078 0.79911
v 1.311806 3.293583 0.82459
v 1.311806 3.352078 0.82459
v 1.311806 3.293583 0.87555
v 1.311806 3.352078 0.87555
v 0.732938 3.352078 1.209759
v 0.732938 3.293583 1.209759
v 0.688806 3.293583 1.184279
v 0.688806 3.352078 1.184279
v 0.688806 3.352078 1.133319
v 0.688806 3.293583 1.133319
v 1.415639 3.352078 1.193268
v 1.415639 3.293583 1.193268
v 1.415639 3.293583 1.244227
v 1.415639 3.352078 1.244227
v 1.371507 3.293583 1.269707
v 1.371507 3.352078 1.269707
v 0.584973 3.293583 0.815601
v 0.584973 3.352078 0.815601
v 0.584973 3.293583 0.764642
v 0.584973 3.352078 0.764642
v 0.629105 3.352078 0.739162
v 0.629105 3.293583 0.739162
v 1.311806 3.352078 1.133319
v 1.311806 3.293583 1.133319
v 1.311806 3.293583 1.184279
v 1.311806 3.352078 1.184279
v 1.267673 3.293583 1.209759
v 1.267673 3.352078 1.209759
v 0.688806 3.293583 0.87555
v 0.688806 3.352078 0.87555
v 0.688806 3.293583 0.82459
v 0.688806 3.352078 0.82459
v 0.732939 3.352078 0.79911
v 0.732939 3.293583 0.79911
v 2.082548 3.920491 1.571356
v 2.082548 3.978985 1.571356
v 2.038416 3.920491 1.647796
v 2.038416 3.978985 1.647796
v 1.107349 3.978985 1.008326
v 1.107349 3.920491 1.008326
v 1.063217 3.978985 1.084765
v 1.063217 3.920491 1.084765
v 0.955867 3.920491 -0.227291
v 0.955867 3.978985 -0.227291
v 1.044132 3.920491 -0.227291
v 1.044132 3.978985 -0.227291
v 0.955867 3.978985 0.898772
v 0.955867 3.920491 0.898772
v 1.044132 3.978985 0.898772
v 1.044132 3.920491 0.898772
v -0.082582 3.920491 0.423199
v -0.082582 3.978985 0.423199
v -0.03845 3.920491 0.346759
v -0.03845 3.978985 0.346759
v 0.892616 3.978985 0.98623
v 0.892616 3.920491 0.98623
v 0.936749 3.978985 0.90979
v 0.936749 3.920491 0.90979
v -0.038467 3.920491 1.647767
v -0.038467 3.978985 1.647767
v -0.0826 3.920491 1.571327
v -0.0826 3.978985 1.571327
v 0.936732 3.978985 1.084736
v 0.936732 3.920491 1.084736
v 0.892599 3.978985 1.008296
v 0.892599 3.920491 1.008296
v 1.044098 3.920491 2.221846
v 1.044098 3.978985 2.221846
v 0.955834 3.920491 2.221846
v 0.955834 3.978985 2.221846
v 1.044098 3.978985 1.095784
v 1.044098 3.920491 1.095784
v 0.955833 3.978985 1.095784
v 0.955833 3.920491 1.095784
v 2.038432 3.920491 0.346788
v 2.038432 3.978985 0.346788
v 2.082564 3.920491 0.423227
v 2.082564 3.978985 0.423227
v 1.063234 3.978985 0.90982
v 1.063234 3.920491 0.90982
v 1.107366 3.978985 0.986259
v 1.107366 3.920491 0.986259
v 1.056855 3.880514 0.898772
v 1.056855 4.018875 0.898772
v 1.113728 3.880514 0.997278
v 1.113728 4.018875 0.997278
v 1.056855 3.880514 1.095784
v 1.056855 4.018875 1.095784
v 0.94311 3.880514 1.095784
v 0.94311 4.018875 1.095784
v 0.886238 3.880514 0.997278
v 0.886238 4.018875 0.997278
v 0.94311 3.880514 0.898772
v 0.94311 4.018875 0.898772
v 1.000306 3.876894 0.524849
v 1.000306 4.018338 0.524849
v 1.415639 3.876894 0.764642
v 1.415639 4.018338 0.764642
v 1.415639 3.876894 1.244227
v 1.415639 4.018338 1.244227
v 1.000306 3.876894 1.48402
v 1.000306 4.018338 1.48402
v 0.584973 3.876894 1.244227
v 0.584973 4.018338 1.244227
v 0.584973 3.876894 0.764642
v 0.584973 4.018338 0.764642
v 1.311806 4.018338 0.82459
v 0.688806 4.018338 0.82459
v 1.000306 4.018338 1.364124
v 0.688806 4.018338 1.184279
v 1.311806 4.018338 1.184279
v 1.000306 4.018338 0.644745
v 1.000306 3.876894 0.644745
v 1.311806 3.876894 1.184279
v 0.688806 3.876894 1.184279
v 0.688806 3.876894 0.82459
v 1.311806 3.876894 0.82459
v 1.000306 3.876894 1.364124
v 1.044438 3.978985 0.550329
v 1.044438 3.920491 0.550329
v 1.000306 3.920491 0.524849
v 1.000306 3.978985 0.524849
v 1.044438 3.978985 1.45854
v 1.044438 3.920491 1.45854
v 1.000306 3.920491 1.48402
v 1.000306 3.978985 1.48402
v 0.956174 3.920491 1.45854
v 0.956174 3.978985 1.45854
v 0.956174 3.920491 0.550329
v 0.956174 3.978985 0.550329
v 1.044438 3.978985 0.670225
v 1.044438 3.920491 0.670225
v 1.000306 3.920491 0.644745
v 1.000306 3.978985 0.644745
v 1.044438 3.978985 1.338644
v 1.044438 3.920491 1.338644
v 1.000306 3.920491 1.364124
v 1.000306 3.978985 1.364124
v 0.956174 3.920491 1.338644
v 0.956174 3.978985 1.338644
v 0.956174 3.920491 0.670225
v 0.956174 3.978985 0.670225
v 1.371507 3.920491 0.739162
v 1.371507 3.978985 0.739162
v 1.415639 3.920491 0.764642
v 1.415639 3.978985 0.764642
v 1.415639 3.920491 0.815602
v 1.415639 3.978985 0.815602
v 0.629105 3.978985 1.269707
v 0.629105 3.920491 1.269707
v 0.584973 3.920491 1.244227
v 0.584973 3.978985 1.244227
v 0.584973 3.978985 1.193268
v 0.584973 3.920491 1.193268
v 1.267673 3.920491 0.79911
v 1.267673 3.978985 0.79911
v 1.311806 3.920491 0.82459
v 1.311806 3.978985 0.82459
v 1.311806 3.920491 0.87555
v 1.311806 3.978985 0.87555
v 0.732938 3.978985 1.209759
v 0.732938 3.920491 1.209759
v 0.688806 3.920491 1.184279
v 0.688806 3.978985 1.184279
v 0.688806 3.978985 1.133319
v 0.688806 3.920491 1.133319
v 1.415639 3.978985 1.193268
v 1.415639 3.920491 1.193268
v 1.415639 3.920491 1.244227
v 1.415639 3.978985 1.244227
v 1.371507 3.920491 1.269707
v 1.371507 3.978985 1.269707
v 0.584973 3.920491 0.815601
v 0.584973 3.978985 0.815601
v 0.584973 3.920491 0.764642
v 0.584973 3.978985 0.764642
v 0.629105 3.978985 0.739162
v 0.629105 3.920491 0.739162
v 1.311806 3.978985 1.133319
v 1.311806 3.920491 1.133319
v 1.311806 3.920491 1.184279
v 1.311806 3.978985 1.184279
v 1.267673 3.920491 1.209759
v 1.267673 3.978985 1.209759
v 0.688806 3.920491 0.87555
v 0.688806 3.978985 0.87555
v 0.688806 3.920491 0.82459
v 0.688806 3.978985 0.82459
v 0.732939 3.978985 0.79911
v 0.732939 3.920491 0.79911
v 0.41921 3.939226 1.236851
v 0.41921 4.064556 1.236851
v -0.046276 3.939226 1.236851
v -0.046276 4.064556 1.236851
v 0.41921 3.939226 0.771364
v 0.41921 4.064556 0.771364
v -0.046276 3.939226 0.771364
v -0.046276 4.064556 0.771364
v 0.046821 3.939226 1.236851
v 0.046821 4.064556 1.236851
v 0.046821 3.939226 0.771364
v 0.046821 4.064556 0.771364
v -0.046276 3.939226 0.864461
v -0.046276 4.064556 0.864461
v 0.41921 3.939226 0.864461
v 0.41921 4.064556 0.864461
v 0.046821 4.064556 0.864461
v 0.344732 3.939226 1.236851
v 0.344732 4.064556 0.771364
v 0.344732 4.064556 1.236851
v 0.344732 3.939226 0.771364
v 0.344732 4.064556 0.864461
v -0.046276 3.939226 1.162373
v 0.41921 4.064556 1.162373
v -0.046276 4.064556 1.162373
v 0.41921 3.939226 1.162373
v 0.046821 4.064556 1.162373
v 0.344732 4.064556 1.162373
v 0.106969 4.06453 1.102225
v 0.106969 4.06453 0.924609
v 0.284585 4.06453 0.924609
v 0.284585 4.06453 1.102225
v 0.106969 4.168253 1.102225
v 0.106969 4.168253 0.924609
v 0.284585 4.168253 0.924609
v 0.284585 4.168253 1.102225
v 0.111664 4.250448 1.09753
v 0.111664 4.250448 0.929304
v 0.27989 4.250448 0.929304
v 0.27989 4.250448 1.09753
v -0.046276 4.064556 1.013417
v 0.41921 3.939226 1.013417
v 0.046821 4.064556 1.013417
v 0.344732 4.064556 1.013417
v -0.046276 3.939226 1.013417
v 0.41921 4.064556 1.013417
v 0.106969 4.06453 1.013417
v 0.284585 4.06453 1.013417
v 0.106969 4.168253 1.013417
v 0.284585 4.168253 1.013417
v 0.069608 4.250448 1.013417
v 0.321946 4.250448 1.013417
v 0.195777 4.064556 1.236851
v 0.195777 3.939226 0.771364
v 0.195777 3.939226 1.236851
v 0.195777 4.064556 0.771364
v 0.195777 4.064556 0.864461
v 0.195777 4.064556 1.162373
v 0.195777 4.06453 0.924609
v 0.195777 4.06453 1.102225
v 0.195777 4.168253 0.924609
v 0.195777 4.168253 1.102225
v 0.195777 4.250448 0.887248
v 0.195777 4.250448 1.139586
v 0.33366 4.171034 0.875534
v 0.33366 4.171034 1.1513
v 0.057894 4.171034 1.1513
v 0.057894 4.171034 0.875534
v -0.011047 4.171034 1.013417
v 0.402601 4.171034 1.013417
v 0.195777 4.171034 0.806593
v 0.195777 4.171034 1.220241
v 0.151723 4.268731 1.013417
v 0.166407 4.268731 0.984048
v 0.195777 4.268731 0.969363
v 0.225146 4.268731 0.984048
v 0.239831 4.268731 1.013417
v 0.195777 4.268731 1.057471
v 0.225146 4.268731 1.042787
v 0.166407 4.268731 1.042787
v 0.151723 4.303109 1.013417
v 0.166407 4.303109 0.984048
v 0.195777 4.303109 0.969363
v 0.225146 4.303109 0.984048
v 0.239831 4.303109 1.013417
v 0.195777 4.303109 1.057471
v 0.225146 4.303109 1.042787
v 0.166407 4.303109 1.042787
v 0.084685 4.305501 1.124509
v 0.084685 4.305501 0.902325
v 0.306869 4.305501 0.902325
v 0.306869 4.305501 1.124509
v 0.111664 4.384915 1.09753
v 0.111664 4.384915 0.929304
v 0.27989 4.384915 0.929304
v 0.27989 4.384915 1.09753
v 0.084685 4.305501 1.013417
v 0.306869 4.305501 1.013417
v 0.069608 4.384915 1.013417
v 0.321946 4.384915 1.013417
v 0.195777 4.305501 0.902325
v 0.195777 4.305501 1.124509
v 0.195777 4.384915 0.887248
v 0.195777 4.384915 1.139586
v 0.33366 4.305501 0.875534
v 0.33366 4.305501 1.1513
v 0.057894 4.305501 1.1513
v 0.057894 4.305501 0.875534
v -0.011047 4.305501 1.013417
v 0.402601 4.305501 1.013417
v 0.195777 4.305501 0.806593
v 0.195777 4.305501 1.220241
v 0.151723 4.403198 1.013417
v 0.166407 4.403198 0.984048
v 0.195777 4.403198 0.969363
v 0.225146 4.403198 0.984048
v 0.239831 4.403198 1.013417
v 0.195777 4.403198 1.057471
v 0.225146 4.403198 1.042787
v 0.166407 4.403198 1.042787
v 0.151723 4.446187 1.013417
v 0.166407 4.446187 0.984048
v 0.195777 4.446187 0.969363
v 0.225146 4.446187 0.984048
v 0.239831 4.446187 1.013417
v 0.195777 4.446187 1.057471
v 0.225146 4.446187 1.042787
v 0.166407 4.446187 1.042787
v 0.084685 4.588862 1.013417
v 0.306869 4.588862 1.013417
v 0.069608 4.668277 1.013417
v 0.321946 4.668277 1.013417
v 0.195777 4.588862 0.902325
v 0.195777 4.588862 1.124509
v 0.195777 4.668277 0.887248
v 0.195777 4.668277 1.139586
v 0.33366 4.588862 0.875534
v 0.33366 4.588862 1.1513
v 0.057894 4.588862 1.1513
v 0.057894 4.588862 0.875534
v -0.011047 4.588862 1.013417
v 0.402601 4.588862 1.013417
v 0.195777 4.588862 0.806593
v 0.195777 4.588862 1.220241
v 0.151723 4.686559 1.013417
v 0.166407 4.686559 0.984048
v 0.195777 4.686559 0.969363
v 0.225146 4.686559 0.984048
v 0.239831 4.686559 1.013417
v 0.195777 4.686559 1.057471
v 0.225146 4.686559 1.042787
v 0.166407 4.686559 1.042787
v 0.151723 4.720937 1.013417
v 0.166407 4.720937 0.984048
v 0.195777 4.720937 0.969363
v 0.225146 4.720937 0.984048
v 0.239831 4.720937 1.013417
v 0.195777 4.720937 1.057471
v 0.225146 4.720937 1.042787
v 0.166407 4.720937 1.042787
v 0.166407 4.585847 1.042787
v 0.225146 4.585847 1.042787
v 0.195777 4.585847 1.057471
v 0.239831 4.585847 1.013417
v 0.225146 4.585847 0.984048
v 0.195777 4.585847 0.969363
v 0.166407 4.585847 0.984048
v 0.151723 4.585847 1.013417
v 0.166407 4.547335 1.042787
v 0.225146 4.547335 1.042787
v 0.195777 4.547335 1.057471
v 0.239831 4.547335 1.013417
v 0.225146 4.547335 0.984048
v 0.195777 4.547335 0.969363
v 0.166407 4.547335 0.984048
v 0.151723 4.547335 1.013417
v 0.195777 4.449638 1.220241
v 0.195777 4.449638 0.806593
v 0.402601 4.449638 1.013417
v -0.011047 4.449638 1.013417
v 0.057894 4.449638 0.875534
v 0.057894 4.449638 1.1513
v 0.33366 4.449638 1.1513
v 0.33366 4.449638 0.875534
v 0.195777 4.529052 1.139586
v 0.195777 4.529052 0.887248
v 0.195777 4.449638 1.124509
v 0.195777 4.449638 0.902325
v 0.321946 4.529052 1.013417
v 0.069608 4.529052 1.013417
v 0.306869 4.449638 1.013417
v 0.084685 4.449638 1.013417
v 0.27989 4.529052 1.09753
v 0.27989 4.529052 0.929304
v 0.111664 4.529052 0.929304
v 0.111664 4.529052 1.09753
v 0.306869 4.449638 1.124509
v 0.306869 4.449638 0.902325
v 0.084685 4.449638 0.902325
v 0.084685 4.449638 1.124509
v 0.27989 4.668277 1.09753
v 0.27989 4.668277 0.929304
v 0.111664 4.668277 0.929304
v 0.111664 4.668277 1.09753
v 0.306869 4.588862 1.124509
v 0.306869 4.588862 0.902325
v 0.084685 4.588862 0.902325
v 0.084685 4.588862 1.124509
v 1.582926 3.939226 0.771364
v 1.582926 4.064556 0.771364
v 2.048412 3.939226 0.771364
v 2.048412 4.064556 0.771364
v 1.582926 3.939226 1.236851
v 1.582926 4.064556 1.236851
v 2.048412 3.939226 1.23685
v 2.048412 4.064556 1.23685
v 1.955315 3.939226 0.771364
v 1.955315 4.064556 0.771364
v 1.955315 3.939226 1.23685
v 1.955315 4.064556 1.23685
v 2.048412 3.939226 1.143753
v 2.048412 4.064556 1.143753
v 1.582926 3.939226 1.143753
v 1.582926 4.064556 1.143753
v 1.955315 4.064556 1.143753
v 1.657404 3.939226 0.771364
v 1.657404 4.064556 1.23685
v 1.657404 4.064556 0.771364
v 1.657404 3.939226 1.23685
v 1.657404 4.064556 1.143753
v 2.048412 3.939226 0.845842
v 1.582926 4.064556 0.845842
v 2.048412 4.064556 0.845842
v 1.582926 3.939226 0.845842
v 1.955315 4.064556 0.845842
v 1.657404 4.064556 0.845842
v 1.895168 4.06453 0.905989
v 1.895168 4.06453 1.083606
v 1.717551 4.06453 1.083606
v 1.717551 4.06453 0.905989
v 1.895168 4.168253 0.905989
v 1.895168 4.168253 1.083606
v 1.717551 4.168253 1.083606
v 1.717551 4.168253 0.905989
v 1.890472 4.250448 0.910685
v 1.890472 4.250448 1.07891
v 1.722247 4.250448 1.07891
v 1.722247 4.250448 0.910685
v 2.048412 4.064556 0.994797
v 1.582926 3.939226 0.994798
v 1.955315 4.064556 0.994798
v 1.657404 4.064556 0.994798
v 2.048412 3.939226 0.994798
v 1.582926 4.064556 0.994798
v 1.895168 4.06453 0.994798
v 1.717551 4.06453 0.994798
v 1.895168 4.168253 0.994798
v 1.717551 4.168253 0.994798
v 1.932529 4.250448 0.994798
v 1.68019 4.250448 0.994798
v 1.806359 4.064556 0.771364
v 1.80636 3.939226 1.23685
v 1.80636 3.939226 0.771364
v 1.80636 4.064556 1.23685
v 1.80636 4.064556 1.143753
v 1.80636 4.064556 0.845842
v 1.80636 4.06453 1.083606
v 1.80636 4.06453 0.905989
v 1.80636 4.168253 1.083606
v 1.80636 4.168253 0.905989
v 1.80636 4.250448 1.120967
v 1.80636 4.250448 0.868628
v 1.668477 4.171034 1.13268
v 1.668477 4.171034 0.856915
v 1.944242 4.171034 0.856915
v 1.944242 4.171034 1.13268
v 2.013184 4.171034 0.994797
v 1.599535 4.171034 0.994798
v 1.80636 4.171034 1.201622
v 1.80636 4.171034 0.787973
v 1.850414 4.268731 0.994798
v 1.835729 4.268731 1.024167
v 1.80636 4.268731 1.038852
v 1.77699 4.268731 1.024167
v 1.762305 4.268731 0.994798
v 1.80636 4.268731 0.950743
v 1.77699 4.268731 0.965428
v 1.835729 4.268731 0.965428
v 1.850414 4.303109 0.994798
v 1.835729 4.303109 1.024167
v 1.80636 4.303109 1.038852
v 1.77699 4.303109 1.024167
v 1.762305 4.303109 0.994798
v 1.80636 4.303109 0.950743
v 1.77699 4.303109 0.965428
v 1.835729 4.303109 0.965428
v 1.917452 4.305501 0.883705
v 1.917452 4.305501 1.10589
v 1.695267 4.305501 1.10589
v 1.695267 4.305501 0.883705
v 1.890472 4.384915 0.910685
v 1.890472 4.384915 1.07891
v 1.722247 4.384915 1.07891
v 1.722247 4.384915 0.910685
v 1.917452 4.305501 0.994798
v 1.695267 4.305501 0.994798
v 1.932529 4.384915 0.994798
v 1.68019 4.384915 0.994798
v 1.80636 4.305501 1.10589
v 1.80636 4.305501 0.883705
v 1.80636 4.384915 1.120967
v 1.80636 4.384915 0.868628
v 1.668477 4.305501 1.13268
v 1.668477 4.305501 0.856915
v 1.944242 4.305501 0.856915
v 1.944242 4.305501 1.13268
v 2.013184 4.305501 0.994797
v 1.599535 4.305501 0.994798
v 1.80636 4.305501 1.201622
v 1.80636 4.305501 0.787973
v 1.850414 4.403198 0.994798
v 1.835729 4.403198 1.024167
v 1.80636 4.403198 1.038852
v 1.77699 4.403198 1.024167
v 1.762305 4.403198 0.994798
v 1.80636 4.403198 0.950743
v 1.77699 4.403198 0.965428
v 1.835729 4.403198 0.965428
v 1.850414 4.446187 0.994798
v 1.835729 4.446187 1.024167
v 1.80636 4.446187 1.038852
v 1.77699 4.446187 1.024167
v 1.762305 4.446187 0.994798
v 1.80636 4.446187 0.950743
v 1.77699 4.446187 0.965428
v 1.835729 4.446187 0.965428
v 1.917452 4.588862 0.994798
v 1.695267 4.588862 0.994798
v 1.932529 4.668277 0.994798
v 1.68019 4.668277 0.994798
v 1.80636 4.588862 1.10589
v 1.80636 4.588862 0.883705
v 1.80636 4.668277 1.120967
v 1.80636 4.668277 0.868628
v 1.668477 4.588862 1.13268
v 1.668477 4.588862 0.856915
v 1.944242 4.588862 0.856915
v 1.944242 4.588862 1.13268
v 2.013184 4.588862 0.994797
v 1.599535 4.588862 0.994798
v 1.80636 4.588862 1.201622
v 1.80636 4.588862 0.787973
v 1.850414 4.686559 0.994798
v 1.835729 4.686559 1.024167
v 1.80636 4.686559 1.038852
v 1.77699 4.686559 1.024167
v 1.762305 4.686559 0.994798
v 1.80636 4.686559 0.950743
v 1.77699 4.686559 0.965428
v 1.835729 4.686559 0.965428
v 1.850414 4.720937 0.994798
v 1.835729 4.720937 1.024167
v 1.80636 4.720937 1.038852
v 1.77699 4.720937 1.024167
v 1.762305 4.720937 0.994798
v 1.80636 4.720937 0.950743
v 1.77699 4.720937 0.965428
v 1.835729 4.720937 0.965428
v 1.835729 4.585847 0.965428
v 1.77699 4.585847 0.965428
v 1.80636 4.585847 0.950743
v 1.762305 4.585847 0.994798
v 1.77699 4.585847 1.024167
v 1.80636 4.585847 1.038852
v 1.835729 4.585847 1.024167
v 1.850414 4.585847 0.994798
v 1.835729 4.547335 0.965428
v 1.77699 4.547335 0.965428
v 1.80636 4.547335 0.950743
v 1.762305 4.547335 0.994798
v 1.77699 4.547335 1.024167
v 1.80636 4.547335 1.038852
v 1.835729 4.547335 1.024167
v 1.850414 4.547335 0.994798
v 1.80636 4.449638 0.787973
v 1.80636 4.449638 1.201622
v 1.599535 4.449638 0.994798
v 2.013184 4.449638 0.994797
v 1.944242 4.449638 1.13268
v 1.944242 4.449638 0.856915
v 1.668477 4.449638 0.856915
v 1.668477 4.449638 1.13268
v 1.80636 4.529052 0.868628
v 1.80636 4.529052 1.120967
v 1.80636 4.449638 0.883705
v 1.80636 4.449638 1.10589
v 1.68019 4.529052 0.994798
v 1.932529 4.529052 0.994798
v 1.695267 4.449638 0.994798
v 1.917452 4.449638 0.994798
v 1.722247 4.529052 0.910685
v 1.722247 4.529052 1.07891
v 1.890472 4.529052 1.07891
v 1.890472 4.529052 0.910685
v 1.695267 4.449638 0.883705
v 1.695267 4.449638 1.10589
v 1.917452 4.449638 1.10589
v 1.917452 4.449638 0.883705
v 1.722247 4.668277 0.910685
v 1.722247 4.668277 1.07891
v 1.890472 4.668277 1.07891
v 1.890472 4.668277 0.910685
v 1.695267 4.588862 0.883705
v 1.695267 4.588862 1.10589
v 1.917452 4.588862 1.10589
v 1.917452 4.588862 0.883705
v 0.41921 -0.017907 1.236851
v 0.41921 0.107423 1.236851
v -0.046276 -0.017907 1.236851
v -0.046276 0.107423 1.236851
v 0.41921 -0.017907 0.771364
v 0.41921 0.107423 0.771364
v -0.046276 -0.017907 0.771364
v -0.046276 0.107423 0.771364
v 0.046821 -0.017907 1.236851
v 0.046821 0.107423 1.236851
v 0.046821 -0.017907 0.771364
v 0.046821 0.107423 0.771364
v -0.046276 -0.017907 0.864461
v -0.046276 0.107423 0.864461
v 0.41921 -0.017907 0.864461
v 0.41921 0.107423 0.864461
v 0.046821 0.107423 0.864461
v 0.344732 -0.017907 1.236851
v 0.344732 0.107423 0.771364
v 0.344732 0.107423 1.236851
v 0.344732 -0.017907 0.771364
v 0.344732 0.107423 0.864461
v -0.046276 -0.017907 1.162373
v 0.41921 0.107423 1.162373
v -0.046276 0.107423 1.162373
v 0.41921 -0.017907 1.162373
v 0.046821 0.107423 1.162373
v 0.344732 0.107423 1.162373
v 0.106969 0.107396 1.102225
v 0.106969 0.107396 0.924609
v 0.284585 0.107396 0.924609
v 0.284585 0.107396 1.102225
v 0.106969 0.21112 1.102225
v 0.106969 0.21112 0.924609
v 0.284585 0.21112 0.924609
v 0.284585 0.21112 1.102225
v 0.111664 0.293315 1.09753
v 0.111664 0.293315 0.929304
v 0.27989 0.293315 0.929304
v 0.27989 0.293315 1.09753
v -0.046276 0.107423 1.013417
v 0.41921 -0.017907 1.013417
v 0.046821 0.107423 1.013417
v 0.344732 0.107423 1.013417
v -0.046276 -0.017907 1.013417
v 0.41921 0.107423 1.013417
v 0.106969 0.107396 1.013417
v 0.284585 0.107396 1.013417
v 0.106969 0.21112 1.013417
v 0.284585 0.21112 1.013417
v 0.069608 0.293315 1.013417
v 0.321946 0.293315 1.013417
v 0.195777 0.107423 1.236851
v 0.195777 -0.017907 0.771364
v 0.195777 -0.017907 1.236851
v 0.195777 0.107423 0.771364
v 0.195777 0.107423 0.864461
v 0.195777 0.107423 1.162373
v 0.195777 0.107396 0.924609
v 0.195777 0.107396 1.102225
v 0.195777 0.21112 0.924609
v 0.195777 0.21112 1.102225
v 0.195777 0.293315 0.887248
v 0.195777 0.293315 1.139586
v 0.33366 0.213901 0.875534
v 0.33366 0.213901 1.1513
v 0.057894 0.213901 1.1513
v 0.057894 0.213901 0.875534
v -0.011047 0.213901 1.013417
v 0.402601 0.213901 1.013417
v 0.195777 0.213901 0.806593
v 0.195777 0.213901 1.220241
v 0.151723 0.311598 1.013417
v 0.166407 0.311598 0.984048
v 0.195777 0.311598 0.969363
v 0.225146 0.311598 0.984048
v 0.239831 0.311598 1.013417
v 0.195777 0.311598 1.057471
v 0.225146 0.311598 1.042787
v 0.166407 0.311598 1.042787
v 0.151723 0.345975 1.013417
v 0.166407 0.345975 0.984048
v 0.195777 0.345975 0.969363
v 0.225146 0.345975 0.984048
v 0.239831 0.345975 1.013417
v 0.195777 0.345975 1.057471
v 0.225146 0.345975 1.042787
v 0.166407 0.345975 1.042787
v 0.084685 0.348368 1.124509
v 0.084685 0.348368 0.902325
v 0.306869 0.348368 0.902325
v 0.306869 0.348368 1.124509
v 0.111664 0.427782 1.09753
v 0.111664 0.427782 0.929304
v 0.27989 0.427782 0.929304
v 0.27989 0.427782 1.09753
v 0.084685 0.348368 1.013417
v 0.306869 0.348368 1.013417
v 0.069608 0.427782 1.013417
v 0.321946 0.427782 1.013417
v 0.195777 0.348368 0.902325
v 0.195777 0.348368 1.124509
v 0.195777 0.427782 0.887248
v 0.195777 0.427782 1.139586
v 0.33366 0.348368 0.875534
v 0.33366 0.348368 1.1513
v 0.057894 0.348368 1.1513
v 0.057894 0.348368 0.875534
v -0.011047 0.348368 1.013417
v 0.402601 0.348368 1.013417
v 0.195777 0.348368 0.806593
v 0.195777 0.348368 1.220241
v 0.151723 0.446064 1.013417
v 0.166407 0.446064 0.984048
v 0.195777 0.446064 0.969363
v 0.225146 0.446064 0.984048
v 0.239831 0.446064 1.013417
v 0.195777 0.446064 1.057471
v 0.225146 0.446064 1.042787
v 0.166407 0.446064 1.042787
v 0.151723 0.489053 1.013417
v 0.166407 0.489053 0.984048
v 0.195777 0.489053 0.969363
v 0.225146 0.489053 0.984048
v 0.239831 0.489053 1.013417
v 0.195777 0.489053 1.057471
v 0.225146 0.489053 1.042787
v 0.166407 0.489053 1.042787
v 0.084685 0.631729 1.013417
v 0.306869 0.631729 1.013417
v 0.069608 0.711143 1.013417
v 0.321946 0.711143 1.013417
v 0.195777 0.631729 0.902325
v 0.195777 0.631729 1.124509
v 0.195777 0.711143 0.887248
v 0.195777 0.711143 1.139586
v 0.33366 0.631729 0.875534
v 0.33366 0.631729 1.1513
v 0.057894 0.631729 1.1513
v 0.057894 0.631729 0.875534
v -0.011047 0.631729 1.013417
v 0.402601 0.631729 1.013417
v 0.195777 0.631729 0.806593
v 0.195777 0.631729 1.220241
v 0.151723 0.729426 1.013417
v 0.166407 0.729426 0.984048
v 0.195777 0.729426 0.969363
v 0.225146 0.729426 0.984048
v 0.239831 0.729426 1.013417
v 0.195777 0.729426 1.057471
v 0.225146 0.729426 1.042787
v 0.166407 0.729426 1.042787
v 0.151723 0.763803 1.013417
v 0.166407 0.763803 0.984048
v 0.195777 0.763803 0.969363
v 0.225146 0.763803 0.984048
v 0.239831 0.763803 1.013417
v 0.195777 0.763803 1.057471
v 0.225146 0.763803 1.042787
v 0.166407 0.763803 1.042787
v 0.166407 0.628714 1.042787
v 0.225146 0.628714 1.042787
v 0.195777 0.628714 1.057471
v 0.239831 0.628714 1.013417
v 0.225146 0.628714 0.984048
v 0.195777 0.628714 0.969363
v 0.166407 0.628714 0.984048
v 0.151723 0.628714 1.013417
v 0.166407 0.590201 1.042787
v 0.225146 0.590201 1.042787
v 0.195777 0.590201 1.057471
v 0.239831 0.590201 1.013417
v 0.225146 0.590201 0.984048
v 0.195777 0.590201 0.969363
v 0.166407 0.590201 0.984048
v 0.151723 0.590201 1.013417
v 0.195777 0.492505 1.220241
v 0.195777 0.492505 0.806593
v 0.402601 0.492505 1.013417
v -0.011047 0.492505 1.013417
v 0.057894 0.492505 0.875534
v 0.057894 0.492505 1.1513
v 0.33366 0.492505 1.1513
v 0.33366 0.492505 0.875534
v 0.195777 0.571919 1.139586
v 0.195777 0.571919 0.887248
v 0.195777 0.492505 1.124509
v 0.195777 0.492505 0.902325
v 0.321946 0.571919 1.013417
v 0.069608 0.571919 1.013417
v 0.306869 0.492505 1.013417
v 0.084685 0.492505 1.013417
v 0.27989 0.571919 1.09753
v 0.27989 0.571919 0.929304
v 0.111664 0.571919 0.929304
v 0.111664 0.571919 1.09753
v 0.306869 0.492505 1.124509
v 0.306869 0.492505 0.902325
v 0.084685 0.492505 0.902325
v 0.084685 0.492505 1.124509
v 0.27989 0.711143 1.09753
v 0.27989 0.711143 0.929304
v 0.111664 0.711143 0.929304
v 0.111664 0.711143 1.09753
v 0.306869 0.631729 1.124509
v 0.306869 0.631729 0.902325
v 0.084685 0.631729 0.902325
v 0.084685 0.631729 1.124509
v 1.493559 -0.017907 1.391639
v 1.493559 0.107423 1.391639
v 1.726302 -0.017907 1.794762
v 1.726302 0.107423 1.794762
v 1.090436 -0.017907 1.624383
v 1.090436 0.107423 1.624383
v 1.323179 -0.017907 2.027506
v 1.323179 0.107423 2.027506
v 1.679753 -0.017907 1.714138
v 1.679753 0.107423 1.714138
v 1.27663 -0.017907 1.946881
v 1.27663 0.107423 1.946881
v 1.403803 -0.017907 1.980957
v 1.403803 0.107423 1.980957
v 1.17106 -0.017907 1.577834
v 1.17106 0.107423 1.577834
v 1.357255 0.107423 1.900332
v 1.530797 -0.017907 1.456139
v 1.127675 0.107423 1.688882
v 1.530797 0.107423 1.456139
v 1.127675 -0.017907 1.688882
v 1.208299 0.107423 1.642334
v 1.661802 -0.017907 1.832001
v 1.429059 0.107423 1.428878
v 1.661802 0.107423 1.832001
v 1.429059 -0.017907 1.428878
v 1.615254 0.107423 1.751377
v 1.466298 0.107423 1.493378
v 1.533091 0.107396 1.729361
v 1.37927 0.107396 1.81817
v 1.290462 0.107396 1.664349
v 1.444282 0.107396 1.575541
v 1.533091 0.21112 1.729361
v 1.37927 0.21112 1.81817
v 1.290462 0.21112 1.664349
v 1.444282 0.21112 1.575541
v 1.526677 0.293315 1.727643
v 1.380989 0.293315 1.811755
v 1.296876 0.293315 1.666068
v 1.442564 0.293315 1.581955
v 1.532803 0.107423 1.906479
v 1.30006 -0.017907 1.503356
v 1.486254 0.107423 1.825855
v 1.337299 0.107423 1.567856
v 1.532803 -0.017907 1.906479
v 1.30006 0.107423 1.503356
v 1.45618 0.107396 1.773765
v 1.367372 0.107396 1.619945
v 1.45618 0.21112 1.773765
v 1.367372 0.21112 1.619945
v 1.474861 0.293315 1.806121
v 1.348692 0.293315 1.58759
v 1.605275 0.107423 1.585138
v 1.202152 -0.017907 1.817882
v 1.605275 -0.017907 1.585138
v 1.202152 0.107423 1.817882
v 1.282777 0.107423 1.771333
v 1.540776 0.107423 1.622377
v 1.334866 0.107396 1.741259
v 1.488687 0.107396 1.652451
v 1.334866 0.21112 1.741259
v 1.488687 0.21112 1.652451
v 1.302511 0.293315 1.75994
v 1.521042 0.293315 1.633771
v 1.223425 0.213901 1.646387
v 1.462245 0.213901 1.508504
v 1.600128 0.213901 1.747324
v 1.361308 0.213901 1.885207
v 1.515189 0.213901 1.87597
v 1.308364 0.213901 1.51774
v 1.232661 0.213901 1.800267
v 1.590891 0.213901 1.593443
v 1.433803 0.311598 1.735007
v 1.401026 0.311598 1.736975
v 1.373624 0.311598 1.718882
v 1.371657 0.311598 1.686105
v 1.389749 0.311598 1.658703
v 1.449928 0.311598 1.674828
v 1.422526 0.311598 1.656736
v 1.451896 0.311598 1.707605
v 1.433803 0.345975 1.735007
v 1.401026 0.345975 1.736975
v 1.373624 0.345975 1.718882
v 1.371657 0.345975 1.686105
v 1.389749 0.345975 1.658703
v 1.449928 0.345975 1.674828
v 1.422526 0.345975 1.656736
v 1.451896 0.345975 1.707605
v 1.563531 0.348368 1.737518
v 1.371114 0.348368 1.84861
v 1.260022 0.348368 1.656193
v 1.452439 0.348368 1.545101
v 1.526677 0.427782 1.727643
v 1.380989 0.427782 1.811755
v 1.296876 0.427782 1.666068
v 1.442564 0.427782 1.581955
v 1.467322 0.348368 1.793064
v 1.35623 0.348368 1.600647
v 1.474861 0.427782 1.806121
v 1.348692 0.427782 1.58759
v 1.315568 0.348368 1.752401
v 1.507985 0.348368 1.641309
v 1.302511 0.427782 1.75994
v 1.521042 0.427782 1.633771
v 1.223425 0.348368 1.646387
v 1.462245 0.348368 1.508504
v 1.600128 0.348368 1.747324
v 1.361308 0.348368 1.885207
v 1.515189 0.348368 1.87597
v 1.308364 0.348368 1.51774
v 1.232661 0.348368 1.800267
v 1.590891 0.348368 1.593443
v 1.433803 0.446064 1.735007
v 1.401026 0.446064 1.736975
v 1.373624 0.446064 1.718882
v 1.371657 0.446064 1.686105
v 1.389749 0.446064 1.658703
v 1.449928 0.446064 1.674828
v 1.422526 0.446064 1.656736
v 1.451896 0.446064 1.707605
v 1.433803 0.489053 1.735007
v 1.401026 0.489053 1.736975
v 1.373624 0.489053 1.718882
v 1.371657 0.489053 1.686105
v 1.389749 0.489053 1.658703
v 1.449928 0.489053 1.674828
v 1.422526 0.489053 1.656736
v 1.451896 0.489053 1.707605
v 1.467322 0.631729 1.793064
v 1.35623 0.631729 1.600647
v 1.474861 0.711143 1.806121
v 1.348692 0.711143 1.58759
v 1.315568 0.631729 1.752401
v 1.507985 0.631729 1.641309
v 1.302511 0.711143 1.75994
v 1.521042 0.711143 1.633771
v 1.223425 0.631729 1.646387
v 1.462245 0.631729 1.508504
v 1.600128 0.631729 1.747324
v 1.361308 0.631729 1.885207
v 1.515189 0.631729 1.87597
v 1.308364 0.631729 1.51774
v 1.232661 0.631729 1.800267
v 1.590891 0.631729 1.593443
v 1.433803 0.729426 1.735007
v 1.401026 0.729426 1.736975
v 1.373624 0.729426 1.718882
v 1.371657 0.729426 1.686105
v 1.389749 0.729426 1.658703
v 1.449928 0.729426 1.674828
v 1.422526 0.729426 1.656736
v 1.451896 0.729426 1.707605
v 1.433803 0.763803 1.735007
v 1.401026 0.763803 1.736975
v 1.373624 0.763803 1.718882
v 1.371657 0.763803 1.686105
v 1.389749 0.763803 1.658703
v 1.449928 0.763803 1.674828
v 1.422526 0.763803 1.656736
v 1.451896 0.763803 1.707605
v 1.451896 0.628714 1.707605
v 1.422526 0.628714 1.656736
v 1.449928 0.628714 1.674828
v 1.389749 0.628714 1.658703
v 1.371657 0.628714 1.686105
v 1.373624 0.628714 1.718882
v 1.401026 0.628714 1.736975
v 1.433803 0.628714 1.735007
v 1.451896 0.590201 1.707605
v 1.422526 0.590201 1.656736
v 1.449928 0.590201 1.674828
v 1.389749 0.590201 1.658703
v 1.371657 0.590201 1.686105
v 1.373624 0.590201 1.718882
v 1.401026 0.590201 1.736975
v 1.433803 0.590201 1.735007
v 1.590891 0.492505 1.593443
v 1.232661 0.492505 1.800267
v 1.308364 0.492505 1.51774
v 1.515189 0.492505 1.87597
v 1.361308 0.492505 1.885207
v 1.600128 0.492505 1.747324
v 1.462245 0.492505 1.508504
v 1.223425 0.492505 1.646387
v 1.521042 0.571919 1.633771
v 1.302511 0.571919 1.75994
v 1.507985 0.492505 1.641309
v 1.315568 0.492505 1.752401
v 1.348692 0.571919 1.58759
v 1.474861 0.571919 1.806121
v 1.35623 0.492505 1.600647
v 1.467322 0.492505 1.793064
v 1.442564 0.571919 1.581955
v 1.296876 0.571919 1.666068
v 1.380989 0.571919 1.811755
v 1.526677 0.571919 1.727643
v 1.452439 0.492505 1.545101
v 1.260022 0.492505 1.656193
v 1.371114 0.492505 1.84861
v 1.563531 0.492505 1.737518
v 1.442564 0.711143 1.581955
v 1.296876 0.711143 1.666068
v 1.380989 0.711143 1.811755
v 1.526677 0.711143 1.727643
v 1.452439 0.631729 1.545101
v 1.260022 0.631729 1.656193
v 1.371114 0.631729 1.84861
v 1.563531 0.631729 1.737518
v 1.090435 -0.017907 0.383832
v 1.090435 0.107423 0.383832
v 1.323179 -0.017907 -0.019291
v 1.323179 0.107423 -0.019291
v 1.493558 -0.017907 0.616575
v 1.493558 0.107423 0.616575
v 1.726302 -0.017907 0.213452
v 1.726302 0.107423 0.213452
v 1.27663 -0.017907 0.061334
v 1.27663 0.107423 0.061334
v 1.679753 -0.017907 0.294077
v 1.679753 0.107423 0.294077
v 1.645677 -0.017907 0.166903
v 1.645677 0.107423 0.166903
v 1.412934 -0.017907 0.570027
v 1.412934 0.107423 0.570027
v 1.599128 0.107423 0.247528
v 1.127674 -0.017907 0.319332
v 1.530797 0.107423 0.552075
v 1.127674 0.107423 0.319332
v 1.530797 -0.017907 0.552075
v 1.450173 0.107423 0.505527
v 1.387678 -0.017907 0.017948
v 1.154935 0.107423 0.421071
v 1.387678 0.107423 0.017948
v 1.154935 -0.017907 0.421071
v 1.34113 0.107423 0.098572
v 1.192174 0.107423 0.356571
v 1.363145 0.107396 0.180735
v 1.516965 0.107396 0.269544
v 1.428157 0.107396 0.423364
v 1.274337 0.107396 0.334556
v 1.363145 0.21112 0.180735
v 1.516965 0.21112 0.269544
v 1.428157 0.21112 0.423364
v 1.274337 0.21112 0.334556
v 1.364864 0.293315 0.187149
v 1.510551 0.293315 0.271262
v 1.426439 0.293315 0.41695
v 1.280751 0.293315 0.332837
v 1.516678 0.107423 0.092426
v 1.283934 -0.017907 0.495549
v 1.470129 0.107423 0.17305
v 1.321173 0.107423 0.431049
v 1.516678 -0.017907 0.092426
v 1.283934 0.107423 0.495549
v 1.440055 0.107396 0.225139
v 1.351247 0.107396 0.37896
v 1.440055 0.21112 0.225139
v 1.351247 0.21112 0.37896
v 1.458736 0.293315 0.192784
v 1.332567 0.293315 0.411315
v 1.202152 0.107423 0.190333
v 1.605275 -0.017907 0.423076
v 1.202152 -0.017907 0.190333
v 1.605275 0.107423 0.423076
v 1.524651 0.107423 0.376527
v 1.266652 0.107423 0.227572
v 1.472561 0.107396 0.346454
v 1.318741 0.107396 0.257646
v 1.472561 0.21112 0.346454
v 1.318741 0.21112 0.257646
v 1.504917 0.293315 0.365134
v 1.286386 0.293315 0.238965
v 1.44612 0.213901 0.490401
v 1.2073 0.213901 0.352518
v 1.345183 0.213901 0.113698
v 1.584003 0.213901 0.251581
v 1.499063 0.213901 0.122935
v 1.292239 0.213901 0.481165
v 1.574766 0.213901 0.405462
v 1.216536 0.213901 0.198637
v 1.417678 0.311598 0.263898
v 1.435771 0.311598 0.2913
v 1.433803 0.311598 0.324077
v 1.406401 0.311598 0.342169
v 1.373624 0.311598 0.340202
v 1.357499 0.311598 0.280023
v 1.355532 0.311598 0.3128
v 1.384901 0.311598 0.26193
v 1.417678 0.345975 0.263898
v 1.435771 0.345975 0.2913
v 1.433803 0.345975 0.324077
v 1.406401 0.345975 0.342169
v 1.373624 0.345975 0.340202
v 1.357499 0.345975 0.280023
v 1.355532 0.345975 0.3128
v 1.384901 0.345975 0.26193
v 1.354989 0.348368 0.150295
v 1.547406 0.348368 0.261387
v 1.436314 0.348368 0.453804
v 1.243896 0.348368 0.342712
v 1.364864 0.427782 0.187149
v 1.510551 0.427782 0.271262
v 1.426439 0.427782 0.41695
v 1.280751 0.427782 0.332837
v 1.451197 0.348368 0.205841
v 1.340105 0.348368 0.398258
v 1.458736 0.427782 0.192784
v 1.332567 0.427782 0.411315
v 1.49186 0.348368 0.357596
v 1.299443 0.348368 0.246504
v 1.504917 0.427782 0.365134
v 1.286386 0.427782 0.238965
v 1.44612 0.348368 0.490401
v 1.2073 0.348368 0.352518
v 1.345183 0.348368 0.113698
v 1.584003 0.348368 0.251581
v 1.499063 0.348368 0.122935
v 1.292239 0.348368 0.481165
v 1.574766 0.348368 0.405462
v 1.216536 0.348368 0.198637
v 1.417678 0.446064 0.263898
v 1.435771 0.446064 0.2913
v 1.433803 0.446064 0.324077
v 1.406401 0.446064 0.342169
v 1.373624 0.446064 0.340202
v 1.357499 0.446064 0.280023
v 1.355532 0.446064 0.3128
v 1.384901 0.446064 0.26193
v 1.417678 0.489053 0.263898
v 1.435771 0.489053 0.2913
v 1.433803 0.489053 0.324077
v 1.406401 0.489053 0.342169
v 1.373624 0.489053 0.340202
v 1.357499 0.489053 0.280023
v 1.355532 0.489053 0.3128
v 1.384901 0.489053 0.26193
v 1.451197 0.631729 0.205841
v 1.340105 0.631729 0.398258
v 1.458736 0.711143 0.192784
v 1.332567 0.711143 0.411315
v 1.49186 0.631729 0.357596
v 1.299443 0.631729 0.246504
v 1.504917 0.711143 0.365134
v 1.286386 0.711143 0.238965
v 1.44612 0.631729 0.490401
v 1.2073 0.631729 0.352518
v 1.345183 0.631729 0.113698
v 1.584003 0.631729 0.251581
v 1.499063 0.631729 0.122935
v 1.292239 0.631729 0.481165
v 1.574766 0.631729 0.405462
v 1.216536 0.631729 0.198637
v 1.417678 0.729426 0.263898
v 1.435771 0.729426 0.2913
v 1.433803 0.729426 0.324077
v 1.406401 0.729426 0.342169
v 1.373624 0.729426 0.340202
v 1.357499 0.729426 0.280023
v 1.355532 0.729426 0.3128
v 1.384901 0.729426 0.26193
v 1.417678 0.763803 0.263898
v 1.435771 0.763803 0.2913
v 1.433803 0.763803 0.324077
v 1.406401 0.763803 0.342169
v 1.373624 0.763803 0.340202
v 1.357499 0.763803 0.280023
v 1.355532 0.763803 0.3128
v 1.384901 0.763803 0.26193
v 1.384901 0.628714 0.26193
v 1.355532 0.628714 0.3128
v 1.357499 0.628714 0.280023
v 1.373624 0.628714 0.340202
v 1.406401 0.628714 0.342169
v 1.433803 0.628714 0.324077
v 1.435771 0.628714 0.2913
v 1.417678 0.628714 0.263898
v 1.384901 0.590201 0.26193
v 1.355532 0.590201 0.3128
v 1.357499 0.590201 0.280023
v 1.373624 0.590201 0.340202
v 1.406401 0.590201 0.342169
v 1.433803 0.590201 0.324077
v 1.435771 0.590201 0.2913
v 1.417678 0.590201 0.263898
v 1.216536 0.492505 0.198637
v 1.574766 0.492505 0.405462
v 1.292239 0.492505 0.481165
v 1.499063 0.492505 0.122935
v 1.584003 0.492505 0.251581
v 1.345183 0.492505 0.113698
v 1.2073 0.492505 0.352518
v 1.44612 0.492505 0.490401
v 1.286386 0.571919 0.238965
v 1.504917 0.571919 0.365134
v 1.299443 0.492505 0.246504
v 1.49186 0.492505 0.357596
v 1.332567 0.571919 0.411315
v 1.458736 0.571919 0.192784
v 1.340105 0.492505 0.398258
v 1.451197 0.492505 0.205841
v 1.280751 0.571919 0.332837
v 1.426439 0.571919 0.41695
v 1.510551 0.571919 0.271262
v 1.364864 0.571919 0.187149
v 1.243896 0.492505 0.342712
v 1.436314 0.492505 0.453804
v 1.547406 0.492505 0.261387
v 1.354989 0.492505 0.150295
v 1.280751 0.711143 0.332837
v 1.426439 0.711143 0.41695
v 1.510551 0.711143 0.271262
v 1.364864 0.711143 0.187149
v 1.243896 0.631729 0.342712
v 1.436314 0.631729 0.453804
v 1.547406 0.631729 0.261387
v 1.354989 0.631729 0.150295
v 0.41921 1.310009 1.236851
v 0.41921 1.435339 1.236851
v -0.046276 1.310009 1.236851
v -0.046276 1.435339 1.236851
v 0.41921 1.310009 0.771364
v 0.41921 1.435339 0.771364
v -0.046276 1.310009 0.771364
v -0.046276 1.435339 0.771364
v 0.046821 1.310009 1.236851
v 0.046821 1.435339 1.236851
v 0.046821 1.310009 0.771364
v 0.046821 1.435339 0.771364
v -0.046276 1.310009 0.864461
v -0.046276 1.435339 0.864461
v 0.41921 1.310009 0.864461
v 0.41921 1.435339 0.864461
v 0.046821 1.435339 0.864461
v 0.344732 1.310009 1.236851
v 0.344732 1.435339 0.771364
v 0.344732 1.435339 1.236851
v 0.344732 1.310009 0.771364
v 0.344732 1.435339 0.864461
v -0.046276 1.310009 1.162373
v 0.41921 1.435339 1.162373
v -0.046276 1.435339 1.162373
v 0.41921 1.310009 1.162373
v 0.046821 1.435339 1.162373
v 0.344732 1.435339 1.162373
v 0.106969 1.435313 1.102225
v 0.106969 1.435313 0.924609
v 0.284585 1.435313 0.924609
v 0.284585 1.435313 1.102225
v 0.106969 1.539036 1.102225
v 0.106969 1.539036 0.924609
v 0.284585 1.539036 0.924609
v 0.284585 1.539036 1.102225
v 0.111664 1.621232 1.09753
v 0.111664 1.621232 0.929304
v 0.27989 1.621232 0.929304
v 0.27989 1.621232 1.09753
v -0.046276 1.435339 1.013417
v 0.41921 1.310009 1.013417
v 0.046821 1.435339 1.013417
v 0.344732 1.435339 1.013417
v -0.046276 1.310009 1.013417
v 0.41921 1.435339 1.013417
v 0.106969 1.435313 1.013417
v 0.284585 1.435313 1.013417
v 0.106969 1.539036 1.013417
v 0.284585 1.539036 1.013417
v 0.069608 1.621232 1.013417
v 0.321946 1.621232 1.013417
v 0.195777 1.435339 1.236851
v 0.195777 1.310009 0.771364
v 0.195777 1.310009 1.236851
v 0.195777 1.435339 0.771364
v 0.195777 1.435339 0.864461
v 0.195777 1.435339 1.162373
v 0.195777 1.435313 0.924609
v 0.195777 1.435313 1.102225
v 0.195777 1.539036 0.924609
v 0.195777 1.539036 1.102225
v 0.195777 1.621232 0.887248
v 0.195777 1.621232 1.139586
v 0.33366 1.541817 0.875534
v 0.33366 1.541817 1.1513
v 0.057894 1.541817 1.1513
v 0.057894 1.541817 0.875534
v -0.011047 1.541817 1.013417
v 0.402601 1.541817 1.013417
v 0.195777 1.541817 0.806593
v 0.195777 1.541817 1.220241
v 0.151723 1.639514 1.013417
v 0.166407 1.639514 0.984048
v 0.195777 1.639514 0.969363
v 0.225146 1.639514 0.984048
v 0.239831 1.639514 1.013417
v 0.195777 1.639514 1.057471
v 0.225146 1.639514 1.042787
v 0.166407 1.639514 1.042787
v 0.151723 1.673892 1.013417
v 0.166407 1.673892 0.984048
v 0.195777 1.673892 0.969363
v 0.225146 1.673892 0.984048
v 0.239831 1.673892 1.013417
v 0.195777 1.673892 1.057471
v 0.225146 1.673892 1.042787
v 0.166407 1.673892 1.042787
v 0.084685 1.676284 1.124509
v 0.084685 1.676284 0.902325
v 0.306869 1.676284 0.902325
v 0.306869 1.676284 1.124509
v 0.111664 1.755698 1.09753
v 0.111664 1.755698 0.929304
v 0.27989 1.755698 0.929304
v 0.27989 1.755698 1.09753
v 0.084685 1.676284 1.013417
v 0.306869 1.676284 1.013417
v 0.069608 1.755698 1.013417
v 0.321946 1.755698 1.013417
v 0.195777 1.676284 0.902325
v 0.195777 1.676284 1.124509
v 0.195777 1.755698 0.887248
v 0.195777 1.755698 1.139586
v 0.33366 1.676284 0.875534
v 0.33366 1.676284 1.1513
v 0.057894 1.676284 1.1513
v 0.057894 1.676284 0.875534
v -0.011047 1.676284 1.013417
v 0.402601 1.676284 1.013417
v 0.195777 1.676284 0.806593
v 0.195777 1.676284 1.220241
v 0.151723 1.773981 1.013417
v 0.166407 1.773981 0.984048
v 0.195777 1.773981 0.969363
v 0.225146 1.773981 0.984048
v 0.239831 1.773981 1.013417
v 0.195777 1.773981 1.057471
v 0.225146 1.773981 1.042787
v 0.166407 1.773981 1.042787
v 0.151723 1.81697 1.013417
v 0.166407 1.81697 0.984048
v 0.195777 1.81697 0.969363
v 0.225146 1.81697 0.984048
v 0.239831 1.81697 1.013417
v 0.195777 1.81697 1.057471
v 0.225146 1.81697 1.042787
v 0.166407 1.81697 1.042787
v 0.084685 1.959646 1.013417
v 0.306869 1.959646 1.013417
v 0.069608 2.03906 1.013417
v 0.321946 2.03906 1.013417
v 0.195777 1.959646 0.902325
v 0.195777 1.959646 1.124509
v 0.195777 2.03906 0.887248
v 0.195777 2.03906 1.139586
v 0.33366 1.959646 0.875534
v 0.33366 1.959646 1.1513
v 0.057894 1.959646 1.1513
v 0.057894 1.959646 0.875534
v -0.011047 1.959646 1.013417
v 0.402601 1.959646 1.013417
v 0.195777 1.959646 0.806593
v 0.195777 1.959646 1.220241
v 0.151723 2.057342 1.013417
v 0.166407 2.057342 0.984048
v 0.195777 2.057342 0.969363
v 0.225146 2.057342 0.984048
v 0.239831 2.057342 1.013417
v 0.195777 2.057342 1.057471
v 0.225146 2.057342 1.042787
v 0.166407 2.057342 1.042787
v 0.151723 2.09172 1.013417
v 0.166407 2.09172 0.984048
v 0.195777 2.09172 0.969363
v 0.225146 2.09172 0.984048
v 0.239831 2.09172 1.013417
v 0.195777 2.09172 1.057471
v 0.225146 2.09172 1.042787
v 0.166407 2.09172 1.042787
v 0.166407 1.956631 1.042787
v 0.225146 1.956631 1.042787
v 0.195777 1.956631 1.057471
v 0.239831 1.956631 1.013417
v 0.225146 1.956631 0.984048
v 0.195777 1.956631 0.969363
v 0.166407 1.956631 0.984048
v 0.151723 1.956631 1.013417
v 0.166407 1.918118 1.042787
v 0.225146 1.918118 1.042787
v 0.195777 1.918118 1.057471
v 0.239831 1.918118 1.013417
v 0.225146 1.918118 0.984048
v 0.195777 1.918118 0.969363
v 0.166407 1.918118 0.984048
v 0.151723 1.918118 1.013417
v 0.195777 1.820421 1.220241
v 0.195777 1.820421 0.806593
v 0.402601 1.820421 1.013417
v -0.011047 1.820421 1.013417
v 0.057894 1.820421 0.875534
v 0.057894 1.820421 1.1513
v 0.33366 1.820421 1.1513
v 0.33366 1.820421 0.875534
v 0.195777 1.899835 1.139586
v 0.195777 1.899835 0.887248
v 0.195777 1.820421 1.124509
v 0.195777 1.820421 0.902325
v 0.321946 1.899835 1.013417
v 0.069608 1.899835 1.013417
v 0.306869 1.820421 1.013417
v 0.084685 1.820421 1.013417
v 0.27989 1.899835 1.09753
v 0.27989 1.899835 0.929304
v 0.111664 1.899835 0.929304
v 0.111664 1.899835 1.09753
v 0.306869 1.820421 1.124509
v 0.306869 1.820421 0.902325
v 0.084685 1.820421 0.902325
v 0.084685 1.820421 1.124509
v 0.27989 2.03906 1.09753
v 0.27989 2.03906 0.929304
v 0.111664 2.03906 0.929304
v 0.111664 2.03906 1.09753
v 0.306869 1.959646 1.124509
v 0.306869 1.959646 0.902325
v 0.084685 1.959646 0.902325
v 0.084685 1.959646 1.124509
v 1.493559 1.310009 1.391639
v 1.493559 1.435339 1.391639
v 1.726302 1.310009 1.794762
v 1.726302 1.435339 1.794762
v 1.090436 1.310009 1.624383
v 1.090436 1.435339 1.624383
v 1.323179 1.310009 2.027506
v 1.323179 1.435339 2.027506
v 1.679753 1.310009 1.714138
v 1.679753 1.435339 1.714138
v 1.27663 1.310009 1.946881
v 1.27663 1.435339 1.946881
v 1.403803 1.310009 1.980957
v 1.403803 1.435339 1.980957
v 1.17106 1.310009 1.577834
v 1.17106 1.435339 1.577834
v 1.357255 1.435339 1.900332
v 1.530797 1.310009 1.456139
v 1.127675 1.435339 1.688882
v 1.530797 1.435339 1.456139
v 1.127675 1.310009 1.688882
v 1.208299 1.435339 1.642334
v 1.661802 1.310009 1.832001
v 1.429059 1.435339 1.428878
v 1.661802 1.435339 1.832001
v 1.429059 1.310009 1.428878
v 1.615254 1.435339 1.751377
v 1.466298 1.435339 1.493378
v 1.533091 1.435313 1.729361
v 1.37927 1.435313 1.81817
v 1.290462 1.435313 1.664349
v 1.444282 1.435313 1.575541
v 1.533091 1.539036 1.729361
v 1.37927 1.539036 1.81817
v 1.290462 1.539036 1.664349
v 1.444282 1.539036 1.575541
v 1.526677 1.621232 1.727643
v 1.380989 1.621232 1.811755
v 1.296876 1.621232 1.666068
v 1.442564 1.621232 1.581955
v 1.532803 1.435339 1.906479
v 1.30006 1.310009 1.503356
v 1.486254 1.435339 1.825855
v 1.337299 1.435339 1.567856
v 1.532803 1.310009 1.906479
v 1.30006 1.435339 1.503356
v 1.45618 1.435313 1.773765
v 1.367372 1.435313 1.619945
v 1.45618 1.539036 1.773765
v 1.367372 1.539036 1.619945
v 1.474861 1.621232 1.806121
v 1.348692 1.621232 1.58759
v 1.605275 1.435339 1.585138
v 1.202152 1.310009 1.817882
v 1.605275 1.310009 1.585138
v 1.202152 1.435339 1.817882
v 1.282777 1.435339 1.771333
v 1.540776 1.435339 1.622377
v 1.334866 1.435313 1.741259
v 1.488687 1.435313 1.652451
v 1.334866 1.539036 1.741259
v 1.488687 1.539036 1.652451
v 1.302511 1.621232 1.75994
v 1.521042 1.621232 1.633771
v 1.223425 1.541817 1.646387
v 1.462245 1.541817 1.508504
v 1.600128 1.541817 1.747324
v 1.361308 1.541817 1.885207
v 1.515189 1.541817 1.87597
v 1.308364 1.541817 1.51774
v 1.232661 1.541817 1.800267
v 1.590891 1.541817 1.593443
v 1.433803 1.639514 1.735007
v 1.401026 1.639514 1.736975
v 1.373624 1.639514 1.718882
v 1.371657 1.639514 1.686105
v 1.389749 1.639514 1.658703
v 1.449928 1.639514 1.674828
v 1.422526 1.639514 1.656736
v 1.451896 1.639514 1.707605
v 1.433803 1.673892 1.735007
v 1.401026 1.673892 1.736975
v 1.373624 1.673892 1.718882
v 1.371657 1.673892 1.686105
v 1.389749 1.673892 1.658703
v 1.449928 1.673892 1.674828
v 1.422526 1.673892 1.656736
v 1.451896 1.673892 1.707605
v 1.563531 1.676284 1.737518
v 1.371114 1.676284 1.84861
v 1.260022 1.676284 1.656193
v 1.452439 1.676284 1.545101
v 1.526677 1.755698 1.727643
v 1.380989 1.755698 1.811755
v 1.296876 1.755698 1.666068
v 1.442564 1.755698 1.581955
v 1.467322 1.676284 1.793064
v 1.35623 1.676284 1.600647
v 1.474861 1.755698 1.806121
v 1.348692 1.755698 1.58759
v 1.315568 1.676284 1.752401
v 1.507985 1.676284 1.641309
v 1.302511 1.755698 1.75994
v 1.521042 1.755698 1.633771
v 1.223425 1.676284 1.646387
v 1.462245 1.676284 1.508504
v 1.600128 1.676284 1.747324
v 1.361308 1.676284 1.885207
v 1.515189 1.676284 1.87597
v 1.308364 1.676284 1.51774
v 1.232661 1.676284 1.800267
v 1.590891 1.676284 1.593443
v 1.433803 1.773981 1.735007
v 1.401026 1.773981 1.736975
v 1.373624 1.773981 1.718882
v 1.371657 1.773981 1.686105
v 1.389749 1.773981 1.658703
v 1.449928 1.773981 1.674828
v 1.422526 1.773981 1.656736
v 1.451896 1.773981 1.707605
v 1.433803 1.81697 1.735007
v 1.401026 1.81697 1.736975
v 1.373624 1.81697 1.718882
v 1.371657 1.81697 1.686105
v 1.389749 1.81697 1.658703
v 1.449928 1.81697 1.674828
v 1.422526 1.81697 1.656736
v 1.451896 1.81697 1.707605
v 1.467322 1.959646 1.793064
v 1.35623 1.959646 1.600647
v 1.474861 2.03906 1.806121
v 1.348692 2.03906 1.58759
v 1.315568 1.959646 1.752401
v 1.507985 1.959646 1.641309
v 1.302511 2.03906 1.75994
v 1.521042 2.03906 1.633771
v 1.223425 1.959646 1.646387
v 1.462245 1.959646 1.508504
v 1.600128 1.959646 1.747324
v 1.361308 1.959646 1.885207
v 1.515189 1.959646 1.87597
v 1.308364 1.959646 1.51774
v 1.232661 1.959646 1.800267
v 1.590891 1.959646 1.593443
v 1.433803 2.057342 1.735007
v 1.401026 2.057342 1.736975
v 1.373624 2.057342 1.718882
v 1.371657 2.057342 1.686105
v 1.389749 2.057342 1.658703
v 1.449928 2.057342 1.674828
v 1.422526 2.057342 1.656736
v 1.451896 2.057342 1.707605
v 1.433803 2.09172 1.735007
v 1.401026 2.09172 1.736975
v 1.373624 2.09172 1.718882
v 1.371657 2.09172 1.686105
v 1.389749 2.09172 1.658703
v 1.449928 2.09172 1.674828
v 1.422526 2.09172 1.656736
v 1.451896 2.09172 1.707605
v 1.451896 1.956631 1.707605
v 1.422526 1.956631 1.656736
v 1.449928 1.956631 1.674828
v 1.389749 1.956631 1.658703
v 1.371657 1.956631 1.686105
v 1.373624 1.956631 1.718882
v 1.401026 1.956631 1.736975
v 1.433803 1.956631 1.735007
v 1.451896 1.918118 1.707605
v 1.422526 1.918118 1.656736
v 1.449928 1.918118 1.674828
v 1.389749 1.918118 1.658703
v 1.371657 1.918118 1.686105
v 1.373624 1.918118 1.718882
v 1.401026 1.918118 1.736975
v 1.433803 1.918118 1.735007
v 1.590891 1.820421 1.593443
v 1.232661 1.820421 1.800267
v 1.308364 1.820421 1.51774
v 1.515189 1.820421 1.87597
v 1.361308 1.820421 1.885207
v 1.600128 1.820421 1.747324
v 1.462245 1.820421 1.508504
v 1.223425 1.820421 1.646387
v 1.521042 1.899835 1.633771
v 1.302511 1.899835 1.75994
v 1.507985 1.820421 1.641309
v 1.315568 1.820421 1.752401
v 1.348692 1.899835 1.58759
v 1.474861 1.899835 1.806121
v 1.35623 1.820421 1.600647
v 1.467322 1.820421 1.793064
v 1.442564 1.899835 1.581955
v 1.296876 1.899835 1.666068
v 1.380989 1.899835 1.811755
v 1.526677 1.899835 1.727643
v 1.452439 1.820421 1.545101
v 1.260022 1.820421 1.656193
v 1.371114 1.820421 1.84861
v 1.563531 1.820421 1.737518
v 1.442564 2.03906 1.581955
v 1.296876 2.03906 1.666068
v 1.380989 2.03906 1.811755
v 1.526677 2.03906 1.727643
v 1.452439 1.959646 1.545101
v 1.260022 1.959646 1.656193
v 1.371114 1.959646 1.84861
v 1.563531 1.959646 1.737518
v 1.090435 1.310009 0.383832
v 1.090435 1.435339 0.383832
v 1.323179 1.310009 -0.019291
v 1.323179 1.435339 -0.019291
v 1.493558 1.310009 0.616575
v 1.493558 1.435339 0.616575
v 1.726302 1.310009 0.213452
v 1.726302 1.435339 0.213452
v 1.27663 1.310009 0.061334
v 1.27663 1.435339 0.061334
v 1.679753 1.310009 0.294077
v 1.679753 1.435339 0.294077
v 1.645677 1.310009 0.166903
v 1.645677 1.435339 0.166903
v 1.412934 1.310009 0.570027
v 1.412934 1.435339 0.570027
v 1.599128 1.435339 0.247528
v 1.127674 1.310009 0.319332
v 1.530797 1.435339 0.552075
v 1.127674 1.435339 0.319332
v 1.530797 1.310009 0.552075
v 1.450173 1.435339 0.505527
v 1.387678 1.310009 0.017948
v 1.154935 1.435339 0.421071
v 1.387678 1.435339 0.017948
v 1.154935 1.310009 0.421071
v 1.34113 1.435339 0.098572
v 1.192174 1.435339 0.356571
v 1.363145 1.435313 0.180735
v 1.516965 1.435313 0.269544
v 1.428157 1.435313 0.423364
v 1.274337 1.435313 0.334556
v 1.363145 1.539036 0.180735
v 1.516965 1.539036 0.269544
v 1.428157 1.539036 0.423364
v 1.274337 1.539036 0.334556
v 1.364864 1.621232 0.187149
v 1.510551 1.621232 0.271262
v 1.426439 1.621232 0.41695
v 1.280751 1.621232 0.332837
v 1.516678 1.435339 0.092426
v 1.283934 1.310009 0.495549
v 1.470129 1.435339 0.17305
v 1.321173 1.435339 0.431049
v 1.516678 1.310009 0.092426
v 1.283934 1.435339 0.495549
v 1.440055 1.435313 0.225139
v 1.351247 1.435313 0.37896
v 1.440055 1.539036 0.225139
v 1.351247 1.539036 0.37896
v 1.458736 1.621232 0.192784
v 1.332567 1.621232 0.411315
v 1.202152 1.435339 0.190333
v 1.605275 1.310009 0.423076
v 1.202152 1.310009 0.190333
v 1.605275 1.435339 0.423076
v 1.524651 1.435339 0.376527
v 1.266652 1.435339 0.227572
v 1.472561 1.435313 0.346454
v 1.318741 1.435313 0.257646
v 1.472561 1.539036 0.346454
v 1.318741 1.539036 0.257646
v 1.504917 1.621232 0.365134
v 1.286386 1.621232 0.238965
v 1.44612 1.541817 0.490401
v 1.2073 1.541817 0.352518
v 1.345183 1.541817 0.113698
v 1.584003 1.541817 0.251581
v 1.499063 1.541817 0.122935
v 1.292239 1.541817 0.481165
v 1.574766 1.541817 0.405462
v 1.216536 1.541817 0.198637
v 1.417678 1.639514 0.263898
v 1.435771 1.639514 0.2913
v 1.433803 1.639514 0.324077
v 1.406401 1.639514 0.342169
v 1.373624 1.639514 0.340202
v 1.357499 1.639514 0.280023
v 1.355532 1.639514 0.3128
v 1.384901 1.639514 0.26193
v 1.417678 1.673892 0.263898
v 1.435771 1.673892 0.2913
v 1.433803 1.673892 0.324077
v 1.406401 1.673892 0.342169
v 1.373624 1.673892 0.340202
v 1.357499 1.673892 0.280023
v 1.355532 1.673892 0.3128
v 1.384901 1.673892 0.26193
v 1.354989 1.676284 0.150295
v 1.547406 1.676284 0.261387
v 1.436314 1.676284 0.453804
v 1.243896 1.676284 0.342712
v 1.364864 1.755698 0.187149
v 1.510551 1.755698 0.271262
v 1.426439 1.755698 0.41695
v 1.280751 1.755698 0.332837
v 1.451197 1.676284 0.205841
v 1.340105 1.676284 0.398258
v 1.458736 1.755698 0.192784
v 1.332567 1.755698 0.411315
v 1.49186 1.676284 0.357596
v 1.299443 1.676284 0.246504
v 1.504917 1.755698 0.365134
v 1.286386 1.755698 0.238965
v 1.44612 1.676284 0.490401
v 1.2073 1.676284 0.352518
v 1.345183 1.676284 0.113698
v 1.584003 1.676284 0.251581
v 1.499063 1.676284 0.122935
v 1.292239 1.676284 0.481165
v 1.574766 1.676284 0.405462
v 1.216536 1.676284 0.198637
v 1.417678 1.773981 0.263898
v 1.435771 1.773981 0.2913
v 1.433803 1.773981 0.324077
v 1.406401 1.773981 0.342169
v 1.373624 1.773981 0.340202
v 1.357499 1.773981 0.280023
v 1.355532 1.773981 0.3128
v 1.384901 1.773981 0.26193
v 1.417678 1.81697 0.263898
v 1.435771 1.81697 0.2913
v 1.433803 1.81697 0.324077
v 1.406401 1.81697 0.342169
v 1.373624 1.81697 0.340202
v 1.357499 1.81697 0.280023
v 1.355532 1.81697 0.3128
v 1.384901 1.81697 0.26193
v 1.451197 1.959646 0.205841
v 1.340105 1.959646 0.398258
v 1.458736 2.03906 0.192784
v 1.332567 2.03906 0.411315
v 1.49186 1.959646 0.357596
v 1.299443 1.959646 0.246504
v 1.504917 2.03906 0.365134
v 1.286386 2.03906 0.238965
v 1.44612 1.959646 0.490401
v 1.2073 1.959646 0.352518
v 1.345183 1.959646 0.113698
v 1.584003 1.959646 0.251581
v 1.499063 1.959646 0.122935
v 1.292239 1.959646 0.481165
v 1.574766 1.959646 0.405462
v 1.216536 1.959646 0.198637
v 1.417678 2.057342 0.263898
v 1.435771 2.057342 0.2913
v 1.433803 2.057342 0.324077
v 1.406401 2.057342 0.342169
v 1.373624 2.057342 0.340202
v 1.357499 2.057342 0.280023
v 1.355532 2.057342 0.3128
v 1.384901 2.057342 0.26193
v 1.417678 2.09172 0.263898
v 1.435771 2.09172 0.2913
v 1.433803 2.09172 0.324077
v 1.406401 2.09172 0.342169
v 1.373624 2.09172 0.340202
v 1.357499 2.09172 0.280023
v 1.355532 2.09172 0.3128
v 1.384901 2.09172 0.26193
v 1.384901 1.956631 0.26193
v 1.355532 1.956631 0.3128
v 1.357499 1.956631 0.280023
v 1.373624 1.956631 0.340202
v 1.406401 1.956631 0.342169
v 1.433803 1.956631 0.324077
v 1.435771 1.956631 0.2913
v 1.417678 1.956631 0.263898
v 1.384901 1.918118 0.26193
v 1.355532 1.918118 0.3128
v 1.357499 1.918118 0.280023
v 1.373624 1.918118 0.340202
v 1.406401 1.918118 0.342169
v 1.433803 1.918118 0.324077
v 1.435771 1.918118 0.2913
v 1.417678 1.918118 0.263898
v 1.216536 1.820421 0.198637
v 1.574766 1.820421 0.405462
v 1.292239 1.820421 0.481165
v 1.499063 1.820421 0.122935
v 1.584003 1.820421 0.251581
v 1.345183 1.820421 0.113698
v 1.2073 1.820421 0.352518
v 1.44612 1.820421 0.490401
v 1.286386 1.899835 0.238965
v 1.504917 1.899835 0.365134
v 1.299443 1.820421 0.246504
v 1.49186 1.820421 0.357596
v 1.332567 1.899835 0.411315
v 1.458736 1.899835 0.192784
v 1.340105 1.820421 0.398258
v 1.451197 1.820421 0.205841
v 1.280751 1.899835 0.332837
v 1.426439 1.899835 0.41695
v 1.510551 1.899835 0.271262
v 1.364864 1.899835 0.187149
v 1.243896 1.820421 0.342712
v 1.436314 1.820421 0.453804
v 1.547406 1.820421 0.261387
v 1.354989 1.820421 0.150295
v 1.280751 2.03906 0.332837
v 1.426439 2.03906 0.41695
v 1.510551 2.03906 0.271262
v 1.364864 2.03906 0.187149
v 1.243896 1.959646 0.342712
v 1.436314 1.959646 0.453804
v 1.547406 1.959646 0.261387
v 1.354989 1.959646 0.150295
v 0.41921 2.637926 1.236851
v 0.41921 2.763256 1.236851
v -0.046276 2.637926 1.236851
v -0.046276 2.763256 1.236851
v 0.41921 2.637926 0.771364
v 0.41921 2.763256 0.771364
v -0.046276 2.637926 0.771364
v -0.046276 2.763256 0.771364
v 0.046821 2.637926 1.236851
v 0.046821 2.763256 1.236851
v 0.046821 2.637926 0.771364
v 0.046821 2.763256 0.771364
v -0.046276 2.637926 0.864461
v -0.046276 2.763256 0.864461
v 0.41921 2.637926 0.864461
v 0.41921 2.763256 0.864461
v 0.046821 2.763256 0.864461
v 0.344732 2.637926 1.236851
v 0.344732 2.763256 0.771364
v 0.344732 2.763256 1.236851
v 0.344732 2.637926 0.771364
v 0.344732 2.763256 0.864461
v -0.046276 2.637926 1.162373
v 0.41921 2.763256 1.162373
v -0.046276 2.763256 1.162373
v 0.41921 2.637926 1.162373
v 0.046821 2.763256 1.162373
v 0.344732 2.763256 1.162373
v 0.106969 2.763229 1.102225
v 0.106969 2.763229 0.924609
v 0.284585 2.763229 0.924609
v 0.284585 2.763229 1.102225
v 0.106969 2.866953 1.102225
v 0.106969 2.866953 0.924609
v 0.284585 2.866953 0.924609
v 0.284585 2.866953 1.102225
v 0.111664 2.949148 1.09753
v 0.111664 2.949148 0.929304
v 0.27989 2.949148 0.929304
v 0.27989 2.949148 1.09753
v -0.046276 2.763256 1.013417
v 0.41921 2.637926 1.013417
v 0.046821 2.763256 1.013417
v 0.344732 2.763256 1.013417
v -0.046276 2.637926 1.013417
v 0.41921 2.763256 1.013417
v 0.106969 2.763229 1.013417
v 0.284585 2.763229 1.013417
v 0.106969 2.866953 1.013417
v 0.284585 2.866953 1.013417
v 0.069608 2.949148 1.013417
v 0.321946 2.949148 1.013417
v 0.195777 2.763256 1.236851
v 0.195777 2.637926 0.771364
v 0.195777 2.637926 1.236851
v 0.195777 2.763256 0.771364
v 0.195777 2.763256 0.864461
v 0.195777 2.763256 1.162373
v 0.195777 2.763229 0.924609
v 0.195777 2.763229 1.102225
v 0.195777 2.866953 0.924609
v 0.195777 2.866953 1.102225
v 0.195777 2.949148 0.887248
v 0.195777 2.949148 1.139586
v 0.33366 2.869734 0.875534
v 0.33366 2.869734 1.1513
v 0.057894 2.869734 1.1513
v 0.057894 2.869734 0.875534
v -0.011047 2.869734 1.013417
v 0.402601 2.869734 1.013417
v 0.195777 2.869734 0.806593
v 0.195777 2.869734 1.220241
v 0.151723 2.96743 1.013417
v 0.166407 2.96743 0.984048
v 0.195777 2.96743 0.969363
v 0.225146 2.96743 0.984048
v 0.239831 2.96743 1.013417
v 0.195777 2.96743 1.057471
v 0.225146 2.96743 1.042787
v 0.166407 2.96743 1.042787
v 0.151723 3.001808 1.013417
v 0.166407 3.001808 0.984048
v 0.195777 3.001808 0.969363
v 0.225146 3.001808 0.984048
v 0.239831 3.001808 1.013417
v 0.195777 3.001808 1.057471
v 0.225146 3.001808 1.042787
v 0.166407 3.001808 1.042787
v 0.084685 3.004201 1.124509
v 0.084685 3.004201 0.902325
v 0.306869 3.004201 0.902325
v 0.306869 3.004201 1.124509
v 0.111664 3.083615 1.09753
v 0.111664 3.083615 0.929304
v 0.27989 3.083615 0.929304
v 0.27989 3.083615 1.09753
v 0.084685 3.004201 1.013417
v 0.306869 3.004201 1.013417
v 0.069608 3.083615 1.013417
v 0.321946 3.083615 1.013417
v 0.195777 3.004201 0.902325
v 0.195777 3.004201 1.124509
v 0.195777 3.083615 0.887248
v 0.195777 3.083615 1.139586
v 0.33366 3.004201 0.875534
v 0.33366 3.004201 1.1513
v 0.057894 3.004201 1.1513
v 0.057894 3.004201 0.875534
v -0.011047 3.004201 1.013417
v 0.402601 3.004201 1.013417
v 0.195777 3.004201 0.806593
v 0.195777 3.004201 1.220241
v 0.151723 3.101897 1.013417
v 0.166407 3.101897 0.984048
v 0.195777 3.101897 0.969363
v 0.225146 3.101897 0.984048
v 0.239831 3.101897 1.013417
v 0.195777 3.101897 1.057471
v 0.225146 3.101897 1.042787
v 0.166407 3.101897 1.042787
v 0.151723 3.144886 1.013417
v 0.166407 3.144886 0.984048
v 0.195777 3.144886 0.969363
v 0.225146 3.144886 0.984048
v 0.239831 3.144886 1.013417
v 0.195777 3.144886 1.057471
v 0.225146 3.144886 1.042787
v 0.166407 3.144886 1.042787
v 0.084685 3.287562 1.013417
v 0.306869 3.287562 1.013417
v 0.069608 3.366976 1.013417
v 0.321946 3.366976 1.013417
v 0.195777 3.287562 0.902325
v 0.195777 3.287562 1.124509
v 0.195777 3.366976 0.887248
v 0.195777 3.366976 1.139586
v 0.33366 3.287562 0.875534
v 0.33366 3.287562 1.1513
v 0.057894 3.287562 1.1513
v 0.057894 3.287562 0.875534
v -0.011047 3.287562 1.013417
v 0.402601 3.287562 1.013417
v 0.195777 3.287562 0.806593
v 0.195777 3.287562 1.220241
v 0.151723 3.385259 1.013417
v 0.166407 3.385259 0.984048
v 0.195777 3.385259 0.969363
v 0.225146 3.385259 0.984048
v 0.239831 3.385259 1.013417
v 0.195777 3.385259 1.057471
v 0.225146 3.385259 1.042787
v 0.166407 3.385259 1.042787
v 0.151723 3.419636 1.013417
v 0.166407 3.419636 0.984048
v 0.195777 3.419636 0.969363
v 0.225146 3.419636 0.984048
v 0.239831 3.419636 1.013417
v 0.195777 3.419636 1.057471
v 0.225146 3.419636 1.042787
v 0.166407 3.419636 1.042787
v 0.166407 3.284547 1.042787
v 0.225146 3.284547 1.042787
v 0.195777 3.284547 1.057471
v 0.239831 3.284547 1.013417
v 0.225146 3.284547 0.984048
v 0.195777 3.284547 0.969363
v 0.166407 3.284547 0.984048
v 0.151723 3.284547 1.013417
v 0.166407 3.246034 1.042787
v 0.225146 3.246034 1.042787
v 0.195777 3.246034 1.057471
v 0.239831 3.246034 1.013417
v 0.225146 3.246034 0.984048
v 0.195777 3.246034 0.969363
v 0.166407 3.246034 0.984048
v 0.151723 3.246034 1.013417
v 0.195777 3.148338 1.220241
v 0.195777 3.148338 0.806593
v 0.402601 3.148338 1.013417
v -0.011047 3.148338 1.013417
v 0.057894 3.148338 0.875534
v 0.057894 3.148338 1.1513
v 0.33366 3.148338 1.1513
v 0.33366 3.148338 0.875534
v 0.195777 3.227752 1.139586
v 0.195777 3.227752 0.887248
v 0.195777 3.148338 1.124509
v 0.195777 3.148338 0.902325
v 0.321946 3.227752 1.013417
v 0.069608 3.227752 1.013417
v 0.306869 3.148338 1.013417
v 0.084685 3.148338 1.013417
v 0.27989 3.227752 1.09753
v 0.27989 3.227752 0.929304
v 0.111664 3.227752 0.929304
v 0.111664 3.227752 1.09753
v 0.306869 3.148338 1.124509
v 0.306869 3.148338 0.902325
v 0.084685 3.148338 0.902325
v 0.084685 3.148338 1.124509
v 0.27989 3.366976 1.09753
v 0.27989 3.366976 0.929304
v 0.111664 3.366976 0.929304
v 0.111664 3.366976 1.09753
v 0.306869 3.287562 1.124509
v 0.306869 3.287562 0.902325
v 0.084685 3.287562 0.902325
v 0.084685 3.287562 1.124509
v 1.493559 2.637926 1.391639
v 1.493559 2.763256 1.391639
v 1.726302 2.637926 1.794762
v 1.726302 2.763256 1.794762
v 1.090436 2.637926 1.624383
v 1.090436 2.763256 1.624383
v 1.323179 2.637926 2.027506
v 1.323179 2.763256 2.027506
v 1.679753 2.637926 1.714138
v 1.679753 2.763256 1.714138
v 1.27663 2.637926 1.946881
v 1.27663 2.763256 1.946881
v 1.403803 2.637926 1.980957
v 1.403803 2.763256 1.980957
v 1.17106 2.637926 1.577834
v 1.17106 2.763256 1.577834
v 1.357255 2.763256 1.900332
v 1.530797 2.637926 1.456139
v 1.127675 2.763256 1.688882
v 1.530797 2.763256 1.456139
v 1.127675 2.637926 1.688882
v 1.208299 2.763256 1.642334
v 1.661802 2.637926 1.832001
v 1.429059 2.763256 1.428878
v 1.661802 2.763256 1.832001
v 1.429059 2.637926 1.428878
v 1.615254 2.763256 1.751377
v 1.466298 2.763256 1.493378
v 1.533091 2.763229 1.729361
v 1.37927 2.763229 1.81817
v 1.290462 2.763229 1.664349
v 1.444282 2.763229 1.575541
v 1.533091 2.866953 1.729361
v 1.37927 2.866953 1.81817
v 1.290462 2.866953 1.664349
v 1.444282 2.866953 1.575541
v 1.526677 2.949148 1.727643
v 1.380989 2.949148 1.811755
v 1.296876 2.949148 1.666068
v 1.442564 2.949148 1.581955
v 1.532803 2.763256 1.906479
v 1.30006 2.637926 1.503356
v 1.486254 2.763256 1.825855
v 1.337299 2.763256 1.567856
v 1.532803 2.637926 1.906479
v 1.30006 2.763256 1.503356
v 1.45618 2.763229 1.773765
v 1.367372 2.763229 1.619945
v 1.45618 2.866953 1.773765
v 1.367372 2.866953 1.619945
v 1.474861 2.949148 1.806121
v 1.348692 2.949148 1.58759
v 1.605275 2.763256 1.585138
v 1.202152 2.637926 1.817882
v 1.605275 2.637926 1.585138
v 1.202152 2.763256 1.817882
v 1.282777 2.763256 1.771333
v 1.540776 2.763256 1.622377
v 1.334866 2.763229 1.741259
v 1.488687 2.763229 1.652451
v 1.334866 2.866953 1.741259
v 1.488687 2.866953 1.652451
v 1.302511 2.949148 1.75994
v 1.521042 2.949148 1.633771
v 1.223425 2.869734 1.646387
v 1.462245 2.869734 1.508504
v 1.600128 2.869734 1.747324
v 1.361308 2.869734 1.885207
v 1.515189 2.869734 1.87597
v 1.308364 2.869734 1.51774
v 1.232661 2.869734 1.800267
v 1.590891 2.869734 1.593443
v 1.433803 2.96743 1.735007
v 1.401026 2.96743 1.736975
v 1.373624 2.96743 1.718882
v 1.371657 2.96743 1.686105
v 1.389749 2.96743 1.658703
v 1.449928 2.96743 1.674828
v 1.422526 2.96743 1.656736
v 1.451896 2.96743 1.707605
v 1.433803 3.001808 1.735007
v 1.401026 3.001808 1.736975
v 1.373624 3.001808 1.718882
v 1.371657 3.001808 1.686105
v 1.389749 3.001808 1.658703
v 1.449928 3.001808 1.674828
v 1.422526 3.001808 1.656736
v 1.451896 3.001808 1.707605
v 1.563531 3.004201 1.737518
v 1.371114 3.004201 1.84861
v 1.260022 3.004201 1.656193
v 1.452439 3.004201 1.545101
v 1.526677 3.083615 1.727643
v 1.380989 3.083615 1.811755
v 1.296876 3.083615 1.666068
v 1.442564 3.083615 1.581955
v 1.467322 3.004201 1.793064
v 1.35623 3.004201 1.600647
v 1.474861 3.083615 1.806121
v 1.348692 3.083615 1.58759
v 1.315568 3.004201 1.752401
v 1.507985 3.004201 1.641309
v 1.302511 3.083615 1.75994
v 1.521042 3.083615 1.633771
v 1.223425 3.004201 1.646387
v 1.462245 3.004201 1.508504
v 1.600128 3.004201 1.747324
v 1.361308 3.004201 1.885207
v 1.515189 3.004201 1.87597
v 1.308364 3.004201 1.51774
v 1.232661 3.004201 1.800267
v 1.590891 3.004201 1.593443
v 1.433803 3.101897 1.735007
v 1.401026 3.101897 1.736975
v 1.373624 3.101897 1.718882
v 1.371657 3.101897 1.686105
v 1.389749 3.101897 1.658703
v 1.449928 3.101897 1.674828
v 1.422526 3.101897 1.656736
v 1.451896 3.101897 1.707605
v 1.433803 3.144886 1.735007
v 1.401026 3.144886 1.736975
v 1.373624 3.144886 1.718882
v 1.371657 3.144886 1.686105
v 1.389749 3.144886 1.658703
v 1.449928 3.144886 1.674828
v 1.422526 3.144886 1.656736
v 1.451896 3.144886 1.707605
v 1.467322 3.287562 1.793064
v 1.35623 3.287562 1.600647
v 1.474861 3.366976 1.806121
v 1.348692 3.366976 1.58759
v 1.315568 3.287562 1.752401
v 1.507985 3.287562 1.641309
v 1.302511 3.366976 1.75994
v 1.521042 3.366976 1.633771
v 1.223425 3.287562 1.646387
v 1.462245 3.287562 1.508504
v 1.600128 3.287562 1.747324
v 1.361308 3.287562 1.885207
v 1.515189 3.287562 1.87597
v 1.308364 3.287562 1.51774
v 1.232661 3.287562 1.800267
v 1.590891 3.287562 1.593443
v 1.433803 3.385259 1.735007
v 1.401026 3.385259 1.736975
v 1.373624 3.385259 1.718882
v 1.371657 3.385259 1.686105
v 1.389749 3.385259 1.658703
v 1.449928 3.385259 1.674828
v 1.422526 3.385259 1.656736
v 1.451896 3.385259 1.707605
v 1.433803 3.419636 1.735007
v 1.401026 3.419636 1.736975
v 1.373624 3.419636 1.718882
v 1.371657 3.419636 1.686105
v 1.389749 3.419636 1.658703
v 1.449928 3.419636 1.674828
v 1.422526 3.419636 1.656736
v 1.451896 3.419636 1.707605
v 1.451896 3.284547 1.707605
v 1.422526 3.284547 1.656736
v 1.449928 3.284547 1.674828
v 1.389749 3.284547 1.658703
v 1.371657 3.284547 1.686105
v 1.373624 3.284547 1.718882
v 1.401026 3.284547 1.736975
v 1.433803 3.284547 1.735007
v 1.451896 3.246034 1.707605
v 1.422526 3.246034 1.656736
v 1.449928 3.246034 1.674828
v 1.389749 3.246034 1.658703
v 1.371657 3.246034 1.686105
v 1.373624 3.246034 1.718882
v 1.401026 3.246034 1.736975
v 1.433803 3.246034 1.735007
v 1.590891 3.148338 1.593443
v 1.232661 3.148338 1.800267
v 1.308364 3.148338 1.51774
v 1.515189 3.148338 1.87597
v 1.361308 3.148338 1.885207
v 1.600128 3.148338 1.747324
v 1.462245 3.148338 1.508504
v 1.223425 3.148338 1.646387
v 1.521042 3.227752 1.633771
v 1.302511 3.227752 1.75994
v 1.507985 3.148338 1.641309
v 1.315568 3.148338 1.752401
v 1.348692 3.227752 1.58759
v 1.474861 3.227752 1.806121
v 1.35623 3.148338 1.600647
v 1.467322 3.148338 1.793064
v 1.442564 3.227752 1.581955
v 1.296876 3.227752 1.666068
v 1.380989 3.227752 1.811755
v 1.526677 3.227752 1.727643
v 1.452439 3.148338 1.545101
v 1.260022 3.148338 1.656193
v 1.371114 3.148338 1.84861
v 1.563531 3.148338 1.737518
v 1.442564 3.366976 1.581955
v 1.296876 3.366976 1.666068
v 1.380989 3.366976 1.811755
v 1.526677 3.366976 1.727643
v 1.452439 3.287562 1.545101
v 1.260022 3.287562 1.656193
v 1.371114 3.287562 1.84861
v 1.563531 3.287562 1.737518
v 1.090435 2.637926 0.383832
v 1.090435 2.763256 0.383832
v 1.323179 2.637926 -0.019291
v 1.323179 2.763256 -0.019291
v 1.493558 2.637926 0.616575
v 1.493558 2.763256 0.616575
v 1.726302 2.637926 0.213452
v 1.726302 2.763256 0.213452
v 1.27663 2.637926 0.061334
v 1.27663 2.763256 0.061334
v 1.679753 2.637926 0.294077
v 1.679753 2.763256 0.294077
v 1.645677 2.637926 0.166903
v 1.645677 2.763256 0.166903
v 1.412934 2.637926 0.570027
v 1.412934 2.763256 0.570027
v 1.599128 2.763256 0.247528
v 1.127674 2.637926 0.319332
v 1.530797 2.763256 0.552075
v 1.127674 2.763256 0.319332
v 1.530797 2.637926 0.552075
v 1.450173 2.763256 0.505527
v 1.387678 2.637926 0.017948
v 1.154935 2.763256 0.421071
v 1.387678 2.763256 0.017948
v 1.154935 2.637926 0.421071
v 1.34113 2.763256 0.098572
v 1.192174 2.763256 0.356571
v 1.363145 2.763229 0.180735
v 1.516965 2.763229 0.269544
v 1.428157 2.763229 0.423364
v 1.274337 2.763229 0.334556
v 1.363145 2.866953 0.180735
v 1.516965 2.866953 0.269544
v 1.428157 2.866953 0.423364
v 1.274337 2.866953 0.334556
v 1.364864 2.949148 0.187149
v 1.510551 2.949148 0.271262
v 1.426439 2.949148 0.41695
v 1.280751 2.949148 0.332837
v 1.516678 2.763256 0.092426
v 1.283934 2.637926 0.495549
v 1.470129 2.763256 0.17305
v 1.321173 2.763256 0.431049
v 1.516678 2.637926 0.092426
v 1.283934 2.763256 0.495549
v 1.440055 2.763229 0.225139
v 1.351247 2.763229 0.37896
v 1.440055 2.866953 0.225139
v 1.351247 2.866953 0.37896
v 1.458736 2.949148 0.192784
v 1.332567 2.949148 0.411315
v 1.202152 2.763256 0.190333
v 1.605275 2.637926 0.423076
v 1.202152 2.637926 0.190333
v 1.605275 2.763256 0.423076
v 1.524651 2.763256 0.376527
v 1.266652 2.763256 0.227572
v 1.472561 2.763229 0.346454
v 1.318741 2.763229 0.257646
v 1.472561 2.866953 0.346454
v 1.318741 2.866953 0.257646
v 1.504917 2.949148 0.365134
v 1.286386 2.949148 0.238965
v 1.44612 2.869734 0.490401
v 1.2073 2.869734 0.352518
v 1.345183 2.869734 0.113698
v 1.584003 2.869734 0.251581
v 1.499063 2.869734 0.122935
v 1.292239 2.869734 0.481165
v 1.574766 2.869734 0.405462
v 1.216536 2.869734 0.198637
v 1.417678 2.96743 0.263898
v 1.435771 2.96743 0.2913
v 1.433803 2.96743 0.324077
v 1.406401 2.96743 0.342169
v 1.373624 2.96743 0.340202
v 1.357499 2.96743 0.280023
v 1.355532 2.96743 0.3128
v 1.384901 2.96743 0.26193
v 1.417678 3.001808 0.263898
v 1.435771 3.001808 0.2913
v 1.433803 3.001808 0.324077
v 1.406401 3.001808 0.342169
v 1.373624 3.001808 0.340202
v 1.357499 3.001808 0.280023
v 1.355532 3.001808 0.3128
v 1.384901 3.001808 0.26193
v 1.354989 3.004201 0.150295
v 1.547406 3.004201 0.261387
v 1.436314 3.004201 0.453804
v 1.243896 3.004201 0.342712
v 1.364864 3.083615 0.187149
v 1.510551 3.083615 0.271262
v 1.426439 3.083615 0.41695
v 1.280751 3.083615 0.332837
v 1.451197 3.004201 0.205841
v 1.340105 3.004201 0.398258
v 1.458736 3.083615 0.192784
v 1.332567 3.083615 0.411315
v 1.49186 3.004201 0.357596
v 1.299443 3.004201 0.246504
v 1.504917 3.083615 0.365134
v 1.286386 3.083615 0.238965
v 1.44612 3.004201 0.490401
v 1.2073 3.004201 0.352518
v 1.345183 3.004201 0.113698
v 1.584003 3.004201 0.251581
v 1.499063 3.004201 0.122935
v 1.292239 3.004201 0.481165
v 1.574766 3.004201 0.405462
v 1.216536 3.004201 0.198637
v 1.417678 3.101897 0.263898
v 1.435771 3.101897 0.2913
v 1.433803 3.101897 0.324077
v 1.406401 3.101897 0.342169
v 1.373624 3.101897 0.340202
v 1.357499 3.101897 0.280023
v 1.355532 3.101897 0.3128
v 1.384901 3.101897 0.26193
v 1.417678 3.144886 0.263898
v 1.435771 3.144886 0.2913
v 1.433803 3.144886 0.324077
v 1.406401 3.144886 0.342169
v 1.373624 3.144886 0.340202
v 1.357499 3.144886 0.280023
v 1.355532 3.144886 0.3128
v 1.384901 3.144886 0.26193
v 1.451197 3.287562 0.205841
v 1.340105 3.287562 0.398258
v 1.458736 3.366976 0.192784
v 1.332567 3.366976 0.411315
v 1.49186 3.287562 0.357596
v 1.299443 3.287562 0.246504
v 1.504917 3.366976 0.365134
v 1.286386 3.366976 0.238965
v 1.44612 3.287562 0.490401
v 1.2073 3.287562 0.352518
v 1.345183 3.287562 0.113698
v 1.584003 3.287562 0.251581
v 1.499063 3.287562 0.122935
v 1.292239 3.287562 0.481165
v 1.574766 3.287562 0.405462
v 1.216536 3.287562 0.198637
v 1.417678 3.385259 0.263898
v 1.435771 3.385259 0.2913
v 1.433803 3.385259 0.324077
v 1.406401 3.385259 0.342169
v 1.373624 3.385259 0.340202
v 1.357499 3.385259 0.280023
v 1.355532 3.385259 0.3128
v 1.384901 3.385259 0.26193
v 1.417678 3.419636 0.263898
v 1.435771 3.419636 0.2913
v 1.433803 3.419636 0.324077
v 1.406401 3.419636 0.342169
v 1.373624 3.419636 0.340202
v 1.357499 3.419636 0.280023
v 1.355532 3.419636 0.3128
v 1.384901 3.419636 0.26193
v 1.384901 3.284547 0.26193
v 1.355532 3.284547 0.3128
v 1.357499 3.284547 0.280023
v 1.373624 3.284547 0.340202
v 1.406401 3.284547 0.342169
v 1.433803 3.284547 0.324077
v 1.435771 3.284547 0.2913
v 1.417678 3.284547 0.263898
v 1.384901 3.246034 0.26193
v 1.355532 3.246034 0.3128
v 1.357499 3.246034 0.280023
v 1.373624 3.246034 0.340202
v 1.406401 3.246034 0.342169
v 1.433803 3.246034 0.324077
v 1.435771 3.246034 0.2913
v 1.417678 3.246034 0.263898
v 1.216536 3.148338 0.198637
v 1.574766 3.148338 0.405462
v 1.292239 3.148338 0.481165
v 1.499063 3.148338 0.122935
v 1.584003 3.148338 0.251581
v 1.345183 3.148338 0.113698
v 1.2073 3.148338 0.352518
v 1.44612 3.148338 0.490401
v 1.286386 3.227752 0.238965
v 1.504917 3.227752 0.365134
v 1.299443 3.148338 0.246504
v 1.49186 3.148338 0.357596
v 1.332567 3.227752 0.411315
v 1.458736 3.227752 0.192784
v 1.340105 3.148338 0.398258
v 1.451197 3.148338 0.205841
v 1.280751 3.227752 0.332837
v 1.426439 3.227752 0.41695
v 1.510551 3.227752 0.271262
v 1.364864 3.227752 0.187149
v 1.243896 3.148338 0.342712
v 1.436314 3.148338 0.453804
v 1.547406 3.148338 0.261387
v 1.354989 3.148338 0.150295
v 1.280751 3.366976 0.332837
v 1.426439 3.366976 0.41695
v 1.510551 3.366976 0.271262
v 1.364864 3.366976 0.187149
v 1.243896 3.287562 0.342712
v 1.436314 3.287562 0.453804
v 1.547406 3.287562 0.261387
v 1.354989 3.287562 0.150295
vt 0.394413 0.222547
vt 0.394413 0.400414
vt 0.326346 0.400414
vt 0.326346 0.222547
vt 0.054079 0.223008
vt 0.054079 0.045141
vt 0.122146 0.045141
vt 0.122146 0.223008
vt 0.258279 0.223008
vt 0.258279 0.400875
vt 0.190213 0.400875
vt 0.190213 0.223008
vt 0.598613 0.223172
vt 0.598613 0.401039
vt 0.530546 0.401039
vt 0.530546 0.223172
vt 0.46248 0.222546
vt 0.46248 0.044679
vt 0.530546 0.044679
vt 0.530546 0.222546
vt 0.258279 0.222749
vt 0.258279 0.044882
vt 0.326346 0.044882
vt 0.326346 0.222749
vt 0.122146 0.223008
vt 0.190213 0.045141
vt 0.190213 0.223008
vt 0.394413 0.223171
vt 0.394413 0.045304
vt 0.46248 0.045304
vt 0.46248 0.223171
vt 0.385787 0.421239
vt 0.334733 0.421248
vt 0.4028 0.02447
vt 0.453853 0.024478
vt 0.334992 0.202338
vt 0.334762 0.02447
vt 0.385815 0.024478
vt 0.386046 0.202347
vt 0.113325 0.243419
vt 0.113922 0.421286
vt 0.062852 0.421278
vt 0.062255 0.243411
vt 0.19836 0.024478
vt 0.24943 0.02447
vt 0.250084 0.202337
vt 0.199014 0.202345
vt 0.538885 0.024478
vt 0.589938 0.02447
vt 0.590226 0.202338
vt 0.539173 0.202346
vt 0.521872 0.421248
vt 0.470818 0.421239
vt 0.471106 0.243371
vt 0.522159 0.24338
vt 0.31815 0.243419
vt 0.317497 0.421286
vt 0.266427 0.421278
vt 0.267081 0.243411
vt 0.182037 0.243411
vt 0.18144 0.421278
vt 0.13037 0.421286
vt 0.130967 0.243419
vt 0.454112 0.243371
vt 0.453882 0.421239
vt 0.402828 0.421248
vt 0.403059 0.24338
vt 0.130342 0.02447
vt 0.181412 0.024478
vt 0.266456 0.024478
vt 0.317525 0.02447
vt 0.470847 0.024478
vt 0.5219 0.02447
vt 0.589967 0.421247
vt 0.538914 0.421239
vt 0.249459 0.421286
vt 0.198389 0.421278
vt 0.06288 0.024478
vt 0.11395 0.02447
vt 0.735954 0.441856
vt 0.735954 0.483208
vt 0.690984 0.483208
vt 0.690984 0.441856
vt 0.735954 0.528177
vt 0.780923 0.483208
vt 0.780923 0.528177
vt 0.825892 0.441856
vt 0.825892 0.483208
vt 0.780923 0.441856
vt 0.735954 0.355536
vt 0.780923 0.355536
vt 0.780923 0.396887
vt 0.735954 0.396887
vt 0.735954 0.269215
vt 0.735954 0.310567
vt 0.690984 0.310567
vt 0.690984 0.269215
vt 0.780923 0.310567
vt 0.825892 0.269215
vt 0.825892 0.310567
vt 0.780923 0.269215
vt 0.735954 0.182895
vt 0.780923 0.182895
vt 0.780923 0.224246
vt 0.735954 0.224246
vt 0.870903 0.269348
vt 0.870903 0.310699
vt 0.825934 0.310699
vt 0.825934 0.269348
vt 0.870903 0.355668
vt 0.915872 0.310699
vt 0.915872 0.355668
vt 0.960841 0.269348
vt 0.960841 0.310699
vt 0.915872 0.269348
vt 0.870903 0.183027
vt 0.915872 0.183027
vt 0.915872 0.224379
vt 0.870903 0.224379
vt 0.735954 0.096574
vt 0.735954 0.137926
vt 0.690984 0.137926
vt 0.690984 0.096574
vt 0.780923 0.137926
vt 0.825892 0.096574
vt 0.825892 0.137926
vt 0.780923 0.096574
vt 0.735954 0.010254
vt 0.780923 0.010254
vt 0.780923 0.051605
vt 0.735954 0.051605
vt 0.870969 0.441887
vt 0.870969 0.483238
vt 0.826 0.483238
vt 0.826 0.441887
vt 0.870969 0.528207
vt 0.915938 0.483238
vt 0.915938 0.528207
vt 0.960907 0.441887
vt 0.960907 0.483238
vt 0.915938 0.441887
vt 0.870969 0.355566
vt 0.915938 0.355566
vt 0.915938 0.396917
vt 0.870969 0.396917
vt 0.870861 0.096574
vt 0.870861 0.137926
vt 0.825892 0.137926
vt 0.825892 0.096574
vt 0.870861 0.182895
vt 0.91583 0.137926
vt 0.91583 0.182895
vt 0.960799 0.096574
vt 0.960799 0.137926
vt 0.91583 0.096574
vt 0.870861 0.010254
vt 0.91583 0.010254
vt 0.91583 0.051605
vt 0.870861 0.051605
vt 0.763586 0.814346
vt 0.86414 0.814346
vt 0.86414 0.864623
vt 0.763586 0.864623
vt 0.86414 0.9149
vt 0.763586 0.9149
vt 0.763586 0.613238
vt 0.86414 0.613238
vt 0.86414 0.663515
vt 0.763586 0.663515
vt 0.86414 0.713792
vt 0.763586 0.713792
vt 0.907681 0.588099
vt 0.951222 0.613238
vt 0.951222 0.663515
vt 0.907681 0.688653
vt 0.86414 0.764069
vt 0.763586 0.764069
vt 0.676503 0.613238
vt 0.720044 0.588099
vt 0.720044 0.688653
vt 0.676503 0.663515
vt 0.316703 0.650241
vt 0.326346 0.650241
vt 0.326346 0.700741
vt 0.23559 0.700741
vt 0.23559 0.650241
vt 0.245234 0.650241
vt 0.245234 0.575176
vt 0.23559 0.575176
vt 0.23559 0.519229
vt 0.326346 0.519229
vt 0.326346 0.575176
vt 0.316703 0.575176
vt 0.225947 0.650241
vt 0.23559 0.700741
vt 0.144835 0.700741
vt 0.144835 0.650241
vt 0.154478 0.650241
vt 0.154478 0.575176
vt 0.144835 0.575176
vt 0.144835 0.519229
vt 0.225947 0.575176
vt 0.054079 0.700741
vt 0.054079 0.650241
vt 0.063723 0.650241
vt 0.063723 0.575176
vt 0.054079 0.575176
vt 0.054079 0.519229
vt 0.135191 0.575176
vt 0.135191 0.650241
vt 0.407458 0.650241
vt 0.417102 0.650241
vt 0.417102 0.700741
vt 0.326346 0.650241
vt 0.33599 0.650241
vt 0.33599 0.575176
vt 0.417102 0.519229
vt 0.417102 0.575176
vt 0.407458 0.575176
vt 0.065424 0.49958
vt 0.13349 0.49958
vt 0.156179 0.49958
vt 0.224246 0.49958
vt 0.417102 0.575176
vt 0.417102 0.519229
vt 0.507857 0.519229
vt 0.507857 0.575176
vt 0.498214 0.575176
vt 0.498214 0.650241
vt 0.507857 0.650241
vt 0.507857 0.700741
vt 0.417102 0.700741
vt 0.417102 0.650241
vt 0.426745 0.650241
vt 0.426745 0.575176
vt 0.507857 0.700741
vt 0.598613 0.700741
vt 0.598613 0.751241
vt 0.58897 0.751241
vt 0.58897 0.826306
vt 0.598613 0.826306
vt 0.598613 0.882252
vt 0.507857 0.882252
vt 0.507857 0.826306
vt 0.517501 0.826306
vt 0.517501 0.751241
vt 0.507857 0.751241
vt 0.246935 0.49958
vt 0.315002 0.49958
vt 0.587269 0.901901
vt 0.519202 0.901901
vt 0.256578 0.77089
vt 0.246935 0.77089
vt 0.246935 0.72039
vt 0.315002 0.72039
vt 0.315002 0.77089
vt 0.305358 0.77089
vt 0.305358 0.845955
vt 0.315002 0.845955
vt 0.315002 0.901901
vt 0.246935 0.901901
vt 0.246935 0.845955
vt 0.256578 0.845955
vt 0.156179 0.72039
vt 0.224246 0.72039
vt 0.224246 0.77089
vt 0.214603 0.77089
vt 0.214603 0.845955
vt 0.224246 0.845955
vt 0.224246 0.901901
vt 0.156179 0.901901
vt 0.156179 0.845955
vt 0.165823 0.845955
vt 0.165823 0.77089
vt 0.156179 0.77089
vt 0.13349 0.901901
vt 0.065424 0.901901
vt 0.065424 0.845955
vt 0.075067 0.845955
vt 0.075067 0.77089
vt 0.065424 0.77089
vt 0.065424 0.72039
vt 0.13349 0.72039
vt 0.13349 0.77089
vt 0.123847 0.77089
vt 0.123847 0.845955
vt 0.13349 0.845955
vt 0.337691 0.72039
vt 0.405757 0.72039
vt 0.405757 0.77089
vt 0.396114 0.77089
vt 0.396114 0.845955
vt 0.405757 0.845955
vt 0.405757 0.901901
vt 0.337691 0.901901
vt 0.337691 0.845955
vt 0.347334 0.845955
vt 0.347334 0.77089
vt 0.337691 0.77089
vt 0.428446 0.77089
vt 0.428446 0.72039
vt 0.496513 0.72039
vt 0.496513 0.77089
vt 0.486869 0.77089
vt 0.48687 0.845955
vt 0.496513 0.845955
vt 0.496513 0.901901
vt 0.428446 0.901901
vt 0.428446 0.845955
vt 0.43809 0.845955
vt 0.43809 0.77089
vt 0.577625 0.630592
vt 0.587269 0.630592
vt 0.587269 0.681092
vt 0.519202 0.681092
vt 0.519202 0.630591
vt 0.528845 0.630591
vt 0.528845 0.555527
vt 0.519202 0.555527
vt 0.519202 0.49958
vt 0.587269 0.49958
vt 0.587269 0.555527
vt 0.577625 0.555527
vt 0.428446 0.49958
vt 0.496513 0.49958
vt 0.337691 0.49958
vt 0.405757 0.49958
vt 0.241832 0.976966
vt 0.241832 0.901901
vt 0.264521 0.901901
vt 0.264521 0.976966
vt 0.08159 0.901901
vt 0.104279 0.901901
vt 0.104279 0.976966
vt 0.08159 0.976966
vt 0.214322 0.901901
vt 0.214322 0.976966
vt 0.191633 0.976966
vt 0.191633 0.901901
vt 0.241832 0.976966
vt 0.219143 0.976966
vt 0.219143 0.901901
vt 0.241832 0.901901
vt 0.450508 0.929412
vt 0.450508 0.906723
vt 0.458859 0.901901
vt 0.467211 0.906723
vt 0.467211 0.929412
vt 0.458859 0.92459
vt 0.442156 0.92459
vt 0.433805 0.929412
vt 0.433805 0.906723
vt 0.442156 0.901901
vt 0.450508 0.906723
vt 0.450508 0.929412
vt 0.196454 0.985318
vt 0.219143 0.985318
vt 0.214322 0.993669
vt 0.191633 0.993669
vt 0.109101 0.985318
vt 0.104279 0.993669
vt 0.08159 0.993669
vt 0.086412 0.985318
vt 0.28721 0.901901
vt 0.28721 0.976966
vt 0.164122 0.901901
vt 0.186811 0.901901
vt 0.186811 0.976966
vt 0.164122 0.976966
vt 0.13179 0.901901
vt 0.13179 0.976966
vt 0.109101 0.976966
vt 0.109101 0.901901
vt 0.309899 0.976966
vt 0.28721 0.976966
vt 0.28721 0.901901
vt 0.309899 0.901901
vt 0.363628 0.92459
vt 0.355277 0.929412
vt 0.355277 0.906723
vt 0.363628 0.901901
vt 0.37198 0.906723
vt 0.37198 0.929412
vt 0.388683 0.92459
vt 0.380331 0.929412
vt 0.37198 0.92459
vt 0.37198 0.901901
vt 0.380331 0.906723
vt 0.388683 0.901901
vt 0.136611 0.985318
vt 0.13179 0.993669
vt 0.109101 0.993669
vt 0.113922 0.985318
vt 0.191633 0.985318
vt 0.186811 0.993669
vt 0.164122 0.993669
vt 0.168944 0.985318
vt 0.309899 0.976966
vt 0.332588 0.901901
vt 0.332588 0.976966
vt 0.054079 0.901901
vt 0.076768 0.901901
vt 0.076768 0.976966
vt 0.054079 0.976966
vt 0.1593 0.901901
vt 0.1593 0.976966
vt 0.136611 0.976966
vt 0.136611 0.901901
vt 0.355277 0.976966
vt 0.332588 0.976966
vt 0.355277 0.901901
vt 0.397034 0.901901
vt 0.405386 0.906723
vt 0.405386 0.929412
vt 0.397034 0.92459
vt 0.388683 0.929412
vt 0.388683 0.906723
vt 0.425453 0.929412
vt 0.417102 0.92459
vt 0.417102 0.901901
vt 0.425453 0.906723
vt 0.433805 0.901901
vt 0.433805 0.92459
vt 0.164122 0.985318
vt 0.1593 0.993669
vt 0.136611 0.993669
vt 0.141433 0.985318
vt 0.08159 0.985318
vt 0.076768 0.993669
vt 0.054079 0.993669
vt 0.058901 0.985318
vt 0.964217 0.442551
vt 0.964217 0.483902
vt 0.16886 0.319467
vt 0.16886 0.416156
vt 0.13571 0.416156
vt 0.13571 0.319467
vt 0.13571 0.18687
vt 0.039022 0.18687
vt 0.039022 0.15372
vt 0.13571 0.15372
vt 0.274938 0.15372
vt 0.274938 0.057032
vt 0.301457 0.057032
vt 0.301457 0.15372
vt 0.301457 0.292948
vt 0.398146 0.292948
vt 0.398146 0.319467
vt 0.301457 0.319467
vt 0.274938 0.442675
vt 0.274938 0.416156
vt 0.301457 0.416156
vt 0.301457 0.442675
vt 0.13571 0.442675
vt 0.16886 0.442675
vt 0.13571 0.057032
vt 0.16886 0.057032
vt 0.16886 0.15372
vt 0.221899 0.416156
vt 0.221899 0.442675
vt 0.13571 0.581903
vt 0.13571 0.548753
vt 0.16886 0.548753
vt 0.16886 0.581903
vt 0.274938 0.581903
vt 0.274938 0.548753
vt 0.301457 0.548753
vt 0.301457 0.581903
vt 0.398146 0.15372
vt 0.398146 0.18687
vt 0.301457 0.18687
vt 0.13571 0.239909
vt 0.039022 0.239909
vt 0.274938 0.319467
vt 0.253521 0.464092
vt 0.221899 0.464092
vt 0.190277 0.464092
vt 0.301457 0.239909
vt 0.221899 0.319467
vt 0.13571 0.292948
vt 0.221899 0.15372
vt 0.221899 0.548753
vt 0.221899 0.581903
vt 0.039022 0.319467
vt 0.039022 0.292948
vt 0.13571 0.495714
vt 0.16886 0.495714
vt 0.274938 0.495714
vt 0.301457 0.495714
vt 0.398146 0.239909
vt 0.935472 0.43251
vt 0.935472 0.463331
vt 0.857481 0.463331
vt 0.857481 0.43251
vt 0.857481 0.40169
vt 0.935472 0.40169
vt 0.253521 0.527336
vt 0.253521 0.495714
vt 0.190277 0.527336
vt 0.221899 0.527336
vt 0.190277 0.495714
vt 0.444095 0.874108
vt 0.414274 0.814311
vt 0.491296 0.787548
vt 0.509488 0.824026
vt 0.221899 0.057032
vt 0.935472 0.617434
vt 0.935472 0.648255
vt 0.857481 0.648255
vt 0.857481 0.617434
vt 0.857481 0.586614
vt 0.935472 0.586614
vt 0.935472 0.494152
vt 0.935472 0.524972
vt 0.857481 0.524972
vt 0.857481 0.494152
vt 0.727852 0.874108
vt 0.698031 0.814311
vt 0.775052 0.787548
vt 0.793244 0.824026
vt 0.850068 0.093206
vt 0.820247 0.033409
vt 0.897269 0.006646
vt 0.91546 0.043124
vt 0.585973 0.874108
vt 0.556152 0.814311
vt 0.633174 0.787548
vt 0.651366 0.824026
vt 0.698031 0.933905
vt 0.793244 0.92419
vt 0.775052 0.960668
vt 0.414274 0.933905
vt 0.509488 0.92419
vt 0.491296 0.960668
vt 0.556153 0.933905
vt 0.651366 0.92419
vt 0.633174 0.960668
vt 0.820247 0.153003
vt 0.91546 0.143288
vt 0.897269 0.179766
vt 0.935472 0.555793
vt 0.857481 0.555793
vt 0.67663 0.912602
vt 0.67663 0.874108
vt 0.67663 0.835614
vt 0.534752 0.912602
vt 0.534752 0.874108
vt 0.534752 0.835614
vt 0.798846 0.1317
vt 0.798846 0.093206
vt 0.798846 0.054712
vt 0.670278 0.780902
vt 0.67663 0.793639
vt 0.392874 0.912602
vt 0.392874 0.874108
vt 0.392874 0.835614
vt 0.948852 0.822712
vt 0.948852 0.808479
vt 0.981137 0.808479
vt 0.981137 0.822712
vt 0.934373 0
vt 0.940725 0.012737
vt 0.67663 0.954577
vt 0.670278 0.967314
vt 0.534752 0.954577
vt 0.5284 0.967314
vt 0.940725 0.173675
vt 0.934373 0.186412
vt 0.5284 0.780902
vt 0.534752 0.793639
vt 0.818509 0.954577
vt 0.812157 0.967314
vt 0.812157 0.780902
vt 0.818509 0.793639
vt 0.91702 0.899569
vt 0.90848 0.888183
vt 0.90848 0.87395
vt 0.919867 0.86541
vt 0.9341 0.86541
vt 0.942639 0.876797
vt 0.942639 0.89103
vt 0.931253 0.899569
vt 0.886672 0.341128
vt 0.886672 0.329732
vt 0.912521 0.329732
vt 0.912521 0.341128
vt 0.948852 0.851177
vt 0.948852 0.836944
vt 0.981137 0.836944
vt 0.981137 0.851177
vt 0.886672 0.352524
vt 0.912521 0.352524
vt 0.886672 0.318337
vt 0.912521 0.318337
vt 0.948852 0.86541
vt 0.981137 0.86541
vt 0.886672 0.306941
vt 0.912521 0.306941
vt 0.270175 0.819888
vt 0.240455 0.760047
vt 0.317514 0.733413
vt 0.335644 0.769917
vt 0.090673 0.819774
vt 0.120619 0.879521
vt 0.043637 0.906444
vt 0.025369 0.869997
vt 0.180396 0.909408
vt 0.240168 0.879546
vt 0.266985 0.956542
vt 0.230523 0.974759
vt 0.180865 0.729901
vt 0.120956 0.759483
vt 0.094499 0.682363
vt 0.131046 0.664317
vt 0.120475 0.759973
vt 0.025271 0.769713
vt 0.043452 0.733232
vt 0.240141 0.879572
vt 0.335381 0.870201
vt 0.317059 0.90661
vt 0.24048 0.760072
vt 0.231328 0.664811
vt 0.267695 0.683216
vt 0.130239 0.974762
vt 0.093773 0.95653
vt 0.132102 0.771569
vt 0.132169 0.819725
vt 0.132228 0.867901
vt 0.228812 0.771627
vt 0.180661 0.771395
vt 0.13251 0.771152
vt 0.180404 0.867911
vt 0.228559 0.86793
vt 0.088001 0.645236
vt 0.100762 0.638935
vt 0.228681 0.819779
vt 0.90848 0.822712
vt 0.90848 0.808479
vt 0.948852 0.808479
vt 0.948852 0.822712
vt 0.273658 0.993639
vt 0.260926 1
vt 0.261861 0.639729
vt 0.274559 0.646155
vt 0.360534 0.900676
vt 0.354136 0.913389
vt 0.099821 1
vt 0.087088 0.993634
vt 0.354626 0.726828
vt 0.360956 0.739575
vt 0 0.739335
vt 0.006348 0.726597
vt 0.00654 0.913166
vt 0.000161 0.90044
vt 0.951179 0.86541
vt 0.965412 0.86541
vt 0.976798 0.87395
vt 0.976798 0.888183
vt 0.968259 0.899569
vt 0.954026 0.899569
vt 0.942639 0.891029
vt 0.942639 0.876797
vt 0.857713 0.295545
vt 0.857713 0.28415
vt 0.890037 0.28415
vt 0.890037 0.295545
vt 0.90848 0.851177
vt 0.90848 0.836944
vt 0.948852 0.836944
vt 0.948852 0.851177
vt 0.857713 0.306941
vt 0.890037 0.306941
vt 0.857713 0.272754
vt 0.890037 0.272754
vt 0.90848 0.86541
vt 0.948852 0.86541
vt 0.857713 0.261358
vt 0.890037 0.261358
vt 0.618224 0.523252
vt 0.61833 0.494054
vt 0.666487 0.494221
vt 0.630944 0.529634
vt 0.569471 0.494575
vt 0.56983 0.542731
vt 0.570174 0.590886
vt 0.558645 0.602582
vt 0.528333 0.543034
vt 0.557773 0.483049
vt 0.666478 0.542378
vt 0.63728 0.542378
vt 0.61833 0.590702
vt 0.618224 0.561504
vt 0.630944 0.555122
vt 0.666487 0.590535
vt 0.908481 0.782859
vt 0.90848 0.768626
vt 0.940766 0.768626
vt 0.940766 0.782859
vt 0.605456 0.555215
vt 0.599028 0.542518
vt 0.668863 0.697361
vt 0.705256 0.679003
vt 0.712072 0.716075
vt 0.699364 0.722486
vt 0.908481 0.740161
vt 0.90848 0.725928
vt 0.940766 0.725928
vt 0.940766 0.740161
vt 0.90848 0.754394
vt 0.940766 0.754394
vt 0.6781 0.48261
vt 0.707976 0.542378
vt 0.6781 0.602146
vt 0.908481 0.711695
vt 0.940766 0.711695
vt 0.569238 0.132684
vt 0.604817 0.168093
vt 0.598491 0.180841
vt 0.569249 0.180841
vt 0.60527 0.529728
vt 0.908481 0.697462
vt 0.940766 0.697462
vt 0.755095 0.628981
vt 0.773321 0.592521
vt 0.798556 0.622931
vt 0.792193 0.635662
vt 0.570174 0.49387
vt 0.605456 0.529541
vt 0.67814 0.602106
vt 0.618482 0.6322
vt 0.558605 0.602542
vt 0.773321 0.492235
vt 0.755095 0.455775
vt 0.792193 0.449095
vt 0.798556 0.461825
vt 0.857713 0.329732
vt 0.857713 0.318337
vt 0.886672 0.318337
vt 0.886672 0.329732
vt 0.604817 0.19359
vt 0.569238 0.228999
vt 0.665552 0.132223
vt 0.630313 0.167971
vt 0.617535 0.161706
vt 0.617395 0.132464
vt 0.617535 0.199977
vt 0.617395 0.229218
vt 0.665552 0.229459
vt 0.630313 0.193711
vt 0.666002 0.180379
vt 0.636761 0.180658
vt 0.666473 0.228535
vt 0.630557 0.193467
vt 0.557624 0.24061
vt 0.52775 0.180841
vt 0.557624 0.121073
vt 0.857713 0.386711
vt 0.857713 0.375315
vt 0.886672 0.375315
vt 0.886672 0.386711
vt 0.557572 0.121125
vt 0.617197 0.090966
vt 0.677108 0.120554
vt 0.480629 0.09424
vt 0.462404 0.130701
vt 0.437168 0.100292
vt 0.443531 0.087561
vt 0.462404 0.230982
vt 0.480629 0.267443
vt 0.443531 0.274122
vt 0.437168 0.261391
vt 0.677055 0.120502
vt 0.707499 0.179983
vt 0.678197 0.240034
vt 0.566745 0.02586
vt 0.530372 0.044259
vt 0.523515 0.007194
vt 0.536216 0.00077
vt 0.857713 0.341128
vt 0.886672 0.341128
vt 0.857713 0.363919
vt 0.857713 0.352524
vt 0.886672 0.352524
vt 0.886672 0.363919
vt 0.857713 0.352524
vt 0.703572 0.043431
vt 0.667025 0.025381
vt 0.697313 0
vt 0.710074 0.006302
vt 0.857713 0.398106
vt 0.886672 0.398106
vt 0.667025 0.336301
vt 0.703572 0.318251
vt 0.710074 0.35538
vt 0.697313 0.361683
vt 0.530372 0.317424
vt 0.566745 0.335822
vt 0.536216 0.360913
vt 0.523515 0.354489
vt 0.677108 0.241128
vt 0.617197 0.270717
vt 0.557572 0.240557
vt 0.772362 0.12922
vt 0.753791 0.092935
vt 0.790823 0.085902
vt 0.797307 0.098571
vt 0.755445 0.26613
vt 0.773321 0.229497
vt 0.798846 0.259663
vt 0.792605 0.272454
vt 0.864318 0.648255
vt 0.875714 0.648255
vt 0.884831 0.655092
vt 0.884831 0.666488
vt 0.877993 0.675605
vt 0.866597 0.675605
vt 0.857481 0.668767
vt 0.857481 0.657371
vt 0.167748 0.806822
vt 0.180517 0.800539
vt 0.161316 0.819684
vt 0.167644 0.806936
vt 0.16768 0.832413
vt 0.180416 0.838765
vt 0.193157 0.832424
vt 0.199536 0.819702
vt 0.193224 0.806948
vt 0.532051 0.679635
vt 0.568577 0.697727
vt 0.53826 0.723074
vt 0.525506 0.716756
vt 0.908481 0.797092
vt 0.940766 0.797092
vt 0.568577 0.387029
vt 0.532051 0.405121
vt 0.525506 0.368
vt 0.53826 0.361683
vt 0.705256 0.405754
vt 0.668863 0.387395
vt 0.699365 0.362271
vt 0.712072 0.368681
vt 0.558605 0.482214
vt 0.618482 0.452556
vt 0.67814 0.48265
vt 0.463357 0.593652
vt 0.481848 0.629978
vt 0.4448 0.63693
vt 0.438344 0.624246
vt 0.908481 0.683229
vt 0.940766 0.683229
vt 0.480584 0.456777
vt 0.462625 0.493369
vt 0.437168 0.463144
vt 0.443439 0.450367
vt 0.966385 0.77432
vt 0.974925 0.785706
vt 0.974925 0.799939
vt 0.963538 0.808479
vt 0.949305 0.808479
vt 0.952152 0.77432
vt 0.16886 0.319467
vt 0.16886 0.416156
vt 0.13571 0.416156
vt 0.13571 0.319467
vt 0.13571 0.18687
vt 0.039022 0.18687
vt 0.039022 0.15372
vt 0.13571 0.15372
vt 0.274938 0.15372
vt 0.274938 0.057032
vt 0.301457 0.057032
vt 0.301457 0.15372
vt 0.301457 0.292948
vt 0.398146 0.292948
vt 0.398146 0.319467
vt 0.301457 0.319467
vt 0.274938 0.442675
vt 0.274938 0.416156
vt 0.301457 0.416156
vt 0.301457 0.442675
vt 0.13571 0.442675
vt 0.16886 0.442675
vt 0.13571 0.057032
vt 0.16886 0.057032
vt 0.16886 0.15372
vt 0.221899 0.416156
vt 0.221899 0.442675
vt 0.13571 0.581903
vt 0.13571 0.548753
vt 0.16886 0.548753
vt 0.16886 0.581903
vt 0.274938 0.581903
vt 0.274938 0.548753
vt 0.301457 0.548753
vt 0.301457 0.581903
vt 0.398146 0.15372
vt 0.398146 0.18687
vt 0.301457 0.18687
vt 0.13571 0.239909
vt 0.039022 0.239909
vt 0.274938 0.319467
vt 0.253521 0.464092
vt 0.221899 0.464092
vt 0.190277 0.464092
vt 0.301457 0.239909
vt 0.221899 0.319467
vt 0.13571 0.292948
vt 0.221899 0.15372
vt 0.221899 0.548753
vt 0.221899 0.581903
vt 0.039022 0.319467
vt 0.039022 0.292948
vt 0.13571 0.495714
vt 0.16886 0.495714
vt 0.274938 0.495714
vt 0.301457 0.495714
vt 0.398146 0.239909
vt 0.935472 0.43251
vt 0.935472 0.463331
vt 0.857481 0.463331
vt 0.857481 0.43251
vt 0.857481 0.40169
vt 0.935472 0.40169
vt 0.253521 0.527336
vt 0.253521 0.495714
vt 0.190277 0.527336
vt 0.221899 0.527336
vt 0.190277 0.495714
vt 0.444095 0.874108
vt 0.414274 0.814311
vt 0.491296 0.787548
vt 0.509488 0.824026
vt 0.221899 0.057032
vt 0.935472 0.617434
vt 0.935472 0.648255
vt 0.857481 0.648255
vt 0.857481 0.617434
vt 0.857481 0.586614
vt 0.935472 0.586614
vt 0.935472 0.494152
vt 0.935472 0.524972
vt 0.857481 0.524972
vt 0.857481 0.494152
vt 0.727852 0.874108
vt 0.698031 0.814311
vt 0.775052 0.787548
vt 0.793244 0.824026
vt 0.850068 0.093206
vt 0.820247 0.033409
vt 0.897269 0.006646
vt 0.91546 0.043124
vt 0.585973 0.874108
vt 0.556152 0.814311
vt 0.633174 0.787548
vt 0.651366 0.824026
vt 0.698031 0.933905
vt 0.793244 0.92419
vt 0.775052 0.960668
vt 0.414274 0.933905
vt 0.509488 0.92419
vt 0.491296 0.960668
vt 0.556153 0.933905
vt 0.651366 0.92419
vt 0.633174 0.960668
vt 0.820247 0.153003
vt 0.91546 0.143288
vt 0.897269 0.179766
vt 0.935472 0.555793
vt 0.857481 0.555793
vt 0.67663 0.912602
vt 0.67663 0.874108
vt 0.67663 0.835614
vt 0.534752 0.912602
vt 0.534752 0.874108
vt 0.534752 0.835614
vt 0.798846 0.1317
vt 0.798846 0.093206
vt 0.798846 0.054712
vt 0.670278 0.780902
vt 0.67663 0.793639
vt 0.392874 0.912602
vt 0.392874 0.874108
vt 0.392874 0.835614
vt 0.948852 0.822712
vt 0.948852 0.808479
vt 0.981137 0.808479
vt 0.981137 0.822712
vt 0.934373 0
vt 0.940725 0.012737
vt 0.67663 0.954577
vt 0.670278 0.967314
vt 0.534752 0.954577
vt 0.5284 0.967314
vt 0.940725 0.173675
vt 0.934373 0.186412
vt 0.5284 0.780902
vt 0.534752 0.793639
vt 0.818509 0.954577
vt 0.812157 0.967314
vt 0.812157 0.780902
vt 0.818509 0.793639
vt 0.91702 0.899569
vt 0.90848 0.888183
vt 0.90848 0.87395
vt 0.919867 0.86541
vt 0.9341 0.86541
vt 0.942639 0.876797
vt 0.942639 0.89103
vt 0.931253 0.899569
vt 0.886672 0.341128
vt 0.886672 0.329732
vt 0.912521 0.329732
vt 0.912521 0.341128
vt 0.948852 0.851177
vt 0.948852 0.836944
vt 0.981137 0.836944
vt 0.981137 0.851177
vt 0.886672 0.352524
vt 0.912521 0.352524
vt 0.886672 0.318337
vt 0.912521 0.318337
vt 0.948852 0.86541
vt 0.981137 0.86541
vt 0.886672 0.306941
vt 0.912521 0.306941
vt 0.270175 0.819888
vt 0.240455 0.760047
vt 0.317514 0.733413
vt 0.335644 0.769917
vt 0.090673 0.819774
vt 0.120619 0.879521
vt 0.043637 0.906444
vt 0.025369 0.869997
vt 0.180396 0.909408
vt 0.240168 0.879546
vt 0.266985 0.956542
vt 0.230523 0.974759
vt 0.180865 0.729901
vt 0.120956 0.759483
vt 0.094499 0.682363
vt 0.131046 0.664317
vt 0.120475 0.759973
vt 0.025271 0.769713
vt 0.043452 0.733232
vt 0.240141 0.879572
vt 0.335381 0.870201
vt 0.317059 0.90661
vt 0.24048 0.760072
vt 0.231328 0.664811
vt 0.267695 0.683216
vt 0.130239 0.974762
vt 0.093773 0.95653
vt 0.132102 0.771569
vt 0.132169 0.819725
vt 0.132228 0.867901
vt 0.228812 0.771627
vt 0.180661 0.771395
vt 0.13251 0.771152
vt 0.180404 0.867911
vt 0.228559 0.86793
vt 0.088001 0.645236
vt 0.100762 0.638935
vt 0.228681 0.819779
vt 0.90848 0.822712
vt 0.90848 0.808479
vt 0.948852 0.808479
vt 0.948852 0.822712
vt 0.273658 0.993639
vt 0.260926 1
vt 0.261861 0.639729
vt 0.274559 0.646155
vt 0.360534 0.900676
vt 0.354136 0.913389
vt 0.099821 1
vt 0.087088 0.993634
vt 0.354626 0.726828
vt 0.360956 0.739575
vt 0 0.739335
vt 0.006348 0.726597
vt 0.00654 0.913166
vt 0.000161 0.90044
vt 0.951179 0.86541
vt 0.965412 0.86541
vt 0.976798 0.87395
vt 0.976798 0.888183
vt 0.968259 0.899569
vt 0.954026 0.899569
vt 0.942639 0.891029
vt 0.942639 0.876797
vt 0.857713 0.295545
vt 0.857713 0.28415
vt 0.890037 0.28415
vt 0.890037 0.295545
vt 0.90848 0.851177
vt 0.90848 0.836944
vt 0.948852 0.836944
vt 0.948852 0.851177
vt 0.857713 0.306941
vt 0.890037 0.306941
vt 0.857713 0.272754
vt 0.890037 0.272754
vt 0.90848 0.86541
vt 0.948852 0.86541
vt 0.857713 0.261358
vt 0.890037 0.261358
vt 0.618224 0.523252
vt 0.61833 0.494054
vt 0.666487 0.494221
vt 0.630944 0.529634
vt 0.569471 0.494575
vt 0.56983 0.542731
vt 0.570174 0.590886
vt 0.558645 0.602582
vt 0.528333 0.543034
vt 0.557773 0.483049
vt 0.666478 0.542378
vt 0.63728 0.542378
vt 0.61833 0.590702
vt 0.618224 0.561504
vt 0.630944 0.555122
vt 0.666487 0.590535
vt 0.908481 0.782859
vt 0.90848 0.768626
vt 0.940766 0.768626
vt 0.940766 0.782859
vt 0.605456 0.555215
vt 0.599028 0.542518
vt 0.668863 0.697361
vt 0.705256 0.679003
vt 0.712072 0.716075
vt 0.699364 0.722486
vt 0.908481 0.740161
vt 0.90848 0.725928
vt 0.940766 0.725928
vt 0.940766 0.740161
vt 0.90848 0.754394
vt 0.940766 0.754394
vt 0.6781 0.48261
vt 0.707976 0.542378
vt 0.6781 0.602146
vt 0.908481 0.711695
vt 0.940766 0.711695
vt 0.569238 0.132684
vt 0.604817 0.168093
vt 0.598491 0.180841
vt 0.569249 0.180841
vt 0.60527 0.529728
vt 0.908481 0.697462
vt 0.940766 0.697462
vt 0.755095 0.628981
vt 0.773321 0.592521
vt 0.798556 0.622931
vt 0.792193 0.635662
vt 0.570174 0.49387
vt 0.605456 0.529541
vt 0.67814 0.602106
vt 0.618482 0.6322
vt 0.558605 0.602542
vt 0.773321 0.492235
vt 0.755095 0.455775
vt 0.792193 0.449095
vt 0.798556 0.461825
vt 0.857713 0.329732
vt 0.857713 0.318337
vt 0.886672 0.318337
vt 0.886672 0.329732
vt 0.604817 0.19359
vt 0.569238 0.228999
vt 0.665552 0.132223
vt 0.630313 0.167971
vt 0.617535 0.161706
vt 0.617395 0.132464
vt 0.617535 0.199977
vt 0.617395 0.229218
vt 0.665552 0.229459
vt 0.630313 0.193711
vt 0.666002 0.180379
vt 0.636761 0.180658
vt 0.666473 0.228535
vt 0.630557 0.193467
vt 0.557624 0.24061
vt 0.52775 0.180841
vt 0.557624 0.121073
vt 0.857713 0.386711
vt 0.857713 0.375315
vt 0.886672 0.375315
vt 0.886672 0.386711
vt 0.557572 0.121125
vt 0.617197 0.090966
vt 0.677108 0.120554
vt 0.480629 0.09424
vt 0.462404 0.130701
vt 0.437168 0.100292
vt 0.443531 0.087561
vt 0.462404 0.230982
vt 0.480629 0.267443
vt 0.443531 0.274122
vt 0.437168 0.261391
vt 0.677055 0.120502
vt 0.707499 0.179983
vt 0.678197 0.240034
vt 0.566745 0.02586
vt 0.530372 0.044259
vt 0.523515 0.007194
vt 0.536216 0.00077
vt 0.857713 0.341128
vt 0.886672 0.341128
vt 0.857713 0.363919
vt 0.857713 0.352524
vt 0.886672 0.352524
vt 0.886672 0.363919
vt 0.857713 0.352524
vt 0.703572 0.043431
vt 0.667025 0.025381
vt 0.697313 0
vt 0.710074 0.006302
vt 0.857713 0.398106
vt 0.886672 0.398106
vt 0.667025 0.336301
vt 0.703572 0.318251
vt 0.710074 0.35538
vt 0.697313 0.361683
vt 0.530372 0.317424
vt 0.566745 0.335822
vt 0.536216 0.360913
vt 0.523515 0.354489
vt 0.677108 0.241128
vt 0.617197 0.270717
vt 0.557572 0.240557
vt 0.772362 0.12922
vt 0.753791 0.092935
vt 0.790823 0.085902
vt 0.797307 0.098571
vt 0.755445 0.26613
vt 0.773321 0.229497
vt 0.798846 0.259663
vt 0.792605 0.272454
vt 0.864318 0.648255
vt 0.875714 0.648255
vt 0.884831 0.655092
vt 0.884831 0.666488
vt 0.877993 0.675605
vt 0.866597 0.675605
vt 0.857481 0.668767
vt 0.857481 0.657371
vt 0.167748 0.806822
vt 0.180517 0.800539
vt 0.161316 0.819684
vt 0.167644 0.806936
vt 0.16768 0.832413
vt 0.180416 0.838765
vt 0.193157 0.832424
vt 0.199536 0.819702
vt 0.193224 0.806948
vt 0.532051 0.679635
vt 0.568577 0.697727
vt 0.53826 0.723074
vt 0.525506 0.716756
vt 0.908481 0.797092
vt 0.940766 0.797092
vt 0.568577 0.387029
vt 0.532051 0.405121
vt 0.525506 0.368
vt 0.53826 0.361683
vt 0.705256 0.405754
vt 0.668863 0.387395
vt 0.699365 0.362271
vt 0.712072 0.368681
vt 0.558605 0.482214
vt 0.618482 0.452556
vt 0.67814 0.48265
vt 0.463357 0.593652
vt 0.481848 0.629978
vt 0.4448 0.63693
vt 0.438344 0.624246
vt 0.908481 0.683229
vt 0.940766 0.683229
vt 0.480584 0.456777
vt 0.462625 0.493369
vt 0.437168 0.463144
vt 0.443439 0.450367
vt 0.966385 0.77432
vt 0.974925 0.785706
vt 0.974925 0.799939
vt 0.963538 0.808479
vt 0.949305 0.808479
vt 0.952152 0.77432
vn 0.3827 0 -0.9239
vn 0.9239 0 -0.3827
vn 0.9239 0 0.3827
vn 0.3827 0 0.9239
vn -0.3827 0 0.9239
vn -0.9239 0 0.3827
vn -0.9239 0 -0.3827
vn -0.3827 0 -0.9239
vn 0 1 0
vn -0.3828 -0.0121 0.9238
vn -0.9239 -0.005 0.3825
vn -0.9239 0.005 -0.3825
vn -0.3828 0.0121 -0.9238
vn 0.3828 0.0121 -0.9238
vn 0.9239 0.005 -0.3825
vn 0.9239 -0.005 0.3825
vn 0.3828 -0.0121 0.9238
vn 0 -1 0
vn 0.5 0 -0.866
vn 0.866 0 0.5
vn -0.5 0 0.866
vn -0.866 0 -0.5
vn -1 0 0
vn 0 0 -1
vn 1 0 0
vn 0 0 1
vn 0.5 0 0.866
vn -0.866 0 0.5
vn -0.5 0 -0.866
vn 0.866 0 -0.5
vn 0 0 1
vn -1 0 0
vn 0 0 -1
vn 1 0 0
vn 0 1 0
vn 0 1 -0.0004
vn 0 -1 0
vn -0.0004 1 0
vn 0 1 0.0004
vn 0.0004 1 0
vn 0.662 0.6724 -0.331
vn -0.662 0.6724 0.331
vn 0.331 0.6724 0.662
vn -0.331 0.6724 -0.662
vn -0.662 0.6724 -0.331
vn 0.662 0.6724 0.331
vn 0.331 0.6724 -0.662
vn -0.331 0.6724 0.662
vn -0.0305 -0.9995 0
vn 0 -0.9995 -0.0305
vn 0 -0.9995 0.0305
vn -0.108 0.9704 -0.2161
vn 0.0305 -0.9995 0
vn -0.4472 0 -0.8944
vn 0.108 0.9704 0.2161
vn 0.108 0.9704 -0.2161
vn 0.2161 0.9704 0.108
vn -0.108 0.9704 0.2161
vn 0.2161 0.9704 -0.108
vn -0.2161 0.9704 -0.108
vn -0.2161 0.9704 0.108
vn -0.8944 0 0.4472
vn 0.8944 0 -0.4472
vn -0.8944 0 -0.4472
vn -0.4472 0 0.8944
vn 0.8944 0 0.4472
vn 0.4472 0 0.8944
vn 0.4472 0 -0.8944
vn 0.004 -0.9993 -0.0383
vn 0.0383 -0.9993 -0.004
vn 0.004 -0.9993 0.0383
vn 0.0383 -0.9993 0.004
vn -0.0383 -0.9993 0.004
vn 0.0438 -0.999 0.0046
vn -0.004 -0.9993 0.0383
vn -0.0383 -0.9993 -0.004
vn 0.004 0.9993 0.0383
vn 0.0438 -0.999 -0.0046
vn -0.0046 -0.999 0.0438
vn 0.0046 -0.999 -0.0438
vn 0.0046 0.999 0.0438
vn -0.0438 -0.999 0.0046
vn -0.0438 -0.999 -0.0046
vn 0.0046 -0.999 0.0438
vn 0.0032 0.9995 0.0304
vn -0.0304 -0.9995 -0.0032
vn -0.0304 -0.9995 0.0032
vn -0.0032 -0.9995 0.0304
vn 0.0032 -0.9995 0.0304
vn 0.0304 -0.9995 0.0032
vn 0.0304 -0.9995 -0.0032
vn 0.0032 -0.9995 -0.0304
vn -0.004 -0.9993 -0.0383
vn -0.004 0.9993 -0.0383
vn -0.0046 0.999 -0.0438
vn -0.0046 -0.999 -0.0438
vn -0.0032 0.9995 -0.0304
vn -0.0032 -0.9995 -0.0304
vn 0 0 1
vn -1 0 0
vn 0 0 -1
vn 1 0 0
vn 0 1 0
vn 0 1 -0.0004
vn 0 -1 0
vn -0.0004 1 0
vn 0 1 0.0004
vn 0.0004 1 0
vn 0.662 0.6724 -0.331
vn -0.662 0.6724 0.331
vn 0.331 0.6724 0.662
vn -0.331 0.6724 -0.662
vn -0.662 0.6724 -0.331
vn 0.662 0.6724 0.331
vn 0.331 0.6724 -0.662
vn -0.331 0.6724 0.662
vn -0.0305 -0.9995 0
vn 0 -0.9995 -0.0305
vn 0 -0.9995 0.0305
vn -0.108 0.9704 -0.2161
vn 0.0305 -0.9995 0
vn -0.4472 0 -0.8944
vn 0.108 0.9704 0.2161
vn 0.108 0.9704 -0.2161
vn 0.2161 0.9704 0.108
vn -0.108 0.9704 0.2161
vn 0.2161 0.9704 -0.108
vn -0.2161 0.9704 -0.108
vn -0.2161 0.9704 0.108
vn -0.8944 0 0.4472
vn 0.8944 0 -0.4472
vn -0.8944 0 -0.4472
vn -0.4472 0 0.8944
vn 0.8944 0 0.4472
vn 0.4472 0 0.8944
vn 0.4472 0 -0.8944
vn 0.004 -0.9993 -0.0383
vn 0.0383 -0.9993 -0.004
vn 0.004 -0.9993 0.0383
vn 0.0383 -0.9993 0.004
vn -0.0383 -0.9993 0.004
vn 0.0438 -0.999 0.0046
vn -0.004 -0.9993 0.0383
vn -0.0383 -0.9993 -0.004
vn 0.004 0.9993 0.0383
vn 0.0438 -0.999 -0.0046
vn -0.0046 -0.999 0.0438
vn 0.0046 -0.999 -0.0438
vn 0.0046 0.999 0.0438
vn -0.0438 -0.999 0.0046
vn -0.0438 -0.999 -0.0046
vn 0.0046 -0.999 0.0438
vn 0.0032 0.9995 0.0304
vn -0.0304 -0.9995 -0.0032
vn -0.0304 -0.9995 0.0032
vn -0.0032 -0.9995 0.0304
vn 0.0032 -0.9995 0.0304
vn 0.0304 -0.9995 0.0032
vn 0.0304 -0.9995 -0.0032
vn 0.0032 -0.9995 -0.0304
vn 0.866 0 -0.5
vn 0.5 0 0.866
vn -0.866 0 0.5
vn -0.5 0 -0.866
vn -0.0004 1 0.0002
vn 0.0002 1 0.0004
vn 0.0004 1 -0.0002
vn -0.0002 1 -0.0004
vn -0.6177 0.6724 -0.4078
vn 0.6177 0.6724 0.4078
vn 0.4078 0.6724 -0.6177
vn -0.4078 0.6724 0.6177
vn 0.0443 0.6724 0.7389
vn -0.0443 0.6724 -0.7389
vn -0.7389 0.6724 0.0443
vn 0.7389 0.6724 -0.0443
vn 0.0153 -0.9995 0.0265
vn -0.0265 -0.9995 0.0153
vn 0.0265 -0.9995 -0.0153
vn -0.1331 0.9704 0.2016
vn -0.0153 -0.9995 -0.0265
vn -0.551 0 0.8345
vn 0.1331 0.9704 -0.2016
vn -0.2411 0.9704 0.0145
vn -0.0145 0.9704 -0.2411
vn 0.2411 0.9704 -0.0145
vn -0.2016 0.9704 -0.1331
vn 0.0145 0.9704 0.2411
vn 0.2016 0.9704 0.1331
vn 0.8345 0 0.551
vn -0.8345 0 -0.551
vn 0.0599 0 0.9982
vn 0.9982 0 -0.0599
vn -0.0599 0 -0.9982
vn 0.551 0 -0.8345
vn -0.9982 0 0.0599
vn -0.0352 -0.9993 0.0157
vn -0.0226 -0.9993 -0.0312
vn 0.0312 -0.9993 -0.0226
vn -0.0157 -0.9993 -0.0352
vn 0.0226 -0.9993 0.0312
vn -0.018 -0.999 -0.0403
vn 0.0352 -0.9993 -0.0157
vn 0.0157 -0.9993 0.0352
vn 0.0312 0.9993 -0.0226
vn -0.0259 -0.999 -0.0357
vn 0.0403 -0.999 -0.018
vn -0.0403 -0.999 0.018
vn 0.0357 0.999 -0.0259
vn 0.0259 -0.999 0.0357
vn 0.018 -0.999 0.0403
vn 0.0357 -0.999 -0.0259
vn 0.0247 0.9995 -0.018
vn 0.0124 -0.9995 0.0279
vn 0.018 -0.9995 0.0247
vn 0.0279 -0.9995 -0.0124
vn 0.0247 -0.9995 -0.018
vn -0.0124 -0.9995 -0.0279
vn -0.018 -0.9995 -0.0247
vn -0.0279 -0.9995 0.0125
vn -0.866 0 -0.5
vn 0.5 0 -0.866
vn 0.866 0 0.5
vn -0.5 0 0.866
vn 0.0004 1 0.0002
vn 0.0002 1 -0.0004
vn -0.0004 1 -0.0002
vn -0.0002 1 0.0004
vn -0.0443 0.6724 0.7389
vn 0.0443 0.6724 -0.7389
vn -0.7389 0.6724 -0.0443
vn 0.7389 0.6724 0.0443
vn 0.6177 0.6724 -0.4078
vn -0.6177 0.6724 0.4078
vn 0.4078 0.6724 0.6177
vn -0.4078 0.6724 -0.6177
vn 0.0153 -0.9995 -0.0265
vn 0.0265 -0.9995 0.0153
vn -0.0265 -0.9995 -0.0153
vn 0.2411 0.9704 0.0145
vn -0.0153 -0.9995 0.0265
vn 0.9982 0 0.0599
vn -0.2411 0.9704 -0.0145
vn 0.1331 0.9704 0.2016
vn -0.2016 0.9704 0.1331
vn -0.1331 0.9704 -0.2016
vn -0.0145 0.9704 0.2411
vn 0.2016 0.9704 -0.1331
vn 0.0145 0.9704 -0.2411
vn 0.0599 0 -0.9982
vn -0.0599 0 0.9982
vn 0.8345 0 -0.551
vn -0.551 0 -0.8345
vn -0.8345 0 0.551
vn -0.9982 0 -0.0599
vn 0.551 0 0.8345
vn 0.0312 -0.9993 0.0226
vn -0.0157 -0.9993 0.0352
vn -0.0352 -0.9993 -0.0157
vn -0.0226 -0.9993 0.0312
vn 0.0157 -0.9993 -0.0352
vn -0.0259 -0.999 0.0357
vn -0.0312 -0.9993 -0.0226
vn 0.0226 -0.9993 -0.0312
vn -0.0352 0.9993 -0.0157
vn -0.018 -0.999 0.0403
vn -0.0357 -0.999 -0.0259
vn 0.0357 -0.999 0.0259
vn -0.0403 0.999 -0.018
vn 0.018 -0.999 -0.0403
vn 0.0259 -0.999 -0.0357
vn -0.0403 -0.999 -0.018
vn -0.0279 0.9995 -0.0124
vn 0.018 -0.9995 -0.0247
vn 0.0124 -0.9995 -0.0279
vn -0.0247 -0.9995 -0.018
vn -0.0279 -0.9995 -0.0124
vn -0.018 -0.9995 0.0247
vn -0.0124 -0.9995 0.0279
vn 0.0247 -0.9995 0.018
vn 0.108 0.9704 0.216
vn -0.216 0.9704 0.108
vn -0.7389 0.6724 0.0444
vn 0.0279 -0.9995 -0.0125
vn -0.0279 -0.9995 0.0124
vn -0.0279 0.9995 -0.0125
vn -0.0279 -0.9995 -0.0125
vn 0.331 0.6724 0.6621
vn -0.108 0.9704 -0.216
vn 0.108 0.9704 -0.216
vn -0.108 0.9704 0.216
vn 0.7389 0.6724 -0.0444
vn 0.7389 0.6724 0.0444
vn -0.7389 0.6724 -0.0444
s off
usemtl Material
f 1/1/1 2/2/1 4/3/1
f 1/1/1 4/3/1 3/4/1
f 3/5/2 4/6/2 6/7/2
f 3/5/2 6/7/2 5/8/2
f 5/9/3 6/10/3 8/11/3
f 5/9/3 8/11/3 7/12/3
f 7/13/4 8/14/4 10/15/4
f 7/13/4 10/15/4 9/16/4
f 9/17/5 10/18/5 12/19/5
f 9/17/5 12/19/5 11/20/5
f 11/21/6 12/22/6 14/23/6
f 11/21/6 14/23/6 13/24/6
f 13/25/7 14/7/7 16/26/7
f 13/25/7 16/26/7 15/27/7
f 15/28/8 16/29/8 2/30/8
f 15/28/8 2/30/8 1/31/8
f 2/2/9 21/32/9 17/33/9
f 2/2/9 17/33/9 4/3/9
f 2/30/9 16/29/9 18/34/9
f 2/30/9 18/34/9 21/35/9
f 31/36/10 17/37/10 21/38/10
f 31/36/10 21/38/10 25/39/10
f 26/40/11 23/41/11 17/42/11
f 26/40/11 17/42/11 31/43/11
f 20/44/12 23/45/12 26/46/12
f 20/44/12 26/46/12 30/47/12
f 24/48/13 20/49/13 30/50/13
f 24/48/13 30/50/13 27/51/13
f 19/52/14 24/53/14 27/54/14
f 19/52/14 27/54/14 32/55/14
f 28/56/15 22/57/15 19/58/15
f 28/56/15 19/58/15 32/59/15
f 29/60/16 18/61/16 22/62/16
f 29/60/16 22/62/16 28/63/16
f 25/64/17 21/65/17 18/66/17
f 25/64/17 18/66/17 29/67/17
f 14/7/9 22/68/9 18/69/9
f 14/7/9 18/69/9 16/26/9
f 14/23/9 12/22/9 19/70/9
f 14/23/9 19/70/9 22/71/9
f 10/18/9 24/72/9 19/73/9
f 10/18/9 19/73/9 12/19/9
f 10/15/9 8/14/9 20/74/9
f 10/15/9 20/74/9 24/75/9
f 6/10/9 23/76/9 20/77/9
f 6/10/9 20/77/9 8/11/9
f 6/7/9 4/6/9 17/78/9
f 6/7/9 17/78/9 23/79/9
f 3/5/18 5/8/18 26/40/18
f 3/5/18 26/40/18 31/43/18
f 3/4/18 31/36/18 25/39/18
f 3/4/18 25/39/18 1/1/18
f 15/28/18 1/31/18 25/64/18
f 15/28/18 25/64/18 29/67/18
f 15/27/18 29/60/18 28/63/18
f 15/27/18 28/63/18 13/25/18
f 11/21/18 13/24/18 28/56/18
f 11/21/18 28/56/18 32/59/18
f 11/20/18 32/55/18 27/54/18
f 11/20/18 27/54/18 9/17/18
f 7/13/18 9/16/18 27/51/18
f 7/13/18 27/51/18 30/50/18
f 7/12/18 30/47/18 26/46/18
f 7/12/18 26/46/18 5/9/18
f 37/80/19 34/81/19 33/82/19
f 37/80/19 33/82/19 38/83/19
f 33/84/20 34/81/20 36/85/20
f 33/84/20 36/85/20 35/86/20
f 40/87/21 35/88/21 36/85/21
f 40/87/21 36/85/21 39/89/21
f 33/90/18 35/91/18 40/92/18
f 33/90/18 40/92/18 38/93/18
f 39/89/9 36/85/9 34/81/9
f 39/89/9 34/81/9 37/80/9
f 40/92/22 39/89/22 37/80/22
f 40/92/22 37/80/22 38/93/22
f 45/94/23 42/95/23 41/96/23
f 45/94/23 41/96/23 46/97/23
f 41/90/24 42/95/24 44/98/24
f 41/90/24 44/98/24 43/91/24
f 48/99/25 43/100/25 44/98/25
f 48/99/25 44/98/25 47/101/25
f 41/102/18 43/103/18 48/104/18
f 41/102/18 48/104/18 46/105/18
f 47/101/9 44/98/9 42/95/9
f 47/101/9 42/95/9 45/94/9
f 48/104/26 47/101/26 45/94/26
f 48/104/26 45/94/26 46/105/26
f 53/106/21 50/107/21 49/108/21
f 53/106/21 49/108/21 54/109/21
f 49/110/22 50/107/22 52/111/22
f 49/110/22 52/111/22 51/112/22
f 56/113/19 51/114/19 52/111/19
f 56/113/19 52/111/19 55/115/19
f 49/116/18 51/117/18 56/118/18
f 49/116/18 56/118/18 54/119/18
f 55/115/9 52/111/9 50/107/9
f 55/115/9 50/107/9 53/106/9
f 56/118/20 55/115/20 53/106/20
f 56/118/20 53/106/20 54/119/20
f 61/120/27 58/121/27 57/122/27
f 61/120/27 57/122/27 62/123/27
f 57/102/28 58/121/28 60/124/28
f 57/102/28 60/124/28 59/103/28
f 64/125/29 59/126/29 60/124/29
f 64/125/29 60/124/29 63/127/29
f 57/128/18 59/129/18 64/130/18
f 57/128/18 64/130/18 62/131/18
f 63/127/9 60/124/9 58/121/9
f 63/127/9 58/121/9 61/120/9
f 64/130/30 63/127/30 61/120/30
f 64/130/30 61/120/30 62/131/30
f 69/132/25 66/133/25 65/134/25
f 69/132/25 65/134/25 70/135/25
f 65/136/26 66/133/26 68/137/26
f 65/136/26 68/137/26 67/138/26
f 72/139/23 67/140/23 68/137/23
f 72/139/23 68/137/23 71/141/23
f 65/142/18 67/143/18 72/144/18
f 65/142/18 72/144/18 70/145/18
f 71/141/9 68/137/9 66/133/9
f 71/141/9 66/133/9 69/132/9
f 69/132/24 70/145/24 72/144/24
f 69/132/24 72/144/24 71/141/24
f 77/146/29 74/147/29 73/148/29
f 77/146/29 73/148/29 78/149/29
f 73/150/30 74/147/30 76/151/30
f 73/150/30 76/151/30 75/152/30
f 80/153/27 75/154/27 76/151/27
f 80/153/27 76/151/27 79/155/27
f 73/156/18 75/157/18 80/158/18
f 73/156/18 80/158/18 78/159/18
f 79/155/9 76/151/9 74/147/9
f 79/155/9 74/147/9 77/146/9
f 77/146/28 78/159/28 80/158/28
f 77/146/28 80/158/28 79/155/28
f 81/160/30 82/161/30 84/162/30
f 81/160/30 84/162/30 83/163/30
f 83/163/20 84/162/20 86/164/20
f 83/163/20 86/164/20 85/165/20
f 85/166/26 86/167/26 88/168/26
f 85/166/26 88/168/26 87/169/26
f 87/169/28 88/168/28 90/170/28
f 87/169/28 90/170/28 89/171/28
f 84/172/9 82/173/9 92/174/9
f 84/172/9 92/174/9 90/175/9
f 84/172/9 90/175/9 88/168/9
f 84/172/9 88/168/9 86/167/9
f 89/171/22 90/170/22 92/176/22
f 89/171/22 92/176/22 91/177/22
f 91/177/24 92/176/24 82/161/24
f 91/177/24 82/161/24 81/160/24
f 81/178/18 83/179/18 85/166/18
f 81/178/18 85/166/18 87/169/18
f 81/178/18 87/169/18 89/180/18
f 81/178/18 89/180/18 91/181/18
f 117/182/19 120/183/19 94/184/19
f 117/182/19 94/184/19 96/185/19
f 117/182/19 96/185/19 144/186/19
f 117/182/19 144/186/19 142/187/19
f 117/182/19 142/187/19 141/188/19
f 117/182/19 141/188/19 143/189/19
f 117/182/19 143/189/19 95/190/19
f 117/182/19 95/190/19 93/191/19
f 117/182/19 93/191/19 119/192/19
f 117/182/19 119/192/19 118/193/19
f 146/194/25 144/186/25 96/195/25
f 146/194/25 96/195/25 98/196/25
f 146/194/25 98/196/25 168/197/25
f 146/194/25 168/197/25 165/198/25
f 146/194/25 165/198/25 166/199/25
f 146/194/25 166/199/25 167/200/25
f 146/194/25 167/200/25 97/201/25
f 146/194/25 97/201/25 95/190/25
f 146/194/25 95/190/25 143/189/25
f 146/194/25 143/189/25 145/202/25
f 168/197/27 98/196/27 100/203/27
f 168/197/27 100/203/27 124/204/27
f 168/197/27 124/204/27 121/205/27
f 168/197/27 121/205/27 122/206/27
f 168/197/27 122/206/27 123/207/27
f 168/197/27 123/207/27 99/208/27
f 168/197/27 99/208/27 97/201/27
f 168/197/27 97/201/27 167/200/27
f 168/197/27 167/200/27 169/209/27
f 168/197/27 169/209/27 170/210/27
f 126/211/21 124/212/21 100/213/21
f 126/211/21 100/213/21 102/184/21
f 126/211/21 102/184/21 150/214/21
f 126/211/21 150/214/21 147/215/21
f 126/211/21 147/215/21 148/216/21
f 126/211/21 148/216/21 149/192/21
f 126/211/21 149/192/21 101/191/21
f 126/211/21 101/191/21 99/217/21
f 126/211/21 99/217/21 123/218/21
f 126/211/21 123/218/21 125/219/21
f 99/208/18 116/220/18 112/221/18
f 99/208/18 112/221/18 97/201/18
f 95/190/18 97/201/18 112/222/18
f 95/190/18 112/222/18 115/223/18
f 173/224/23 103/225/23 101/226/23
f 173/224/23 101/226/23 149/227/23
f 173/224/23 149/227/23 152/228/23
f 173/224/23 152/228/23 151/229/23
f 173/224/23 151/229/23 150/230/23
f 173/224/23 150/230/23 102/231/23
f 173/224/23 102/231/23 104/232/23
f 173/224/23 104/232/23 174/233/23
f 173/224/23 174/233/23 172/234/23
f 173/224/23 172/234/23 171/235/23
f 104/236/29 94/237/29 120/238/29
f 104/236/29 120/238/29 128/239/29
f 104/236/29 128/239/29 127/240/29
f 104/236/29 127/240/29 119/241/29
f 104/236/29 119/241/29 93/242/29
f 104/236/29 93/242/29 103/243/29
f 104/236/29 103/243/29 173/244/29
f 104/236/29 173/244/29 176/245/29
f 104/236/29 176/245/29 175/246/29
f 104/236/29 175/246/29 174/247/29
f 95/190/18 115/248/18 111/249/18
f 95/190/18 111/249/18 93/191/18
f 103/243/18 93/242/18 111/250/18
f 103/243/18 111/250/18 114/251/18
f 154/252/21 156/253/21 105/254/21
f 154/252/21 105/254/21 110/255/21
f 154/252/21 110/255/21 132/256/21
f 154/252/21 132/256/21 129/257/21
f 154/252/21 129/257/21 130/258/21
f 154/252/21 130/258/21 131/259/21
f 154/252/21 131/259/21 111/260/21
f 154/252/21 111/260/21 115/261/21
f 154/252/21 115/261/21 155/262/21
f 154/252/21 155/262/21 153/263/21
f 109/264/23 105/265/23 156/266/23
f 109/264/23 156/266/23 158/267/23
f 109/264/23 158/267/23 157/268/23
f 109/264/23 157/268/23 155/269/23
f 109/264/23 155/269/23 115/270/23
f 109/264/23 115/270/23 112/271/23
f 109/264/23 112/271/23 179/272/23
f 109/264/23 179/272/23 178/273/23
f 109/264/23 178/273/23 177/274/23
f 109/264/23 177/274/23 180/275/23
f 112/276/29 116/277/29 135/278/29
f 112/276/29 135/278/29 134/279/29
f 112/276/29 134/279/29 133/280/29
f 112/276/29 133/280/29 136/281/29
f 112/276/29 136/281/29 107/282/29
f 112/276/29 107/282/29 109/283/29
f 112/276/29 109/283/29 180/284/29
f 112/276/29 180/284/29 182/285/29
f 112/276/29 182/285/29 181/286/29
f 112/276/29 181/286/29 179/287/29
f 108/288/19 107/289/19 136/290/19
f 108/288/19 136/290/19 138/291/19
f 108/288/19 138/291/19 137/292/19
f 108/288/19 137/292/19 135/293/19
f 108/288/19 135/293/19 116/294/19
f 108/288/19 116/294/19 113/295/19
f 108/288/19 113/295/19 161/296/19
f 108/288/19 161/296/19 160/297/19
f 108/288/19 160/297/19 159/298/19
f 108/288/19 159/298/19 162/299/19
f 186/300/25 106/301/25 108/302/25
f 186/300/25 108/302/25 162/303/25
f 186/300/25 162/303/25 163/304/25
f 186/300/25 163/304/25 164/305/25
f 186/300/25 164/305/25 161/306/25
f 186/300/25 161/306/25 113/307/25
f 186/300/25 113/307/25 114/308/25
f 186/300/25 114/308/25 185/309/25
f 186/300/25 185/309/25 183/310/25
f 186/300/25 183/310/25 184/311/25
f 140/312/27 132/313/27 110/314/27
f 140/312/27 110/314/27 106/315/27
f 140/312/27 106/315/27 186/316/27
f 140/312/27 186/316/27 187/317/27
f 140/312/27 187/317/27 188/318/27
f 140/312/27 188/318/27 185/319/27
f 140/312/27 185/319/27 114/320/27
f 140/312/27 114/320/27 111/321/27
f 140/312/27 111/321/27 131/322/27
f 140/312/27 131/322/27 139/323/27
f 103/225/18 114/324/18 113/325/18
f 103/225/18 113/325/18 101/226/18
f 99/217/18 101/191/18 113/326/18
f 99/217/18 113/326/18 116/327/18
f 102/184/9 100/213/9 107/289/9
f 102/184/9 107/289/9 108/288/9
f 102/231/9 108/302/9 106/301/9
f 102/231/9 106/301/9 104/232/9
f 110/314/9 94/237/9 104/236/9
f 110/314/9 104/236/9 106/315/9
f 94/184/9 110/255/9 105/254/9
f 94/184/9 105/254/9 96/185/9
f 98/196/9 96/195/9 105/265/9
f 98/196/9 105/265/9 109/264/9
f 126/328/25 125/329/25 137/330/25
f 126/328/25 137/330/25 138/331/25
f 139/332/25 127/333/25 128/334/25
f 139/332/25 128/334/25 140/335/25
f 122/336/23 121/337/23 133/338/23
f 122/336/23 133/338/23 134/339/23
f 129/340/23 117/341/23 118/342/23
f 129/340/23 118/342/23 130/343/23
f 137/344/9 125/345/9 123/346/9
f 137/344/9 123/346/9 122/347/9
f 137/344/9 122/347/9 134/348/9
f 137/344/9 134/348/9 135/349/9
f 131/350/9 130/351/9 118/352/9
f 131/350/9 118/352/9 119/353/9
f 131/350/9 119/353/9 127/354/9
f 131/350/9 127/354/9 139/355/9
f 136/356/18 133/338/18 121/337/18
f 136/356/18 121/337/18 124/357/18
f 136/356/18 124/357/18 126/358/18
f 136/356/18 126/358/18 138/359/18
f 128/334/18 120/360/18 117/361/18
f 128/334/18 117/361/18 129/362/18
f 128/334/18 129/362/18 132/363/18
f 128/334/18 132/363/18 140/335/18
f 151/331/27 152/330/27 164/364/27
f 151/331/27 164/364/27 163/365/27
f 153/366/27 141/367/27 142/368/27
f 153/366/27 142/368/27 154/369/27
f 148/370/29 147/371/29 159/372/29
f 148/370/29 159/372/29 160/373/29
f 158/374/29 146/375/29 145/376/29
f 158/374/29 145/376/29 157/377/29
f 161/378/9 164/379/9 152/380/9
f 161/378/9 152/380/9 149/381/9
f 161/378/9 149/381/9 148/382/9
f 161/378/9 148/382/9 160/383/9
f 145/384/9 143/385/9 141/386/9
f 145/384/9 141/386/9 153/387/9
f 145/384/9 153/387/9 155/388/9
f 145/384/9 155/388/9 157/389/9
f 159/372/18 147/371/18 150/390/18
f 159/372/18 150/390/18 151/391/18
f 159/372/18 151/391/18 163/392/18
f 159/372/18 163/392/18 162/393/18
f 154/369/18 142/368/18 144/394/18
f 154/369/18 144/394/18 146/395/18
f 154/369/18 146/395/18 158/396/18
f 154/369/18 158/396/18 156/397/18
f 175/398/21 176/377/21 188/399/21
f 175/398/21 188/399/21 187/400/21
f 178/401/21 166/402/21 165/403/21
f 178/401/21 165/403/21 177/404/21
f 171/405/19 172/406/19 184/407/19
f 171/405/19 184/407/19 183/408/19
f 182/409/19 170/410/19 169/399/19
f 182/409/19 169/399/19 181/411/19
f 173/412/9 171/413/9 183/414/9
f 173/412/9 183/414/9 185/415/9
f 173/412/9 185/415/9 188/416/9
f 173/412/9 188/416/9 176/417/9
f 167/418/9 166/419/9 178/420/9
f 167/418/9 178/420/9 179/421/9
f 167/418/9 179/421/9 181/422/9
f 167/418/9 181/422/9 169/423/9
f 184/407/18 172/406/18 174/424/18
f 184/407/18 174/424/18 175/425/18
f 184/407/18 175/425/18 187/426/18
f 184/407/18 187/426/18 186/427/18
f 177/404/18 165/403/18 168/428/18
f 177/404/18 168/428/18 170/429/18
f 177/404/18 170/429/18 182/430/18
f 177/404/18 182/430/18 180/431/18
f 98/196/9 109/283/9 107/282/9
f 98/196/9 107/282/9 100/203/9
f 193/80/19 190/81/19 189/82/19
f 193/80/19 189/82/19 194/83/19
f 189/84/20 190/81/20 192/85/20
f 189/84/20 192/85/20 191/86/20
f 196/87/21 191/88/21 192/85/21
f 196/87/21 192/85/21 195/89/21
f 189/90/18 191/91/18 196/92/18
f 189/90/18 196/92/18 194/93/18
f 195/89/9 192/85/9 190/81/9
f 195/89/9 190/81/9 193/80/9
f 196/92/22 195/89/22 193/80/22
f 196/92/22 193/80/22 194/93/22
f 201/94/23 198/95/23 197/96/23
f 201/94/23 197/96/23 202/97/23
f 197/90/24 198/95/24 200/98/24
f 197/90/24 200/98/24 199/91/24
f 204/99/25 199/100/25 200/98/25
f 204/99/25 200/98/25 203/101/25
f 197/102/18 199/103/18 204/104/18
f 197/102/18 204/104/18 202/105/18
f 203/101/9 200/98/9 198/95/9
f 203/101/9 198/95/9 201/94/9
f 204/104/26 203/101/26 201/94/26
f 204/104/26 201/94/26 202/105/26
f 209/106/21 206/107/21 205/108/21
f 209/106/21 205/108/21 210/109/21
f 205/110/22 206/107/22 208/111/22
f 205/110/22 208/111/22 207/112/22
f 212/113/19 207/114/19 208/111/19
f 212/113/19 208/111/19 211/115/19
f 205/116/18 207/117/18 212/118/18
f 205/116/18 212/118/18 210/119/18
f 211/115/9 208/111/9 206/107/9
f 211/115/9 206/107/9 209/106/9
f 212/118/20 211/115/20 209/106/20
f 212/118/20 209/106/20 210/119/20
f 217/120/27 214/121/27 213/122/27
f 217/120/27 213/122/27 218/123/27
f 213/102/28 214/121/28 216/124/28
f 213/102/28 216/124/28 215/103/28
f 220/125/29 215/126/29 216/124/29
f 220/125/29 216/124/29 219/127/29
f 213/128/18 215/129/18 220/130/18
f 213/128/18 220/130/18 218/131/18
f 219/127/9 216/124/9 214/121/9
f 219/127/9 214/121/9 217/120/9
f 220/130/30 219/127/30 217/120/30
f 220/130/30 217/120/30 218/131/30
f 225/132/25 222/133/25 221/134/25
f 225/132/25 221/134/25 226/135/25
f 221/136/26 222/133/26 224/137/26
f 221/136/26 224/137/26 223/138/26
f 228/432/23 223/433/23 224/137/23
f 228/432/23 224/137/23 227/141/23
f 221/142/18 223/143/18 228/144/18
f 221/142/18 228/144/18 226/145/18
f 227/141/9 224/137/9 222/133/9
f 227/141/9 222/133/9 225/132/9
f 225/132/24 226/145/24 228/144/24
f 225/132/24 228/144/24 227/141/24
f 233/146/29 230/147/29 229/148/29
f 233/146/29 229/148/29 234/149/29
f 229/150/30 230/147/30 232/151/30
f 229/150/30 232/151/30 231/152/30
f 236/153/27 231/154/27 232/151/27
f 236/153/27 232/151/27 235/155/27
f 229/156/18 231/157/18 236/158/18
f 229/156/18 236/158/18 234/159/18
f 235/155/9 232/151/9 230/147/9
f 235/155/9 230/147/9 233/146/9
f 233/146/28 234/159/28 236/158/28
f 233/146/28 236/158/28 235/155/28
f 237/160/30 238/161/30 240/162/30
f 237/160/30 240/162/30 239/163/30
f 239/163/20 240/162/20 242/164/20
f 239/163/20 242/164/20 241/165/20
f 241/166/26 242/167/26 244/168/26
f 241/166/26 244/168/26 243/169/26
f 243/169/28 244/168/28 246/170/28
f 243/169/28 246/170/28 245/171/28
f 240/172/9 238/173/9 248/174/9
f 240/172/9 248/174/9 246/175/9
f 240/172/9 246/175/9 244/168/9
f 240/172/9 244/168/9 242/167/9
f 245/171/22 246/170/22 248/176/22
f 245/171/22 248/176/22 247/177/22
f 247/177/24 248/176/24 238/161/24
f 247/177/24 238/161/24 237/160/24
f 237/178/18 239/179/18 241/166/18
f 237/178/18 241/166/18 243/169/18
f 237/178/18 243/169/18 245/180/18
f 237/178/18 245/180/18 247/181/18
f 273/182/19 276/183/19 250/184/19
f 273/182/19 250/184/19 252/185/19
f 273/182/19 252/185/19 300/186/19
f 273/182/19 300/186/19 298/187/19
f 273/182/19 298/187/19 297/188/19
f 273/182/19 297/188/19 299/189/19
f 273/182/19 299/189/19 251/190/19
f 273/182/19 251/190/19 249/191/19
f 273/182/19 249/191/19 275/192/19
f 273/182/19 275/192/19 274/193/19
f 302/194/25 300/186/25 252/195/25
f 302/194/25 252/195/25 254/196/25
f 302/194/25 254/196/25 324/197/25
f 302/194/25 324/197/25 321/198/25
f 302/194/25 321/198/25 322/199/25
f 302/194/25 322/199/25 323/200/25
f 302/194/25 323/200/25 253/201/25
f 302/194/25 253/201/25 251/190/25
f 302/194/25 251/190/25 299/189/25
f 302/194/25 299/189/25 301/202/25
f 324/197/27 254/196/27 256/203/27
f 324/197/27 256/203/27 280/204/27
f 324/197/27 280/204/27 277/205/27
f 324/197/27 277/205/27 278/206/27
f 324/197/27 278/206/27 279/207/27
f 324/197/27 279/207/27 255/208/27
f 324/197/27 255/208/27 253/201/27
f 324/197/27 253/201/27 323/200/27
f 324/197/27 323/200/27 325/209/27
f 324/197/27 325/209/27 326/210/27
f 282/211/21 280/212/21 256/213/21
f 282/211/21 256/213/21 258/184/21
f 282/211/21 258/184/21 306/214/21
f 282/211/21 306/214/21 303/215/21
f 282/211/21 303/215/21 304/216/21
f 282/211/21 304/216/21 305/192/21
f 282/211/21 305/192/21 257/191/21
f 282/211/21 257/191/21 255/217/21
f 282/211/21 255/217/21 279/218/21
f 282/211/21 279/218/21 281/219/21
f 255/208/18 272/220/18 268/221/18
f 255/208/18 268/221/18 253/201/18
f 251/190/18 253/201/18 268/222/18
f 251/190/18 268/222/18 271/223/18
f 329/224/23 259/225/23 257/226/23
f 329/224/23 257/226/23 305/227/23
f 329/224/23 305/227/23 308/228/23
f 329/224/23 308/228/23 307/229/23
f 329/224/23 307/229/23 306/230/23
f 329/224/23 306/230/23 258/231/23
f 329/224/23 258/231/23 260/232/23
f 329/224/23 260/232/23 330/233/23
f 329/224/23 330/233/23 328/234/23
f 329/224/23 328/234/23 327/235/23
f 260/236/29 250/237/29 276/238/29
f 260/236/29 276/238/29 284/239/29
f 260/236/29 284/239/29 283/240/29
f 260/236/29 283/240/29 275/241/29
f 260/236/29 275/241/29 249/242/29
f 260/236/29 249/242/29 259/243/29
f 260/236/29 259/243/29 329/244/29
f 260/236/29 329/244/29 332/245/29
f 260/236/29 332/245/29 331/246/29
f 260/236/29 331/246/29 330/247/29
f 251/190/18 271/248/18 267/249/18
f 251/190/18 267/249/18 249/191/18
f 259/243/18 249/242/18 267/250/18
f 259/243/18 267/250/18 270/251/18
f 310/252/21 312/253/21 261/254/21
f 310/252/21 261/254/21 266/255/21
f 310/252/21 266/255/21 288/256/21
f 310/252/21 288/256/21 285/257/21
f 310/252/21 285/257/21 286/258/21
f 310/252/21 286/258/21 287/259/21
f 310/252/21 287/259/21 267/260/21
f 310/252/21 267/260/21 271/261/21
f 310/252/21 271/261/21 311/262/21
f 310/252/21 311/262/21 309/263/21
f 265/264/23 261/265/23 312/266/23
f 265/264/23 312/266/23 314/267/23
f 265/264/23 314/267/23 313/268/23
f 265/264/23 313/268/23 311/269/23
f 265/264/23 311/269/23 271/270/23
f 265/264/23 271/270/23 268/271/23
f 265/264/23 268/271/23 335/272/23
f 265/264/23 335/272/23 334/273/23
f 265/264/23 334/273/23 333/274/23
f 265/264/23 333/274/23 336/275/23
f 268/276/29 272/277/29 291/278/29
f 268/276/29 291/278/29 290/279/29
f 268/276/29 290/279/29 289/280/29
f 268/276/29 289/280/29 292/281/29
f 268/276/29 292/281/29 263/282/29
f 268/276/29 263/282/29 265/283/29
f 268/276/29 265/283/29 336/284/29
f 268/276/29 336/284/29 338/285/29
f 268/276/29 338/285/29 337/286/29
f 268/276/29 337/286/29 335/287/29
f 264/288/19 263/289/19 292/290/19
f 264/288/19 292/290/19 294/291/19
f 264/288/19 294/291/19 293/292/19
f 264/288/19 293/292/19 291/293/19
f 264/288/19 291/293/19 272/294/19
f 264/288/19 272/294/19 269/295/19
f 264/288/19 269/295/19 317/296/19
f 264/288/19 317/296/19 316/297/19
f 264/288/19 316/297/19 315/298/19
f 264/288/19 315/298/19 318/299/19
f 342/300/25 262/301/25 264/302/25
f 342/300/25 264/302/25 318/303/25
f 342/300/25 318/303/25 319/304/25
f 342/300/25 319/304/25 320/305/25
f 342/300/25 320/305/25 317/306/25
f 342/300/25 317/306/25 269/307/25
f 342/300/25 269/307/25 270/308/25
f 342/300/25 270/308/25 341/309/25
f 342/300/25 341/309/25 339/310/25
f 342/300/25 339/310/25 340/311/25
f 296/312/27 288/313/27 266/314/27
f 296/312/27 266/314/27 262/315/27
f 296/312/27 262/315/27 342/316/27
f 296/312/27 342/316/27 343/317/27
f 296/312/27 343/317/27 344/318/27
f 296/312/27 344/318/27 341/319/27
f 296/312/27 341/319/27 270/320/27
f 296/312/27 270/320/27 267/321/27
f 296/312/27 267/321/27 287/322/27
f 296/312/27 287/322/27 295/323/27
f 259/225/18 270/324/18 269/325/18
f 259/225/18 269/325/18 257/226/18
f 255/217/18 257/191/18 269/326/18
f 255/217/18 269/326/18 272/327/18
f 258/184/9 256/213/9 263/289/9
f 258/184/9 263/289/9 264/288/9
f 258/231/9 264/302/9 262/301/9
f 258/231/9 262/301/9 260/232/9
f 266/314/9 250/237/9 260/236/9
f 266/314/9 260/236/9 262/315/9
f 250/184/9 266/255/9 261/254/9
f 250/184/9 261/254/9 252/185/9
f 254/196/9 252/195/9 261/265/9
f 254/196/9 261/265/9 265/264/9
f 282/328/25 281/329/25 293/330/25
f 282/328/25 293/330/25 294/331/25
f 295/332/25 283/333/25 284/334/25
f 295/332/25 284/334/25 296/335/25
f 278/336/23 277/337/23 289/338/23
f 278/336/23 289/338/23 290/339/23
f 285/340/23 273/341/23 274/342/23
f 285/340/23 274/342/23 286/343/23
f 293/344/9 281/345/9 279/346/9
f 293/344/9 279/346/9 278/347/9
f 293/344/9 278/347/9 290/348/9
f 293/344/9 290/348/9 291/349/9
f 287/350/9 286/351/9 274/352/9
f 287/350/9 274/352/9 275/353/9
f 287/350/9 275/353/9 283/354/9
f 287/350/9 283/354/9 295/355/9
f 292/356/18 289/338/18 277/337/18
f 292/356/18 277/337/18 280/357/18
f 292/356/18 280/357/18 282/358/18
f 292/356/18 282/358/18 294/359/18
f 284/334/18 276/360/18 273/361/18
f 284/334/18 273/361/18 285/362/18
f 284/334/18 285/362/18 288/363/18
f 284/334/18 288/363/18 296/335/18
f 307/331/27 308/330/27 320/364/27
f 307/331/27 320/364/27 319/365/27
f 309/366/27 297/367/27 298/368/27
f 309/366/27 298/368/27 310/369/27
f 304/370/29 303/371/29 315/372/29
f 304/370/29 315/372/29 316/373/29
f 314/374/29 302/375/29 301/376/29
f 314/374/29 301/376/29 313/377/29
f 317/378/9 320/379/9 308/380/9
f 317/378/9 308/380/9 305/381/9
f 317/378/9 305/381/9 304/382/9
f 317/378/9 304/382/9 316/383/9
f 301/384/9 299/385/9 297/386/9
f 301/384/9 297/386/9 309/387/9
f 301/384/9 309/387/9 311/388/9
f 301/384/9 311/388/9 313/389/9
f 315/372/18 303/371/18 306/390/18
f 315/372/18 306/390/18 307/391/18
f 315/372/18 307/391/18 319/392/18
f 315/372/18 319/392/18 318/393/18
f 310/369/18 298/368/18 300/394/18
f 310/369/18 300/394/18 302/395/18
f 310/369/18 302/395/18 314/396/18
f 310/369/18 314/396/18 312/397/18
f 331/398/21 332/377/21 344/399/21
f 331/398/21 344/399/21 343/400/21
f 334/401/21 322/402/21 321/403/21
f 334/401/21 321/403/21 333/404/21
f 327/405/19 328/406/19 340/407/19
f 327/405/19 340/407/19 339/408/19
f 338/409/19 326/410/19 325/399/19
f 338/409/19 325/399/19 337/411/19
f 329/412/9 327/413/9 339/414/9
f 329/412/9 339/414/9 341/415/9
f 329/412/9 341/415/9 344/416/9
f 329/412/9 344/416/9 332/417/9
f 323/418/9 322/419/9 334/420/9
f 323/418/9 334/420/9 335/421/9
f 323/418/9 335/421/9 337/422/9
f 323/418/9 337/422/9 325/423/9
f 340/407/18 328/406/18 330/424/18
f 340/407/18 330/424/18 331/425/18
f 340/407/18 331/425/18 343/426/18
f 340/407/18 343/426/18 342/427/18
f 333/404/18 321/403/18 324/428/18
f 333/404/18 324/428/18 326/429/18
f 333/404/18 326/429/18 338/430/18
f 333/404/18 338/430/18 336/431/18
f 254/196/9 265/283/9 263/282/9
f 254/196/9 263/282/9 256/203/9
f 345/1/1 346/2/1 348/3/1
f 345/1/1 348/3/1 347/4/1
f 347/5/2 348/6/2 350/7/2
f 347/5/2 350/7/2 349/8/2
f 349/9/3 350/10/3 352/11/3
f 349/9/3 352/11/3 351/12/3
f 351/13/4 352/14/4 354/15/4
f 351/13/4 354/15/4 353/16/4
f 353/17/5 354/18/5 356/19/5
f 353/17/5 356/19/5 355/20/5
f 355/21/6 356/22/6 358/23/6
f 355/21/6 358/23/6 357/24/6
f 357/25/7 358/7/7 360/26/7
f 357/25/7 360/26/7 359/27/7
f 359/28/8 360/29/8 346/30/8
f 359/28/8 346/30/8 345/31/8
f 346/2/9 365/32/9 361/33/9
f 346/2/9 361/33/9 348/3/9
f 346/30/9 360/29/9 362/34/9
f 346/30/9 362/34/9 365/35/9
f 375/36/10 361/37/10 365/38/10
f 375/36/10 365/38/10 369/39/10
f 370/40/11 367/41/11 361/42/11
f 370/40/11 361/42/11 375/43/11
f 364/44/12 367/45/12 370/46/12
f 364/44/12 370/46/12 374/47/12
f 368/48/13 364/49/13 374/50/13
f 368/48/13 374/50/13 371/51/13
f 363/52/14 368/53/14 371/54/14
f 363/52/14 371/54/14 376/55/14
f 372/56/15 366/57/15 363/58/15
f 372/56/15 363/58/15 376/59/15
f 373/60/16 362/61/16 366/62/16
f 373/60/16 366/62/16 372/63/16
f 369/64/17 365/65/17 362/66/17
f 369/64/17 362/66/17 373/67/17
f 358/7/9 366/68/9 362/69/9
f 358/7/9 362/69/9 360/26/9
f 358/23/9 356/22/9 363/70/9
f 358/23/9 363/70/9 366/71/9
f 354/18/9 368/72/9 363/73/9
f 354/18/9 363/73/9 356/19/9
f 354/15/9 352/14/9 364/74/9
f 354/15/9 364/74/9 368/75/9
f 350/10/9 367/76/9 364/77/9
f 350/10/9 364/77/9 352/11/9
f 350/7/9 348/6/9 361/78/9
f 350/7/9 361/78/9 367/79/9
f 347/5/18 349/8/18 370/40/18
f 347/5/18 370/40/18 375/43/18
f 347/4/18 375/36/18 369/39/18
f 347/4/18 369/39/18 345/1/18
f 359/28/18 345/31/18 369/64/18
f 359/28/18 369/64/18 373/67/18
f 359/27/18 373/60/18 372/63/18
f 359/27/18 372/63/18 357/25/18
f 355/21/18 357/24/18 372/56/18
f 355/21/18 372/56/18 376/59/18
f 355/20/18 376/55/18 371/54/18
f 355/20/18 371/54/18 353/17/18
f 351/13/18 353/16/18 371/51/18
f 351/13/18 371/51/18 374/50/18
f 351/12/18 374/47/18 370/46/18
f 351/12/18 370/46/18 349/9/18
f 381/80/19 378/81/19 377/82/19
f 381/80/19 377/82/19 382/83/19
f 377/84/20 378/81/20 380/85/20
f 377/84/20 380/85/20 379/86/20
f 384/87/21 379/88/21 380/85/21
f 384/87/21 380/85/21 383/89/21
f 377/90/18 379/91/18 384/92/18
f 377/90/18 384/92/18 382/93/18
f 383/89/9 380/85/9 378/81/9
f 383/89/9 378/81/9 381/80/9
f 384/92/22 383/89/22 381/80/22
f 384/92/22 381/80/22 382/93/22
f 389/94/23 386/95/23 385/96/23
f 389/94/23 385/96/23 390/97/23
f 385/90/24 386/95/24 388/98/24
f 385/90/24 388/98/24 387/91/24
f 392/99/25 387/100/25 388/98/25
f 392/99/25 388/98/25 391/101/25
f 385/102/18 387/103/18 392/104/18
f 385/102/18 392/104/18 390/105/18
f 391/101/9 388/98/9 386/95/9
f 391/101/9 386/95/9 389/94/9
f 392/104/26 391/101/26 389/94/26
f 392/104/26 389/94/26 390/105/26
f 397/106/21 394/107/21 393/108/21
f 397/106/21 393/108/21 398/109/21
f 393/110/22 394/107/22 396/111/22
f 393/110/22 396/111/22 395/112/22
f 400/113/19 395/114/19 396/111/19
f 400/113/19 396/111/19 399/115/19
f 393/116/18 395/117/18 400/118/18
f 393/116/18 400/118/18 398/119/18
f 399/115/9 396/111/9 394/107/9
f 399/115/9 394/107/9 397/106/9
f 400/118/20 399/115/20 397/106/20
f 400/118/20 397/106/20 398/119/20
f 405/120/27 402/121/27 401/122/27
f 405/120/27 401/122/27 406/123/27
f 401/102/28 402/121/28 404/124/28
f 401/102/28 404/124/28 403/103/28
f 408/125/29 403/126/29 404/124/29
f 408/125/29 404/124/29 407/127/29
f 401/128/18 403/129/18 408/130/18
f 401/128/18 408/130/18 406/131/18
f 407/127/9 404/124/9 402/121/9
f 407/127/9 402/121/9 405/120/9
f 408/130/30 407/127/30 405/120/30
f 408/130/30 405/120/30 406/131/30
f 413/132/25 410/133/25 409/134/25
f 413/132/25 409/134/25 414/135/25
f 409/136/26 410/133/26 412/137/26
f 409/136/26 412/137/26 411/138/26
f 416/139/23 411/140/23 412/137/23
f 416/139/23 412/137/23 415/141/23
f 409/142/18 411/143/18 416/144/18
f 409/142/18 416/144/18 414/145/18
f 415/141/9 412/137/9 410/133/9
f 415/141/9 410/133/9 413/132/9
f 413/132/24 414/145/24 416/144/24
f 413/132/24 416/144/24 415/141/24
f 421/146/29 418/147/29 417/148/29
f 421/146/29 417/148/29 422/149/29
f 417/150/30 418/147/30 420/151/30
f 417/150/30 420/151/30 419/152/30
f 424/153/27 419/154/27 420/151/27
f 424/153/27 420/151/27 423/155/27
f 417/156/18 419/157/18 424/158/18
f 417/156/18 424/158/18 422/159/18
f 423/155/9 420/151/9 418/147/9
f 423/155/9 418/147/9 421/146/9
f 421/146/28 422/159/28 424/158/28
f 421/146/28 424/158/28 423/155/28
f 425/160/30 426/161/30 428/162/30
f 425/160/30 428/162/30 427/163/30
f 427/163/20 428/162/20 430/164/20
f 427/163/20 430/164/20 429/165/20
f 429/166/26 430/167/26 432/168/26
f 429/166/26 432/168/26 431/169/26
f 431/169/28 432/168/28 434/170/28
f 431/169/28 434/170/28 433/171/28
f 428/172/9 426/173/9 436/174/9
f 428/172/9 436/174/9 434/175/9
f 428/172/9 434/175/9 432/168/9
f 428/172/9 432/168/9 430/167/9
f 433/171/22 434/170/22 436/176/22
f 433/171/22 436/176/22 435/177/22
f 435/177/24 436/176/24 426/161/24
f 435/177/24 426/161/24 425/160/24
f 425/178/18 427/179/18 429/166/18
f 425/178/18 429/166/18 431/169/18
f 425/178/18 431/169/18 433/180/18
f 425/178/18 433/180/18 435/181/18
f 461/182/19 464/183/19 438/184/19
f 461/182/19 438/184/19 440/185/19
f 461/182/19 440/185/19 488/186/19
f 461/182/19 488/186/19 486/187/19
f 461/182/19 486/187/19 485/188/19
f 461/182/19 485/188/19 487/189/19
f 461/182/19 487/189/19 439/190/19
f 461/182/19 439/190/19 437/191/19
f 461/182/19 437/191/19 463/192/19
f 461/182/19 463/192/19 462/193/19
f 490/194/25 488/186/25 440/195/25
f 490/194/25 440/195/25 442/196/25
f 490/194/25 442/196/25 512/197/25
f 490/194/25 512/197/25 509/198/25
f 490/194/25 509/198/25 510/199/25
f 490/194/25 510/199/25 511/200/25
f 490/194/25 511/200/25 441/201/25
f 490/194/25 441/201/25 439/190/25
f 490/194/25 439/190/25 487/189/25
f 490/194/25 487/189/25 489/202/25
f 512/197/27 442/196/27 444/203/27
f 512/197/27 444/203/27 468/204/27
f 512/197/27 468/204/27 465/205/27
f 512/197/27 465/205/27 466/206/27
f 512/197/27 466/206/27 467/207/27
f 512/197/27 467/207/27 443/208/27
f 512/197/27 443/208/27 441/201/27
f 512/197/27 441/201/27 511/200/27
f 512/197/27 511/200/27 513/209/27
f 512/197/27 513/209/27 514/210/27
f 470/211/21 468/212/21 444/213/21
f 470/211/21 444/213/21 446/184/21
f 470/211/21 446/184/21 494/214/21
f 470/211/21 494/214/21 491/215/21
f 470/211/21 491/215/21 492/216/21
f 470/211/21 492/216/21 493/192/21
f 470/211/21 493/192/21 445/191/21
f 470/211/21 445/191/21 443/217/21
f 470/211/21 443/217/21 467/218/21
f 470/211/21 467/218/21 469/219/21
f 443/208/18 460/220/18 456/221/18
f 443/208/18 456/221/18 441/201/18
f 439/190/18 441/201/18 456/222/18
f 439/190/18 456/222/18 459/223/18
f 517/224/23 447/225/23 445/226/23
f 517/224/23 445/226/23 493/227/23
f 517/224/23 493/227/23 496/228/23
f 517/224/23 496/228/23 495/229/23
f 517/224/23 495/229/23 494/230/23
f 517/224/23 494/230/23 446/231/23
f 517/224/23 446/231/23 448/232/23
f 517/224/23 448/232/23 518/233/23
f 517/224/23 518/233/23 516/234/23
f 517/224/23 516/234/23 515/235/23
f 448/236/29 438/237/29 464/238/29
f 448/236/29 464/238/29 472/239/29
f 448/236/29 472/239/29 471/240/29
f 448/236/29 471/240/29 463/241/29
f 448/236/29 463/241/29 437/242/29
f 448/236/29 437/242/29 447/243/29
f 448/236/29 447/243/29 517/244/29
f 448/236/29 517/244/29 520/245/29
f 448/236/29 520/245/29 519/246/29
f 448/236/29 519/246/29 518/247/29
f 439/190/18 459/248/18 455/249/18
f 439/190/18 455/249/18 437/191/18
f 447/243/18 437/242/18 455/250/18
f 447/243/18 455/250/18 458/251/18
f 498/252/21 500/253/21 449/254/21
f 498/252/21 449/254/21 454/255/21
f 498/252/21 454/255/21 476/256/21
f 498/252/21 476/256/21 473/257/21
f 498/252/21 473/257/21 474/258/21
f 498/252/21 474/258/21 475/259/21
f 498/252/21 475/259/21 455/260/21
f 498/252/21 455/260/21 459/261/21
f 498/252/21 459/261/21 499/262/21
f 498/252/21 499/262/21 497/263/21
f 453/264/23 449/265/23 500/266/23
f 453/264/23 500/266/23 502/267/23
f 453/264/23 502/267/23 501/268/23
f 453/264/23 501/268/23 499/269/23
f 453/264/23 499/269/23 459/270/23
f 453/264/23 459/270/23 456/271/23
f 453/264/23 456/271/23 523/272/23
f 453/264/23 523/272/23 522/273/23
f 453/264/23 522/273/23 521/274/23
f 453/264/23 521/274/23 524/275/23
f 456/276/29 460/277/29 479/278/29
f 456/276/29 479/278/29 478/279/29
f 456/276/29 478/279/29 477/280/29
f 456/276/29 477/280/29 480/281/29
f 456/276/29 480/281/29 451/282/29
f 456/276/29 451/282/29 453/283/29
f 456/276/29 453/283/29 524/284/29
f 456/276/29 524/284/29 526/285/29
f 456/276/29 526/285/29 525/286/29
f 456/276/29 525/286/29 523/287/29
f 452/288/19 451/289/19 480/290/19
f 452/288/19 480/290/19 482/291/19
f 452/288/19 482/291/19 481/292/19
f 452/288/19 481/292/19 479/293/19
f 452/288/19 479/293/19 460/294/19
f 452/288/19 460/294/19 457/295/19
f 452/288/19 457/295/19 505/296/19
f 452/288/19 505/296/19 504/297/19
f 452/288/19 504/297/19 503/298/19
f 452/288/19 503/298/19 506/299/19
f 530/300/25 450/301/25 452/302/25
f 530/300/25 452/302/25 506/303/25
f 530/300/25 506/303/25 507/304/25
f 530/300/25 507/304/25 508/305/25
f 530/300/25 508/305/25 505/306/25
f 530/300/25 505/306/25 457/307/25
f 530/300/25 457/307/25 458/308/25
f 530/300/25 458/308/25 529/309/25
f 530/300/25 529/309/25 527/310/25
f 530/300/25 527/310/25 528/311/25
f 484/312/27 476/313/27 454/314/27
f 484/312/27 454/314/27 450/315/27
f 484/312/27 450/315/27 530/316/27
f 484/312/27 530/316/27 531/317/27
f 484/312/27 531/317/27 532/318/27
f 484/312/27 532/318/27 529/319/27
f 484/312/27 529/319/27 458/320/27
f 484/312/27 458/320/27 455/321/27
f 484/312/27 455/321/27 475/322/27
f 484/312/27 475/322/27 483/323/27
f 447/225/18 458/324/18 457/325/18
f 447/225/18 457/325/18 445/226/18
f 443/217/18 445/191/18 457/326/18
f 443/217/18 457/326/18 460/327/18
f 446/184/9 444/213/9 451/289/9
f 446/184/9 451/289/9 452/288/9
f 446/231/9 452/302/9 450/301/9
f 446/231/9 450/301/9 448/232/9
f 454/314/9 438/237/9 448/236/9
f 454/314/9 448/236/9 450/315/9
f 438/184/9 454/255/9 449/254/9
f 438/184/9 449/254/9 440/185/9
f 442/196/9 440/195/9 449/265/9
f 442/196/9 449/265/9 453/264/9
f 470/328/25 469/329/25 481/330/25
f 470/328/25 481/330/25 482/331/25
f 483/332/25 471/333/25 472/334/25
f 483/332/25 472/334/25 484/335/25
f 466/336/23 465/337/23 477/338/23
f 466/336/23 477/338/23 478/339/23
f 473/340/23 461/341/23 462/342/23
f 473/340/23 462/342/23 474/343/23
f 481/344/9 469/345/9 467/346/9
f 481/344/9 467/346/9 466/347/9
f 481/344/9 466/347/9 478/348/9
f 481/344/9 478/348/9 479/349/9
f 475/350/9 474/351/9 462/352/9
f 475/350/9 462/352/9 463/353/9
f 475/350/9 463/353/9 471/354/9
f 475/350/9 471/354/9 483/355/9
f 480/356/18 477/338/18 465/337/18
f 480/356/18 465/337/18 468/357/18
f 480/356/18 468/357/18 470/358/18
f 480/356/18 470/358/18 482/359/18
f 472/334/18 464/360/18 461/361/18
f 472/334/18 461/361/18 473/362/18
f 472/334/18 473/362/18 476/363/18
f 472/334/18 476/363/18 484/335/18
f 495/331/27 496/330/27 508/364/27
f 495/331/27 508/364/27 507/365/27
f 497/366/27 485/367/27 486/368/27
f 497/366/27 486/368/27 498/369/27
f 492/370/29 491/371/29 503/372/29
f 492/370/29 503/372/29 504/373/29
f 502/374/29 490/375/29 489/376/29
f 502/374/29 489/376/29 501/377/29
f 505/378/9 508/379/9 496/380/9
f 505/378/9 496/380/9 493/381/9
f 505/378/9 493/381/9 492/382/9
f 505/378/9 492/382/9 504/383/9
f 489/384/9 487/385/9 485/386/9
f 489/384/9 485/386/9 497/387/9
f 489/384/9 497/387/9 499/388/9
f 489/384/9 499/388/9 501/389/9
f 503/372/18 491/371/18 494/390/18
f 503/372/18 494/390/18 495/391/18
f 503/372/18 495/391/18 507/392/18
f 503/372/18 507/392/18 506/393/18
f 498/369/18 486/368/18 488/394/18
f 498/369/18 488/394/18 490/395/18
f 498/369/18 490/395/18 502/396/18
f 498/369/18 502/396/18 500/397/18
f 519/398/21 520/377/21 532/399/21
f 519/398/21 532/399/21 531/400/21
f 522/401/21 510/402/21 509/403/21
f 522/401/21 509/403/21 521/404/21
f 515/405/19 516/406/19 528/407/19
f 515/405/19 528/407/19 527/408/19
f 526/409/19 514/410/19 513/399/19
f 526/409/19 513/399/19 525/411/19
f 517/412/9 515/413/9 527/414/9
f 517/412/9 527/414/9 529/415/9
f 517/412/9 529/415/9 532/416/9
f 517/412/9 532/416/9 520/417/9
f 511/418/9 510/419/9 522/420/9
f 511/418/9 522/420/9 523/421/9
f 511/418/9 523/421/9 525/422/9
f 511/418/9 525/422/9 513/423/9
f 528/407/18 516/406/18 518/424/18
f 528/407/18 518/424/18 519/425/18
f 528/407/18 519/425/18 531/426/18
f 528/407/18 531/426/18 530/427/18
f 521/404/18 509/403/18 512/428/18
f 521/404/18 512/428/18 514/429/18
f 521/404/18 514/429/18 526/430/18
f 521/404/18 526/430/18 524/431/18
f 442/196/9 453/283/9 451/282/9
f 442/196/9 451/282/9 444/203/9
f 537/80/19 534/81/19 533/82/19
f 537/80/19 533/82/19 538/83/19
f 533/84/20 534/81/20 536/85/20
f 533/84/20 536/85/20 535/86/20
f 540/87/21 535/88/21 536/85/21
f 540/87/21 536/85/21 539/89/21
f 533/90/18 535/91/18 540/92/18
f 533/90/18 540/92/18 538/93/18
f 539/89/9 536/85/9 534/81/9
f 539/89/9 534/81/9 537/80/9
f 540/92/22 539/89/22 537/80/22
f 540/92/22 537/80/22 538/93/22
f 545/94/23 542/95/23 541/96/23
f 545/94/23 541/96/23 546/97/23
f 541/90/24 542/95/24 544/98/24
f 541/90/24 544/98/24 543/91/24
f 548/99/25 543/100/25 544/98/25
f 548/99/25 544/98/25 547/101/25
f 541/102/18 543/103/18 548/104/18
f 541/102/18 548/104/18 546/105/18
f 547/101/9 544/98/9 542/95/9
f 547/101/9 542/95/9 545/94/9
f 548/104/26 547/101/26 545/94/26
f 548/104/26 545/94/26 546/105/26
f 553/106/21 550/107/21 549/108/21
f 553/106/21 549/108/21 554/109/21
f 549/110/22 550/107/22 552/111/22
f 549/110/22 552/111/22 551/112/22
f 556/113/19 551/114/19 552/111/19
f 556/113/19 552/111/19 555/115/19
f 549/116/18 551/117/18 556/118/18
f 549/116/18 556/118/18 554/119/18
f 555/115/9 552/111/9 550/107/9
f 555/115/9 550/107/9 553/106/9
f 556/118/20 555/115/20 553/106/20
f 556/118/20 553/106/20 554/119/20
f 561/120/27 558/121/27 557/122/27
f 561/120/27 557/122/27 562/123/27
f 557/102/28 558/121/28 560/124/28
f 557/102/28 560/124/28 559/103/28
f 564/125/29 559/126/29 560/124/29
f 564/125/29 560/124/29 563/127/29
f 557/128/18 559/129/18 564/130/18
f 557/128/18 564/130/18 562/131/18
f 563/127/9 560/124/9 558/121/9
f 563/127/9 558/121/9 561/120/9
f 564/130/30 563/127/30 561/120/30
f 564/130/30 561/120/30 562/131/30
f 569/132/25 566/133/25 565/134/25
f 569/132/25 565/134/25 570/135/25
f 565/136/26 566/133/26 568/137/26
f 565/136/26 568/137/26 567/138/26
f 572/432/23 567/433/23 568/137/23
f 572/432/23 568/137/23 571/141/23
f 565/142/18 567/143/18 572/144/18
f 565/142/18 572/144/18 570/145/18
f 571/141/9 568/137/9 566/133/9
f 571/141/9 566/133/9 569/132/9
f 569/132/24 570/145/24 572/144/24
f 569/132/24 572/144/24 571/141/24
f 577/146/29 574/147/29 573/148/29
f 577/146/29 573/148/29 578/149/29
f 573/150/30 574/147/30 576/151/30
f 573/150/30 576/151/30 575/152/30
f 580/153/27 575/154/27 576/151/27
f 580/153/27 576/151/27 579/155/27
f 573/156/18 575/157/18 580/158/18
f 573/156/18 580/158/18 578/159/18
f 579/155/9 576/151/9 574/147/9
f 579/155/9 574/147/9 577/146/9
f 577/146/28 578/159/28 580/158/28
f 577/146/28 580/158/28 579/155/28
f 581/160/30 582/161/30 584/162/30
f 581/160/30 584/162/30 583/163/30
f 583/163/20 584/162/20 586/164/20
f 583/163/20 586/164/20 585/165/20
f 585/166/26 586/167/26 588/168/26
f 585/166/26 588/168/26 587/169/26
f 587/169/28 588/168/28 590/170/28
f 587/169/28 590/170/28 589/171/28
f 584/172/9 582/173/9 592/174/9
f 584/172/9 592/174/9 590/175/9
f 584/172/9 590/175/9 588/168/9
f 584/172/9 588/168/9 586/167/9
f 589/171/22 590/170/22 592/176/22
f 589/171/22 592/176/22 591/177/22
f 591/177/24 592/176/24 582/161/24
f 591/177/24 582/161/24 581/160/24
f 581/178/18 583/179/18 585/166/18
f 581/178/18 585/166/18 587/169/18
f 581/178/18 587/169/18 589/180/18
f 581/178/18 589/180/18 591/181/18
f 617/182/19 620/183/19 594/184/19
f 617/182/19 594/184/19 596/185/19
f 617/182/19 596/185/19 644/186/19
f 617/182/19 644/186/19 642/187/19
f 617/182/19 642/187/19 641/188/19
f 617/182/19 641/188/19 643/189/19
f 617/182/19 643/189/19 595/190/19
f 617/182/19 595/190/19 593/191/19
f 617/182/19 593/191/19 619/192/19
f 617/182/19 619/192/19 618/193/19
f 646/194/25 644/186/25 596/195/25
f 646/194/25 596/195/25 598/196/25
f 646/194/25 598/196/25 668/197/25
f 646/194/25 668/197/25 665/198/25
f 646/194/25 665/198/25 666/199/25
f 646/194/25 666/199/25 667/200/25
f 646/194/25 667/200/25 597/201/25
f 646/194/25 597/201/25 595/190/25
f 646/194/25 595/190/25 643/189/25
f 646/194/25 643/189/25 645/202/25
f 668/197/27 598/196/27 600/203/27
f 668/197/27 600/203/27 624/204/27
f 668/197/27 624/204/27 621/205/27
f 668/197/27 621/205/27 622/206/27
f 668/197/27 622/206/27 623/207/27
f 668/197/27 623/207/27 599/208/27
f 668/197/27 599/208/27 597/201/27
f 668/197/27 597/201/27 667/200/27
f 668/197/27 667/200/27 669/209/27
f 668/197/27 669/209/27 670/210/27
f 626/211/21 624/212/21 600/213/21
f 626/211/21 600/213/21 602/184/21
f 626/211/21 602/184/21 650/214/21
f 626/211/21 650/214/21 647/215/21
f 626/211/21 647/215/21 648/216/21
f 626/211/21 648/216/21 649/192/21
f 626/211/21 649/192/21 601/191/21
f 626/211/21 601/191/21 599/217/21
f 626/211/21 599/217/21 623/218/21
f 626/211/21 623/218/21 625/219/21
f 599/208/18 616/220/18 612/221/18
f 599/208/18 612/221/18 597/201/18
f 595/190/18 597/201/18 612/222/18
f 595/190/18 612/222/18 615/223/18
f 673/224/23 603/225/23 601/226/23
f 673/224/23 601/226/23 649/227/23
f 673/224/23 649/227/23 652/228/23
f 673/224/23 652/228/23 651/229/23
f 673/224/23 651/229/23 650/230/23
f 673/224/23 650/230/23 602/231/23
f 673/224/23 602/231/23 604/232/23
f 673/224/23 604/232/23 674/233/23
f 673/224/23 674/233/23 672/234/23
f 673/224/23 672/234/23 671/235/23
f 604/236/29 594/237/29 620/238/29
f 604/236/29 620/238/29 628/239/29
f 604/236/29 628/239/29 627/240/29
f 604/236/29 627/240/29 619/241/29
f 604/236/29 619/241/29 593/242/29
f 604/236/29 593/242/29 603/243/29
f 604/236/29 603/243/29 673/244/29
f 604/236/29 673/244/29 676/245/29
f 604/236/29 676/245/29 675/246/29
f 604/236/29 675/246/29 674/247/29
f 595/190/18 615/248/18 611/249/18
f 595/190/18 611/249/18 593/191/18
f 603/243/18 593/242/18 611/250/18
f 603/243/18 611/250/18 614/251/18
f 654/252/21 656/253/21 605/254/21
f 654/252/21 605/254/21 610/255/21
f 654/252/21 610/255/21 632/256/21
f 654/252/21 632/256/21 629/257/21
f 654/252/21 629/257/21 630/258/21
f 654/252/21 630/258/21 631/259/21
f 654/252/21 631/259/21 611/260/21
f 654/252/21 611/260/21 615/261/21
f 654/252/21 615/261/21 655/262/21
f 654/252/21 655/262/21 653/263/21
f 609/264/23 605/265/23 656/266/23
f 609/264/23 656/266/23 658/267/23
f 609/264/23 658/267/23 657/268/23
f 609/264/23 657/268/23 655/269/23
f 609/264/23 655/269/23 615/270/23
f 609/264/23 615/270/23 612/271/23
f 609/264/23 612/271/23 679/272/23
f 609/264/23 679/272/23 678/273/23
f 609/264/23 678/273/23 677/274/23
f 609/264/23 677/274/23 680/275/23
f 612/276/29 616/277/29 635/278/29
f 612/276/29 635/278/29 634/279/29
f 612/276/29 634/279/29 633/280/29
f 612/276/29 633/280/29 636/281/29
f 612/276/29 636/281/29 607/282/29
f 612/276/29 607/282/29 609/283/29
f 612/276/29 609/283/29 680/284/29
f 612/276/29 680/284/29 682/285/29
f 612/276/29 682/285/29 681/286/29
f 612/276/29 681/286/29 679/287/29
f 608/288/19 607/289/19 636/290/19
f 608/288/19 636/290/19 638/291/19
f 608/288/19 638/291/19 637/292/19
f 608/288/19 637/292/19 635/293/19
f 608/288/19 635/293/19 616/294/19
f 608/288/19 616/294/19 613/295/19
f 608/288/19 613/295/19 661/296/19
f 608/288/19 661/296/19 660/297/19
f 608/288/19 660/297/19 659/298/19
f 608/288/19 659/298/19 662/299/19
f 686/300/25 606/301/25 608/302/25
f 686/300/25 608/302/25 662/303/25
f 686/300/25 662/303/25 663/304/25
f 686/300/25 663/304/25 664/305/25
f 686/300/25 664/305/25 661/306/25
f 686/300/25 661/306/25 613/307/25
f 686/300/25 613/307/25 614/308/25
f 686/300/25 614/308/25 685/309/25
f 686/300/25 685/309/25 683/310/25
f 686/300/25 683/310/25 684/311/25
f 640/312/27 632/313/27 610/314/27
f 640/312/27 610/314/27 606/315/27
f 640/312/27 606/315/27 686/316/27
f 640/312/27 686/316/27 687/317/27
f 640/312/27 687/317/27 688/318/27
f 640/312/27 688/318/27 685/319/27
f 640/312/27 685/319/27 614/320/27
f 640/312/27 614/320/27 611/321/27
f 640/312/27 611/321/27 631/322/27
f 640/312/27 631/322/27 639/323/27
f 603/225/18 614/324/18 613/325/18
f 603/225/18 613/325/18 601/226/18
f 599/217/18 601/191/18 613/326/18
f 599/217/18 613/326/18 616/327/18
f 602/184/9 600/213/9 607/289/9
f 602/184/9 607/289/9 608/288/9
f 602/231/9 608/302/9 606/301/9
f 602/231/9 606/301/9 604/232/9
f 610/314/9 594/237/9 604/236/9
f 610/314/9 604/236/9 606/315/9
f 594/184/9 610/255/9 605/254/9
f 594/184/9 605/254/9 596/185/9
f 598/196/9 596/195/9 605/265/9
f 598/196/9 605/265/9 609/264/9
f 626/328/25 625/329/25 637/330/25
f 626/328/25 637/330/25 638/331/25
f 639/332/25 627/333/25 628/334/25
f 639/332/25 628/334/25 640/335/25
f 622/336/23 621/337/23 633/338/23
f 622/336/23 633/338/23 634/339/23
f 629/340/23 617/341/23 618/342/23
f 629/340/23 618/342/23 630/343/23
f 637/344/9 625/345/9 623/346/9
f 637/344/9 623/346/9 622/347/9
f 637/344/9 622/347/9 634/348/9
f 637/344/9 634/348/9 635/349/9
f 631/350/9 630/351/9 618/352/9
f 631/350/9 618/352/9 619/353/9
f 631/350/9 619/353/9 627/354/9
f 631/350/9 627/354/9 639/355/9
f 636/356/18 633/338/18 621/337/18
f 636/356/18 621/337/18 624/357/18
f 636/356/18 624/357/18 626/358/18
f 636/356/18 626/358/18 638/359/18
f 628/334/18 620/360/18 617/361/18
f 628/334/18 617/361/18 629/362/18
f 628/334/18 629/362/18 632/363/18
f 628/334/18 632/363/18 640/335/18
f 651/331/27 652/330/27 664/364/27
f 651/331/27 664/364/27 663/365/27
f 653/366/27 641/367/27 642/368/27
f 653/366/27 642/368/27 654/369/27
f 648/370/29 647/371/29 659/372/29
f 648/370/29 659/372/29 660/373/29
f 658/374/29 646/375/29 645/376/29
f 658/374/29 645/376/29 657/377/29
f 661/378/9 664/379/9 652/380/9
f 661/378/9 652/380/9 649/381/9
f 661/378/9 649/381/9 648/382/9
f 661/378/9 648/382/9 660/383/9
f 645/384/9 643/385/9 641/386/9
f 645/384/9 641/386/9 653/387/9
f 645/384/9 653/387/9 655/388/9
f 645/384/9 655/388/9 657/389/9
f 659/372/18 647/371/18 650/390/18
f 659/372/18 650/390/18 651/391/18
f 659/372/18 651/391/18 663/392/18
f 659/372/18 663/392/18 662/393/18
f 654/369/18 642/368/18 644/394/18
f 654/369/18 644/394/18 646/395/18
f 654/369/18 646/395/18 658/396/18
f 654/369/18 658/396/18 656/397/18
f 675/398/21 676/377/21 688/399/21
f 675/398/21 688/399/21 687/400/21
f 678/401/21 666/402/21 665/403/21
f 678/401/21 665/403/21 677/404/21
f 671/405/19 672/406/19 684/407/19
f 671/405/19 684/407/19 683/408/19
f 682/409/19 670/410/19 669/399/19
f 682/409/19 669/399/19 681/411/19
f 673/412/9 671/413/9 683/414/9
f 673/412/9 683/414/9 685/415/9
f 673/412/9 685/415/9 688/416/9
f 673/412/9 688/416/9 676/417/9
f 667/418/9 666/419/9 678/420/9
f 667/418/9 678/420/9 679/421/9
f 667/418/9 679/421/9 681/422/9
f 667/418/9 681/422/9 669/423/9
f 684/407/18 672/406/18 674/424/18
f 684/407/18 674/424/18 675/425/18
f 684/407/18 675/425/18 687/426/18
f 684/407/18 687/426/18 686/427/18
f 677/404/18 665/403/18 668/428/18
f 677/404/18 668/428/18 670/429/18
f 677/404/18 670/429/18 682/430/18
f 677/404/18 682/430/18 680/431/18
f 598/196/9 609/283/9 607/282/9
f 598/196/9 607/282/9 600/203/9
f 689/1/1 690/2/1 692/3/1
f 689/1/1 692/3/1 691/4/1
f 691/5/2 692/6/2 694/7/2
f 691/5/2 694/7/2 693/8/2
f 693/9/3 694/10/3 696/11/3
f 693/9/3 696/11/3 695/12/3
f 695/13/4 696/14/4 698/15/4
f 695/13/4 698/15/4 697/16/4
f 697/17/5 698/18/5 700/19/5
f 697/17/5 700/19/5 699/20/5
f 699/21/6 700/22/6 702/23/6
f 699/21/6 702/23/6 701/24/6
f 701/25/7 702/7/7 704/26/7
f 701/25/7 704/26/7 703/27/7
f 703/28/8 704/29/8 690/30/8
f 703/28/8 690/30/8 689/31/8
f 690/2/9 709/32/9 705/33/9
f 690/2/9 705/33/9 692/3/9
f 690/30/9 704/29/9 706/34/9
f 690/30/9 706/34/9 709/35/9
f 719/36/10 705/37/10 709/38/10
f 719/36/10 709/38/10 713/39/10
f 714/40/11 711/41/11 705/42/11
f 714/40/11 705/42/11 719/43/11
f 708/44/12 711/45/12 714/46/12
f 708/44/12 714/46/12 718/47/12
f 712/48/13 708/49/13 718/50/13
f 712/48/13 718/50/13 715/51/13
f 707/52/14 712/53/14 715/54/14
f 707/52/14 715/54/14 720/55/14
f 716/56/15 710/57/15 707/58/15
f 716/56/15 707/58/15 720/59/15
f 717/60/16 706/61/16 710/62/16
f 717/60/16 710/62/16 716/63/16
f 713/64/17 709/65/17 706/66/17
f 713/64/17 706/66/17 717/67/17
f 702/7/9 710/68/9 706/69/9
f 702/7/9 706/69/9 704/26/9
f 702/23/9 700/22/9 707/70/9
f 702/23/9 707/70/9 710/71/9
f 698/18/9 712/72/9 707/73/9
f 698/18/9 707/73/9 700/19/9
f 698/15/9 696/14/9 708/74/9
f 698/15/9 708/74/9 712/75/9
f 694/10/9 711/76/9 708/77/9
f 694/10/9 708/77/9 696/11/9
f 694/7/9 692/6/9 705/78/9
f 694/7/9 705/78/9 711/79/9
f 691/5/18 693/8/18 714/40/18
f 691/5/18 714/40/18 719/43/18
f 691/4/18 719/36/18 713/39/18
f 691/4/18 713/39/18 689/1/18
f 703/28/18 689/31/18 713/64/18
f 703/28/18 713/64/18 717/67/18
f 703/27/18 717/60/18 716/63/18
f 703/27/18 716/63/18 701/25/18
f 699/21/18 701/24/18 716/56/18
f 699/21/18 716/56/18 720/59/18
f 699/20/18 720/55/18 715/54/18
f 699/20/18 715/54/18 697/17/18
f 695/13/18 697/16/18 715/51/18
f 695/13/18 715/51/18 718/50/18
f 695/12/18 718/47/18 714/46/18
f 695/12/18 714/46/18 693/9/18
f 725/80/19 722/81/19 721/82/19
f 725/80/19 721/82/19 726/83/19
f 721/84/20 722/81/20 724/85/20
f 721/84/20 724/85/20 723/86/20
f 728/87/21 723/88/21 724/85/21
f 728/87/21 724/85/21 727/89/21
f 721/90/18 723/91/18 728/92/18
f 721/90/18 728/92/18 726/93/18
f 727/89/9 724/85/9 722/81/9
f 727/89/9 722/81/9 725/80/9
f 728/92/22 727/89/22 725/80/22
f 728/92/22 725/80/22 726/93/22
f 733/94/23 730/95/23 729/96/23
f 733/94/23 729/96/23 734/97/23
f 729/90/24 730/95/24 732/98/24
f 729/90/24 732/98/24 731/91/24
f 736/99/25 731/100/25 732/98/25
f 736/99/25 732/98/25 735/101/25
f 729/102/18 731/103/18 736/104/18
f 729/102/18 736/104/18 734/105/18
f 735/101/9 732/98/9 730/95/9
f 735/101/9 730/95/9 733/94/9
f 736/104/26 735/101/26 733/94/26
f 736/104/26 733/94/26 734/105/26
f 741/106/21 738/107/21 737/108/21
f 741/106/21 737/108/21 742/109/21
f 737/110/22 738/107/22 740/111/22
f 737/110/22 740/111/22 739/112/22
f 744/113/19 739/114/19 740/111/19
f 744/113/19 740/111/19 743/115/19
f 737/116/18 739/117/18 744/118/18
f 737/116/18 744/118/18 742/119/18
f 743/115/9 740/111/9 738/107/9
f 743/115/9 738/107/9 741/106/9
f 744/118/20 743/115/20 741/106/20
f 744/118/20 741/106/20 742/119/20
f 749/120/27 746/121/27 745/122/27
f 749/120/27 745/122/27 750/123/27
f 745/102/28 746/121/28 748/124/28
f 745/102/28 748/124/28 747/103/28
f 752/125/29 747/126/29 748/124/29
f 752/125/29 748/124/29 751/127/29
f 745/128/18 747/129/18 752/130/18
f 745/128/18 752/130/18 750/131/18
f 751/127/9 748/124/9 746/121/9
f 751/127/9 746/121/9 749/120/9
f 752/130/30 751/127/30 749/120/30
f 752/130/30 749/120/30 750/131/30
f 757/132/25 754/133/25 753/134/25
f 757/132/25 753/134/25 758/135/25
f 753/136/26 754/133/26 756/137/26
f 753/136/26 756/137/26 755/138/26
f 760/139/23 755/140/23 756/137/23
f 760/139/23 756/137/23 759/141/23
f 753/142/18 755/143/18 760/144/18
f 753/142/18 760/144/18 758/145/18
f 759/141/9 756/137/9 754/133/9
f 759/141/9 754/133/9 757/132/9
f 757/132/24 758/145/24 760/144/24
f 757/132/24 760/144/24 759/141/24
f 765/146/29 762/147/29 761/148/29
f 765/146/29 761/148/29 766/149/29
f 761/150/30 762/147/30 764/151/30
f 761/150/30 764/151/30 763/152/30
f 768/153/27 763/154/27 764/151/27
f 768/153/27 764/151/27 767/155/27
f 761/156/18 763/157/18 768/158/18
f 761/156/18 768/158/18 766/159/18
f 767/155/9 764/151/9 762/147/9
f 767/155/9 762/147/9 765/146/9
f 765/146/28 766/159/28 768/158/28
f 765/146/28 768/158/28 767/155/28
f 769/160/30 770/161/30 772/162/30
f 769/160/30 772/162/30 771/163/30
f 771/163/20 772/162/20 774/164/20
f 771/163/20 774/164/20 773/165/20
f 773/166/26 774/167/26 776/168/26
f 773/166/26 776/168/26 775/169/26
f 775/169/28 776/168/28 778/170/28
f 775/169/28 778/170/28 777/171/28
f 772/172/9 770/173/9 780/174/9
f 772/172/9 780/174/9 778/175/9
f 772/172/9 778/175/9 776/168/9
f 772/172/9 776/168/9 774/167/9
f 777/171/22 778/170/22 780/176/22
f 777/171/22 780/176/22 779/177/22
f 779/177/24 780/176/24 770/161/24
f 779/177/24 770/161/24 769/160/24
f 769/178/18 771/179/18 773/166/18
f 769/178/18 773/166/18 775/169/18
f 769/178/18 775/169/18 777/180/18
f 769/178/18 777/180/18 779/181/18
f 805/182/19 808/183/19 782/184/19
f 805/182/19 782/184/19 784/185/19
f 805/182/19 784/185/19 832/186/19
f 805/182/19 832/186/19 830/187/19
f 805/182/19 830/187/19 829/188/19
f 805/182/19 829/188/19 831/189/19
f 805/182/19 831/189/19 783/190/19
f 805/182/19 783/190/19 781/191/19
f 805/182/19 781/191/19 807/192/19
f 805/182/19 807/192/19 806/193/19
f 834/194/25 832/186/25 784/195/25
f 834/194/25 784/195/25 786/196/25
f 834/194/25 786/196/25 856/197/25
f 834/194/25 856/197/25 853/198/25
f 834/194/25 853/198/25 854/199/25
f 834/194/25 854/199/25 855/200/25
f 834/194/25 855/200/25 785/201/25
f 834/194/25 785/201/25 783/190/25
f 834/194/25 783/190/25 831/189/25
f 834/194/25 831/189/25 833/202/25
f 856/197/27 786/196/27 788/203/27
f 856/197/27 788/203/27 812/204/27
f 856/197/27 812/204/27 809/205/27
f 856/197/27 809/205/27 810/206/27
f 856/197/27 810/206/27 811/207/27
f 856/197/27 811/207/27 787/208/27
f 856/197/27 787/208/27 785/201/27
f 856/197/27 785/201/27 855/200/27
f 856/197/27 855/200/27 857/209/27
f 856/197/27 857/209/27 858/210/27
f 814/211/21 812/212/21 788/213/21
f 814/211/21 788/213/21 790/184/21
f 814/211/21 790/184/21 838/214/21
f 814/211/21 838/214/21 835/215/21
f 814/211/21 835/215/21 836/216/21
f 814/211/21 836/216/21 837/192/21
f 814/211/21 837/192/21 789/191/21
f 814/211/21 789/191/21 787/217/21
f 814/211/21 787/217/21 811/218/21
f 814/211/21 811/218/21 813/219/21
f 787/208/18 804/220/18 800/221/18
f 787/208/18 800/221/18 785/201/18
f 783/190/18 785/201/18 800/222/18
f 783/190/18 800/222/18 803/223/18
f 861/224/23 791/225/23 789/226/23
f 861/224/23 789/226/23 837/227/23
f 861/224/23 837/227/23 840/228/23
f 861/224/23 840/228/23 839/229/23
f 861/224/23 839/229/23 838/230/23
f 861/224/23 838/230/23 790/231/23
f 861/224/23 790/231/23 792/232/23
f 861/224/23 792/232/23 862/233/23
f 861/224/23 862/233/23 860/234/23
f 861/224/23 860/234/23 859/235/23
f 792/236/29 782/237/29 808/238/29
f 792/236/29 808/238/29 816/239/29
f 792/236/29 816/239/29 815/240/29
f 792/236/29 815/240/29 807/241/29
f 792/236/29 807/241/29 781/242/29
f 792/236/29 781/242/29 791/243/29
f 792/236/29 791/243/29 861/244/29
f 792/236/29 861/244/29 864/245/29
f 792/236/29 864/245/29 863/246/29
f 792/236/29 863/246/29 862/247/29
f 783/190/18 803/248/18 799/249/18
f 783/190/18 799/249/18 781/191/18
f 791/243/18 781/242/18 799/250/18
f 791/243/18 799/250/18 802/251/18
f 842/252/21 844/253/21 793/254/21
f 842/252/21 793/254/21 798/255/21
f 842/252/21 798/255/21 820/256/21
f 842/252/21 820/256/21 817/257/21
f 842/252/21 817/257/21 818/258/21
f 842/252/21 818/258/21 819/259/21
f 842/252/21 819/259/21 799/260/21
f 842/252/21 799/260/21 803/261/21
f 842/252/21 803/261/21 843/262/21
f 842/252/21 843/262/21 841/263/21
f 797/264/23 793/265/23 844/266/23
f 797/264/23 844/266/23 846/267/23
f 797/264/23 846/267/23 845/268/23
f 797/264/23 845/268/23 843/269/23
f 797/264/23 843/269/23 803/270/23
f 797/264/23 803/270/23 800/271/23
f 797/264/23 800/271/23 867/272/23
f 797/264/23 867/272/23 866/273/23
f 797/264/23 866/273/23 865/274/23
f 797/264/23 865/274/23 868/275/23
f 800/276/29 804/277/29 823/278/29
f 800/276/29 823/278/29 822/279/29
f 800/276/29 822/279/29 821/280/29
f 800/276/29 821/280/29 824/281/29
f 800/276/29 824/281/29 795/282/29
f 800/276/29 795/282/29 797/283/29
f 800/276/29 797/283/29 868/284/29
f 800/276/29 868/284/29 870/285/29
f 800/276/29 870/285/29 869/286/29
f 800/276/29 869/286/29 867/287/29
f 796/288/19 795/289/19 824/290/19
f 796/288/19 824/290/19 826/291/19
f 796/288/19 826/291/19 825/292/19
f 796/288/19 825/292/19 823/293/19
f 796/288/19 823/293/19 804/294/19
f 796/288/19 804/294/19 801/295/19
f 796/288/19 801/295/19 849/296/19
f 796/288/19 849/296/19 848/297/19
f 796/288/19 848/297/19 847/298/19
f 796/288/19 847/298/19 850/299/19
f 874/300/25 794/301/25 796/302/25
f 874/300/25 796/302/25 850/303/25
f 874/300/25 850/303/25 851/304/25
f 874/300/25 851/304/25 852/305/25
f 874/300/25 852/305/25 849/306/25
f 874/300/25 849/306/25 801/307/25
f 874/300/25 801/307/25 802/308/25
f 874/300/25 802/308/25 873/309/25
f 874/300/25 873/309/25 871/310/25
f 874/300/25 871/310/25 872/311/25
f 828/312/27 820/313/27 798/314/27
f 828/312/27 798/314/27 794/315/27
f 828/312/27 794/315/27 874/316/27
f 828/312/27 874/316/27 875/317/27
f 828/312/27 875/317/27 876/318/27
f 828/312/27 876/318/27 873/319/27
f 828/312/27 873/319/27 802/320/27
f 828/312/27 802/320/27 799/321/27
f 828/312/27 799/321/27 819/322/27
f 828/312/27 819/322/27 827/323/27
f 791/225/18 802/324/18 801/325/18
f 791/225/18 801/325/18 789/226/18
f 787/217/18 789/191/18 801/326/18
f 787/217/18 801/326/18 804/327/18
f 790/184/9 788/213/9 795/289/9
f 790/184/9 795/289/9 796/288/9
f 790/231/9 796/302/9 794/301/9
f 790/231/9 794/301/9 792/232/9
f 798/314/9 782/237/9 792/236/9
f 798/314/9 792/236/9 794/315/9
f 782/184/9 798/255/9 793/254/9
f 782/184/9 793/254/9 784/185/9
f 786/196/9 784/195/9 793/265/9
f 786/196/9 793/265/9 797/264/9
f 814/328/25 813/329/25 825/330/25
f 814/328/25 825/330/25 826/331/25
f 827/332/25 815/333/25 816/334/25
f 827/332/25 816/334/25 828/335/25
f 810/336/23 809/337/23 821/338/23
f 810/336/23 821/338/23 822/339/23
f 817/340/23 805/341/23 806/342/23
f 817/340/23 806/342/23 818/343/23
f 825/344/9 813/345/9 811/346/9
f 825/344/9 811/346/9 810/347/9
f 825/344/9 810/347/9 822/348/9
f 825/344/9 822/348/9 823/349/9
f 819/350/9 818/351/9 806/352/9
f 819/350/9 806/352/9 807/353/9
f 819/350/9 807/353/9 815/354/9
f 819/350/9 815/354/9 827/355/9
f 824/356/18 821/338/18 809/337/18
f 824/356/18 809/337/18 812/357/18
f 824/356/18 812/357/18 814/358/18
f 824/356/18 814/358/18 826/359/18
f 816/334/18 808/360/18 805/361/18
f 816/334/18 805/361/18 817/362/18
f 816/334/18 817/362/18 820/363/18
f 816/334/18 820/363/18 828/335/18
f 839/331/27 840/330/27 852/364/27
f 839/331/27 852/364/27 851/365/27
f 841/366/27 829/367/27 830/368/27
f 841/366/27 830/368/27 842/369/27
f 836/370/29 835/371/29 847/372/29
f 836/370/29 847/372/29 848/373/29
f 846/374/29 834/375/29 833/376/29
f 846/374/29 833/376/29 845/377/29
f 849/378/9 852/379/9 840/380/9
f 849/378/9 840/380/9 837/381/9
f 849/378/9 837/381/9 836/382/9
f 849/378/9 836/382/9 848/383/9
f 833/384/9 831/385/9 829/386/9
f 833/384/9 829/386/9 841/387/9
f 833/384/9 841/387/9 843/388/9
f 833/384/9 843/388/9 845/389/9
f 847/372/18 835/371/18 838/390/18
f 847/372/18 838/390/18 839/391/18
f 847/372/18 839/391/18 851/392/18
f 847/372/18 851/392/18 850/393/18
f 842/369/18 830/368/18 832/394/18
f 842/369/18 832/394/18 834/395/18
f 842/369/18 834/395/18 846/396/18
f 842/369/18 846/396/18 844/397/18
f 863/398/21 864/377/21 876/399/21
f 863/398/21 876/399/21 875/400/21
f 866/401/21 854/402/21 853/403/21
f 866/401/21 853/403/21 865/404/21
f 859/405/19 860/406/19 872/407/19
f 859/405/19 872/407/19 871/408/19
f 870/409/19 858/410/19 857/399/19
f 870/409/19 857/399/19 869/411/19
f 861/412/9 859/413/9 871/414/9
f 861/412/9 871/414/9 873/415/9
f 861/412/9 873/415/9 876/416/9
f 861/412/9 876/416/9 864/417/9
f 855/418/9 854/419/9 866/420/9
f 855/418/9 866/420/9 867/421/9
f 855/418/9 867/421/9 869/422/9
f 855/418/9 869/422/9 857/423/9
f 872/407/18 860/406/18 862/424/18
f 872/407/18 862/424/18 863/425/18
f 872/407/18 863/425/18 875/426/18
f 872/407/18 875/426/18 874/427/18
f 865/404/18 853/403/18 856/428/18
f 865/404/18 856/428/18 858/429/18
f 865/404/18 858/429/18 870/430/18
f 865/404/18 870/430/18 868/431/18
f 786/196/9 797/283/9 795/282/9
f 786/196/9 795/282/9 788/203/9
f 881/80/19 878/81/19 877/82/19
f 881/80/19 877/82/19 882/83/19
f 877/84/20 878/81/20 880/85/20
f 877/84/20 880/85/20 879/86/20
f 884/87/21 879/88/21 880/85/21
f 884/87/21 880/85/21 883/89/21
f 877/90/18 879/91/18 884/92/18
f 877/90/18 884/92/18 882/93/18
f 883/89/9 880/85/9 878/81/9
f 883/89/9 878/81/9 881/80/9
f 884/92/22 883/89/22 881/80/22
f 884/92/22 881/80/22 882/93/22
f 889/94/23 886/95/23 885/96/23
f 889/94/23 885/96/23 890/97/23
f 885/90/24 886/95/24 888/98/24
f 885/90/24 888/98/24 887/91/24
f 892/99/25 887/100/25 888/98/25
f 892/99/25 888/98/25 891/101/25
f 885/102/18 887/103/18 892/104/18
f 885/102/18 892/104/18 890/105/18
f 891/101/9 888/98/9 886/95/9
f 891/101/9 886/95/9 889/94/9
f 892/104/26 891/101/26 889/94/26
f 892/104/26 889/94/26 890/105/26
f 897/106/21 894/107/21 893/108/21
f 897/106/21 893/108/21 898/109/21
f 893/110/22 894/107/22 896/111/22
f 893/110/22 896/111/22 895/112/22
f 900/113/19 895/114/19 896/111/19
f 900/113/19 896/111/19 899/115/19
f 893/116/18 895/117/18 900/118/18
f 893/116/18 900/118/18 898/119/18
f 899/115/9 896/111/9 894/107/9
f 899/115/9 894/107/9 897/106/9
f 900/118/20 899/115/20 897/106/20
f 900/118/20 897/106/20 898/119/20
f 905/120/27 902/121/27 901/122/27
f 905/120/27 901/122/27 906/123/27
f 901/102/28 902/121/28 904/124/28
f 901/102/28 904/124/28 903/103/28
f 908/125/29 903/126/29 904/124/29
f 908/125/29 904/124/29 907/127/29
f 901/128/18 903/129/18 908/130/18
f 901/128/18 908/130/18 906/131/18
f 907/127/9 904/124/9 902/121/9
f 907/127/9 902/121/9 905/120/9
f 908/130/30 907/127/30 905/120/30
f 908/130/30 905/120/30 906/131/30
f 913/132/25 910/133/25 909/134/25
f 913/132/25 909/134/25 914/135/25
f 909/136/26 910/133/26 912/137/26
f 909/136/26 912/137/26 911/138/26
f 916/432/23 911/433/23 912/137/23
f 916/432/23 912/137/23 915/141/23
f 909/142/18 911/143/18 916/144/18
f 909/142/18 916/144/18 914/145/18
f 915/141/9 912/137/9 910/133/9
f 915/141/9 910/133/9 913/132/9
f 913/132/24 914/145/24 916/144/24
f 913/132/24 916/144/24 915/141/24
f 921/146/29 918/147/29 917/148/29
f 921/146/29 917/148/29 922/149/29
f 917/150/30 918/147/30 920/151/30
f 917/150/30 920/151/30 919/152/30
f 924/153/27 919/154/27 920/151/27
f 924/153/27 920/151/27 923/155/27
f 917/156/18 919/157/18 924/158/18
f 917/156/18 924/158/18 922/159/18
f 923/155/9 920/151/9 918/147/9
f 923/155/9 918/147/9 921/146/9
f 921/146/28 922/159/28 924/158/28
f 921/146/28 924/158/28 923/155/28
f 925/160/30 926/161/30 928/162/30
f 925/160/30 928/162/30 927/163/30
f 927/163/20 928/162/20 930/164/20
f 927/163/20 930/164/20 929/165/20
f 929/166/26 930/167/26 932/168/26
f 929/166/26 932/168/26 931/169/26
f 931/169/28 932/168/28 934/170/28
f 931/169/28 934/170/28 933/171/28
f 928/172/9 926/173/9 936/174/9
f 928/172/9 936/174/9 934/175/9
f 928/172/9 934/175/9 932/168/9
f 928/172/9 932/168/9 930/167/9
f 933/171/22 934/170/22 936/176/22
f 933/171/22 936/176/22 935/177/22
f 935/177/24 936/176/24 926/161/24
f 935/177/24 926/161/24 925/160/24
f 925/178/18 927/179/18 929/166/18
f 925/178/18 929/166/18 931/169/18
f 925/178/18 931/169/18 933/180/18
f 925/178/18 933/180/18 935/181/18
f 961/182/19 964/183/19 938/184/19
f 961/182/19 938/184/19 940/185/19
f 961/182/19 940/185/19 988/186/19
f 961/182/19 988/186/19 986/187/19
f 961/182/19 986/187/19 985/188/19
f 961/182/19 985/188/19 987/189/19
f 961/182/19 987/189/19 939/190/19
f 961/182/19 939/190/19 937/191/19
f 961/182/19 937/191/19 963/192/19
f 961/182/19 963/192/19 962/193/19
f 990/194/25 988/186/25 940/195/25
f 990/194/25 940/195/25 942/196/25
f 990/194/25 942/196/25 1012/197/25
f 990/194/25 1012/197/25 1009/198/25
f 990/194/25 1009/198/25 1010/199/25
f 990/194/25 1010/199/25 1011/200/25
f 990/194/25 1011/200/25 941/201/25
f 990/194/25 941/201/25 939/190/25
f 990/194/25 939/190/25 987/189/25
f 990/194/25 987/189/25 989/202/25
f 1012/197/27 942/196/27 944/203/27
f 1012/197/27 944/203/27 968/204/27
f 1012/197/27 968/204/27 965/205/27
f 1012/197/27 965/205/27 966/206/27
f 1012/197/27 966/206/27 967/207/27
f 1012/197/27 967/207/27 943/208/27
f 1012/197/27 943/208/27 941/201/27
f 1012/197/27 941/201/27 1011/200/27
f 1012/197/27 1011/200/27 1013/209/27
f 1012/197/27 1013/209/27 1014/210/27
f 970/211/21 968/212/21 944/213/21
f 970/211/21 944/213/21 946/184/21
f 970/211/21 946/184/21 994/214/21
f 970/211/21 994/214/21 991/215/21
f 970/211/21 991/215/21 992/216/21
f 970/211/21 992/216/21 993/192/21
f 970/211/21 993/192/21 945/191/21
f 970/211/21 945/191/21 943/217/21
f 970/211/21 943/217/21 967/218/21
f 970/211/21 967/218/21 969/219/21
f 943/208/18 960/220/18 956/221/18
f 943/208/18 956/221/18 941/201/18
f 939/190/18 941/201/18 956/222/18
f 939/190/18 956/222/18 959/223/18
f 1017/224/23 947/225/23 945/226/23
f 1017/224/23 945/226/23 993/227/23
f 1017/224/23 993/227/23 996/228/23
f 1017/224/23 996/228/23 995/229/23
f 1017/224/23 995/229/23 994/230/23
f 1017/224/23 994/230/23 946/231/23
f 1017/224/23 946/231/23 948/232/23
f 1017/224/23 948/232/23 1018/233/23
f 1017/224/23 1018/233/23 1016/234/23
f 1017/224/23 1016/234/23 1015/235/23
f 948/236/29 938/237/29 964/238/29
f 948/236/29 964/238/29 972/239/29
f 948/236/29 972/239/29 971/240/29
f 948/236/29 971/240/29 963/241/29
f 948/236/29 963/241/29 937/242/29
f 948/236/29 937/242/29 947/243/29
f 948/236/29 947/243/29 1017/244/29
f 948/236/29 1017/244/29 1020/245/29
f 948/236/29 1020/245/29 1019/246/29
f 948/236/29 1019/246/29 1018/247/29
f 939/190/18 959/248/18 955/249/18
f 939/190/18 955/249/18 937/191/18
f 947/243/18 937/242/18 955/250/18
f 947/243/18 955/250/18 958/251/18
f 998/252/21 1000/253/21 949/254/21
f 998/252/21 949/254/21 954/255/21
f 998/252/21 954/255/21 976/256/21
f 998/252/21 976/256/21 973/257/21
f 998/252/21 973/257/21 974/258/21
f 998/252/21 974/258/21 975/259/21
f 998/252/21 975/259/21 955/260/21
f 998/252/21 955/260/21 959/261/21
f 998/252/21 959/261/21 999/262/21
f 998/252/21 999/262/21 997/263/21
f 953/264/23 949/265/23 1000/266/23
f 953/264/23 1000/266/23 1002/267/23
f 953/264/23 1002/267/23 1001/268/23
f 953/264/23 1001/268/23 999/269/23
f 953/264/23 999/269/23 959/270/23
f 953/264/23 959/270/23 956/271/23
f 953/264/23 956/271/23 1023/272/23
f 953/264/23 1023/272/23 1022/273/23
f 953/264/23 1022/273/23 1021/274/23
f 953/264/23 1021/274/23 1024/275/23
f 956/276/29 960/277/29 979/278/29
f 956/276/29 979/278/29 978/279/29
f 956/276/29 978/279/29 977/280/29
f 956/276/29 977/280/29 980/281/29
f 956/276/29 980/281/29 951/282/29
f 956/276/29 951/282/29 953/283/29
f 956/276/29 953/283/29 1024/284/29
f 956/276/29 1024/284/29 1026/285/29
f 956/276/29 1026/285/29 1025/286/29
f 956/276/29 1025/286/29 1023/287/29
f 952/288/19 951/289/19 980/290/19
f 952/288/19 980/290/19 982/291/19
f 952/288/19 982/291/19 981/292/19
f 952/288/19 981/292/19 979/293/19
f 952/288/19 979/293/19 960/294/19
f 952/288/19 960/294/19 957/295/19
f 952/288/19 957/295/19 1005/296/19
f 952/288/19 1005/296/19 1004/297/19
f 952/288/19 1004/297/19 1003/298/19
f 952/288/19 1003/298/19 1006/299/19
f 1030/300/25 950/301/25 952/302/25
f 1030/300/25 952/302/25 1006/303/25
f 1030/300/25 1006/303/25 1007/304/25
f 1030/300/25 1007/304/25 1008/305/25
f 1030/300/25 1008/305/25 1005/306/25
f 1030/300/25 1005/306/25 957/307/25
f 1030/300/25 957/307/25 958/308/25
f 1030/300/25 958/308/25 1029/309/25
f 1030/300/25 1029/309/25 1027/310/25
f 1030/300/25 1027/310/25 1028/311/25
f 984/312/27 976/313/27 954/314/27
f 984/312/27 954/314/27 950/315/27
f 984/312/27 950/315/27 1030/316/27
f 984/312/27 1030/316/27 1031/317/27
f 984/312/27 1031/317/27 1032/318/27
f 984/312/27 1032/318/27 1029/319/27
f 984/312/27 1029/319/27 958/320/27
f 984/312/27 958/320/27 955/321/27
f 984/312/27 955/321/27 975/322/27
f 984/312/27 975/322/27 983/323/27
f 947/225/18 958/324/18 957/325/18
f 947/225/18 957/325/18 945/226/18
f 943/217/18 945/191/18 957/326/18
f 943/217/18 957/326/18 960/327/18
f 946/184/9 944/213/9 951/289/9
f 946/184/9 951/289/9 952/288/9
f 946/231/9 952/302/9 950/301/9
f 946/231/9 950/301/9 948/232/9
f 954/314/9 938/237/9 948/236/9
f 954/314/9 948/236/9 950/315/9
f 938/184/9 954/255/9 949/254/9
f 938/184/9 949/254/9 940/185/9
f 942/196/9 940/195/9 949/265/9
f 942/196/9 949/265/9 953/264/9
f 970/328/25 969/329/25 981/330/25
f 970/328/25 981/330/25 982/331/25
f 983/332/25 971/333/25 972/334/25
f 983/332/25 972/334/25 984/335/25
f 966/336/23 965/337/23 977/338/23
f 966/336/23 977/338/23 978/339/23
f 973/340/23 961/341/23 962/342/23
f 973/340/23 962/342/23 974/343/23
f 981/344/9 969/345/9 967/346/9
f 981/344/9 967/346/9 966/347/9
f 981/344/9 966/347/9 978/348/9
f 981/344/9 978/348/9 979/349/9
f 975/350/9 974/351/9 962/352/9
f 975/350/9 962/352/9 963/353/9
f 975/350/9 963/353/9 971/354/9
f 975/350/9 971/354/9 983/355/9
f 980/356/18 977/338/18 965/337/18
f 980/356/18 965/337/18 968/357/18
f 980/356/18 968/357/18 970/358/18
f 980/356/18 970/358/18 982/359/18
f 972/334/18 964/360/18 961/361/18
f 972/334/18 961/361/18 973/362/18
f 972/334/18 973/362/18 976/363/18
f 972/334/18 976/363/18 984/335/18
f 995/331/27 996/330/27 1008/364/27
f 995/331/27 1008/364/27 1007/365/27
f 997/366/27 985/367/27 986/368/27
f 997/366/27 986/368/27 998/369/27
f 992/370/29 991/371/29 1003/372/29
f 992/370/29 1003/372/29 1004/373/29
f 1002/374/29 990/375/29 989/376/29
f 1002/374/29 989/376/29 1001/377/29
f 1005/378/9 1008/379/9 996/380/9
f 1005/378/9 996/380/9 993/381/9
f 1005/378/9 993/381/9 992/382/9
f 1005/378/9 992/382/9 1004/383/9
f 989/384/9 987/385/9 985/386/9
f 989/384/9 985/386/9 997/387/9
f 989/384/9 997/387/9 999/388/9
f 989/384/9 999/388/9 1001/389/9
f 1003/372/18 991/371/18 994/390/18
f 1003/372/18 994/390/18 995/391/18
f 1003/372/18 995/391/18 1007/392/18
f 1003/372/18 1007/392/18 1006/393/18
f 998/369/18 986/368/18 988/394/18
f 998/369/18 988/394/18 990/395/18
f 998/369/18 990/395/18 1002/396/18
f 998/369/18 1002/396/18 1000/397/18
f 1019/398/21 1020/377/21 1032/399/21
f 1019/398/21 1032/399/21 1031/400/21
f 1022/401/21 1010/402/21 1009/403/21
f 1022/401/21 1009/403/21 1021/404/21
f 1015/405/19 1016/406/19 1028/407/19
f 1015/405/19 1028/407/19 1027/408/19
f 1026/409/19 1014/410/19 1013/399/19
f 1026/409/19 1013/399/19 1025/411/19
f 1017/412/9 1015/413/9 1027/414/9
f 1017/412/9 1027/414/9 1029/415/9
f 1017/412/9 1029/415/9 1032/416/9
f 1017/412/9 1032/416/9 1020/417/9
f 1011/418/9 1010/419/9 1022/420/9
f 1011/418/9 1022/420/9 1023/421/9
f 1011/418/9 1023/421/9 1025/422/9
f 1011/418/9 1025/422/9 1013/423/9
f 1028/407/18 1016/406/18 1018/424/18
f 1028/407/18 1018/424/18 1019/425/18
f 1028/407/18 1019/425/18 1031/426/18
f 1028/407/18 1031/426/18 1030/427/18
f 1021/404/18 1009/403/18 1012/428/18
f 1021/404/18 1012/428/18 1014/429/18
f 1021/404/18 1014/429/18 1026/430/18
f 1021/404/18 1026/430/18 1024/431/18
f 942/196/9 953/283/9 951/282/9
f 942/196/9 951/282/9 944/203/9
usemtl Material.004
f 1041/434/31 1042/435/31 1036/436/31
f 1041/434/31 1036/436/31 1035/437/31
f 1045/438/32 1046/439/32 1040/440/32
f 1045/438/32 1040/440/32 1039/441/32
f 1053/442/33 1051/443/33 1038/444/33
f 1053/442/33 1038/444/33 1037/445/33
f 1058/446/34 1056/447/34 1034/448/34
f 1058/446/34 1034/448/34 1033/449/34
f 1060/450/35 1052/451/35 1034/452/35
f 1060/450/35 1034/452/35 1056/453/35
f 1057/454/35 1036/436/35 1042/435/35
f 1057/454/35 1042/435/35 1059/455/35
f 1039/441/33 1040/456/33 1044/457/33
f 1039/441/33 1044/457/33 1043/458/33
f 1085/459/35 1052/451/35 1060/450/35
f 1085/459/35 1060/450/35 1090/460/35
f 1085/459/35 1090/460/35 1059/455/35
f 1085/459/35 1059/455/35 1042/435/35
f 1040/461/35 1046/462/35 1049/463/35
f 1040/461/35 1049/463/35 1044/464/35
f 1051/465/35 1054/466/35 1048/467/35
f 1051/465/35 1048/467/35 1038/468/35
f 1037/445/34 1038/469/34 1048/470/34
f 1037/445/34 1048/470/34 1047/471/34
f 1077/472/32 1073/473/32 1046/439/32
f 1077/472/32 1046/439/32 1045/438/32
f 1033/449/31 1034/452/31 1052/451/31
f 1033/449/31 1052/451/31 1050/474/31
f 1090/460/36 1060/450/36 1064/475/36
f 1090/460/36 1064/475/36 1092/476/36
f 1090/460/36 1092/476/36 1061/477/36
f 1090/460/36 1061/477/36 1059/455/36
f 1053/442/37 1037/445/37 1047/471/37
f 1053/442/37 1047/471/37 1074/478/37
f 1053/442/37 1074/478/37 1058/446/37
f 1053/442/37 1058/446/37 1033/449/37
f 1053/442/37 1033/449/37 1050/474/37
f 1053/442/37 1050/474/37 1087/479/37
f 1053/442/37 1087/479/37 1041/434/37
f 1053/442/37 1041/434/37 1035/437/37
f 1053/442/37 1035/437/37 1055/480/37
f 1053/442/37 1055/480/37 1077/472/37
f 1053/442/37 1077/472/37 1045/438/37
f 1053/442/37 1045/438/37 1039/441/37
f 1053/442/37 1039/441/37 1043/458/37
f 1053/442/37 1043/458/37 1086/481/37
f 1089/482/35 1054/466/35 1051/465/35
f 1089/482/35 1051/465/35 1088/483/35
f 1089/482/35 1088/483/35 1044/464/35
f 1089/482/35 1044/464/35 1049/463/35
f 1035/437/32 1036/484/32 1057/485/32
f 1035/437/32 1057/485/32 1055/480/32
f 1085/459/31 1042/435/31 1041/434/31
f 1085/459/31 1041/434/31 1087/479/31
f 1085/459/31 1087/479/31 1050/474/31
f 1085/459/31 1050/474/31 1052/451/31
f 1073/486/35 1057/454/35 1059/455/35
f 1073/486/35 1059/455/35 1075/487/35
f 1076/488/35 1060/450/35 1056/453/35
f 1076/488/35 1056/453/35 1078/489/35
f 1074/478/34 1078/490/34 1056/447/34
f 1074/478/34 1056/447/34 1058/446/34
f 1092/491/31 1064/492/31 1068/493/31
f 1092/491/31 1068/493/31 1094/494/31
f 1092/491/31 1094/494/31 1065/495/31
f 1092/491/31 1065/495/31 1061/496/31
f 1076/488/38 1054/466/38 1063/497/38
f 1076/488/38 1063/497/38 1080/498/38
f 1089/482/39 1049/463/39 1062/499/39
f 1089/482/39 1062/499/39 1091/500/39
f 1089/482/39 1091/500/39 1063/497/39
f 1089/482/39 1063/497/39 1054/466/39
f 1075/487/40 1059/455/40 1061/477/40
f 1075/487/40 1061/477/40 1079/501/40
f 1102/502/41 1097/503/41 1071/504/41
f 1102/502/41 1071/504/41 1084/505/41
f 1088/506/33 1051/443/33 1053/442/33
f 1088/506/33 1053/442/33 1086/481/33
f 1088/506/33 1086/481/33 1043/458/33
f 1088/506/33 1043/458/33 1044/457/33
f 1079/507/32 1061/508/32 1065/509/32
f 1079/507/32 1065/509/32 1081/510/32
f 1079/507/32 1081/510/32 1066/511/32
f 1079/507/32 1066/511/32 1062/512/32
f 1080/513/34 1063/514/34 1067/515/34
f 1080/513/34 1067/515/34 1082/516/34
f 1080/513/34 1082/516/34 1068/493/34
f 1080/513/34 1068/493/34 1064/492/34
f 1101/517/42 1099/518/42 1069/519/42
f 1101/517/42 1069/519/42 1083/520/42
f 1104/521/43 1098/522/43 1072/523/43
f 1104/521/43 1072/523/43 1096/524/43
f 1103/525/44 1100/526/44 1070/527/44
f 1103/525/44 1070/527/44 1095/528/44
f 1100/529/45 1101/517/45 1083/530/45
f 1100/529/45 1083/530/45 1070/531/45
f 1098/532/46 1102/502/46 1084/533/46
f 1098/532/46 1084/533/46 1072/534/46
f 1049/463/40 1075/487/40 1079/501/40
f 1049/463/40 1079/501/40 1062/499/40
f 1060/450/38 1076/488/38 1080/498/38
f 1060/450/38 1080/498/38 1064/475/38
f 1047/471/34 1048/470/34 1078/490/34
f 1047/471/34 1078/490/34 1074/478/34
f 1054/466/35 1076/488/35 1078/489/35
f 1054/466/35 1078/489/35 1048/467/35
f 1046/462/35 1073/486/35 1075/487/35
f 1046/462/35 1075/487/35 1049/463/35
f 1055/480/32 1057/485/32 1073/473/32
f 1055/480/32 1073/473/32 1077/472/32
f 1097/535/47 1103/525/47 1095/536/47
f 1097/535/47 1095/536/47 1071/537/47
f 1099/538/48 1104/521/48 1096/539/48
f 1099/538/48 1096/539/48 1069/540/48
f 1091/541/33 1062/512/33 1066/511/33
f 1091/541/33 1066/511/33 1093/542/33
f 1091/541/33 1093/542/33 1067/515/33
f 1091/541/33 1067/515/33 1063/514/33
f 1066/543/49 1081/544/49 1065/545/49
f 1066/543/49 1065/545/49 1099/518/49
f 1066/543/49 1099/518/49 1101/517/49
f 1066/543/49 1101/517/49 1100/529/49
f 1067/546/50 1093/547/50 1066/548/50
f 1067/546/50 1066/548/50 1100/526/50
f 1067/546/50 1100/526/50 1103/525/50
f 1067/546/50 1103/525/50 1097/535/50
f 1065/549/51 1094/550/51 1068/551/51
f 1065/549/51 1068/551/51 1098/522/51
f 1065/549/51 1098/522/51 1104/521/51
f 1065/549/51 1104/521/51 1099/538/51
f 1095/528/52 1070/527/52 1106/552/52
f 1095/528/52 1106/552/52 1107/553/52
f 1068/554/53 1082/555/53 1067/556/53
f 1068/554/53 1067/556/53 1097/503/53
f 1068/554/53 1097/503/53 1102/502/53
f 1068/554/53 1102/502/53 1098/532/53
f 1107/557/54 1106/558/54 1114/559/54
f 1107/557/54 1114/559/54 1115/560/54
f 1096/524/55 1072/523/55 1111/561/55
f 1096/524/55 1111/561/55 1110/562/55
f 1071/537/56 1095/536/56 1107/563/56
f 1071/537/56 1107/563/56 1108/564/56
f 1072/534/57 1084/533/57 1109/565/57
f 1072/534/57 1109/565/57 1111/566/57
f 1069/540/58 1096/539/58 1110/567/58
f 1069/540/58 1110/567/58 1112/568/58
f 1084/505/59 1071/504/59 1108/569/59
f 1084/505/59 1108/569/59 1109/570/59
f 1070/531/60 1083/530/60 1105/571/60
f 1070/531/60 1105/571/60 1106/572/60
f 1083/520/61 1069/519/61 1112/573/61
f 1083/520/61 1112/573/61 1105/574/61
f 1118/575/35 1119/576/35 1117/577/35
f 1118/575/35 1117/577/35 1116/578/35
f 1118/575/35 1116/578/35 1115/579/35
f 1118/575/35 1115/579/35 1114/580/35
f 1118/575/35 1114/580/35 1113/581/35
f 1118/575/35 1113/581/35 1120/582/35
f 1105/583/62 1112/584/62 1120/585/62
f 1105/583/62 1120/585/62 1113/586/62
f 1109/587/63 1108/588/63 1116/589/63
f 1109/587/63 1116/589/63 1117/590/63
f 1106/591/64 1105/583/64 1113/586/64
f 1106/591/64 1113/586/64 1114/592/64
f 1112/584/65 1110/593/65 1118/594/65
f 1112/584/65 1118/594/65 1120/585/65
f 1111/595/66 1109/587/66 1117/590/66
f 1111/595/66 1117/590/66 1119/596/66
f 1110/593/67 1111/597/67 1119/598/67
f 1110/593/67 1119/598/67 1118/594/67
f 1108/588/68 1107/557/68 1115/560/68
f 1108/588/68 1115/560/68 1116/589/68
f 1142/599/41 1137/600/41 1127/601/41
f 1142/599/41 1127/601/41 1132/602/41
f 1141/603/42 1139/604/42 1125/605/42
f 1141/603/42 1125/605/42 1131/606/42
f 1144/607/43 1138/608/43 1128/609/43
f 1144/607/43 1128/609/43 1136/610/43
f 1143/611/44 1140/612/44 1126/613/44
f 1143/611/44 1126/613/44 1135/614/44
f 1140/615/45 1141/603/45 1131/616/45
f 1140/615/45 1131/616/45 1126/617/45
f 1138/618/46 1142/599/46 1132/619/46
f 1138/618/46 1132/619/46 1128/620/46
f 1137/621/47 1143/611/47 1135/622/47
f 1137/621/47 1135/622/47 1127/623/47
f 1139/604/48 1144/607/48 1136/624/48
f 1139/604/48 1136/624/48 1125/625/48
f 1122/626/37 1129/627/37 1121/628/37
f 1122/626/37 1121/628/37 1139/604/37
f 1122/626/37 1139/604/37 1141/603/37
f 1122/626/37 1141/603/37 1140/615/37
f 1123/629/37 1133/630/37 1122/631/37
f 1123/629/37 1122/631/37 1140/612/37
f 1123/629/37 1140/612/37 1143/611/37
f 1123/629/37 1143/611/37 1137/621/37
f 1121/628/37 1134/632/37 1124/633/37
f 1121/628/37 1124/633/37 1138/608/37
f 1121/628/37 1138/608/37 1144/607/37
f 1121/628/37 1144/607/37 1139/604/37
f 1135/614/52 1126/613/52 1146/634/52
f 1135/614/52 1146/634/52 1147/635/52
f 1124/633/37 1130/636/37 1123/629/37
f 1124/633/37 1123/629/37 1137/600/37
f 1124/633/37 1137/600/37 1142/599/37
f 1124/633/37 1142/599/37 1138/618/37
f 1147/637/54 1146/638/54 1154/639/54
f 1147/637/54 1154/639/54 1155/640/54
f 1136/610/55 1128/609/55 1151/641/55
f 1136/610/55 1151/641/55 1150/642/55
f 1127/623/56 1135/622/56 1147/643/56
f 1127/623/56 1147/643/56 1148/644/56
f 1128/620/57 1132/619/57 1149/645/57
f 1128/620/57 1149/645/57 1151/646/57
f 1125/625/58 1136/624/58 1150/647/58
f 1125/625/58 1150/647/58 1152/648/58
f 1132/602/59 1127/601/59 1148/649/59
f 1132/602/59 1148/649/59 1149/650/59
f 1126/617/60 1131/616/60 1145/651/60
f 1126/617/60 1145/651/60 1146/652/60
f 1131/606/61 1125/605/61 1152/653/61
f 1131/606/61 1152/653/61 1145/654/61
f 1158/655/35 1159/656/35 1157/657/35
f 1158/655/35 1157/657/35 1156/658/35
f 1158/655/35 1156/658/35 1155/659/35
f 1158/655/35 1155/659/35 1154/660/35
f 1158/655/35 1154/660/35 1153/661/35
f 1158/655/35 1153/661/35 1160/662/35
f 1145/663/62 1152/664/62 1160/665/62
f 1145/663/62 1160/665/62 1153/666/62
f 1149/667/63 1148/668/63 1156/669/63
f 1149/667/63 1156/669/63 1157/670/63
f 1146/671/64 1145/663/64 1153/666/64
f 1146/671/64 1153/666/64 1154/672/64
f 1152/664/65 1150/673/65 1158/674/65
f 1152/664/65 1158/674/65 1160/665/65
f 1151/675/66 1149/667/66 1157/670/66
f 1151/675/66 1157/670/66 1159/676/66
f 1150/673/67 1151/677/67 1159/678/67
f 1150/673/67 1159/678/67 1158/674/67
f 1148/668/68 1147/637/68 1155/640/68
f 1148/668/68 1155/640/68 1156/669/68
f 1198/679/69 1165/680/69 1238/681/69
f 1198/679/69 1238/681/69 1197/682/69
f 1239/683/37 1161/684/37 1240/685/37
f 1239/683/37 1240/685/37 1171/686/37
f 1239/683/37 1171/686/37 1173/687/37
f 1239/683/37 1173/687/37 1172/688/37
f 1162/689/70 1196/690/70 1197/682/70
f 1162/689/70 1197/682/70 1238/681/70
f 1166/691/71 1195/692/71 1194/693/71
f 1166/691/71 1194/693/71 1237/694/71
f 1177/695/62 1184/696/62 1192/697/62
f 1177/695/62 1192/697/62 1185/698/62
f 1237/694/72 1194/693/72 1196/690/72
f 1237/694/72 1196/690/72 1162/689/72
f 1193/699/73 1240/685/73 1161/684/73
f 1193/699/73 1161/684/73 1200/700/73
f 1168/701/55 1233/702/55 1183/703/55
f 1168/701/55 1183/703/55 1182/704/55
f 1183/705/66 1181/706/66 1189/707/66
f 1183/705/66 1189/707/66 1191/708/66
f 1182/709/67 1183/705/67 1191/708/67
f 1182/709/67 1191/708/67 1190/710/67
f 1184/696/65 1182/709/65 1190/710/65
f 1184/696/65 1190/710/65 1192/697/65
f 1237/694/37 1162/689/37 1238/681/37
f 1237/694/37 1238/681/37 1169/711/37
f 1237/694/37 1169/711/37 1174/712/37
f 1237/694/37 1174/712/37 1170/713/37
f 1181/706/63 1180/714/63 1188/715/63
f 1181/706/63 1188/715/63 1189/707/63
f 1229/716/74 1159/717/74 1157/718/74
f 1229/716/74 1157/718/74 1223/719/74
f 1240/685/75 1193/699/75 1195/692/75
f 1240/685/75 1195/692/75 1166/691/75
f 1200/700/76 1161/684/76 1239/683/76
f 1200/700/76 1239/683/76 1199/720/76
f 1180/714/68 1179/721/68 1187/722/68
f 1180/714/68 1187/722/68 1188/715/68
f 1233/723/57 1164/724/57 1181/725/57
f 1233/723/57 1181/725/57 1183/726/57
f 1239/727/77 1199/728/77 1198/679/77
f 1239/727/77 1198/679/77 1165/680/77
f 1240/685/37 1166/691/37 1237/694/37
f 1240/685/37 1237/694/37 1170/729/37
f 1240/685/37 1170/729/37 1176/730/37
f 1240/685/37 1176/730/37 1171/731/37
f 1164/732/59 1234/733/59 1180/734/59
f 1164/732/59 1180/734/59 1181/735/59
f 1205/736/68 1206/737/68 1198/738/68
f 1205/736/68 1198/738/68 1197/739/68
f 1223/719/78 1157/718/78 1156/740/78
f 1223/719/78 1156/740/78 1230/741/78
f 1232/742/79 1160/743/79 1158/744/79
f 1232/742/79 1158/744/79 1219/745/79
f 1155/746/80 1220/747/80 1230/741/80
f 1155/746/80 1230/741/80 1156/740/80
f 1231/748/81 1154/749/81 1155/746/81
f 1231/748/81 1155/746/81 1220/747/81
f 1160/743/82 1232/742/82 1224/750/82
f 1160/743/82 1224/750/82 1153/751/82
f 1153/751/83 1224/750/83 1231/752/83
f 1153/751/83 1231/752/83 1154/753/83
f 1219/745/84 1158/744/84 1159/717/84
f 1219/745/84 1159/717/84 1229/716/84
f 1229/716/37 1223/719/37 1230/741/37
f 1229/716/37 1230/741/37 1216/754/37
f 1229/716/37 1216/754/37 1211/755/37
f 1229/716/37 1211/755/37 1215/756/37
f 1208/757/62 1201/758/62 1193/759/62
f 1208/757/62 1193/759/62 1200/760/62
f 1232/742/37 1219/745/37 1229/716/37
f 1232/742/37 1229/716/37 1215/761/37
f 1232/742/37 1215/761/37 1209/762/37
f 1232/742/37 1209/762/37 1214/763/37
f 1225/764/57 1221/765/57 1204/766/57
f 1225/764/57 1204/766/57 1202/767/57
f 1221/768/59 1226/769/59 1205/770/59
f 1221/768/59 1205/770/59 1204/771/59
f 1231/752/37 1224/750/37 1232/742/37
f 1231/752/37 1232/742/37 1214/772/37
f 1231/752/37 1214/772/37 1212/773/37
f 1231/752/37 1212/773/37 1213/774/37
f 1217/775/55 1225/776/55 1202/777/55
f 1217/775/55 1202/777/55 1203/778/55
f 1204/779/63 1205/736/63 1197/739/63
f 1204/779/63 1197/739/63 1196/780/63
f 1203/781/67 1202/782/67 1194/783/67
f 1203/781/67 1194/783/67 1195/784/67
f 1201/758/65 1203/781/65 1195/784/65
f 1201/758/65 1195/784/65 1193/759/65
f 1202/785/66 1204/779/66 1196/780/66
f 1202/785/66 1196/780/66 1194/591/66
f 1228/786/58 1217/787/58 1203/788/58
f 1228/786/58 1203/788/58 1201/789/58
f 1207/790/64 1208/757/64 1200/760/64
f 1207/790/64 1200/760/64 1199/791/64
f 1215/756/46 1211/755/46 1221/765/46
f 1215/756/46 1221/765/46 1225/764/46
f 1218/792/52 1227/793/52 1207/794/52
f 1218/792/52 1207/794/52 1206/795/52
f 1226/796/56 1218/797/56 1206/798/56
f 1226/796/56 1206/798/56 1205/799/56
f 1230/741/37 1220/747/37 1231/748/37
f 1230/741/37 1231/748/37 1213/800/37
f 1230/741/37 1213/800/37 1210/801/37
f 1230/741/37 1210/801/37 1216/802/37
f 1222/803/61 1228/804/61 1201/805/61
f 1222/803/61 1201/805/61 1208/806/61
f 1206/737/54 1207/671/54 1199/597/54
f 1206/737/54 1199/597/54 1198/738/54
f 1227/807/60 1222/808/60 1208/809/60
f 1227/807/60 1208/809/60 1207/810/60
f 1195/811/35 1194/812/35 1196/813/35
f 1195/811/35 1196/813/35 1197/814/35
f 1195/811/35 1197/814/35 1198/815/35
f 1195/811/35 1198/815/35 1199/816/35
f 1195/811/35 1199/816/35 1200/817/35
f 1195/811/35 1200/817/35 1193/818/35
f 1216/802/47 1210/801/47 1218/797/47
f 1216/802/47 1218/797/47 1226/796/47
f 1210/801/44 1213/800/44 1227/793/44
f 1210/801/44 1227/793/44 1218/792/44
f 1214/763/48 1209/762/48 1217/787/48
f 1214/763/48 1217/787/48 1228/786/48
f 1211/755/41 1216/754/41 1226/769/41
f 1211/755/41 1226/769/41 1221/768/41
f 1209/762/43 1215/761/43 1225/776/43
f 1209/762/43 1225/776/43 1217/775/43
f 1212/773/42 1214/772/42 1228/804/42
f 1212/773/42 1228/804/42 1222/803/42
f 1213/774/45 1212/773/45 1222/808/45
f 1213/774/45 1222/808/45 1227/807/45
f 1122/631/85 1114/819/85 1115/820/85
f 1122/631/85 1115/820/85 1133/630/85
f 1113/821/86 1129/627/86 1122/626/86
f 1113/821/86 1122/626/86 1114/822/86
f 1120/823/87 1121/628/87 1129/627/87
f 1120/823/87 1129/627/87 1113/821/87
f 1121/628/88 1120/823/88 1118/824/88
f 1121/628/88 1118/824/88 1134/632/88
f 1134/632/89 1118/824/89 1119/825/89
f 1134/632/89 1119/825/89 1124/633/89
f 1124/633/90 1119/825/90 1117/826/90
f 1124/633/90 1117/826/90 1130/636/90
f 1130/636/91 1117/826/91 1116/827/91
f 1130/636/91 1116/827/91 1123/629/91
f 1115/820/92 1133/630/92 1123/629/92
f 1115/820/92 1123/629/92 1116/827/92
f 1236/828/58 1168/829/58 1182/830/58
f 1236/828/58 1182/830/58 1184/831/58
f 1178/832/64 1177/695/64 1185/698/64
f 1178/832/64 1185/698/64 1186/833/64
f 1170/713/46 1174/712/46 1164/724/46
f 1170/713/46 1164/724/46 1233/723/46
f 1167/834/52 1235/835/52 1178/836/52
f 1167/834/52 1178/836/52 1179/837/52
f 1234/838/56 1167/839/56 1179/840/56
f 1234/838/56 1179/840/56 1180/841/56
f 1238/681/37 1165/680/37 1239/727/37
f 1238/681/37 1239/727/37 1172/842/37
f 1238/681/37 1172/842/37 1175/843/37
f 1238/681/37 1175/843/37 1169/844/37
f 1163/845/61 1236/846/61 1184/847/61
f 1163/845/61 1184/847/61 1177/848/61
f 1179/721/54 1178/849/54 1186/850/54
f 1179/721/54 1186/850/54 1187/722/54
f 1235/851/60 1163/852/60 1177/853/60
f 1235/851/60 1177/853/60 1178/854/60
f 1190/855/35 1191/856/35 1189/857/35
f 1190/855/35 1189/857/35 1188/858/35
f 1190/855/35 1188/858/35 1187/859/35
f 1190/855/35 1187/859/35 1186/833/35
f 1190/855/35 1186/833/35 1185/698/35
f 1190/855/35 1185/698/35 1192/860/35
f 1169/844/47 1175/843/47 1167/839/47
f 1169/844/47 1167/839/47 1234/838/47
f 1175/843/44 1172/842/44 1235/835/44
f 1175/843/44 1235/835/44 1167/834/44
f 1171/731/48 1176/730/48 1168/829/48
f 1171/731/48 1168/829/48 1236/828/48
f 1174/712/41 1169/711/41 1234/733/41
f 1174/712/41 1234/733/41 1164/732/41
f 1176/730/43 1170/729/43 1233/702/43
f 1176/730/43 1233/702/43 1168/701/43
f 1173/687/42 1171/686/42 1236/846/42
f 1173/687/42 1236/846/42 1163/845/42
f 1172/688/45 1173/687/45 1163/852/45
f 1172/688/45 1163/852/45 1235/851/45
f 1249/434/33 1250/435/33 1244/436/33
f 1249/434/33 1244/436/33 1243/437/33
f 1253/438/34 1254/439/34 1248/440/34
f 1253/438/34 1248/440/34 1247/441/34
f 1261/442/31 1259/443/31 1246/444/31
f 1261/442/31 1246/444/31 1245/445/31
f 1266/446/32 1264/447/32 1242/448/32
f 1266/446/32 1242/448/32 1241/449/32
f 1268/450/35 1260/451/35 1242/452/35
f 1268/450/35 1242/452/35 1264/453/35
f 1265/454/35 1244/436/35 1250/435/35
f 1265/454/35 1250/435/35 1267/455/35
f 1247/441/31 1248/456/31 1252/457/31
f 1247/441/31 1252/457/31 1251/458/31
f 1293/459/35 1260/451/35 1268/450/35
f 1293/459/35 1268/450/35 1298/460/35
f 1293/459/35 1298/460/35 1267/455/35
f 1293/459/35 1267/455/35 1250/435/35
f 1248/461/35 1254/462/35 1257/463/35
f 1248/461/35 1257/463/35 1252/464/35
f 1259/465/35 1262/466/35 1256/467/35
f 1259/465/35 1256/467/35 1246/468/35
f 1245/445/32 1246/469/32 1256/470/32
f 1245/445/32 1256/470/32 1255/471/32
f 1285/472/34 1281/473/34 1254/439/34
f 1285/472/34 1254/439/34 1253/438/34
f 1241/449/33 1242/452/33 1260/451/33
f 1241/449/33 1260/451/33 1258/474/33
f 1298/460/39 1268/450/39 1272/475/39
f 1298/460/39 1272/475/39 1300/476/39
f 1298/460/39 1300/476/39 1269/477/39
f 1298/460/39 1269/477/39 1267/455/39
f 1261/442/37 1245/445/37 1255/471/37
f 1261/442/37 1255/471/37 1282/478/37
f 1261/442/37 1282/478/37 1266/446/37
f 1261/442/37 1266/446/37 1241/449/37
f 1261/442/37 1241/449/37 1258/474/37
f 1261/442/37 1258/474/37 1295/479/37
f 1261/442/37 1295/479/37 1249/434/37
f 1261/442/37 1249/434/37 1243/437/37
f 1261/442/37 1243/437/37 1263/480/37
f 1261/442/37 1263/480/37 1285/472/37
f 1261/442/37 1285/472/37 1253/438/37
f 1261/442/37 1253/438/37 1247/441/37
f 1261/442/37 1247/441/37 1251/458/37
f 1261/442/37 1251/458/37 1294/481/37
f 1297/482/35 1262/466/35 1259/465/35
f 1297/482/35 1259/465/35 1296/483/35
f 1297/482/35 1296/483/35 1252/464/35
f 1297/482/35 1252/464/35 1257/463/35
f 1243/437/34 1244/484/34 1265/485/34
f 1243/437/34 1265/485/34 1263/480/34
f 1293/459/33 1250/435/33 1249/434/33
f 1293/459/33 1249/434/33 1295/479/33
f 1293/459/33 1295/479/33 1258/474/33
f 1293/459/33 1258/474/33 1260/451/33
f 1281/486/35 1265/454/35 1267/455/35
f 1281/486/35 1267/455/35 1283/487/35
f 1284/488/35 1268/450/35 1264/453/35
f 1284/488/35 1264/453/35 1286/489/35
f 1282/478/32 1286/490/32 1264/447/32
f 1282/478/32 1264/447/32 1266/446/32
f 1300/491/33 1272/492/33 1276/493/33
f 1300/491/33 1276/493/33 1302/494/33
f 1300/491/33 1302/494/33 1273/495/33
f 1300/491/33 1273/495/33 1269/496/33
f 1284/488/40 1262/466/40 1271/497/40
f 1284/488/40 1271/497/40 1288/498/40
f 1297/482/36 1257/463/36 1270/499/36
f 1297/482/36 1270/499/36 1299/500/36
f 1297/482/36 1299/500/36 1271/497/36
f 1297/482/36 1271/497/36 1262/466/36
f 1283/487/38 1267/455/38 1269/477/38
f 1283/487/38 1269/477/38 1287/501/38
f 1310/502/42 1305/503/42 1279/504/42
f 1310/502/42 1279/504/42 1292/505/42
f 1296/506/31 1259/443/31 1261/442/31
f 1296/506/31 1261/442/31 1294/481/31
f 1296/506/31 1294/481/31 1251/458/31
f 1296/506/31 1251/458/31 1252/457/31
f 1287/507/34 1269/508/34 1273/509/34
f 1287/507/34 1273/509/34 1289/510/34
f 1287/507/34 1289/510/34 1274/511/34
f 1287/507/34 1274/511/34 1270/512/34
f 1288/513/32 1271/514/32 1275/515/32
f 1288/513/32 1275/515/32 1290/516/32
f 1288/513/32 1290/516/32 1276/493/32
f 1288/513/32 1276/493/32 1272/492/32
f 1309/517/41 1307/518/41 1277/519/41
f 1309/517/41 1277/519/41 1291/520/41
f 1312/521/44 1306/522/44 1280/523/44
f 1312/521/44 1280/523/44 1304/524/44
f 1311/525/43 1308/526/43 1278/527/43
f 1311/525/43 1278/527/43 1303/528/43
f 1308/529/46 1309/517/46 1291/530/46
f 1308/529/46 1291/530/46 1278/531/46
f 1306/532/45 1310/502/45 1292/533/45
f 1306/532/45 1292/533/45 1280/534/45
f 1257/463/38 1283/487/38 1287/501/38
f 1257/463/38 1287/501/38 1270/499/38
f 1268/450/40 1284/488/40 1288/498/40
f 1268/450/40 1288/498/40 1272/475/40
f 1255/471/32 1256/470/32 1286/490/32
f 1255/471/32 1286/490/32 1282/478/32
f 1262/466/35 1284/488/35 1286/489/35
f 1262/466/35 1286/489/35 1256/467/35
f 1254/462/35 1281/486/35 1283/487/35
f 1254/462/35 1283/487/35 1257/463/35
f 1263/480/34 1265/485/34 1281/473/34
f 1263/480/34 1281/473/34 1285/472/34
f 1305/535/48 1311/525/48 1303/536/48
f 1305/535/48 1303/536/48 1279/537/48
f 1307/538/47 1312/521/47 1304/539/47
f 1307/538/47 1304/539/47 1277/540/47
f 1299/541/31 1270/512/31 1274/511/31
f 1299/541/31 1274/511/31 1301/542/31
f 1299/541/31 1301/542/31 1275/515/31
f 1299/541/31 1275/515/31 1271/514/31
f 1274/543/53 1289/544/53 1273/545/53
f 1274/543/53 1273/545/53 1307/518/53
f 1274/543/53 1307/518/53 1309/517/53
f 1274/543/53 1309/517/53 1308/529/53
f 1275/546/51 1301/547/51 1274/548/51
f 1275/546/51 1274/548/51 1308/526/51
f 1275/546/51 1308/526/51 1311/525/51
f 1275/546/51 1311/525/51 1305/535/51
f 1273/549/50 1302/550/50 1276/551/50
f 1273/549/50 1276/551/50 1306/522/50
f 1273/549/50 1306/522/50 1312/521/50
f 1273/549/50 1312/521/50 1307/538/50
f 1303/528/55 1278/527/55 1314/552/55
f 1303/528/55 1314/552/55 1315/553/55
f 1276/554/49 1290/555/49 1275/556/49
f 1276/554/49 1275/556/49 1305/503/49
f 1276/554/49 1305/503/49 1310/502/49
f 1276/554/49 1310/502/49 1306/532/49
f 1315/557/67 1314/558/67 1322/559/67
f 1315/557/67 1322/559/67 1323/560/67
f 1304/524/52 1280/523/52 1319/561/52
f 1304/524/52 1319/561/52 1318/562/52
f 1279/537/58 1303/536/58 1315/563/58
f 1279/537/58 1315/563/58 1316/564/58
f 1280/534/60 1292/533/60 1317/565/60
f 1280/534/60 1317/565/60 1319/566/60
f 1277/540/56 1304/539/56 1318/567/56
f 1277/540/56 1318/567/56 1320/568/56
f 1292/505/61 1279/504/61 1316/569/61
f 1292/505/61 1316/569/61 1317/570/61
f 1278/531/57 1291/530/57 1313/571/57
f 1278/531/57 1313/571/57 1314/572/57
f 1291/520/59 1277/519/59 1320/573/59
f 1291/520/59 1320/573/59 1313/574/59
f 1326/575/35 1327/576/35 1325/577/35
f 1326/575/35 1325/577/35 1324/578/35
f 1326/575/35 1324/578/35 1323/579/35
f 1326/575/35 1323/579/35 1322/580/35
f 1326/575/35 1322/580/35 1321/581/35
f 1326/575/35 1321/581/35 1328/582/35
f 1313/583/63 1320/584/63 1328/585/63
f 1313/583/63 1328/585/63 1321/586/63
f 1317/587/62 1316/588/62 1324/589/62
f 1317/587/62 1324/589/62 1325/590/62
f 1314/591/66 1313/583/66 1321/586/66
f 1314/591/66 1321/586/66 1322/592/66
f 1320/584/68 1318/593/68 1326/594/68
f 1320/584/68 1326/594/68 1328/585/68
f 1319/595/64 1317/587/64 1325/590/64
f 1319/595/64 1325/590/64 1327/596/64
f 1318/593/54 1319/597/54 1327/598/54
f 1318/593/54 1327/598/54 1326/594/54
f 1316/588/65 1315/557/65 1323/560/65
f 1316/588/65 1323/560/65 1324/589/65
f 1350/599/42 1345/600/42 1335/601/42
f 1350/599/42 1335/601/42 1340/602/42
f 1349/603/41 1347/604/41 1333/605/41
f 1349/603/41 1333/605/41 1339/606/41
f 1352/607/44 1346/608/44 1336/609/44
f 1352/607/44 1336/609/44 1344/610/44
f 1351/611/43 1348/612/43 1334/613/43
f 1351/611/43 1334/613/43 1343/614/43
f 1348/615/46 1349/603/46 1339/616/46
f 1348/615/46 1339/616/46 1334/617/46
f 1346/618/45 1350/599/45 1340/619/45
f 1346/618/45 1340/619/45 1336/620/45
f 1345/621/48 1351/611/48 1343/622/48
f 1345/621/48 1343/622/48 1335/623/48
f 1347/604/47 1352/607/47 1344/624/47
f 1347/604/47 1344/624/47 1333/625/47
f 1330/626/37 1337/627/37 1329/628/37
f 1330/626/37 1329/628/37 1347/604/37
f 1330/626/37 1347/604/37 1349/603/37
f 1330/626/37 1349/603/37 1348/615/37
f 1331/629/37 1341/630/37 1330/631/37
f 1331/629/37 1330/631/37 1348/612/37
f 1331/629/37 1348/612/37 1351/611/37
f 1331/629/37 1351/611/37 1345/621/37
f 1329/628/37 1342/632/37 1332/633/37
f 1329/628/37 1332/633/37 1346/608/37
f 1329/628/37 1346/608/37 1352/607/37
f 1329/628/37 1352/607/37 1347/604/37
f 1343/614/55 1334/613/55 1354/634/55
f 1343/614/55 1354/634/55 1355/635/55
f 1332/633/37 1338/636/37 1331/629/37
f 1332/633/37 1331/629/37 1345/600/37
f 1332/633/37 1345/600/37 1350/599/37
f 1332/633/37 1350/599/37 1346/618/37
f 1355/637/67 1354/638/67 1362/639/67
f 1355/637/67 1362/639/67 1363/640/67
f 1344/610/52 1336/609/52 1359/641/52
f 1344/610/52 1359/641/52 1358/642/52
f 1335/623/58 1343/622/58 1355/643/58
f 1335/623/58 1355/643/58 1356/644/58
f 1336/620/60 1340/619/60 1357/645/60
f 1336/620/60 1357/645/60 1359/646/60
f 1333/625/56 1344/624/56 1358/647/56
f 1333/625/56 1358/647/56 1360/648/56
f 1340/602/61 1335/601/61 1356/649/61
f 1340/602/61 1356/649/61 1357/650/61
f 1334/617/57 1339/616/57 1353/651/57
f 1334/617/57 1353/651/57 1354/652/57
f 1339/606/59 1333/605/59 1360/653/59
f 1339/606/59 1360/653/59 1353/654/59
f 1366/655/35 1367/656/35 1365/657/35
f 1366/655/35 1365/657/35 1364/658/35
f 1366/655/35 1364/658/35 1363/659/35
f 1366/655/35 1363/659/35 1362/660/35
f 1366/655/35 1362/660/35 1361/661/35
f 1366/655/35 1361/661/35 1368/662/35
f 1353/663/63 1360/664/63 1368/665/63
f 1353/663/63 1368/665/63 1361/666/63
f 1357/667/62 1356/668/62 1364/669/62
f 1357/667/62 1364/669/62 1365/670/62
f 1354/671/66 1353/663/66 1361/666/66
f 1354/671/66 1361/666/66 1362/672/66
f 1360/664/68 1358/673/68 1366/674/68
f 1360/664/68 1366/674/68 1368/665/68
f 1359/675/64 1357/667/64 1365/670/64
f 1359/675/64 1365/670/64 1367/676/64
f 1358/673/54 1359/677/54 1367/678/54
f 1358/673/54 1367/678/54 1366/674/54
f 1356/668/65 1355/637/65 1363/640/65
f 1356/668/65 1363/640/65 1364/669/65
f 1406/679/75 1373/680/75 1446/681/75
f 1406/679/75 1446/681/75 1405/682/75
f 1447/683/37 1369/684/37 1448/685/37
f 1447/683/37 1448/685/37 1379/686/37
f 1447/683/37 1379/686/37 1381/687/37
f 1447/683/37 1381/687/37 1380/688/37
f 1370/689/73 1404/690/73 1405/682/73
f 1370/689/73 1405/682/73 1446/681/73
f 1374/691/93 1403/692/93 1402/693/93
f 1374/691/93 1402/693/93 1445/694/93
f 1385/695/63 1392/696/63 1400/697/63
f 1385/695/63 1400/697/63 1393/698/63
f 1445/694/76 1402/693/76 1404/690/76
f 1445/694/76 1404/690/76 1370/689/76
f 1401/699/70 1448/685/70 1369/684/70
f 1401/699/70 1369/684/70 1408/700/70
f 1376/701/52 1441/702/52 1391/703/52
f 1376/701/52 1391/703/52 1390/704/52
f 1391/705/64 1389/706/64 1397/707/64
f 1391/705/64 1397/707/64 1399/708/64
f 1390/709/54 1391/705/54 1399/708/54
f 1390/709/54 1399/708/54 1398/710/54
f 1392/696/68 1390/709/68 1398/710/68
f 1392/696/68 1398/710/68 1400/697/68
f 1445/694/37 1370/689/37 1446/681/37
f 1445/694/37 1446/681/37 1377/711/37
f 1445/694/37 1377/711/37 1382/712/37
f 1445/694/37 1382/712/37 1378/713/37
f 1389/706/62 1388/714/62 1396/715/62
f 1389/706/62 1396/715/62 1397/707/62
f 1437/716/83 1367/717/83 1365/718/83
f 1437/716/83 1365/718/83 1431/719/83
f 1448/685/69 1401/699/69 1403/692/69
f 1448/685/69 1403/692/69 1374/691/69
f 1408/700/72 1369/684/72 1447/683/72
f 1408/700/72 1447/683/72 1407/720/72
f 1388/714/65 1387/721/65 1395/722/65
f 1388/714/65 1395/722/65 1396/715/65
f 1441/723/60 1372/724/60 1389/725/60
f 1441/723/60 1389/725/60 1391/726/60
f 1447/727/94 1407/728/94 1406/679/94
f 1447/727/94 1406/679/94 1373/680/94
f 1448/685/37 1374/691/37 1445/694/37
f 1448/685/37 1445/694/37 1378/729/37
f 1448/685/37 1378/729/37 1384/730/37
f 1448/685/37 1384/730/37 1379/731/37
f 1372/732/61 1442/733/61 1388/734/61
f 1372/732/61 1388/734/61 1389/735/61
f 1413/736/65 1414/737/65 1406/738/65
f 1413/736/65 1406/738/65 1405/739/65
f 1431/719/82 1365/718/82 1364/740/82
f 1431/719/82 1364/740/82 1438/741/82
f 1440/742/80 1368/743/80 1366/744/80
f 1440/742/80 1366/744/80 1427/745/80
f 1363/746/79 1428/747/79 1438/741/79
f 1363/746/79 1438/741/79 1364/740/79
f 1439/748/95 1362/749/95 1363/746/95
f 1439/748/95 1363/746/95 1428/747/95
f 1368/743/78 1440/742/78 1432/750/78
f 1368/743/78 1432/750/78 1361/751/78
f 1361/751/74 1432/750/74 1439/752/74
f 1361/751/74 1439/752/74 1362/753/74
f 1427/745/96 1366/744/96 1367/717/96
f 1427/745/96 1367/717/96 1437/716/96
f 1437/716/37 1431/719/37 1438/741/37
f 1437/716/37 1438/741/37 1424/754/37
f 1437/716/37 1424/754/37 1419/755/37
f 1437/716/37 1419/755/37 1423/756/37
f 1416/757/63 1409/758/63 1401/759/63
f 1416/757/63 1401/759/63 1408/760/63
f 1440/742/37 1427/745/37 1437/716/37
f 1440/742/37 1437/716/37 1423/761/37
f 1440/742/37 1423/761/37 1417/762/37
f 1440/742/37 1417/762/37 1422/763/37
f 1433/764/60 1429/765/60 1412/766/60
f 1433/764/60 1412/766/60 1410/767/60
f 1429/768/61 1434/769/61 1413/770/61
f 1429/768/61 1413/770/61 1412/771/61
f 1439/752/37 1432/750/37 1440/742/37
f 1439/752/37 1440/742/37 1422/772/37
f 1439/752/37 1422/772/37 1420/773/37
f 1439/752/37 1420/773/37 1421/774/37
f 1425/775/52 1433/776/52 1410/777/52
f 1425/775/52 1410/777/52 1411/778/52
f 1412/779/62 1413/736/62 1405/739/62
f 1412/779/62 1405/739/62 1404/780/62
f 1411/781/54 1410/782/54 1402/783/54
f 1411/781/54 1402/783/54 1403/784/54
f 1409/758/68 1411/781/68 1403/784/68
f 1409/758/68 1403/784/68 1401/759/68
f 1410/785/64 1412/779/64 1404/780/64
f 1410/785/64 1404/780/64 1402/591/64
f 1436/786/56 1425/787/56 1411/788/56
f 1436/786/56 1411/788/56 1409/789/56
f 1415/790/66 1416/757/66 1408/760/66
f 1415/790/66 1408/760/66 1407/791/66
f 1423/756/45 1419/755/45 1429/765/45
f 1423/756/45 1429/765/45 1433/764/45
f 1426/792/55 1435/793/55 1415/794/55
f 1426/792/55 1415/794/55 1414/795/55
f 1434/796/58 1426/797/58 1414/798/58
f 1434/796/58 1414/798/58 1413/799/58
f 1438/741/37 1428/747/37 1439/748/37
f 1438/741/37 1439/748/37 1421/800/37
f 1438/741/37 1421/800/37 1418/801/37
f 1438/741/37 1418/801/37 1424/802/37
f 1430/803/59 1436/804/59 1409/805/59
f 1430/803/59 1409/805/59 1416/806/59
f 1414/737/67 1415/671/67 1407/597/67
f 1414/737/67 1407/597/67 1406/738/67
f 1435/807/57 1430/808/57 1416/809/57
f 1435/807/57 1416/809/57 1415/810/57
f 1403/811/35 1402/812/35 1404/813/35
f 1403/811/35 1404/813/35 1405/814/35
f 1403/811/35 1405/814/35 1406/815/35
f 1403/811/35 1406/815/35 1407/816/35
f 1403/811/35 1407/816/35 1408/817/35
f 1403/811/35 1408/817/35 1401/818/35
f 1424/802/48 1418/801/48 1426/797/48
f 1424/802/48 1426/797/48 1434/796/48
f 1418/801/43 1421/800/43 1435/793/43
f 1418/801/43 1435/793/43 1426/792/43
f 1422/763/47 1417/762/47 1425/787/47
f 1422/763/47 1425/787/47 1436/786/47
f 1419/755/42 1424/754/42 1434/769/42
f 1419/755/42 1434/769/42 1429/768/42
f 1417/762/44 1423/761/44 1433/776/44
f 1417/762/44 1433/776/44 1425/775/44
f 1420/773/41 1422/772/41 1436/804/41
f 1420/773/41 1436/804/41 1430/803/41
f 1421/774/46 1420/773/46 1430/808/46
f 1421/774/46 1430/808/46 1435/807/46
f 1330/631/97 1322/819/97 1323/820/97
f 1330/631/97 1323/820/97 1341/630/97
f 1321/821/90 1337/627/90 1330/626/90
f 1321/821/90 1330/626/90 1322/822/90
f 1328/823/91 1329/628/91 1337/627/91
f 1328/823/91 1337/627/91 1321/821/91
f 1329/628/92 1328/823/92 1326/824/92
f 1329/628/92 1326/824/92 1342/632/92
f 1342/632/98 1326/824/98 1327/825/98
f 1342/632/98 1327/825/98 1332/633/98
f 1332/633/86 1327/825/86 1325/826/86
f 1332/633/86 1325/826/86 1338/636/86
f 1338/636/87 1325/826/87 1324/827/87
f 1338/636/87 1324/827/87 1331/629/87
f 1323/820/88 1341/630/88 1331/629/88
f 1323/820/88 1331/629/88 1324/827/88
f 1444/828/56 1376/829/56 1390/830/56
f 1444/828/56 1390/830/56 1392/831/56
f 1386/832/66 1385/695/66 1393/698/66
f 1386/832/66 1393/698/66 1394/833/66
f 1378/713/45 1382/712/45 1372/724/45
f 1378/713/45 1372/724/45 1441/723/45
f 1375/834/55 1443/835/55 1386/836/55
f 1375/834/55 1386/836/55 1387/837/55
f 1442/838/58 1375/839/58 1387/840/58
f 1442/838/58 1387/840/58 1388/841/58
f 1446/681/37 1373/680/37 1447/727/37
f 1446/681/37 1447/727/37 1380/842/37
f 1446/681/37 1380/842/37 1383/843/37
f 1446/681/37 1383/843/37 1377/844/37
f 1371/845/59 1444/846/59 1392/847/59
f 1371/845/59 1392/847/59 1385/848/59
f 1387/721/67 1386/849/67 1394/850/67
f 1387/721/67 1394/850/67 1395/722/67
f 1443/851/57 1371/852/57 1385/853/57
f 1443/851/57 1385/853/57 1386/854/57
f 1398/855/35 1399/856/35 1397/857/35
f 1398/855/35 1397/857/35 1396/858/35
f 1398/855/35 1396/858/35 1395/859/35
f 1398/855/35 1395/859/35 1394/833/35
f 1398/855/35 1394/833/35 1393/698/35
f 1398/855/35 1393/698/35 1400/860/35
f 1377/844/48 1383/843/48 1375/839/48
f 1377/844/48 1375/839/48 1442/838/48
f 1383/843/43 1380/842/43 1443/835/43
f 1383/843/43 1443/835/43 1375/834/43
f 1379/731/47 1384/730/47 1376/829/47
f 1379/731/47 1376/829/47 1444/828/47
f 1382/712/42 1377/711/42 1442/733/42
f 1382/712/42 1442/733/42 1372/732/42
f 1384/730/44 1378/729/44 1441/702/44
f 1384/730/44 1441/702/44 1376/701/44
f 1381/687/41 1379/686/41 1444/846/41
f 1381/687/41 1444/846/41 1371/845/41
f 1380/688/46 1381/687/46 1371/852/46
f 1380/688/46 1371/852/46 1443/851/46
f 1457/861/99 1458/862/99 1452/863/99
f 1457/861/99 1452/863/99 1451/864/99
f 1461/865/100 1462/866/100 1456/867/100
f 1461/865/100 1456/867/100 1455/868/100
f 1469/869/101 1467/870/101 1454/871/101
f 1469/869/101 1454/871/101 1453/872/101
f 1474/873/102 1472/874/102 1450/875/102
f 1474/873/102 1450/875/102 1449/876/102
f 1476/877/103 1468/878/103 1450/879/103
f 1476/877/103 1450/879/103 1472/880/103
f 1473/881/103 1452/863/103 1458/862/103
f 1473/881/103 1458/862/103 1475/882/103
f 1455/868/101 1456/883/101 1460/884/101
f 1455/868/101 1460/884/101 1459/885/101
f 1501/886/103 1468/878/103 1476/877/103
f 1501/886/103 1476/877/103 1506/887/103
f 1501/886/103 1506/887/103 1475/882/103
f 1501/886/103 1475/882/103 1458/862/103
f 1456/888/103 1462/889/103 1465/890/103
f 1456/888/103 1465/890/103 1460/891/103
f 1467/892/103 1470/893/103 1464/894/103
f 1467/892/103 1464/894/103 1454/895/103
f 1453/872/102 1454/896/102 1464/897/102
f 1453/872/102 1464/897/102 1463/898/102
f 1493/899/100 1489/900/100 1462/866/100
f 1493/899/100 1462/866/100 1461/865/100
f 1449/876/99 1450/879/99 1468/878/99
f 1449/876/99 1468/878/99 1466/901/99
f 1506/887/104 1476/877/104 1480/902/104
f 1506/887/104 1480/902/104 1508/903/104
f 1506/887/104 1508/903/104 1477/904/104
f 1506/887/104 1477/904/104 1475/882/104
f 1469/869/105 1453/872/105 1463/898/105
f 1469/869/105 1463/898/105 1490/905/105
f 1469/869/105 1490/905/105 1474/873/105
f 1469/869/105 1474/873/105 1449/876/105
f 1469/869/105 1449/876/105 1466/901/105
f 1469/869/105 1466/901/105 1503/906/105
f 1469/869/105 1503/906/105 1457/861/105
f 1469/869/105 1457/861/105 1451/864/105
f 1469/869/105 1451/864/105 1471/907/105
f 1469/869/105 1471/907/105 1493/899/105
f 1469/869/105 1493/899/105 1461/865/105
f 1469/869/105 1461/865/105 1455/868/105
f 1469/869/105 1455/868/105 1459/885/105
f 1469/869/105 1459/885/105 1502/908/105
f 1505/909/103 1470/893/103 1467/892/103
f 1505/909/103 1467/892/103 1504/910/103
f 1505/909/103 1504/910/103 1460/891/103
f 1505/909/103 1460/891/103 1465/890/103
f 1451/864/100 1452/911/100 1473/912/100
f 1451/864/100 1473/912/100 1471/907/100
f 1501/886/99 1458/862/99 1457/861/99
f 1501/886/99 1457/861/99 1503/906/99
f 1501/886/99 1503/906/99 1466/901/99
f 1501/886/99 1466/901/99 1468/878/99
f 1489/913/103 1473/881/103 1475/882/103
f 1489/913/103 1475/882/103 1491/914/103
f 1492/915/103 1476/877/103 1472/880/103
f 1492/915/103 1472/880/103 1494/916/103
f 1490/905/102 1494/917/102 1472/874/102
f 1490/905/102 1472/874/102 1474/873/102
f 1508/918/99 1480/919/99 1484/920/99
f 1508/918/99 1484/920/99 1510/921/99
f 1508/918/99 1510/921/99 1481/922/99
f 1508/918/99 1481/922/99 1477/923/99
f 1492/915/106 1470/893/106 1479/924/106
f 1492/915/106 1479/924/106 1496/925/106
f 1505/909/107 1465/890/107 1478/926/107
f 1505/909/107 1478/926/107 1507/927/107
f 1505/909/107 1507/927/107 1479/924/107
f 1505/909/107 1479/924/107 1470/893/107
f 1491/914/108 1475/882/108 1477/904/108
f 1491/914/108 1477/904/108 1495/928/108
f 1518/929/109 1513/930/109 1487/931/109
f 1518/929/109 1487/931/109 1500/932/109
f 1504/933/101 1467/870/101 1469/869/101
f 1504/933/101 1469/869/101 1502/908/101
f 1504/933/101 1502/908/101 1459/885/101
f 1504/933/101 1459/885/101 1460/884/101
f 1495/934/100 1477/935/100 1481/936/100
f 1495/934/100 1481/936/100 1497/937/100
f 1495/934/100 1497/937/100 1482/938/100
f 1495/934/100 1482/938/100 1478/939/100
f 1496/940/102 1479/941/102 1483/942/102
f 1496/940/102 1483/942/102 1498/943/102
f 1496/940/102 1498/943/102 1484/920/102
f 1496/940/102 1484/920/102 1480/919/102
f 1517/944/110 1515/945/110 1485/946/110
f 1517/944/110 1485/946/110 1499/947/110
f 1520/948/111 1514/949/111 1488/950/111
f 1520/948/111 1488/950/111 1512/951/111
f 1519/952/112 1516/953/112 1486/954/112
f 1519/952/112 1486/954/112 1511/955/112
f 1516/956/113 1517/944/113 1499/957/113
f 1516/956/113 1499/957/113 1486/958/113
f 1514/959/114 1518/929/114 1500/960/114
f 1514/959/114 1500/960/114 1488/961/114
f 1465/890/108 1491/914/108 1495/928/108
f 1465/890/108 1495/928/108 1478/926/108
f 1476/877/106 1492/915/106 1496/925/106
f 1476/877/106 1496/925/106 1480/902/106
f 1463/898/102 1464/897/102 1494/917/102
f 1463/898/102 1494/917/102 1490/905/102
f 1470/893/103 1492/915/103 1494/916/103
f 1470/893/103 1494/916/103 1464/894/103
f 1462/889/103 1489/913/103 1491/914/103
f 1462/889/103 1491/914/103 1465/890/103
f 1471/907/100 1473/912/100 1489/900/100
f 1471/907/100 1489/900/100 1493/899/100
f 1513/962/115 1519/952/115 1511/963/115
f 1513/962/115 1511/963/115 1487/964/115
f 1515/965/116 1520/948/116 1512/966/116
f 1515/965/116 1512/966/116 1485/967/116
f 1507/968/101 1478/939/101 1482/938/101
f 1507/968/101 1482/938/101 1509/969/101
f 1507/968/101 1509/969/101 1483/942/101
f 1507/968/101 1483/942/101 1479/941/101
f 1482/970/117 1497/971/117 1481/972/117
f 1482/970/117 1481/972/117 1515/945/117
f 1482/970/117 1515/945/117 1517/944/117
f 1482/970/117 1517/944/117 1516/956/117
f 1483/973/118 1509/974/118 1482/975/118
f 1483/973/118 1482/975/118 1516/953/118
f 1483/973/118 1516/953/118 1519/952/118
f 1483/973/118 1519/952/118 1513/962/118
f 1481/976/119 1510/977/119 1484/978/119
f 1481/976/119 1484/978/119 1514/949/119
f 1481/976/119 1514/949/119 1520/948/119
f 1481/976/119 1520/948/119 1515/965/119
f 1511/955/120 1486/954/120 1522/979/120
f 1511/955/120 1522/979/120 1523/980/120
f 1484/981/121 1498/982/121 1483/983/121
f 1484/981/121 1483/983/121 1513/930/121
f 1484/981/121 1513/930/121 1518/929/121
f 1484/981/121 1518/929/121 1514/959/121
f 1523/984/122 1522/985/122 1530/986/122
f 1523/984/122 1530/986/122 1531/987/122
f 1512/951/123 1488/950/123 1527/988/123
f 1512/951/123 1527/988/123 1526/989/123
f 1487/964/124 1511/963/124 1523/990/124
f 1487/964/124 1523/990/124 1524/991/124
f 1488/961/125 1500/960/125 1525/992/125
f 1488/961/125 1525/992/125 1527/993/125
f 1485/967/126 1512/966/126 1526/994/126
f 1485/967/126 1526/994/126 1528/995/126
f 1500/932/127 1487/931/127 1524/996/127
f 1500/932/127 1524/996/127 1525/997/127
f 1486/958/128 1499/957/128 1521/998/128
f 1486/958/128 1521/998/128 1522/999/128
f 1499/947/129 1485/946/129 1528/1000/129
f 1499/947/129 1528/1000/129 1521/1001/129
f 1534/1002/103 1535/1003/103 1533/1004/103
f 1534/1002/103 1533/1004/103 1532/1005/103
f 1534/1002/103 1532/1005/103 1531/1006/103
f 1534/1002/103 1531/1006/103 1530/1007/103
f 1534/1002/103 1530/1007/103 1529/1008/103
f 1534/1002/103 1529/1008/103 1536/1009/103
f 1521/1010/130 1528/1011/130 1536/1012/130
f 1521/1010/130 1536/1012/130 1529/1013/130
f 1525/1014/131 1524/1015/131 1532/1016/131
f 1525/1014/131 1532/1016/131 1533/1017/131
f 1522/1018/132 1521/1010/132 1529/1013/132
f 1522/1018/132 1529/1013/132 1530/1019/132
f 1528/1011/133 1526/1020/133 1534/1021/133
f 1528/1011/133 1534/1021/133 1536/1012/133
f 1527/1022/134 1525/1014/134 1533/1017/134
f 1527/1022/134 1533/1017/134 1535/1023/134
f 1526/1020/135 1527/1024/135 1535/1025/135
f 1526/1020/135 1535/1025/135 1534/1021/135
f 1524/1015/136 1523/984/136 1531/987/136
f 1524/1015/136 1531/987/136 1532/1016/136
f 1558/1026/109 1553/1027/109 1543/1028/109
f 1558/1026/109 1543/1028/109 1548/1029/109
f 1557/1030/110 1555/1031/110 1541/1032/110
f 1557/1030/110 1541/1032/110 1547/1033/110
f 1560/1034/111 1554/1035/111 1544/1036/111
f 1560/1034/111 1544/1036/111 1552/1037/111
f 1559/1038/112 1556/1039/112 1542/1040/112
f 1559/1038/112 1542/1040/112 1551/1041/112
f 1556/1042/113 1557/1030/113 1547/1043/113
f 1556/1042/113 1547/1043/113 1542/1044/113
f 1554/1045/114 1558/1026/114 1548/1046/114
f 1554/1045/114 1548/1046/114 1544/1047/114
f 1553/1048/115 1559/1038/115 1551/1049/115
f 1553/1048/115 1551/1049/115 1543/1050/115
f 1555/1031/116 1560/1034/116 1552/1051/116
f 1555/1031/116 1552/1051/116 1541/1052/116
f 1538/1053/105 1545/1054/105 1537/1055/105
f 1538/1053/105 1537/1055/105 1555/1031/105
f 1538/1053/105 1555/1031/105 1557/1030/105
f 1538/1053/105 1557/1030/105 1556/1042/105
f 1539/1056/105 1549/1057/105 1538/1058/105
f 1539/1056/105 1538/1058/105 1556/1039/105
f 1539/1056/105 1556/1039/105 1559/1038/105
f 1539/1056/105 1559/1038/105 1553/1048/105
f 1537/1055/105 1550/1059/105 1540/1060/105
f 1537/1055/105 1540/1060/105 1554/1035/105
f 1537/1055/105 1554/1035/105 1560/1034/105
f 1537/1055/105 1560/1034/105 1555/1031/105
f 1551/1041/120 1542/1040/120 1562/1061/120
f 1551/1041/120 1562/1061/120 1563/1062/120
f 1540/1060/105 1546/1063/105 1539/1056/105
f 1540/1060/105 1539/1056/105 1553/1027/105
f 1540/1060/105 1553/1027/105 1558/1026/105
f 1540/1060/105 1558/1026/105 1554/1045/105
f 1563/1064/122 1562/1065/122 1570/1066/122
f 1563/1064/122 1570/1066/122 1571/1067/122
f 1552/1037/123 1544/1036/123 1567/1068/123
f 1552/1037/123 1567/1068/123 1566/1069/123
f 1543/1050/124 1551/1049/124 1563/1070/124
f 1543/1050/124 1563/1070/124 1564/1071/124
f 1544/1047/125 1548/1046/125 1565/1072/125
f 1544/1047/125 1565/1072/125 1567/1073/125
f 1541/1052/126 1552/1051/126 1566/1074/126
f 1541/1052/126 1566/1074/126 1568/1075/126
f 1548/1029/127 1543/1028/127 1564/1076/127
f 1548/1029/127 1564/1076/127 1565/1077/127
f 1542/1044/128 1547/1043/128 1561/1078/128
f 1542/1044/128 1561/1078/128 1562/1079/128
f 1547/1033/129 1541/1032/129 1568/1080/129
f 1547/1033/129 1568/1080/129 1561/1081/129
f 1574/1082/103 1575/1083/103 1573/1084/103
f 1574/1082/103 1573/1084/103 1572/1085/103
f 1574/1082/103 1572/1085/103 1571/1086/103
f 1574/1082/103 1571/1086/103 1570/1087/103
f 1574/1082/103 1570/1087/103 1569/1088/103
f 1574/1082/103 1569/1088/103 1576/1089/103
f 1561/1090/130 1568/1091/130 1576/1092/130
f 1561/1090/130 1576/1092/130 1569/1093/130
f 1565/1094/131 1564/1095/131 1572/1096/131
f 1565/1094/131 1572/1096/131 1573/1097/131
f 1562/1098/132 1561/1090/132 1569/1093/132
f 1562/1098/132 1569/1093/132 1570/1099/132
f 1568/1091/133 1566/1100/133 1574/1101/133
f 1568/1091/133 1574/1101/133 1576/1092/133
f 1567/1102/134 1565/1094/134 1573/1097/134
f 1567/1102/134 1573/1097/134 1575/1103/134
f 1566/1100/135 1567/1104/135 1575/1105/135
f 1566/1100/135 1575/1105/135 1574/1101/135
f 1564/1095/136 1563/1064/136 1571/1067/136
f 1564/1095/136 1571/1067/136 1572/1096/136
f 1614/1106/137 1581/1107/137 1654/1108/137
f 1614/1106/137 1654/1108/137 1613/1109/137
f 1655/1110/105 1577/1111/105 1656/1112/105
f 1655/1110/105 1656/1112/105 1587/1113/105
f 1655/1110/105 1587/1113/105 1589/1114/105
f 1655/1110/105 1589/1114/105 1588/1115/105
f 1578/1116/138 1612/1117/138 1613/1109/138
f 1578/1116/138 1613/1109/138 1654/1108/138
f 1582/1118/139 1611/1119/139 1610/1120/139
f 1582/1118/139 1610/1120/139 1653/1121/139
f 1593/1122/130 1600/1123/130 1608/1124/130
f 1593/1122/130 1608/1124/130 1601/1125/130
f 1653/1121/140 1610/1120/140 1612/1117/140
f 1653/1121/140 1612/1117/140 1578/1116/140
f 1609/1126/141 1656/1112/141 1577/1111/141
f 1609/1126/141 1577/1111/141 1616/1127/141
f 1584/1128/123 1649/1129/123 1599/1130/123
f 1584/1128/123 1599/1130/123 1598/1131/123
f 1599/1132/134 1597/1133/134 1605/1134/134
f 1599/1132/134 1605/1134/134 1607/1135/134
f 1598/1136/135 1599/1132/135 1607/1135/135
f 1598/1136/135 1607/1135/135 1606/1137/135
f 1600/1123/133 1598/1136/133 1606/1137/133
f 1600/1123/133 1606/1137/133 1608/1124/133
f 1653/1121/105 1578/1116/105 1654/1108/105
f 1653/1121/105 1654/1108/105 1585/1138/105
f 1653/1121/105 1585/1138/105 1590/1139/105
f 1653/1121/105 1590/1139/105 1586/1140/105
f 1597/1133/131 1596/1141/131 1604/1142/131
f 1597/1133/131 1604/1142/131 1605/1134/131
f 1645/1143/142 1575/1144/142 1573/1145/142
f 1645/1143/142 1573/1145/142 1639/1146/142
f 1656/1112/143 1609/1126/143 1611/1119/143
f 1656/1112/143 1611/1119/143 1582/1118/143
f 1616/1127/144 1577/1111/144 1655/1110/144
f 1616/1127/144 1655/1110/144 1615/1147/144
f 1596/1141/136 1595/1148/136 1603/1149/136
f 1596/1141/136 1603/1149/136 1604/1142/136
f 1649/1150/125 1580/1151/125 1597/1152/125
f 1649/1150/125 1597/1152/125 1599/1153/125
f 1655/1154/145 1615/1155/145 1614/1106/145
f 1655/1154/145 1614/1106/145 1581/1107/145
f 1656/1112/105 1582/1118/105 1653/1121/105
f 1656/1112/105 1653/1121/105 1586/1156/105
f 1656/1112/105 1586/1156/105 1592/1157/105
f 1656/1112/105 1592/1157/105 1587/1158/105
f 1580/1159/127 1650/1160/127 1596/1161/127
f 1580/1159/127 1596/1161/127 1597/1162/127
f 1621/1163/136 1622/1164/136 1614/1165/136
f 1621/1163/136 1614/1165/136 1613/1166/136
f 1639/1146/146 1573/1145/146 1572/1167/146
f 1639/1146/146 1572/1167/146 1646/1168/146
f 1648/1169/147 1576/1170/147 1574/1171/147
f 1648/1169/147 1574/1171/147 1635/1172/147
f 1571/1173/148 1636/1174/148 1646/1168/148
f 1571/1173/148 1646/1168/148 1572/1167/148
f 1647/1175/149 1570/1176/149 1571/1173/149
f 1647/1175/149 1571/1173/149 1636/1174/149
f 1576/1170/150 1648/1169/150 1640/1177/150
f 1576/1170/150 1640/1177/150 1569/1178/150
f 1569/1178/151 1640/1177/151 1647/1179/151
f 1569/1178/151 1647/1179/151 1570/1180/151
f 1635/1172/152 1574/1171/152 1575/1144/152
f 1635/1172/152 1575/1144/152 1645/1143/152
f 1645/1143/105 1639/1146/105 1646/1168/105
f 1645/1143/105 1646/1168/105 1632/1181/105
f 1645/1143/105 1632/1181/105 1627/1182/105
f 1645/1143/105 1627/1182/105 1631/1183/105
f 1624/1184/130 1617/1185/130 1609/1186/130
f 1624/1184/130 1609/1186/130 1616/1187/130
f 1648/1169/105 1635/1172/105 1645/1143/105
f 1648/1169/105 1645/1143/105 1631/1188/105
f 1648/1169/105 1631/1188/105 1625/1189/105
f 1648/1169/105 1625/1189/105 1630/1190/105
f 1641/1191/125 1637/1192/125 1620/1193/125
f 1641/1191/125 1620/1193/125 1618/1194/125
f 1637/1195/127 1642/1196/127 1621/1197/127
f 1637/1195/127 1621/1197/127 1620/1198/127
f 1647/1179/105 1640/1177/105 1648/1169/105
f 1647/1179/105 1648/1169/105 1630/1199/105
f 1647/1179/105 1630/1199/105 1628/1200/105
f 1647/1179/105 1628/1200/105 1629/1201/105
f 1633/1202/123 1641/1203/123 1618/1204/123
f 1633/1202/123 1618/1204/123 1619/1205/123
f 1620/1206/131 1621/1163/131 1613/1166/131
f 1620/1206/131 1613/1166/131 1612/1207/131
f 1619/1208/135 1618/1209/135 1610/1210/135
f 1619/1208/135 1610/1210/135 1611/1211/135
f 1617/1185/133 1619/1208/133 1611/1211/133
f 1617/1185/133 1611/1211/133 1609/1186/133
f 1618/1212/134 1620/1206/134 1612/1207/134
f 1618/1212/134 1612/1207/134 1610/1018/134
f 1644/1213/126 1633/1214/126 1619/1215/126
f 1644/1213/126 1619/1215/126 1617/1216/126
f 1623/1217/132 1624/1184/132 1616/1187/132
f 1623/1217/132 1616/1187/132 1615/1218/132
f 1631/1183/114 1627/1182/114 1637/1192/114
f 1631/1183/114 1637/1192/114 1641/1191/114
f 1634/1219/120 1643/1220/120 1623/1221/120
f 1634/1219/120 1623/1221/120 1622/1222/120
f 1642/1223/124 1634/1224/124 1622/1225/124
f 1642/1223/124 1622/1225/124 1621/1226/124
f 1646/1168/105 1636/1174/105 1647/1175/105
f 1646/1168/105 1647/1175/105 1629/1227/105
f 1646/1168/105 1629/1227/105 1626/1228/105
f 1646/1168/105 1626/1228/105 1632/1229/105
f 1638/1230/129 1644/1231/129 1617/1232/129
f 1638/1230/129 1617/1232/129 1624/1233/129
f 1622/1164/122 1623/1098/122 1615/1024/122
f 1622/1164/122 1615/1024/122 1614/1165/122
f 1643/1234/128 1638/1235/128 1624/1236/128
f 1643/1234/128 1624/1236/128 1623/1237/128
f 1611/1238/103 1610/1239/103 1612/1240/103
f 1611/1238/103 1612/1240/103 1613/1241/103
f 1611/1238/103 1613/1241/103 1614/1242/103
f 1611/1238/103 1614/1242/103 1615/1243/103
f 1611/1238/103 1615/1243/103 1616/1244/103
f 1611/1238/103 1616/1244/103 1609/1245/103
f 1632/1229/115 1626/1228/115 1634/1224/115
f 1632/1229/115 1634/1224/115 1642/1223/115
f 1626/1228/112 1629/1227/112 1643/1220/112
f 1626/1228/112 1643/1220/112 1634/1219/112
f 1630/1190/116 1625/1189/116 1633/1214/116
f 1630/1190/116 1633/1214/116 1644/1213/116
f 1627/1182/109 1632/1181/109 1642/1196/109
f 1627/1182/109 1642/1196/109 1637/1195/109
f 1625/1189/111 1631/1188/111 1641/1203/111
f 1625/1189/111 1641/1203/111 1633/1202/111
f 1628/1200/110 1630/1199/110 1644/1231/110
f 1628/1200/110 1644/1231/110 1638/1230/110
f 1629/1201/113 1628/1200/113 1638/1235/113
f 1629/1201/113 1638/1235/113 1643/1234/113
f 1538/1058/153 1530/1246/153 1531/1247/153
f 1538/1058/153 1531/1247/153 1549/1057/153
f 1529/1248/154 1545/1054/154 1538/1053/154
f 1529/1248/154 1538/1053/154 1530/1249/154
f 1536/1250/155 1537/1055/155 1545/1054/155
f 1536/1250/155 1545/1054/155 1529/1248/155
f 1537/1055/156 1536/1250/156 1534/1251/156
f 1537/1055/156 1534/1251/156 1550/1059/156
f 1550/1059/157 1534/1251/157 1535/1252/157
f 1550/1059/157 1535/1252/157 1540/1060/157
f 1540/1060/158 1535/1252/158 1533/1253/158
f 1540/1060/158 1533/1253/158 1546/1063/158
f 1546/1063/159 1533/1253/159 1532/1254/159
f 1546/1063/159 1532/1254/159 1539/1056/159
f 1531/1247/160 1549/1057/160 1539/1056/160
f 1531/1247/160 1539/1056/160 1532/1254/160
f 1652/1255/126 1584/1256/126 1598/1257/126
f 1652/1255/126 1598/1257/126 1600/1258/126
f 1594/1259/132 1593/1122/132 1601/1125/132
f 1594/1259/132 1601/1125/132 1602/1260/132
f 1586/1140/114 1590/1139/114 1580/1151/114
f 1586/1140/114 1580/1151/114 1649/1150/114
f 1583/1261/120 1651/1262/120 1594/1263/120
f 1583/1261/120 1594/1263/120 1595/1264/120
f 1650/1265/124 1583/1266/124 1595/1267/124
f 1650/1265/124 1595/1267/124 1596/1268/124
f 1654/1108/105 1581/1107/105 1655/1154/105
f 1654/1108/105 1655/1154/105 1588/1269/105
f 1654/1108/105 1588/1269/105 1591/1270/105
f 1654/1108/105 1591/1270/105 1585/1271/105
f 1579/1272/129 1652/1273/129 1600/1274/129
f 1579/1272/129 1600/1274/129 1593/1275/129
f 1595/1148/122 1594/1276/122 1602/1277/122
f 1595/1148/122 1602/1277/122 1603/1149/122
f 1651/1278/128 1579/1279/128 1593/1280/128
f 1651/1278/128 1593/1280/128 1594/1281/128
f 1606/1282/103 1607/1283/103 1605/1284/103
f 1606/1282/103 1605/1284/103 1604/1285/103
f 1606/1282/103 1604/1285/103 1603/1286/103
f 1606/1282/103 1603/1286/103 1602/1260/103
f 1606/1282/103 1602/1260/103 1601/1125/103
f 1606/1282/103 1601/1125/103 1608/1287/103
f 1585/1271/115 1591/1270/115 1583/1266/115
f 1585/1271/115 1583/1266/115 1650/1265/115
f 1591/1270/112 1588/1269/112 1651/1262/112
f 1591/1270/112 1651/1262/112 1583/1261/112
f 1587/1158/116 1592/1157/116 1584/1256/116
f 1587/1158/116 1584/1256/116 1652/1255/116
f 1590/1139/109 1585/1138/109 1650/1160/109
f 1590/1139/109 1650/1160/109 1580/1159/109
f 1592/1157/111 1586/1156/111 1649/1129/111
f 1592/1157/111 1649/1129/111 1584/1128/111
f 1589/1114/110 1587/1113/110 1652/1273/110
f 1589/1114/110 1652/1273/110 1579/1272/110
f 1588/1115/113 1589/1114/113 1579/1279/113
f 1588/1115/113 1579/1279/113 1651/1278/113
f 1665/861/161 1666/862/161 1660/863/161
f 1665/861/161 1660/863/161 1659/864/161
f 1669/865/162 1670/866/162 1664/867/162
f 1669/865/162 1664/867/162 1663/868/162
f 1677/869/163 1675/870/163 1662/871/163
f 1677/869/163 1662/871/163 1661/872/163
f 1682/873/164 1680/874/164 1658/875/164
f 1682/873/164 1658/875/164 1657/876/164
f 1684/877/103 1676/878/103 1658/879/103
f 1684/877/103 1658/879/103 1680/880/103
f 1681/881/103 1660/863/103 1666/862/103
f 1681/881/103 1666/862/103 1683/882/103
f 1663/868/163 1664/883/163 1668/884/163
f 1663/868/163 1668/884/163 1667/885/163
f 1709/886/103 1676/878/103 1684/877/103
f 1709/886/103 1684/877/103 1714/887/103
f 1709/886/103 1714/887/103 1683/882/103
f 1709/886/103 1683/882/103 1666/862/103
f 1664/888/103 1670/889/103 1673/890/103
f 1664/888/103 1673/890/103 1668/891/103
f 1675/892/103 1678/893/103 1672/894/103
f 1675/892/103 1672/894/103 1662/895/103
f 1661/872/164 1662/896/164 1672/897/164
f 1661/872/164 1672/897/164 1671/898/164
f 1701/899/162 1697/900/162 1670/866/162
f 1701/899/162 1670/866/162 1669/865/162
f 1657/876/161 1658/879/161 1676/878/161
f 1657/876/161 1676/878/161 1674/901/161
f 1714/887/165 1684/877/165 1688/902/165
f 1714/887/165 1688/902/165 1716/903/165
f 1714/887/165 1716/903/165 1685/904/165
f 1714/887/165 1685/904/165 1683/882/165
f 1677/869/105 1661/872/105 1671/898/105
f 1677/869/105 1671/898/105 1698/905/105
f 1677/869/105 1698/905/105 1682/873/105
f 1677/869/105 1682/873/105 1657/876/105
f 1677/869/105 1657/876/105 1674/901/105
f 1677/869/105 1674/901/105 1711/906/105
f 1677/869/105 1711/906/105 1665/861/105
f 1677/869/105 1665/861/105 1659/864/105
f 1677/869/105 1659/864/105 1679/907/105
f 1677/869/105 1679/907/105 1701/899/105
f 1677/869/105 1701/899/105 1669/865/105
f 1677/869/105 1669/865/105 1663/868/105
f 1677/869/105 1663/868/105 1667/885/105
f 1677/869/105 1667/885/105 1710/908/105
f 1713/909/103 1678/893/103 1675/892/103
f 1713/909/103 1675/892/103 1712/910/103
f 1713/909/103 1712/910/103 1668/891/103
f 1713/909/103 1668/891/103 1673/890/103
f 1659/864/162 1660/911/162 1681/912/162
f 1659/864/162 1681/912/162 1679/907/162
f 1709/886/161 1666/862/161 1665/861/161
f 1709/886/161 1665/861/161 1711/906/161
f 1709/886/161 1711/906/161 1674/901/161
f 1709/886/161 1674/901/161 1676/878/161
f 1697/913/103 1681/881/103 1683/882/103
f 1697/913/103 1683/882/103 1699/914/103
f 1700/915/103 1684/877/103 1680/880/103
f 1700/915/103 1680/880/103 1702/916/103
f 1698/905/164 1702/917/164 1680/874/164
f 1698/905/164 1680/874/164 1682/873/164
f 1716/918/161 1688/919/161 1692/920/161
f 1716/918/161 1692/920/161 1718/921/161
f 1716/918/161 1718/921/161 1689/922/161
f 1716/918/161 1689/922/161 1685/923/161
f 1700/915/166 1678/893/166 1687/924/166
f 1700/915/166 1687/924/166 1704/925/166
f 1713/909/167 1673/890/167 1686/926/167
f 1713/909/167 1686/926/167 1715/927/167
f 1713/909/167 1715/927/167 1687/924/167
f 1713/909/167 1687/924/167 1678/893/167
f 1699/914/168 1683/882/168 1685/904/168
f 1699/914/168 1685/904/168 1703/928/168
f 1726/929/169 1721/930/169 1695/931/169
f 1726/929/169 1695/931/169 1708/932/169
f 1712/933/163 1675/870/163 1677/869/163
f 1712/933/163 1677/869/163 1710/908/163
f 1712/933/163 1710/908/163 1667/885/163
f 1712/933/163 1667/885/163 1668/884/163
f 1703/934/162 1685/935/162 1689/936/162
f 1703/934/162 1689/936/162 1705/937/162
f 1703/934/162 1705/937/162 1690/938/162
f 1703/934/162 1690/938/162 1686/939/162
f 1704/940/164 1687/941/164 1691/942/164
f 1704/940/164 1691/942/164 1706/943/164
f 1704/940/164 1706/943/164 1692/920/164
f 1704/940/164 1692/920/164 1688/919/164
f 1725/944/170 1723/945/170 1693/946/170
f 1725/944/170 1693/946/170 1707/947/170
f 1728/948/171 1722/949/171 1696/950/171
f 1728/948/171 1696/950/171 1720/951/171
f 1727/952/172 1724/953/172 1694/954/172
f 1727/952/172 1694/954/172 1719/955/172
f 1724/956/173 1725/944/173 1707/957/173
f 1724/956/173 1707/957/173 1694/958/173
f 1722/959/174 1726/929/174 1708/960/174
f 1722/959/174 1708/960/174 1696/961/174
f 1673/890/168 1699/914/168 1703/928/168
f 1673/890/168 1703/928/168 1686/926/168
f 1684/877/166 1700/915/166 1704/925/166
f 1684/877/166 1704/925/166 1688/902/166
f 1671/898/164 1672/897/164 1702/917/164
f 1671/898/164 1702/917/164 1698/905/164
f 1678/893/103 1700/915/103 1702/916/103
f 1678/893/103 1702/916/103 1672/894/103
f 1670/889/103 1697/913/103 1699/914/103
f 1670/889/103 1699/914/103 1673/890/103
f 1679/907/162 1681/912/162 1697/900/162
f 1679/907/162 1697/900/162 1701/899/162
f 1721/962/175 1727/952/175 1719/963/175
f 1721/962/175 1719/963/175 1695/964/175
f 1723/965/176 1728/948/176 1720/966/176
f 1723/965/176 1720/966/176 1693/967/176
f 1715/968/163 1686/939/163 1690/938/163
f 1715/968/163 1690/938/163 1717/969/163
f 1715/968/163 1717/969/163 1691/942/163
f 1715/968/163 1691/942/163 1687/941/163
f 1690/970/177 1705/971/177 1689/972/177
f 1690/970/177 1689/972/177 1723/945/177
f 1690/970/177 1723/945/177 1725/944/177
f 1690/970/177 1725/944/177 1724/956/177
f 1691/973/178 1717/974/178 1690/975/178
f 1691/973/178 1690/975/178 1724/953/178
f 1691/973/178 1724/953/178 1727/952/178
f 1691/973/178 1727/952/178 1721/962/178
f 1689/976/179 1718/977/179 1692/978/179
f 1689/976/179 1692/978/179 1722/949/179
f 1689/976/179 1722/949/179 1728/948/179
f 1689/976/179 1728/948/179 1723/965/179
f 1719/955/180 1694/954/180 1730/979/180
f 1719/955/180 1730/979/180 1731/980/180
f 1692/981/181 1706/982/181 1691/983/181
f 1692/981/181 1691/983/181 1721/930/181
f 1692/981/181 1721/930/181 1726/929/181
f 1692/981/181 1726/929/181 1722/959/181
f 1731/984/182 1730/985/182 1738/986/182
f 1731/984/182 1738/986/182 1739/987/182
f 1720/951/183 1696/950/183 1735/988/183
f 1720/951/183 1735/988/183 1734/989/183
f 1695/964/184 1719/963/184 1731/990/184
f 1695/964/184 1731/990/184 1732/991/184
f 1696/961/185 1708/960/185 1733/992/185
f 1696/961/185 1733/992/185 1735/993/185
f 1693/967/186 1720/966/186 1734/994/186
f 1693/967/186 1734/994/186 1736/995/186
f 1708/932/187 1695/931/187 1732/996/187
f 1708/932/187 1732/996/187 1733/997/187
f 1694/958/188 1707/957/188 1729/998/188
f 1694/958/188 1729/998/188 1730/999/188
f 1707/947/189 1693/946/189 1736/1000/189
f 1707/947/189 1736/1000/189 1729/1001/189
f 1742/1002/103 1743/1003/103 1741/1004/103
f 1742/1002/103 1741/1004/103 1740/1005/103
f 1742/1002/103 1740/1005/103 1739/1006/103
f 1742/1002/103 1739/1006/103 1738/1007/103
f 1742/1002/103 1738/1007/103 1737/1008/103
f 1742/1002/103 1737/1008/103 1744/1009/103
f 1729/1010/190 1736/1011/190 1744/1012/190
f 1729/1010/190 1744/1012/190 1737/1013/190
f 1733/1014/191 1732/1015/191 1740/1016/191
f 1733/1014/191 1740/1016/191 1741/1017/191
f 1730/1018/192 1729/1010/192 1737/1013/192
f 1730/1018/192 1737/1013/192 1738/1019/192
f 1736/1011/193 1734/1020/193 1742/1021/193
f 1736/1011/193 1742/1021/193 1744/1012/193
f 1735/1022/194 1733/1014/194 1741/1017/194
f 1735/1022/194 1741/1017/194 1743/1023/194
f 1734/1020/195 1735/1024/195 1743/1025/195
f 1734/1020/195 1743/1025/195 1742/1021/195
f 1732/1015/196 1731/984/196 1739/987/196
f 1732/1015/196 1739/987/196 1740/1016/196
f 1766/1026/169 1761/1027/169 1751/1028/169
f 1766/1026/169 1751/1028/169 1756/1029/169
f 1765/1030/170 1763/1031/170 1749/1032/170
f 1765/1030/170 1749/1032/170 1755/1033/170
f 1768/1034/171 1762/1035/171 1752/1036/171
f 1768/1034/171 1752/1036/171 1760/1037/171
f 1767/1038/172 1764/1039/172 1750/1040/172
f 1767/1038/172 1750/1040/172 1759/1041/172
f 1764/1042/173 1765/1030/173 1755/1043/173
f 1764/1042/173 1755/1043/173 1750/1044/173
f 1762/1045/174 1766/1026/174 1756/1046/174
f 1762/1045/174 1756/1046/174 1752/1047/174
f 1761/1048/175 1767/1038/175 1759/1049/175
f 1761/1048/175 1759/1049/175 1751/1050/175
f 1763/1031/176 1768/1034/176 1760/1051/176
f 1763/1031/176 1760/1051/176 1749/1052/176
f 1746/1053/105 1753/1054/105 1745/1055/105
f 1746/1053/105 1745/1055/105 1763/1031/105
f 1746/1053/105 1763/1031/105 1765/1030/105
f 1746/1053/105 1765/1030/105 1764/1042/105
f 1747/1056/105 1757/1057/105 1746/1058/105
f 1747/1056/105 1746/1058/105 1764/1039/105
f 1747/1056/105 1764/1039/105 1767/1038/105
f 1747/1056/105 1767/1038/105 1761/1048/105
f 1745/1055/105 1758/1059/105 1748/1060/105
f 1745/1055/105 1748/1060/105 1762/1035/105
f 1745/1055/105 1762/1035/105 1768/1034/105
f 1745/1055/105 1768/1034/105 1763/1031/105
f 1759/1041/180 1750/1040/180 1770/1061/180
f 1759/1041/180 1770/1061/180 1771/1062/180
f 1748/1060/105 1754/1063/105 1747/1056/105
f 1748/1060/105 1747/1056/105 1761/1027/105
f 1748/1060/105 1761/1027/105 1766/1026/105
f 1748/1060/105 1766/1026/105 1762/1045/105
f 1771/1064/182 1770/1065/182 1778/1066/182
f 1771/1064/182 1778/1066/182 1779/1067/182
f 1760/1037/183 1752/1036/183 1775/1068/183
f 1760/1037/183 1775/1068/183 1774/1069/183
f 1751/1050/184 1759/1049/184 1771/1070/184
f 1751/1050/184 1771/1070/184 1772/1071/184
f 1752/1047/185 1756/1046/185 1773/1072/185
f 1752/1047/185 1773/1072/185 1775/1073/185
f 1749/1052/186 1760/1051/186 1774/1074/186
f 1749/1052/186 1774/1074/186 1776/1075/186
f 1756/1029/187 1751/1028/187 1772/1076/187
f 1756/1029/187 1772/1076/187 1773/1077/187
f 1750/1044/188 1755/1043/188 1769/1078/188
f 1750/1044/188 1769/1078/188 1770/1079/188
f 1755/1033/189 1749/1032/189 1776/1080/189
f 1755/1033/189 1776/1080/189 1769/1081/189
f 1782/1082/103 1783/1083/103 1781/1084/103
f 1782/1082/103 1781/1084/103 1780/1085/103
f 1782/1082/103 1780/1085/103 1779/1086/103
f 1782/1082/103 1779/1086/103 1778/1087/103
f 1782/1082/103 1778/1087/103 1777/1088/103
f 1782/1082/103 1777/1088/103 1784/1089/103
f 1769/1090/190 1776/1091/190 1784/1092/190
f 1769/1090/190 1784/1092/190 1777/1093/190
f 1773/1094/191 1772/1095/191 1780/1096/191
f 1773/1094/191 1780/1096/191 1781/1097/191
f 1770/1098/192 1769/1090/192 1777/1093/192
f 1770/1098/192 1777/1093/192 1778/1099/192
f 1776/1091/193 1774/1100/193 1782/1101/193
f 1776/1091/193 1782/1101/193 1784/1092/193
f 1775/1102/194 1773/1094/194 1781/1097/194
f 1775/1102/194 1781/1097/194 1783/1103/194
f 1774/1100/195 1775/1104/195 1783/1105/195
f 1774/1100/195 1783/1105/195 1782/1101/195
f 1772/1095/196 1771/1064/196 1779/1067/196
f 1772/1095/196 1779/1067/196 1780/1096/196
f 1822/1106/197 1789/1107/197 1862/1108/197
f 1822/1106/197 1862/1108/197 1821/1109/197
f 1863/1110/105 1785/1111/105 1864/1112/105
f 1863/1110/105 1864/1112/105 1795/1113/105
f 1863/1110/105 1795/1113/105 1797/1114/105
f 1863/1110/105 1797/1114/105 1796/1115/105
f 1786/1116/198 1820/1117/198 1821/1109/198
f 1786/1116/198 1821/1109/198 1862/1108/198
f 1790/1118/199 1819/1119/199 1818/1120/199
f 1790/1118/199 1818/1120/199 1861/1121/199
f 1801/1122/190 1808/1123/190 1816/1124/190
f 1801/1122/190 1816/1124/190 1809/1125/190
f 1861/1121/200 1818/1120/200 1820/1117/200
f 1861/1121/200 1820/1117/200 1786/1116/200
f 1817/1126/201 1864/1112/201 1785/1111/201
f 1817/1126/201 1785/1111/201 1824/1127/201
f 1792/1128/183 1857/1129/183 1807/1130/183
f 1792/1128/183 1807/1130/183 1806/1131/183
f 1807/1132/194 1805/1133/194 1813/1134/194
f 1807/1132/194 1813/1134/194 1815/1135/194
f 1806/1136/195 1807/1132/195 1815/1135/195
f 1806/1136/195 1815/1135/195 1814/1137/195
f 1808/1123/193 1806/1136/193 1814/1137/193
f 1808/1123/193 1814/1137/193 1816/1124/193
f 1861/1121/105 1786/1116/105 1862/1108/105
f 1861/1121/105 1862/1108/105 1793/1138/105
f 1861/1121/105 1793/1138/105 1798/1139/105
f 1861/1121/105 1798/1139/105 1794/1140/105
f 1805/1133/191 1804/1141/191 1812/1142/191
f 1805/1133/191 1812/1142/191 1813/1134/191
f 1853/1143/202 1783/1144/202 1781/1145/202
f 1853/1143/202 1781/1145/202 1847/1146/202
f 1864/1112/203 1817/1126/203 1819/1119/203
f 1864/1112/203 1819/1119/203 1790/1118/203
f 1824/1127/204 1785/1111/204 1863/1110/204
f 1824/1127/204 1863/1110/204 1823/1147/204
f 1804/1141/196 1803/1148/196 1811/1149/196
f 1804/1141/196 1811/1149/196 1812/1142/196
f 1857/1150/185 1788/1151/185 1805/1152/185
f 1857/1150/185 1805/1152/185 1807/1153/185
f 1863/1154/205 1823/1155/205 1822/1106/205
f 1863/1154/205 1822/1106/205 1789/1107/205
f 1864/1112/105 1790/1118/105 1861/1121/105
f 1864/1112/105 1861/1121/105 1794/1156/105
f 1864/1112/105 1794/1156/105 1800/1157/105
f 1864/1112/105 1800/1157/105 1795/1158/105
f 1788/1159/187 1858/1160/187 1804/1161/187
f 1788/1159/187 1804/1161/187 1805/1162/187
f 1829/1163/196 1830/1164/196 1822/1165/196
f 1829/1163/196 1822/1165/196 1821/1166/196
f 1847/1146/206 1781/1145/206 1780/1167/206
f 1847/1146/206 1780/1167/206 1854/1168/206
f 1856/1169/207 1784/1170/207 1782/1171/207
f 1856/1169/207 1782/1171/207 1843/1172/207
f 1779/1173/208 1844/1174/208 1854/1168/208
f 1779/1173/208 1854/1168/208 1780/1167/208
f 1855/1175/209 1778/1176/209 1779/1173/209
f 1855/1175/209 1779/1173/209 1844/1174/209
f 1784/1170/210 1856/1169/210 1848/1177/210
f 1784/1170/210 1848/1177/210 1777/1178/210
f 1777/1178/211 1848/1177/211 1855/1179/211
f 1777/1178/211 1855/1179/211 1778/1180/211
f 1843/1172/212 1782/1171/212 1783/1144/212
f 1843/1172/212 1783/1144/212 1853/1143/212
f 1853/1143/105 1847/1146/105 1854/1168/105
f 1853/1143/105 1854/1168/105 1840/1181/105
f 1853/1143/105 1840/1181/105 1835/1182/105
f 1853/1143/105 1835/1182/105 1839/1183/105
f 1832/1184/190 1825/1185/190 1817/1186/190
f 1832/1184/190 1817/1186/190 1824/1187/190
f 1856/1169/105 1843/1172/105 1853/1143/105
f 1856/1169/105 1853/1143/105 1839/1188/105
f 1856/1169/105 1839/1188/105 1833/1189/105
f 1856/1169/105 1833/1189/105 1838/1190/105
f 1849/1191/185 1845/1192/185 1828/1193/185
f 1849/1191/185 1828/1193/185 1826/1194/185
f 1845/1195/187 1850/1196/187 1829/1197/187
f 1845/1195/187 1829/1197/187 1828/1198/187
f 1855/1179/105 1848/1177/105 1856/1169/105
f 1855/1179/105 1856/1169/105 1838/1199/105
f 1855/1179/105 1838/1199/105 1836/1200/105
f 1855/1179/105 1836/1200/105 1837/1201/105
f 1841/1202/183 1849/1203/183 1826/1204/183
f 1841/1202/183 1826/1204/183 1827/1205/183
f 1828/1206/191 1829/1163/191 1821/1166/191
f 1828/1206/191 1821/1166/191 1820/1207/191
f 1827/1208/195 1826/1209/195 1818/1210/195
f 1827/1208/195 1818/1210/195 1819/1211/195
f 1825/1185/193 1827/1208/193 1819/1211/193
f 1825/1185/193 1819/1211/193 1817/1186/193
f 1826/1212/194 1828/1206/194 1820/1207/194
f 1826/1212/194 1820/1207/194 1818/1018/194
f 1852/1213/186 1841/1214/186 1827/1215/186
f 1852/1213/186 1827/1215/186 1825/1216/186
f 1831/1217/192 1832/1184/192 1824/1187/192
f 1831/1217/192 1824/1187/192 1823/1218/192
f 1839/1183/174 1835/1182/174 1845/1192/174
f 1839/1183/174 1845/1192/174 1849/1191/174
f 1842/1219/180 1851/1220/180 1831/1221/180
f 1842/1219/180 1831/1221/180 1830/1222/180
f 1850/1223/184 1842/1224/184 1830/1225/184
f 1850/1223/184 1830/1225/184 1829/1226/184
f 1854/1168/105 1844/1174/105 1855/1175/105
f 1854/1168/105 1855/1175/105 1837/1227/105
f 1854/1168/105 1837/1227/105 1834/1228/105
f 1854/1168/105 1834/1228/105 1840/1229/105
f 1846/1230/189 1852/1231/189 1825/1232/189
f 1846/1230/189 1825/1232/189 1832/1233/189
f 1830/1164/182 1831/1098/182 1823/1024/182
f 1830/1164/182 1823/1024/182 1822/1165/182
f 1851/1234/188 1846/1235/188 1832/1236/188
f 1851/1234/188 1832/1236/188 1831/1237/188
f 1819/1238/103 1818/1239/103 1820/1240/103
f 1819/1238/103 1820/1240/103 1821/1241/103
f 1819/1238/103 1821/1241/103 1822/1242/103
f 1819/1238/103 1822/1242/103 1823/1243/103
f 1819/1238/103 1823/1243/103 1824/1244/103
f 1819/1238/103 1824/1244/103 1817/1245/103
f 1840/1229/175 1834/1228/175 1842/1224/175
f 1840/1229/175 1842/1224/175 1850/1223/175
f 1834/1228/172 1837/1227/172 1851/1220/172
f 1834/1228/172 1851/1220/172 1842/1219/172
f 1838/1190/176 1833/1189/176 1841/1214/176
f 1838/1190/176 1841/1214/176 1852/1213/176
f 1835/1182/169 1840/1181/169 1850/1196/169
f 1835/1182/169 1850/1196/169 1845/1195/169
f 1833/1189/171 1839/1188/171 1849/1203/171
f 1833/1189/171 1849/1203/171 1841/1202/171
f 1836/1200/170 1838/1199/170 1852/1231/170
f 1836/1200/170 1852/1231/170 1846/1230/170
f 1837/1201/173 1836/1200/173 1846/1235/173
f 1837/1201/173 1846/1235/173 1851/1234/173
f 1746/1058/213 1738/1246/213 1739/1247/213
f 1746/1058/213 1739/1247/213 1757/1057/213
f 1737/1248/214 1753/1054/214 1746/1053/214
f 1737/1248/214 1746/1053/214 1738/1249/214
f 1744/1250/215 1745/1055/215 1753/1054/215
f 1744/1250/215 1753/1054/215 1737/1248/215
f 1745/1055/216 1744/1250/216 1742/1251/216
f 1745/1055/216 1742/1251/216 1758/1059/216
f 1758/1059/217 1742/1251/217 1743/1252/217
f 1758/1059/217 1743/1252/217 1748/1060/217
f 1748/1060/218 1743/1252/218 1741/1253/218
f 1748/1060/218 1741/1253/218 1754/1063/218
f 1754/1063/219 1741/1253/219 1740/1254/219
f 1754/1063/219 1740/1254/219 1747/1056/219
f 1739/1247/220 1757/1057/220 1747/1056/220
f 1739/1247/220 1747/1056/220 1740/1254/220
f 1860/1255/186 1792/1256/186 1806/1257/186
f 1860/1255/186 1806/1257/186 1808/1258/186
f 1802/1259/192 1801/1122/192 1809/1125/192
f 1802/1259/192 1809/1125/192 1810/1260/192
f 1794/1140/174 1798/1139/174 1788/1151/174
f 1794/1140/174 1788/1151/174 1857/1150/174
f 1791/1261/180 1859/1262/180 1802/1263/180
f 1791/1261/180 1802/1263/180 1803/1264/180
f 1858/1265/184 1791/1266/184 1803/1267/184
f 1858/1265/184 1803/1267/184 1804/1268/184
f 1862/1108/105 1789/1107/105 1863/1154/105
f 1862/1108/105 1863/1154/105 1796/1269/105
f 1862/1108/105 1796/1269/105 1799/1270/105
f 1862/1108/105 1799/1270/105 1793/1271/105
f 1787/1272/189 1860/1273/189 1808/1274/189
f 1787/1272/189 1808/1274/189 1801/1275/189
f 1803/1148/182 1802/1276/182 1810/1277/182
f 1803/1148/182 1810/1277/182 1811/1149/182
f 1859/1278/188 1787/1279/188 1801/1280/188
f 1859/1278/188 1801/1280/188 1802/1281/188
f 1814/1282/103 1815/1283/103 1813/1284/103
f 1814/1282/103 1813/1284/103 1812/1285/103
f 1814/1282/103 1812/1285/103 1811/1286/103
f 1814/1282/103 1811/1286/103 1810/1260/103
f 1814/1282/103 1810/1260/103 1809/1125/103
f 1814/1282/103 1809/1125/103 1816/1287/103
f 1793/1271/175 1799/1270/175 1791/1266/175
f 1793/1271/175 1791/1266/175 1858/1265/175
f 1799/1270/172 1796/1269/172 1859/1262/172
f 1799/1270/172 1859/1262/172 1791/1261/172
f 1795/1158/176 1800/1157/176 1792/1256/176
f 1795/1158/176 1792/1256/176 1860/1255/176
f 1798/1139/169 1793/1138/169 1858/1160/169
f 1798/1139/169 1858/1160/169 1788/1159/169
f 1800/1157/171 1794/1156/171 1857/1129/171
f 1800/1157/171 1857/1129/171 1792/1128/171
f 1797/1114/170 1795/1113/170 1860/1273/170
f 1797/1114/170 1860/1273/170 1787/1272/170
f 1796/1115/173 1797/1114/173 1787/1279/173
f 1796/1115/173 1787/1279/173 1859/1278/173
f 1873/861/221 1874/862/221 1868/863/221
f 1873/861/221 1868/863/221 1867/864/221
f 1877/865/222 1878/866/222 1872/867/222
f 1877/865/222 1872/867/222 1871/868/222
f 1885/869/223 1883/870/223 1870/871/223
f 1885/869/223 1870/871/223 1869/872/223
f 1890/873/224 1888/874/224 1866/875/224
f 1890/873/224 1866/875/224 1865/876/224
f 1892/877/103 1884/878/103 1866/879/103
f 1892/877/103 1866/879/103 1888/880/103
f 1889/881/103 1868/863/103 1874/862/103
f 1889/881/103 1874/862/103 1891/882/103
f 1871/868/223 1872/883/223 1876/884/223
f 1871/868/223 1876/884/223 1875/885/223
f 1917/886/103 1884/878/103 1892/877/103
f 1917/886/103 1892/877/103 1922/887/103
f 1917/886/103 1922/887/103 1891/882/103
f 1917/886/103 1891/882/103 1874/862/103
f 1872/888/103 1878/889/103 1881/890/103
f 1872/888/103 1881/890/103 1876/891/103
f 1883/892/103 1886/893/103 1880/894/103
f 1883/892/103 1880/894/103 1870/895/103
f 1869/872/224 1870/896/224 1880/897/224
f 1869/872/224 1880/897/224 1879/898/224
f 1909/899/222 1905/900/222 1878/866/222
f 1909/899/222 1878/866/222 1877/865/222
f 1865/876/221 1866/879/221 1884/878/221
f 1865/876/221 1884/878/221 1882/901/221
f 1922/887/225 1892/877/225 1896/902/225
f 1922/887/225 1896/902/225 1924/903/225
f 1922/887/225 1924/903/225 1893/904/225
f 1922/887/225 1893/904/225 1891/882/225
f 1885/869/105 1869/872/105 1879/898/105
f 1885/869/105 1879/898/105 1906/905/105
f 1885/869/105 1906/905/105 1890/873/105
f 1885/869/105 1890/873/105 1865/876/105
f 1885/869/105 1865/876/105 1882/901/105
f 1885/869/105 1882/901/105 1919/906/105
f 1885/869/105 1919/906/105 1873/861/105
f 1885/869/105 1873/861/105 1867/864/105
f 1885/869/105 1867/864/105 1887/907/105
f 1885/869/105 1887/907/105 1909/899/105
f 1885/869/105 1909/899/105 1877/865/105
f 1885/869/105 1877/865/105 1871/868/105
f 1885/869/105 1871/868/105 1875/885/105
f 1885/869/105 1875/885/105 1918/908/105
f 1921/909/103 1886/893/103 1883/892/103
f 1921/909/103 1883/892/103 1920/910/103
f 1921/909/103 1920/910/103 1876/891/103
f 1921/909/103 1876/891/103 1881/890/103
f 1867/864/222 1868/911/222 1889/912/222
f 1867/864/222 1889/912/222 1887/907/222
f 1917/886/221 1874/862/221 1873/861/221
f 1917/886/221 1873/861/221 1919/906/221
f 1917/886/221 1919/906/221 1882/901/221
f 1917/886/221 1882/901/221 1884/878/221
f 1905/913/103 1889/881/103 1891/882/103
f 1905/913/103 1891/882/103 1907/914/103
f 1908/915/103 1892/877/103 1888/880/103
f 1908/915/103 1888/880/103 1910/916/103
f 1906/905/224 1910/917/224 1888/874/224
f 1906/905/224 1888/874/224 1890/873/224
f 1924/918/221 1896/919/221 1900/920/221
f 1924/918/221 1900/920/221 1926/921/221
f 1924/918/221 1926/921/221 1897/922/221
f 1924/918/221 1897/922/221 1893/923/221
f 1908/915/226 1886/893/226 1895/924/226
f 1908/915/226 1895/924/226 1912/925/226
f 1921/909/227 1881/890/227 1894/926/227
f 1921/909/227 1894/926/227 1923/927/227
f 1921/909/227 1923/927/227 1895/924/227
f 1921/909/227 1895/924/227 1886/893/227
f 1907/914/228 1891/882/228 1893/904/228
f 1907/914/228 1893/904/228 1911/928/228
f 1934/929/229 1929/930/229 1903/931/229
f 1934/929/229 1903/931/229 1916/932/229
f 1920/933/223 1883/870/223 1885/869/223
f 1920/933/223 1885/869/223 1918/908/223
f 1920/933/223 1918/908/223 1875/885/223
f 1920/933/223 1875/885/223 1876/884/223
f 1911/934/222 1893/935/222 1897/936/222
f 1911/934/222 1897/936/222 1913/937/222
f 1911/934/222 1913/937/222 1898/938/222
f 1911/934/222 1898/938/222 1894/939/222
f 1912/940/224 1895/941/224 1899/942/224
f 1912/940/224 1899/942/224 1914/943/224
f 1912/940/224 1914/943/224 1900/920/224
f 1912/940/224 1900/920/224 1896/919/224
f 1933/944/230 1931/945/230 1901/946/230
f 1933/944/230 1901/946/230 1915/947/230
f 1936/948/231 1930/949/231 1904/950/231
f 1936/948/231 1904/950/231 1928/951/231
f 1935/952/232 1932/953/232 1902/954/232
f 1935/952/232 1902/954/232 1927/955/232
f 1932/956/233 1933/944/233 1915/957/233
f 1932/956/233 1915/957/233 1902/958/233
f 1930/959/234 1934/929/234 1916/960/234
f 1930/959/234 1916/960/234 1904/961/234
f 1881/890/228 1907/914/228 1911/928/228
f 1881/890/228 1911/928/228 1894/926/228
f 1892/877/226 1908/915/226 1912/925/226
f 1892/877/226 1912/925/226 1896/902/226
f 1879/898/224 1880/897/224 1910/917/224
f 1879/898/224 1910/917/224 1906/905/224
f 1886/893/103 1908/915/103 1910/916/103
f 1886/893/103 1910/916/103 1880/894/103
f 1878/889/103 1905/913/103 1907/914/103
f 1878/889/103 1907/914/103 1881/890/103
f 1887/907/222 1889/912/222 1905/900/222
f 1887/907/222 1905/900/222 1909/899/222
f 1929/962/235 1935/952/235 1927/963/235
f 1929/962/235 1927/963/235 1903/964/235
f 1931/965/236 1936/948/236 1928/966/236
f 1931/965/236 1928/966/236 1901/967/236
f 1923/968/223 1894/939/223 1898/938/223
f 1923/968/223 1898/938/223 1925/969/223
f 1923/968/223 1925/969/223 1899/942/223
f 1923/968/223 1899/942/223 1895/941/223
f 1898/970/237 1913/971/237 1897/972/237
f 1898/970/237 1897/972/237 1931/945/237
f 1898/970/237 1931/945/237 1933/944/237
f 1898/970/237 1933/944/237 1932/956/237
f 1899/973/238 1925/974/238 1898/975/238
f 1899/973/238 1898/975/238 1932/953/238
f 1899/973/238 1932/953/238 1935/952/238
f 1899/973/238 1935/952/238 1929/962/238
f 1897/976/239 1926/977/239 1900/978/239
f 1897/976/239 1900/978/239 1930/949/239
f 1897/976/239 1930/949/239 1936/948/239
f 1897/976/239 1936/948/239 1931/965/239
f 1927/955/240 1902/954/240 1938/979/240
f 1927/955/240 1938/979/240 1939/980/240
f 1900/981/241 1914/982/241 1899/983/241
f 1900/981/241 1899/983/241 1929/930/241
f 1900/981/241 1929/930/241 1934/929/241
f 1900/981/241 1934/929/241 1930/959/241
f 1939/984/242 1938/985/242 1946/986/242
f 1939/984/242 1946/986/242 1947/987/242
f 1928/951/243 1904/950/243 1943/988/243
f 1928/951/243 1943/988/243 1942/989/243
f 1903/964/244 1927/963/244 1939/990/244
f 1903/964/244 1939/990/244 1940/991/244
f 1904/961/245 1916/960/245 1941/992/245
f 1904/961/245 1941/992/245 1943/993/245
f 1901/967/246 1928/966/246 1942/994/246
f 1901/967/246 1942/994/246 1944/995/246
f 1916/932/247 1903/931/247 1940/996/247
f 1916/932/247 1940/996/247 1941/997/247
f 1902/958/248 1915/957/248 1937/998/248
f 1902/958/248 1937/998/248 1938/999/248
f 1915/947/249 1901/946/249 1944/1000/249
f 1915/947/249 1944/1000/249 1937/1001/249
f 1950/1002/103 1951/1003/103 1949/1004/103
f 1950/1002/103 1949/1004/103 1948/1005/103
f 1950/1002/103 1948/1005/103 1947/1006/103
f 1950/1002/103 1947/1006/103 1946/1007/103
f 1950/1002/103 1946/1007/103 1945/1008/103
f 1950/1002/103 1945/1008/103 1952/1009/103
f 1937/1010/250 1944/1011/250 1952/1012/250
f 1937/1010/250 1952/1012/250 1945/1013/250
f 1941/1014/251 1940/1015/251 1948/1016/251
f 1941/1014/251 1948/1016/251 1949/1017/251
f 1938/1018/252 1937/1010/252 1945/1013/252
f 1938/1018/252 1945/1013/252 1946/1019/252
f 1944/1011/253 1942/1020/253 1950/1021/253
f 1944/1011/253 1950/1021/253 1952/1012/253
f 1943/1022/254 1941/1014/254 1949/1017/254
f 1943/1022/254 1949/1017/254 1951/1023/254
f 1942/1020/255 1943/1024/255 1951/1025/255
f 1942/1020/255 1951/1025/255 1950/1021/255
f 1940/1015/256 1939/984/256 1947/987/256
f 1940/1015/256 1947/987/256 1948/1016/256
f 1974/1026/229 1969/1027/229 1959/1028/229
f 1974/1026/229 1959/1028/229 1964/1029/229
f 1973/1030/230 1971/1031/230 1957/1032/230
f 1973/1030/230 1957/1032/230 1963/1033/230
f 1976/1034/231 1970/1035/231 1960/1036/231
f 1976/1034/231 1960/1036/231 1968/1037/231
f 1975/1038/232 1972/1039/232 1958/1040/232
f 1975/1038/232 1958/1040/232 1967/1041/232
f 1972/1042/233 1973/1030/233 1963/1043/233
f 1972/1042/233 1963/1043/233 1958/1044/233
f 1970/1045/234 1974/1026/234 1964/1046/234
f 1970/1045/234 1964/1046/234 1960/1047/234
f 1969/1048/235 1975/1038/235 1967/1049/235
f 1969/1048/235 1967/1049/235 1959/1050/235
f 1971/1031/236 1976/1034/236 1968/1051/236
f 1971/1031/236 1968/1051/236 1957/1052/236
f 1954/1053/105 1961/1054/105 1953/1055/105
f 1954/1053/105 1953/1055/105 1971/1031/105
f 1954/1053/105 1971/1031/105 1973/1030/105
f 1954/1053/105 1973/1030/105 1972/1042/105
f 1955/1056/105 1965/1057/105 1954/1058/105
f 1955/1056/105 1954/1058/105 1972/1039/105
f 1955/1056/105 1972/1039/105 1975/1038/105
f 1955/1056/105 1975/1038/105 1969/1048/105
f 1953/1055/105 1966/1059/105 1956/1060/105
f 1953/1055/105 1956/1060/105 1970/1035/105
f 1953/1055/105 1970/1035/105 1976/1034/105
f 1953/1055/105 1976/1034/105 1971/1031/105
f 1967/1041/240 1958/1040/240 1978/1061/240
f 1967/1041/240 1978/1061/240 1979/1062/240
f 1956/1060/105 1962/1063/105 1955/1056/105
f 1956/1060/105 1955/1056/105 1969/1027/105
f 1956/1060/105 1969/1027/105 1974/1026/105
f 1956/1060/105 1974/1026/105 1970/1045/105
f 1979/1064/242 1978/1065/242 1986/1066/242
f 1979/1064/242 1986/1066/242 1987/1067/242
f 1968/1037/243 1960/1036/243 1983/1068/243
f 1968/1037/243 1983/1068/243 1982/1069/243
f 1959/1050/244 1967/1049/244 1979/1070/244
f 1959/1050/244 1979/1070/244 1980/1071/244
f 1960/1047/245 1964/1046/245 1981/1072/245
f 1960/1047/245 1981/1072/245 1983/1073/245
f 1957/1052/246 1968/1051/246 1982/1074/246
f 1957/1052/246 1982/1074/246 1984/1075/246
f 1964/1029/247 1959/1028/247 1980/1076/247
f 1964/1029/247 1980/1076/247 1981/1077/247
f 1958/1044/248 1963/1043/248 1977/1078/248
f 1958/1044/248 1977/1078/248 1978/1079/248
f 1963/1033/249 1957/1032/249 1984/1080/249
f 1963/1033/249 1984/1080/249 1977/1081/249
f 1990/1082/103 1991/1083/103 1989/1084/103
f 1990/1082/103 1989/1084/103 1988/1085/103
f 1990/1082/103 1988/1085/103 1987/1086/103
f 1990/1082/103 1987/1086/103 1986/1087/103
f 1990/1082/103 1986/1087/103 1985/1088/103
f 1990/1082/103 1985/1088/103 1992/1089/103
f 1977/1090/250 1984/1091/250 1992/1092/250
f 1977/1090/250 1992/1092/250 1985/1093/250
f 1981/1094/251 1980/1095/251 1988/1096/251
f 1981/1094/251 1988/1096/251 1989/1097/251
f 1978/1098/252 1977/1090/252 1985/1093/252
f 1978/1098/252 1985/1093/252 1986/1099/252
f 1984/1091/253 1982/1100/253 1990/1101/253
f 1984/1091/253 1990/1101/253 1992/1092/253
f 1983/1102/254 1981/1094/254 1989/1097/254
f 1983/1102/254 1989/1097/254 1991/1103/254
f 1982/1100/255 1983/1104/255 1991/1105/255
f 1982/1100/255 1991/1105/255 1990/1101/255
f 1980/1095/256 1979/1064/256 1987/1067/256
f 1980/1095/256 1987/1067/256 1988/1096/256
f 2030/1106/257 1997/1107/257 2070/1108/257
f 2030/1106/257 2070/1108/257 2029/1109/257
f 2071/1110/105 1993/1111/105 2072/1112/105
f 2071/1110/105 2072/1112/105 2003/1113/105
f 2071/1110/105 2003/1113/105 2005/1114/105
f 2071/1110/105 2005/1114/105 2004/1115/105
f 1994/1116/258 2028/1117/258 2029/1109/258
f 1994/1116/258 2029/1109/258 2070/1108/258
f 1998/1118/259 2027/1119/259 2026/1120/259
f 1998/1118/259 2026/1120/259 2069/1121/259
f 2009/1122/250 2016/1123/250 2024/1124/250
f 2009/1122/250 2024/1124/250 2017/1125/250
f 2069/1121/260 2026/1120/260 2028/1117/260
f 2069/1121/260 2028/1117/260 1994/1116/260
f 2025/1126/261 2072/1112/261 1993/1111/261
f 2025/1126/261 1993/1111/261 2032/1127/261
f 2000/1128/243 2065/1129/243 2015/1130/243
f 2000/1128/243 2015/1130/243 2014/1131/243
f 2015/1132/254 2013/1133/254 2021/1134/254
f 2015/1132/254 2021/1134/254 2023/1135/254
f 2014/1136/255 2015/1132/255 2023/1135/255
f 2014/1136/255 2023/1135/255 2022/1137/255
f 2016/1123/253 2014/1136/253 2022/1137/253
f 2016/1123/253 2022/1137/253 2024/1124/253
f 2069/1121/105 1994/1116/105 2070/1108/105
f 2069/1121/105 2070/1108/105 2001/1138/105
f 2069/1121/105 2001/1138/105 2006/1139/105
f 2069/1121/105 2006/1139/105 2002/1140/105
f 2013/1133/251 2012/1141/251 2020/1142/251
f 2013/1133/251 2020/1142/251 2021/1134/251
f 2061/1143/262 1991/1144/262 1989/1145/262
f 2061/1143/262 1989/1145/262 2055/1146/262
f 2072/1112/263 2025/1126/263 2027/1119/263
f 2072/1112/263 2027/1119/263 1998/1118/263
f 2032/1127/264 1993/1111/264 2071/1110/264
f 2032/1127/264 2071/1110/264 2031/1147/264
f 2012/1141/256 2011/1148/256 2019/1149/256
f 2012/1141/256 2019/1149/256 2020/1142/256
f 2065/1150/245 1996/1151/245 2013/1152/245
f 2065/1150/245 2013/1152/245 2015/1153/245
f 2071/1154/265 2031/1155/265 2030/1106/265
f 2071/1154/265 2030/1106/265 1997/1107/265
f 2072/1112/105 1998/1118/105 2069/1121/105
f 2072/1112/105 2069/1121/105 2002/1156/105
f 2072/1112/105 2002/1156/105 2008/1157/105
f 2072/1112/105 2008/1157/105 2003/1158/105
f 1996/1159/247 2066/1160/247 2012/1161/247
f 1996/1159/247 2012/1161/247 2013/1162/247
f 2037/1163/256 2038/1164/256 2030/1165/256
f 2037/1163/256 2030/1165/256 2029/1166/256
f 2055/1146/266 1989/1145/266 1988/1167/266
f 2055/1146/266 1988/1167/266 2062/1168/266
f 2064/1169/267 1992/1170/267 1990/1171/267
f 2064/1169/267 1990/1171/267 2051/1172/267
f 1987/1173/268 2052/1174/268 2062/1168/268
f 1987/1173/268 2062/1168/268 1988/1167/268
f 2063/1175/269 1986/1176/269 1987/1173/269
f 2063/1175/269 1987/1173/269 2052/1174/269
f 1992/1170/270 2064/1169/270 2056/1177/270
f 1992/1170/270 2056/1177/270 1985/1178/270
f 1985/1178/271 2056/1177/271 2063/1179/271
f 1985/1178/271 2063/1179/271 1986/1180/271
f 2051/1172/272 1990/1171/272 1991/1144/272
f 2051/1172/272 1991/1144/272 2061/1143/272
f 2061/1143/105 2055/1146/105 2062/1168/105
f 2061/1143/105 2062/1168/105 2048/1181/105
f 2061/1143/105 2048/1181/105 2043/1182/105
f 2061/1143/105 2043/1182/105 2047/1183/105
f 2040/1184/250 2033/1185/250 2025/1186/250
f 2040/1184/250 2025/1186/250 2032/1187/250
f 2064/1169/105 2051/1172/105 2061/1143/105
f 2064/1169/105 2061/1143/105 2047/1188/105
f 2064/1169/105 2047/1188/105 2041/1189/105
f 2064/1169/105 2041/1189/105 2046/1190/105
f 2057/1191/245 2053/1192/245 2036/1193/245
f 2057/1191/245 2036/1193/245 2034/1194/245
f 2053/1195/247 2058/1196/247 2037/1197/247
f 2053/1195/247 2037/1197/247 2036/1198/247
f 2063/1179/105 2056/1177/105 2064/1169/105
f 2063/1179/105 2064/1169/105 2046/1199/105
f 2063/1179/105 2046/1199/105 2044/1200/105
f 2063/1179/105 2044/1200/105 2045/1201/105
f 2049/1202/243 2057/1203/243 2034/1204/243
f 2049/1202/243 2034/1204/243 2035/1205/243
f 2036/1206/251 2037/1163/251 2029/1166/251
f 2036/1206/251 2029/1166/251 2028/1207/251
f 2035/1208/255 2034/1209/255 2026/1210/255
f 2035/1208/255 2026/1210/255 2027/1211/255
f 2033/1185/253 2035/1208/253 2027/1211/253
f 2033/1185/253 2027/1211/253 2025/1186/253
f 2034/1212/254 2036/1206/254 2028/1207/254
f 2034/1212/254 2028/1207/254 2026/1018/254
f 2060/1213/246 2049/1214/246 2035/1215/246
f 2060/1213/246 2035/1215/246 2033/1216/246
f 2039/1217/252 2040/1184/252 2032/1187/252
f 2039/1217/252 2032/1187/252 2031/1218/252
f 2047/1183/234 2043/1182/234 2053/1192/234
f 2047/1183/234 2053/1192/234 2057/1191/234
f 2050/1219/240 2059/1220/240 2039/1221/240
f 2050/1219/240 2039/1221/240 2038/1222/240
f 2058/1223/244 2050/1224/244 2038/1225/244
f 2058/1223/244 2038/1225/244 2037/1226/244
f 2062/1168/105 2052/1174/105 2063/1175/105
f 2062/1168/105 2063/1175/105 2045/1227/105
f 2062/1168/105 2045/1227/105 2042/1228/105
f 2062/1168/105 2042/1228/105 2048/1229/105
f 2054/1230/249 2060/1231/249 2033/1232/249
f 2054/1230/249 2033/1232/249 2040/1233/249
f 2038/1164/242 2039/1098/242 2031/1024/242
f 2038/1164/242 2031/1024/242 2030/1165/242
f 2059/1234/248 2054/1235/248 2040/1236/248
f 2059/1234/248 2040/1236/248 2039/1237/248
f 2027/1238/103 2026/1239/103 2028/1240/103
f 2027/1238/103 2028/1240/103 2029/1241/103
f 2027/1238/103 2029/1241/103 2030/1242/103
f 2027/1238/103 2030/1242/103 2031/1243/103
f 2027/1238/103 2031/1243/103 2032/1244/103
f 2027/1238/103 2032/1244/103 2025/1245/103
f 2048/1229/235 2042/1228/235 2050/1224/235
f 2048/1229/235 2050/1224/235 2058/1223/235
f 2042/1228/232 2045/1227/232 2059/1220/232
f 2042/1228/232 2059/1220/232 2050/1219/232
f 2046/1190/236 2041/1189/236 2049/1214/236
f 2046/1190/236 2049/1214/236 2060/1213/236
f 2043/1182/229 2048/1181/229 2058/1196/229
f 2043/1182/229 2058/1196/229 2053/1195/229
f 2041/1189/231 2047/1188/231 2057/1203/231
f 2041/1189/231 2057/1203/231 2049/1202/231
f 2044/1200/230 2046/1199/230 2060/1231/230
f 2044/1200/230 2060/1231/230 2054/1230/230
f 2045/1201/233 2044/1200/233 2054/1235/233
f 2045/1201/233 2054/1235/233 2059/1234/233
f 1954/1058/273 1946/1246/273 1947/1247/273
f 1954/1058/273 1947/1247/273 1965/1057/273
f 1945/1248/274 1961/1054/274 1954/1053/274
f 1945/1248/274 1954/1053/274 1946/1249/274
f 1952/1250/275 1953/1055/275 1961/1054/275
f 1952/1250/275 1961/1054/275 1945/1248/275
f 1953/1055/276 1952/1250/276 1950/1251/276
f 1953/1055/276 1950/1251/276 1966/1059/276
f 1966/1059/277 1950/1251/277 1951/1252/277
f 1966/1059/277 1951/1252/277 1956/1060/277
f 1956/1060/278 1951/1252/278 1949/1253/278
f 1956/1060/278 1949/1253/278 1962/1063/278
f 1962/1063/279 1949/1253/279 1948/1254/279
f 1962/1063/279 1948/1254/279 1955/1056/279
f 1947/1247/280 1965/1057/280 1955/1056/280
f 1947/1247/280 1955/1056/280 1948/1254/280
f 2068/1255/246 2000/1256/246 2014/1257/246
f 2068/1255/246 2014/1257/246 2016/1258/246
f 2010/1259/252 2009/1122/252 2017/1125/252
f 2010/1259/252 2017/1125/252 2018/1260/252
f 2002/1140/234 2006/1139/234 1996/1151/234
f 2002/1140/234 1996/1151/234 2065/1150/234
f 1999/1261/240 2067/1262/240 2010/1263/240
f 1999/1261/240 2010/1263/240 2011/1264/240
f 2066/1265/244 1999/1266/244 2011/1267/244
f 2066/1265/244 2011/1267/244 2012/1268/244
f 2070/1108/105 1997/1107/105 2071/1154/105
f 2070/1108/105 2071/1154/105 2004/1269/105
f 2070/1108/105 2004/1269/105 2007/1270/105
f 2070/1108/105 2007/1270/105 2001/1271/105
f 1995/1272/249 2068/1273/249 2016/1274/249
f 1995/1272/249 2016/1274/249 2009/1275/249
f 2011/1148/242 2010/1276/242 2018/1277/242
f 2011/1148/242 2018/1277/242 2019/1149/242
f 2067/1278/248 1995/1279/248 2009/1280/248
f 2067/1278/248 2009/1280/248 2010/1281/248
f 2022/1282/103 2023/1283/103 2021/1284/103
f 2022/1282/103 2021/1284/103 2020/1285/103
f 2022/1282/103 2020/1285/103 2019/1286/103
f 2022/1282/103 2019/1286/103 2018/1260/103
f 2022/1282/103 2018/1260/103 2017/1125/103
f 2022/1282/103 2017/1125/103 2024/1287/103
f 2001/1271/235 2007/1270/235 1999/1266/235
f 2001/1271/235 1999/1266/235 2066/1265/235
f 2007/1270/232 2004/1269/232 2067/1262/232
f 2007/1270/232 2067/1262/232 1999/1261/232
f 2003/1158/236 2008/1157/236 2000/1256/236
f 2003/1158/236 2000/1256/236 2068/1255/236
f 2006/1139/229 2001/1138/229 2066/1160/229
f 2006/1139/229 2066/1160/229 1996/1159/229
f 2008/1157/231 2002/1156/231 2065/1129/231
f 2008/1157/231 2065/1129/231 2000/1128/231
f 2005/1114/230 2003/1113/230 2068/1273/230
f 2005/1114/230 2068/1273/230 1995/1272/230
f 2004/1115/233 2005/1114/233 1995/1279/233
f 2004/1115/233 1995/1279/233 2067/1278/233
f 2081/861/99 2082/862/99 2076/863/99
f 2081/861/99 2076/863/99 2075/864/99
f 2085/865/100 2086/866/100 2080/867/100
f 2085/865/100 2080/867/100 2079/868/100
f 2093/869/101 2091/870/101 2078/871/101
f 2093/869/101 2078/871/101 2077/872/101
f 2098/873/102 2096/874/102 2074/875/102
f 2098/873/102 2074/875/102 2073/876/102
f 2100/877/103 2092/878/103 2074/879/103
f 2100/877/103 2074/879/103 2096/880/103
f 2097/881/103 2076/863/103 2082/862/103
f 2097/881/103 2082/862/103 2099/882/103
f 2079/868/101 2080/883/101 2084/884/101
f 2079/868/101 2084/884/101 2083/885/101
f 2125/886/103 2092/878/103 2100/877/103
f 2125/886/103 2100/877/103 2130/887/103
f 2125/886/103 2130/887/103 2099/882/103
f 2125/886/103 2099/882/103 2082/862/103
f 2080/888/103 2086/889/103 2089/890/103
f 2080/888/103 2089/890/103 2084/891/103
f 2091/892/103 2094/893/103 2088/894/103
f 2091/892/103 2088/894/103 2078/895/103
f 2077/872/102 2078/896/102 2088/897/102
f 2077/872/102 2088/897/102 2087/898/102
f 2117/899/100 2113/900/100 2086/866/100
f 2117/899/100 2086/866/100 2085/865/100
f 2073/876/99 2074/879/99 2092/878/99
f 2073/876/99 2092/878/99 2090/901/99
f 2130/887/104 2100/877/104 2104/902/104
f 2130/887/104 2104/902/104 2132/903/104
f 2130/887/104 2132/903/104 2101/904/104
f 2130/887/104 2101/904/104 2099/882/104
f 2093/869/105 2077/872/105 2087/898/105
f 2093/869/105 2087/898/105 2114/905/105
f 2093/869/105 2114/905/105 2098/873/105
f 2093/869/105 2098/873/105 2073/876/105
f 2093/869/105 2073/876/105 2090/901/105
f 2093/869/105 2090/901/105 2127/906/105
f 2093/869/105 2127/906/105 2081/861/105
f 2093/869/105 2081/861/105 2075/864/105
f 2093/869/105 2075/864/105 2095/907/105
f 2093/869/105 2095/907/105 2117/899/105
f 2093/869/105 2117/899/105 2085/865/105
f 2093/869/105 2085/865/105 2079/868/105
f 2093/869/105 2079/868/105 2083/885/105
f 2093/869/105 2083/885/105 2126/908/105
f 2129/909/103 2094/893/103 2091/892/103
f 2129/909/103 2091/892/103 2128/910/103
f 2129/909/103 2128/910/103 2084/891/103
f 2129/909/103 2084/891/103 2089/890/103
f 2075/864/100 2076/911/100 2097/912/100
f 2075/864/100 2097/912/100 2095/907/100
f 2125/886/99 2082/862/99 2081/861/99
f 2125/886/99 2081/861/99 2127/906/99
f 2125/886/99 2127/906/99 2090/901/99
f 2125/886/99 2090/901/99 2092/878/99
f 2113/913/103 2097/881/103 2099/882/103
f 2113/913/103 2099/882/103 2115/914/103
f 2116/915/103 2100/877/103 2096/880/103
f 2116/915/103 2096/880/103 2118/916/103
f 2114/905/102 2118/917/102 2096/874/102
f 2114/905/102 2096/874/102 2098/873/102
f 2132/918/99 2104/919/99 2108/920/99
f 2132/918/99 2108/920/99 2134/921/99
f 2132/918/99 2134/921/99 2105/922/99
f 2132/918/99 2105/922/99 2101/923/99
f 2116/915/106 2094/893/106 2103/924/106
f 2116/915/106 2103/924/106 2120/925/106
f 2129/909/107 2089/890/107 2102/926/107
f 2129/909/107 2102/926/107 2131/927/107
f 2129/909/107 2131/927/107 2103/924/107
f 2129/909/107 2103/924/107 2094/893/107
f 2115/914/108 2099/882/108 2101/904/108
f 2115/914/108 2101/904/108 2119/928/108
f 2142/929/109 2137/930/109 2111/931/109
f 2142/929/109 2111/931/109 2124/932/109
f 2128/933/101 2091/870/101 2093/869/101
f 2128/933/101 2093/869/101 2126/908/101
f 2128/933/101 2126/908/101 2083/885/101
f 2128/933/101 2083/885/101 2084/884/101
f 2119/934/100 2101/935/100 2105/936/100
f 2119/934/100 2105/936/100 2121/937/100
f 2119/934/100 2121/937/100 2106/938/100
f 2119/934/100 2106/938/100 2102/939/100
f 2120/940/102 2103/941/102 2107/942/102
f 2120/940/102 2107/942/102 2122/943/102
f 2120/940/102 2122/943/102 2108/920/102
f 2120/940/102 2108/920/102 2104/919/102
f 2141/944/110 2139/945/110 2109/946/110
f 2141/944/110 2109/946/110 2123/947/110
f 2144/948/111 2138/949/111 2112/950/111
f 2144/948/111 2112/950/111 2136/951/111
f 2143/952/112 2140/953/112 2110/954/112
f 2143/952/112 2110/954/112 2135/955/112
f 2140/956/113 2141/944/113 2123/957/113
f 2140/956/113 2123/957/113 2110/958/113
f 2138/959/114 2142/929/114 2124/960/114
f 2138/959/114 2124/960/114 2112/961/114
f 2089/890/108 2115/914/108 2119/928/108
f 2089/890/108 2119/928/108 2102/926/108
f 2100/877/106 2116/915/106 2120/925/106
f 2100/877/106 2120/925/106 2104/902/106
f 2087/898/102 2088/897/102 2118/917/102
f 2087/898/102 2118/917/102 2114/905/102
f 2094/893/103 2116/915/103 2118/916/103
f 2094/893/103 2118/916/103 2088/894/103
f 2086/889/103 2113/913/103 2115/914/103
f 2086/889/103 2115/914/103 2089/890/103
f 2095/907/100 2097/912/100 2113/900/100
f 2095/907/100 2113/900/100 2117/899/100
f 2137/962/115 2143/952/115 2135/963/115
f 2137/962/115 2135/963/115 2111/964/115
f 2139/965/116 2144/948/116 2136/966/116
f 2139/965/116 2136/966/116 2109/967/116
f 2131/968/101 2102/939/101 2106/938/101
f 2131/968/101 2106/938/101 2133/969/101
f 2131/968/101 2133/969/101 2107/942/101
f 2131/968/101 2107/942/101 2103/941/101
f 2106/970/117 2121/971/117 2105/972/117
f 2106/970/117 2105/972/117 2139/945/117
f 2106/970/117 2139/945/117 2141/944/117
f 2106/970/117 2141/944/117 2140/956/117
f 2107/973/118 2133/974/118 2106/975/118
f 2107/973/118 2106/975/118 2140/953/118
f 2107/973/118 2140/953/118 2143/952/118
f 2107/973/118 2143/952/118 2137/962/118
f 2105/976/119 2134/977/119 2108/978/119
f 2105/976/119 2108/978/119 2138/949/119
f 2105/976/119 2138/949/119 2144/948/119
f 2105/976/119 2144/948/119 2139/965/119
f 2135/955/120 2110/954/120 2146/979/120
f 2135/955/120 2146/979/120 2147/980/120
f 2108/981/121 2122/982/121 2107/983/121
f 2108/981/121 2107/983/121 2137/930/121
f 2108/981/121 2137/930/121 2142/929/121
f 2108/981/121 2142/929/121 2138/959/121
f 2147/984/122 2146/985/122 2154/986/122
f 2147/984/122 2154/986/122 2155/987/122
f 2136/951/123 2112/950/123 2151/988/123
f 2136/951/123 2151/988/123 2150/989/123
f 2111/964/124 2135/963/124 2147/990/124
f 2111/964/124 2147/990/124 2148/991/124
f 2112/961/125 2124/960/125 2149/992/125
f 2112/961/125 2149/992/125 2151/993/125
f 2109/967/126 2136/966/126 2150/994/126
f 2109/967/126 2150/994/126 2152/995/126
f 2124/932/127 2111/931/127 2148/996/127
f 2124/932/127 2148/996/127 2149/997/127
f 2110/958/128 2123/957/128 2145/998/128
f 2110/958/128 2145/998/128 2146/999/128
f 2123/947/129 2109/946/129 2152/1000/129
f 2123/947/129 2152/1000/129 2145/1001/129
f 2158/1002/103 2159/1003/103 2157/1004/103
f 2158/1002/103 2157/1004/103 2156/1005/103
f 2158/1002/103 2156/1005/103 2155/1006/103
f 2158/1002/103 2155/1006/103 2154/1007/103
f 2158/1002/103 2154/1007/103 2153/1008/103
f 2158/1002/103 2153/1008/103 2160/1009/103
f 2145/1010/130 2152/1011/130 2160/1012/130
f 2145/1010/130 2160/1012/130 2153/1013/130
f 2149/1014/131 2148/1015/131 2156/1016/131
f 2149/1014/131 2156/1016/131 2157/1017/131
f 2146/1018/132 2145/1010/132 2153/1013/132
f 2146/1018/132 2153/1013/132 2154/1019/132
f 2152/1011/133 2150/1020/133 2158/1021/133
f 2152/1011/133 2158/1021/133 2160/1012/133
f 2151/1022/134 2149/1014/134 2157/1017/134
f 2151/1022/134 2157/1017/134 2159/1023/134
f 2150/1020/135 2151/1024/135 2159/1025/135
f 2150/1020/135 2159/1025/135 2158/1021/135
f 2148/1015/136 2147/984/136 2155/987/136
f 2148/1015/136 2155/987/136 2156/1016/136
f 2182/1026/109 2177/1027/109 2167/1028/109
f 2182/1026/109 2167/1028/109 2172/1029/109
f 2181/1030/110 2179/1031/110 2165/1032/110
f 2181/1030/110 2165/1032/110 2171/1033/110
f 2184/1034/111 2178/1035/111 2168/1036/111
f 2184/1034/111 2168/1036/111 2176/1037/111
f 2183/1038/112 2180/1039/112 2166/1040/112
f 2183/1038/112 2166/1040/112 2175/1041/112
f 2180/1042/113 2181/1030/113 2171/1043/113
f 2180/1042/113 2171/1043/113 2166/1044/113
f 2178/1045/114 2182/1026/114 2172/1046/114
f 2178/1045/114 2172/1046/114 2168/1047/114
f 2177/1048/115 2183/1038/115 2175/1049/115
f 2177/1048/115 2175/1049/115 2167/1050/115
f 2179/1031/116 2184/1034/116 2176/1051/116
f 2179/1031/116 2176/1051/116 2165/1052/116
f 2162/1053/105 2169/1054/105 2161/1055/105
f 2162/1053/105 2161/1055/105 2179/1031/105
f 2162/1053/105 2179/1031/105 2181/1030/105
f 2162/1053/105 2181/1030/105 2180/1042/105
f 2163/1056/105 2173/1057/105 2162/1058/105
f 2163/1056/105 2162/1058/105 2180/1039/105
f 2163/1056/105 2180/1039/105 2183/1038/105
f 2163/1056/105 2183/1038/105 2177/1048/105
f 2161/1055/105 2174/1059/105 2164/1060/105
f 2161/1055/105 2164/1060/105 2178/1035/105
f 2161/1055/105 2178/1035/105 2184/1034/105
f 2161/1055/105 2184/1034/105 2179/1031/105
f 2175/1041/120 2166/1040/120 2186/1061/120
f 2175/1041/120 2186/1061/120 2187/1062/120
f 2164/1060/105 2170/1063/105 2163/1056/105
f 2164/1060/105 2163/1056/105 2177/1027/105
f 2164/1060/105 2177/1027/105 2182/1026/105
f 2164/1060/105 2182/1026/105 2178/1045/105
f 2187/1064/122 2186/1065/122 2194/1066/122
f 2187/1064/122 2194/1066/122 2195/1067/122
f 2176/1037/123 2168/1036/123 2191/1068/123
f 2176/1037/123 2191/1068/123 2190/1069/123
f 2167/1050/124 2175/1049/124 2187/1070/124
f 2167/1050/124 2187/1070/124 2188/1071/124
f 2168/1047/125 2172/1046/125 2189/1072/125
f 2168/1047/125 2189/1072/125 2191/1073/125
f 2165/1052/126 2176/1051/126 2190/1074/126
f 2165/1052/126 2190/1074/126 2192/1075/126
f 2172/1029/127 2167/1028/127 2188/1076/127
f 2172/1029/127 2188/1076/127 2189/1077/127
f 2166/1044/128 2171/1043/128 2185/1078/128
f 2166/1044/128 2185/1078/128 2186/1079/128
f 2171/1033/129 2165/1032/129 2192/1080/129
f 2171/1033/129 2192/1080/129 2185/1081/129
f 2198/1082/103 2199/1083/103 2197/1084/103
f 2198/1082/103 2197/1084/103 2196/1085/103
f 2198/1082/103 2196/1085/103 2195/1086/103
f 2198/1082/103 2195/1086/103 2194/1087/103
f 2198/1082/103 2194/1087/103 2193/1088/103
f 2198/1082/103 2193/1088/103 2200/1089/103
f 2185/1090/130 2192/1091/130 2200/1092/130
f 2185/1090/130 2200/1092/130 2193/1093/130
f 2189/1094/131 2188/1095/131 2196/1096/131
f 2189/1094/131 2196/1096/131 2197/1097/131
f 2186/1098/132 2185/1090/132 2193/1093/132
f 2186/1098/132 2193/1093/132 2194/1099/132
f 2192/1091/133 2190/1100/133 2198/1101/133
f 2192/1091/133 2198/1101/133 2200/1092/133
f 2191/1102/134 2189/1094/134 2197/1097/134
f 2191/1102/134 2197/1097/134 2199/1103/134
f 2190/1100/135 2191/1104/135 2199/1105/135
f 2190/1100/135 2199/1105/135 2198/1101/135
f 2188/1095/136 2187/1064/136 2195/1067/136
f 2188/1095/136 2195/1067/136 2196/1096/136
f 2238/1106/137 2205/1107/137 2278/1108/137
f 2238/1106/137 2278/1108/137 2237/1109/137
f 2279/1110/105 2201/1111/105 2280/1112/105
f 2279/1110/105 2280/1112/105 2211/1113/105
f 2279/1110/105 2211/1113/105 2213/1114/105
f 2279/1110/105 2213/1114/105 2212/1115/105
f 2202/1116/138 2236/1117/138 2237/1109/138
f 2202/1116/138 2237/1109/138 2278/1108/138
f 2206/1118/139 2235/1119/139 2234/1120/139
f 2206/1118/139 2234/1120/139 2277/1121/139
f 2217/1122/130 2224/1123/130 2232/1124/130
f 2217/1122/130 2232/1124/130 2225/1125/130
f 2277/1121/140 2234/1120/140 2236/1117/140
f 2277/1121/140 2236/1117/140 2202/1116/140
f 2233/1126/141 2280/1112/141 2201/1111/141
f 2233/1126/141 2201/1111/141 2240/1127/141
f 2208/1128/123 2273/1129/123 2223/1130/123
f 2208/1128/123 2223/1130/123 2222/1131/123
f 2223/1132/134 2221/1133/134 2229/1134/134
f 2223/1132/134 2229/1134/134 2231/1135/134
f 2222/1136/135 2223/1132/135 2231/1135/135
f 2222/1136/135 2231/1135/135 2230/1137/135
f 2224/1123/133 2222/1136/133 2230/1137/133
f 2224/1123/133 2230/1137/133 2232/1124/133
f 2277/1121/105 2202/1116/105 2278/1108/105
f 2277/1121/105 2278/1108/105 2209/1138/105
f 2277/1121/105 2209/1138/105 2214/1139/105
f 2277/1121/105 2214/1139/105 2210/1140/105
f 2221/1133/131 2220/1141/131 2228/1142/131
f 2221/1133/131 2228/1142/131 2229/1134/131
f 2269/1143/142 2199/1144/142 2197/1145/142
f 2269/1143/142 2197/1145/142 2263/1146/142
f 2280/1112/143 2233/1126/143 2235/1119/143
f 2280/1112/143 2235/1119/143 2206/1118/143
f 2240/1127/144 2201/1111/144 2279/1110/144
f 2240/1127/144 2279/1110/144 2239/1147/144
f 2220/1141/136 2219/1148/136 2227/1149/136
f 2220/1141/136 2227/1149/136 2228/1142/136
f 2273/1150/125 2204/1151/125 2221/1152/125
f 2273/1150/125 2221/1152/125 2223/1153/125
f 2279/1154/145 2239/1155/145 2238/1106/145
f 2279/1154/145 2238/1106/145 2205/1107/145
f 2280/1112/105 2206/1118/105 2277/1121/105
f 2280/1112/105 2277/1121/105 2210/1156/105
f 2280/1112/105 2210/1156/105 2216/1157/105
f 2280/1112/105 2216/1157/105 2211/1158/105
f 2204/1159/127 2274/1160/127 2220/1161/127
f 2204/1159/127 2220/1161/127 2221/1162/127
f 2245/1163/136 2246/1164/136 2238/1165/136
f 2245/1163/136 2238/1165/136 2237/1166/136
f 2263/1146/146 2197/1145/146 2196/1167/146
f 2263/1146/146 2196/1167/146 2270/1168/146
f 2272/1169/147 2200/1170/147 2198/1171/147
f 2272/1169/147 2198/1171/147 2259/1172/147
f 2195/1173/148 2260/1174/148 2270/1168/148
f 2195/1173/148 2270/1168/148 2196/1167/148
f 2271/1175/149 2194/1176/149 2195/1173/149
f 2271/1175/149 2195/1173/149 2260/1174/149
f 2200/1170/150 2272/1169/150 2264/1177/150
f 2200/1170/150 2264/1177/150 2193/1178/150
f 2193/1178/151 2264/1177/151 2271/1179/151
f 2193/1178/151 2271/1179/151 2194/1180/151
f 2259/1172/152 2198/1171/152 2199/1144/152
f 2259/1172/152 2199/1144/152 2269/1143/152
f 2269/1143/105 2263/1146/105 2270/1168/105
f 2269/1143/105 2270/1168/105 2256/1181/105
f 2269/1143/105 2256/1181/105 2251/1182/105
f 2269/1143/105 2251/1182/105 2255/1183/105
f 2248/1184/130 2241/1185/130 2233/1186/130
f 2248/1184/130 2233/1186/130 2240/1187/130
f 2272/1169/105 2259/1172/105 2269/1143/105
f 2272/1169/105 2269/1143/105 2255/1188/105
f 2272/1169/105 2255/1188/105 2249/1189/105
f 2272/1169/105 2249/1189/105 2254/1190/105
f 2265/1191/125 2261/1192/125 2244/1193/125
f 2265/1191/125 2244/1193/125 2242/1194/125
f 2261/1195/127 2266/1196/127 2245/1197/127
f 2261/1195/127 2245/1197/127 2244/1198/127
f 2271/1179/105 2264/1177/105 2272/1169/105
f 2271/1179/105 2272/1169/105 2254/1199/105
f 2271/1179/105 2254/1199/105 2252/1200/105
f 2271/1179/105 2252/1200/105 2253/1201/105
f 2257/1202/281 2265/1203/281 2242/1204/281
f 2257/1202/281 2242/1204/281 2243/1205/281
f 2244/1206/131 2245/1163/131 2237/1166/131
f 2244/1206/131 2237/1166/131 2236/1207/131
f 2243/1208/135 2242/1209/135 2234/1210/135
f 2243/1208/135 2234/1210/135 2235/1211/135
f 2241/1185/133 2243/1208/133 2235/1211/133
f 2241/1185/133 2235/1211/133 2233/1186/133
f 2242/1212/134 2244/1206/134 2236/1207/134
f 2242/1212/134 2236/1207/134 2234/1018/134
f 2268/1213/126 2257/1214/126 2243/1215/126
f 2268/1213/126 2243/1215/126 2241/1216/126
f 2247/1217/132 2248/1184/132 2240/1187/132
f 2247/1217/132 2240/1187/132 2239/1218/132
f 2255/1183/114 2251/1182/114 2261/1192/114
f 2255/1183/114 2261/1192/114 2265/1191/114
f 2258/1219/120 2267/1220/120 2247/1221/120
f 2258/1219/120 2247/1221/120 2246/1222/120
f 2266/1223/124 2258/1224/124 2246/1225/124
f 2266/1223/124 2246/1225/124 2245/1226/124
f 2270/1168/105 2260/1174/105 2271/1175/105
f 2270/1168/105 2271/1175/105 2253/1227/105
f 2270/1168/105 2253/1227/105 2250/1228/105
f 2270/1168/105 2250/1228/105 2256/1229/105
f 2262/1230/282 2268/1231/282 2241/1232/282
f 2262/1230/282 2241/1232/282 2248/1233/282
f 2246/1164/122 2247/1098/122 2239/1024/122
f 2246/1164/122 2239/1024/122 2238/1165/122
f 2267/1234/128 2262/1235/128 2248/1236/128
f 2267/1234/128 2248/1236/128 2247/1237/128
f 2235/1238/103 2234/1239/103 2236/1240/103
f 2235/1238/103 2236/1240/103 2237/1241/103
f 2235/1238/103 2237/1241/103 2238/1242/103
f 2235/1238/103 2238/1242/103 2239/1243/103
f 2235/1238/103 2239/1243/103 2240/1244/103
f 2235/1238/103 2240/1244/103 2233/1245/103
f 2256/1229/115 2250/1228/115 2258/1224/115
f 2256/1229/115 2258/1224/115 2266/1223/115
f 2250/1228/112 2253/1227/112 2267/1220/112
f 2250/1228/112 2267/1220/112 2258/1219/112
f 2254/1190/116 2249/1189/116 2257/1214/116
f 2254/1190/116 2257/1214/116 2268/1213/116
f 2251/1182/109 2256/1181/109 2266/1196/109
f 2251/1182/109 2266/1196/109 2261/1195/109
f 2249/1189/111 2255/1188/111 2265/1203/111
f 2249/1189/111 2265/1203/111 2257/1202/111
f 2252/1200/110 2254/1199/110 2268/1231/110
f 2252/1200/110 2268/1231/110 2262/1230/110
f 2253/1201/113 2252/1200/113 2262/1235/113
f 2253/1201/113 2262/1235/113 2267/1234/113
f 2162/1058/153 2154/1246/153 2155/1247/153
f 2162/1058/153 2155/1247/153 2173/1057/153
f 2153/1248/154 2169/1054/154 2162/1053/154
f 2153/1248/154 2162/1053/154 2154/1249/154
f 2160/1250/155 2161/1055/155 2169/1054/155
f 2160/1250/155 2169/1054/155 2153/1248/155
f 2161/1055/156 2160/1250/156 2158/1251/156
f 2161/1055/156 2158/1251/156 2174/1059/156
f 2174/1059/157 2158/1251/157 2159/1252/157
f 2174/1059/157 2159/1252/157 2164/1060/157
f 2164/1060/158 2159/1252/158 2157/1253/158
f 2164/1060/158 2157/1253/158 2170/1063/158
f 2170/1063/159 2157/1253/159 2156/1254/159
f 2170/1063/159 2156/1254/159 2163/1056/159
f 2155/1247/160 2173/1057/160 2163/1056/160
f 2155/1247/160 2163/1056/160 2156/1254/160
f 2276/1255/126 2208/1256/126 2222/1257/126
f 2276/1255/126 2222/1257/126 2224/1258/126
f 2218/1259/132 2217/1122/132 2225/1125/132
f 2218/1259/132 2225/1125/132 2226/1260/132
f 2210/1140/114 2214/1139/114 2204/1151/114
f 2210/1140/114 2204/1151/114 2273/1150/114
f 2207/1261/120 2275/1262/120 2218/1263/120
f 2207/1261/120 2218/1263/120 2219/1264/120
f 2274/1265/124 2207/1266/124 2219/1267/124
f 2274/1265/124 2219/1267/124 2220/1268/124
f 2278/1108/105 2205/1107/105 2279/1154/105
f 2278/1108/105 2279/1154/105 2212/1269/105
f 2278/1108/105 2212/1269/105 2215/1270/105
f 2278/1108/105 2215/1270/105 2209/1271/105
f 2203/1272/282 2276/1273/282 2224/1274/282
f 2203/1272/282 2224/1274/282 2217/1275/282
f 2219/1148/122 2218/1276/122 2226/1277/122
f 2219/1148/122 2226/1277/122 2227/1149/122
f 2275/1278/128 2203/1279/128 2217/1280/128
f 2275/1278/128 2217/1280/128 2218/1281/128
f 2230/1282/103 2231/1283/103 2229/1284/103
f 2230/1282/103 2229/1284/103 2228/1285/103
f 2230/1282/103 2228/1285/103 2227/1286/103
f 2230/1282/103 2227/1286/103 2226/1260/103
f 2230/1282/103 2226/1260/103 2225/1125/103
f 2230/1282/103 2225/1125/103 2232/1287/103
f 2209/1271/115 2215/1270/115 2207/1266/115
f 2209/1271/115 2207/1266/115 2274/1265/115
f 2215/1270/112 2212/1269/112 2275/1262/112
f 2215/1270/112 2275/1262/112 2207/1261/112
f 2211/1158/116 2216/1157/116 2208/1256/116
f 2211/1158/116 2208/1256/116 2276/1255/116
f 2214/1139/109 2209/1138/109 2274/1160/109
f 2214/1139/109 2274/1160/109 2204/1159/109
f 2216/1157/111 2210/1156/111 2273/1129/111
f 2216/1157/111 2273/1129/111 2208/1128/111
f 2213/1114/110 2211/1113/110 2276/1273/110
f 2213/1114/110 2276/1273/110 2203/1272/110
f 2212/1115/113 2213/1114/113 2203/1279/113
f 2212/1115/113 2203/1279/113 2275/1278/113
f 2289/861/161 2290/862/161 2284/863/161
f 2289/861/161 2284/863/161 2283/864/161
f 2293/865/162 2294/866/162 2288/867/162
f 2293/865/162 2288/867/162 2287/868/162
f 2301/869/163 2299/870/163 2286/871/163
f 2301/869/163 2286/871/163 2285/872/163
f 2306/873/164 2304/874/164 2282/875/164
f 2306/873/164 2282/875/164 2281/876/164
f 2308/877/103 2300/878/103 2282/879/103
f 2308/877/103 2282/879/103 2304/880/103
f 2305/881/103 2284/863/103 2290/862/103
f 2305/881/103 2290/862/103 2307/882/103
f 2287/868/163 2288/883/163 2292/884/163
f 2287/868/163 2292/884/163 2291/885/163
f 2333/886/103 2300/878/103 2308/877/103
f 2333/886/103 2308/877/103 2338/887/103
f 2333/886/103 2338/887/103 2307/882/103
f 2333/886/103 2307/882/103 2290/862/103
f 2288/888/103 2294/889/103 2297/890/103
f 2288/888/103 2297/890/103 2292/891/103
f 2299/892/103 2302/893/103 2296/894/103
f 2299/892/103 2296/894/103 2286/895/103
f 2285/872/164 2286/896/164 2296/897/164
f 2285/872/164 2296/897/164 2295/898/164
f 2325/899/162 2321/900/162 2294/866/162
f 2325/899/162 2294/866/162 2293/865/162
f 2281/876/161 2282/879/161 2300/878/161
f 2281/876/161 2300/878/161 2298/901/161
f 2338/887/165 2308/877/165 2312/902/165
f 2338/887/165 2312/902/165 2340/903/165
f 2338/887/165 2340/903/165 2309/904/165
f 2338/887/165 2309/904/165 2307/882/165
f 2301/869/105 2285/872/105 2295/898/105
f 2301/869/105 2295/898/105 2322/905/105
f 2301/869/105 2322/905/105 2306/873/105
f 2301/869/105 2306/873/105 2281/876/105
f 2301/869/105 2281/876/105 2298/901/105
f 2301/869/105 2298/901/105 2335/906/105
f 2301/869/105 2335/906/105 2289/861/105
f 2301/869/105 2289/861/105 2283/864/105
f 2301/869/105 2283/864/105 2303/907/105
f 2301/869/105 2303/907/105 2325/899/105
f 2301/869/105 2325/899/105 2293/865/105
f 2301/869/105 2293/865/105 2287/868/105
f 2301/869/105 2287/868/105 2291/885/105
f 2301/869/105 2291/885/105 2334/908/105
f 2337/909/103 2302/893/103 2299/892/103
f 2337/909/103 2299/892/103 2336/910/103
f 2337/909/103 2336/910/103 2292/891/103
f 2337/909/103 2292/891/103 2297/890/103
f 2283/864/162 2284/911/162 2305/912/162
f 2283/864/162 2305/912/162 2303/907/162
f 2333/886/161 2290/862/161 2289/861/161
f 2333/886/161 2289/861/161 2335/906/161
f 2333/886/161 2335/906/161 2298/901/161
f 2333/886/161 2298/901/161 2300/878/161
f 2321/913/103 2305/881/103 2307/882/103
f 2321/913/103 2307/882/103 2323/914/103
f 2324/915/103 2308/877/103 2304/880/103
f 2324/915/103 2304/880/103 2326/916/103
f 2322/905/164 2326/917/164 2304/874/164
f 2322/905/164 2304/874/164 2306/873/164
f 2340/918/161 2312/919/161 2316/920/161
f 2340/918/161 2316/920/161 2342/921/161
f 2340/918/161 2342/921/161 2313/922/161
f 2340/918/161 2313/922/161 2309/923/161
f 2324/915/166 2302/893/166 2311/924/166
f 2324/915/166 2311/924/166 2328/925/166
f 2337/909/167 2297/890/167 2310/926/167
f 2337/909/167 2310/926/167 2339/927/167
f 2337/909/167 2339/927/167 2311/924/167
f 2337/909/167 2311/924/167 2302/893/167
f 2323/914/168 2307/882/168 2309/904/168
f 2323/914/168 2309/904/168 2327/928/168
f 2350/929/169 2345/930/169 2319/931/169
f 2350/929/169 2319/931/169 2332/932/169
f 2336/933/163 2299/870/163 2301/869/163
f 2336/933/163 2301/869/163 2334/908/163
f 2336/933/163 2334/908/163 2291/885/163
f 2336/933/163 2291/885/163 2292/884/163
f 2327/934/162 2309/935/162 2313/936/162
f 2327/934/162 2313/936/162 2329/937/162
f 2327/934/162 2329/937/162 2314/938/162
f 2327/934/162 2314/938/162 2310/939/162
f 2328/940/164 2311/941/164 2315/942/164
f 2328/940/164 2315/942/164 2330/943/164
f 2328/940/164 2330/943/164 2316/920/164
f 2328/940/164 2316/920/164 2312/919/164
f 2349/944/170 2347/945/170 2317/946/170
f 2349/944/170 2317/946/170 2331/947/170
f 2352/948/171 2346/949/171 2320/950/171
f 2352/948/171 2320/950/171 2344/951/171
f 2351/952/172 2348/953/172 2318/954/172
f 2351/952/172 2318/954/172 2343/955/172
f 2348/956/173 2349/944/173 2331/957/173
f 2348/956/173 2331/957/173 2318/958/173
f 2346/959/174 2350/929/174 2332/960/174
f 2346/959/174 2332/960/174 2320/961/174
f 2297/890/168 2323/914/168 2327/928/168
f 2297/890/168 2327/928/168 2310/926/168
f 2308/877/166 2324/915/166 2328/925/166
f 2308/877/166 2328/925/166 2312/902/166
f 2295/898/164 2296/897/164 2326/917/164
f 2295/898/164 2326/917/164 2322/905/164
f 2302/893/103 2324/915/103 2326/916/103
f 2302/893/103 2326/916/103 2296/894/103
f 2294/889/103 2321/913/103 2323/914/103
f 2294/889/103 2323/914/103 2297/890/103
f 2303/907/162 2305/912/162 2321/900/162
f 2303/907/162 2321/900/162 2325/899/162
f 2345/962/283 2351/952/283 2343/963/283
f 2345/962/283 2343/963/283 2319/964/283
f 2347/965/176 2352/948/176 2344/966/176
f 2347/965/176 2344/966/176 2317/967/176
f 2339/968/163 2310/939/163 2314/938/163
f 2339/968/163 2314/938/163 2341/969/163
f 2339/968/163 2341/969/163 2315/942/163
f 2339/968/163 2315/942/163 2311/941/163
f 2314/970/177 2329/971/177 2313/972/177
f 2314/970/177 2313/972/177 2347/945/177
f 2314/970/177 2347/945/177 2349/944/177
f 2314/970/177 2349/944/177 2348/956/177
f 2315/973/178 2341/974/178 2314/975/178
f 2315/973/178 2314/975/178 2348/953/178
f 2315/973/178 2348/953/178 2351/952/178
f 2315/973/178 2351/952/178 2345/962/178
f 2313/976/179 2342/977/179 2316/978/179
f 2313/976/179 2316/978/179 2346/949/179
f 2313/976/179 2346/949/179 2352/948/179
f 2313/976/179 2352/948/179 2347/965/179
f 2343/955/180 2318/954/180 2354/979/180
f 2343/955/180 2354/979/180 2355/980/180
f 2316/981/181 2330/982/181 2315/983/181
f 2316/981/181 2315/983/181 2345/930/181
f 2316/981/181 2345/930/181 2350/929/181
f 2316/981/181 2350/929/181 2346/959/181
f 2355/984/182 2354/985/182 2362/986/182
f 2355/984/182 2362/986/182 2363/987/182
f 2344/951/183 2320/950/183 2359/988/183
f 2344/951/183 2359/988/183 2358/989/183
f 2319/964/184 2343/963/184 2355/990/184
f 2319/964/184 2355/990/184 2356/991/184
f 2320/961/185 2332/960/185 2357/992/185
f 2320/961/185 2357/992/185 2359/993/185
f 2317/967/186 2344/966/186 2358/994/186
f 2317/967/186 2358/994/186 2360/995/186
f 2332/932/187 2319/931/187 2356/996/187
f 2332/932/187 2356/996/187 2357/997/187
f 2318/958/188 2331/957/188 2353/998/188
f 2318/958/188 2353/998/188 2354/999/188
f 2331/947/189 2317/946/189 2360/1000/189
f 2331/947/189 2360/1000/189 2353/1001/189
f 2366/1002/103 2367/1003/103 2365/1004/103
f 2366/1002/103 2365/1004/103 2364/1005/103
f 2366/1002/103 2364/1005/103 2363/1006/103
f 2366/1002/103 2363/1006/103 2362/1007/103
f 2366/1002/103 2362/1007/103 2361/1008/103
f 2366/1002/103 2361/1008/103 2368/1009/103
f 2353/1010/190 2360/1011/190 2368/1012/190
f 2353/1010/190 2368/1012/190 2361/1013/190
f 2357/1014/191 2356/1015/191 2364/1016/191
f 2357/1014/191 2364/1016/191 2365/1017/191
f 2354/1018/192 2353/1010/192 2361/1013/192
f 2354/1018/192 2361/1013/192 2362/1019/192
f 2360/1011/193 2358/1020/193 2366/1021/193
f 2360/1011/193 2366/1021/193 2368/1012/193
f 2359/1022/194 2357/1014/194 2365/1017/194
f 2359/1022/194 2365/1017/194 2367/1023/194
f 2358/1020/195 2359/1024/195 2367/1025/195
f 2358/1020/195 2367/1025/195 2366/1021/195
f 2356/1015/196 2355/984/196 2363/987/196
f 2356/1015/196 2363/987/196 2364/1016/196
f 2390/1026/169 2385/1027/169 2375/1028/169
f 2390/1026/169 2375/1028/169 2380/1029/169
f 2389/1030/170 2387/1031/170 2373/1032/170
f 2389/1030/170 2373/1032/170 2379/1033/170
f 2392/1034/171 2386/1035/171 2376/1036/171
f 2392/1034/171 2376/1036/171 2384/1037/171
f 2391/1038/172 2388/1039/172 2374/1040/172
f 2391/1038/172 2374/1040/172 2383/1041/172
f 2388/1042/173 2389/1030/173 2379/1043/173
f 2388/1042/173 2379/1043/173 2374/1044/173
f 2386/1045/174 2390/1026/174 2380/1046/174
f 2386/1045/174 2380/1046/174 2376/1047/174
f 2385/1048/175 2391/1038/175 2383/1049/175
f 2385/1048/175 2383/1049/175 2375/1050/175
f 2387/1031/176 2392/1034/176 2384/1051/176
f 2387/1031/176 2384/1051/176 2373/1052/176
f 2370/1053/105 2377/1054/105 2369/1055/105
f 2370/1053/105 2369/1055/105 2387/1031/105
f 2370/1053/105 2387/1031/105 2389/1030/105
f 2370/1053/105 2389/1030/105 2388/1042/105
f 2371/1056/105 2381/1057/105 2370/1058/105
f 2371/1056/105 2370/1058/105 2388/1039/105
f 2371/1056/105 2388/1039/105 2391/1038/105
f 2371/1056/105 2391/1038/105 2385/1048/105
f 2369/1055/105 2382/1059/105 2372/1060/105
f 2369/1055/105 2372/1060/105 2386/1035/105
f 2369/1055/105 2386/1035/105 2392/1034/105
f 2369/1055/105 2392/1034/105 2387/1031/105
f 2383/1041/180 2374/1040/180 2394/1061/180
f 2383/1041/180 2394/1061/180 2395/1062/180
f 2372/1060/105 2378/1063/105 2371/1056/105
f 2372/1060/105 2371/1056/105 2385/1027/105
f 2372/1060/105 2385/1027/105 2390/1026/105
f 2372/1060/105 2390/1026/105 2386/1045/105
f 2395/1064/182 2394/1065/182 2402/1066/182
f 2395/1064/182 2402/1066/182 2403/1067/182
f 2384/1037/183 2376/1036/183 2399/1068/183
f 2384/1037/183 2399/1068/183 2398/1069/183
f 2375/1050/184 2383/1049/184 2395/1070/184
f 2375/1050/184 2395/1070/184 2396/1071/184
f 2376/1047/185 2380/1046/185 2397/1072/185
f 2376/1047/185 2397/1072/185 2399/1073/185
f 2373/1052/186 2384/1051/186 2398/1074/186
f 2373/1052/186 2398/1074/186 2400/1075/186
f 2380/1029/187 2375/1028/187 2396/1076/187
f 2380/1029/187 2396/1076/187 2397/1077/187
f 2374/1044/188 2379/1043/188 2393/1078/188
f 2374/1044/188 2393/1078/188 2394/1079/188
f 2379/1033/189 2373/1032/189 2400/1080/189
f 2379/1033/189 2400/1080/189 2393/1081/189
f 2406/1082/103 2407/1083/103 2405/1084/103
f 2406/1082/103 2405/1084/103 2404/1085/103
f 2406/1082/103 2404/1085/103 2403/1086/103
f 2406/1082/103 2403/1086/103 2402/1087/103
f 2406/1082/103 2402/1087/103 2401/1088/103
f 2406/1082/103 2401/1088/103 2408/1089/103
f 2393/1090/190 2400/1091/190 2408/1092/190
f 2393/1090/190 2408/1092/190 2401/1093/190
f 2397/1094/191 2396/1095/191 2404/1096/191
f 2397/1094/191 2404/1096/191 2405/1097/191
f 2394/1098/192 2393/1090/192 2401/1093/192
f 2394/1098/192 2401/1093/192 2402/1099/192
f 2400/1091/193 2398/1100/193 2406/1101/193
f 2400/1091/193 2406/1101/193 2408/1092/193
f 2399/1102/194 2397/1094/194 2405/1097/194
f 2399/1102/194 2405/1097/194 2407/1103/194
f 2398/1100/195 2399/1104/195 2407/1105/195
f 2398/1100/195 2407/1105/195 2406/1101/195
f 2396/1095/196 2395/1064/196 2403/1067/196
f 2396/1095/196 2403/1067/196 2404/1096/196
f 2446/1106/197 2413/1107/197 2486/1108/197
f 2446/1106/197 2486/1108/197 2445/1109/197
f 2487/1110/105 2409/1111/105 2488/1112/105
f 2487/1110/105 2488/1112/105 2419/1113/105
f 2487/1110/105 2419/1113/105 2421/1114/105
f 2487/1110/105 2421/1114/105 2420/1115/105
f 2410/1116/198 2444/1117/198 2445/1109/198
f 2410/1116/198 2445/1109/198 2486/1108/198
f 2414/1118/199 2443/1119/199 2442/1120/199
f 2414/1118/199 2442/1120/199 2485/1121/199
f 2425/1122/190 2432/1123/190 2440/1124/190
f 2425/1122/190 2440/1124/190 2433/1125/190
f 2485/1121/200 2442/1120/200 2444/1117/200
f 2485/1121/200 2444/1117/200 2410/1116/200
f 2441/1126/201 2488/1112/201 2409/1111/201
f 2441/1126/201 2409/1111/201 2448/1127/201
f 2416/1128/183 2481/1129/183 2431/1130/183
f 2416/1128/183 2431/1130/183 2430/1131/183
f 2431/1132/194 2429/1133/194 2437/1134/194
f 2431/1132/194 2437/1134/194 2439/1135/194
f 2430/1136/195 2431/1132/195 2439/1135/195
f 2430/1136/195 2439/1135/195 2438/1137/195
f 2432/1123/193 2430/1136/193 2438/1137/193
f 2432/1123/193 2438/1137/193 2440/1124/193
f 2485/1121/105 2410/1116/105 2486/1108/105
f 2485/1121/105 2486/1108/105 2417/1138/105
f 2485/1121/105 2417/1138/105 2422/1139/105
f 2485/1121/105 2422/1139/105 2418/1140/105
f 2429/1133/191 2428/1141/191 2436/1142/191
f 2429/1133/191 2436/1142/191 2437/1134/191
f 2477/1143/202 2407/1144/202 2405/1145/202
f 2477/1143/202 2405/1145/202 2471/1146/202
f 2488/1112/203 2441/1126/203 2443/1119/203
f 2488/1112/203 2443/1119/203 2414/1118/203
f 2448/1127/204 2409/1111/204 2487/1110/204
f 2448/1127/204 2487/1110/204 2447/1147/204
f 2428/1141/196 2427/1148/196 2435/1149/196
f 2428/1141/196 2435/1149/196 2436/1142/196
f 2481/1150/185 2412/1151/185 2429/1152/185
f 2481/1150/185 2429/1152/185 2431/1153/185
f 2487/1154/205 2447/1155/205 2446/1106/205
f 2487/1154/205 2446/1106/205 2413/1107/205
f 2488/1112/105 2414/1118/105 2485/1121/105
f 2488/1112/105 2485/1121/105 2418/1156/105
f 2488/1112/105 2418/1156/105 2424/1157/105
f 2488/1112/105 2424/1157/105 2419/1158/105
f 2412/1159/187 2482/1160/187 2428/1161/187
f 2412/1159/187 2428/1161/187 2429/1162/187
f 2453/1163/196 2454/1164/196 2446/1165/196
f 2453/1163/196 2446/1165/196 2445/1166/196
f 2471/1146/206 2405/1145/206 2404/1167/206
f 2471/1146/206 2404/1167/206 2478/1168/206
f 2480/1169/207 2408/1170/207 2406/1171/207
f 2480/1169/207 2406/1171/207 2467/1172/207
f 2403/1173/208 2468/1174/208 2478/1168/208
f 2403/1173/208 2478/1168/208 2404/1167/208
f 2479/1175/209 2402/1176/209 2403/1173/209
f 2479/1175/209 2403/1173/209 2468/1174/209
f 2408/1170/210 2480/1169/210 2472/1177/210
f 2408/1170/210 2472/1177/210 2401/1178/210
f 2401/1178/211 2472/1177/211 2479/1179/211
f 2401/1178/211 2479/1179/211 2402/1180/211
f 2467/1172/212 2406/1171/212 2407/1144/212
f 2467/1172/212 2407/1144/212 2477/1143/212
f 2477/1143/105 2471/1146/105 2478/1168/105
f 2477/1143/105 2478/1168/105 2464/1181/105
f 2477/1143/105 2464/1181/105 2459/1182/105
f 2477/1143/105 2459/1182/105 2463/1183/105
f 2456/1184/190 2449/1185/190 2441/1186/190
f 2456/1184/190 2441/1186/190 2448/1187/190
f 2480/1169/105 2467/1172/105 2477/1143/105
f 2480/1169/105 2477/1143/105 2463/1188/105
f 2480/1169/105 2463/1188/105 2457/1189/105
f 2480/1169/105 2457/1189/105 2462/1190/105
f 2473/1191/185 2469/1192/185 2452/1193/185
f 2473/1191/185 2452/1193/185 2450/1194/185
f 2469/1195/187 2474/1196/187 2453/1197/187
f 2469/1195/187 2453/1197/187 2452/1198/187
f 2479/1179/105 2472/1177/105 2480/1169/105
f 2479/1179/105 2480/1169/105 2462/1199/105
f 2479/1179/105 2462/1199/105 2460/1200/105
f 2479/1179/105 2460/1200/105 2461/1201/105
f 2465/1202/183 2473/1203/183 2450/1204/183
f 2465/1202/183 2450/1204/183 2451/1205/183
f 2452/1206/191 2453/1163/191 2445/1166/191
f 2452/1206/191 2445/1166/191 2444/1207/191
f 2451/1208/195 2450/1209/195 2442/1210/195
f 2451/1208/195 2442/1210/195 2443/1211/195
f 2449/1185/193 2451/1208/193 2443/1211/193
f 2449/1185/193 2443/1211/193 2441/1186/193
f 2450/1212/194 2452/1206/194 2444/1207/194
f 2450/1212/194 2444/1207/194 2442/1018/194
f 2476/1213/186 2465/1214/186 2451/1215/186
f 2476/1213/186 2451/1215/186 2449/1216/186
f 2455/1217/192 2456/1184/192 2448/1187/192
f 2455/1217/192 2448/1187/192 2447/1218/192
f 2463/1183/174 2459/1182/174 2469/1192/174
f 2463/1183/174 2469/1192/174 2473/1191/174
f 2466/1219/180 2475/1220/180 2455/1221/180
f 2466/1219/180 2455/1221/180 2454/1222/180
f 2474/1223/184 2466/1224/184 2454/1225/184
f 2474/1223/184 2454/1225/184 2453/1226/184
f 2478/1168/105 2468/1174/105 2479/1175/105
f 2478/1168/105 2479/1175/105 2461/1227/105
f 2478/1168/105 2461/1227/105 2458/1228/105
f 2478/1168/105 2458/1228/105 2464/1229/105
f 2470/1230/189 2476/1231/189 2449/1232/189
f 2470/1230/189 2449/1232/189 2456/1233/189
f 2454/1164/182 2455/1098/182 2447/1024/182
f 2454/1164/182 2447/1024/182 2446/1165/182
f 2475/1234/188 2470/1235/188 2456/1236/188
f 2475/1234/188 2456/1236/188 2455/1237/188
f 2443/1238/103 2442/1239/103 2444/1240/103
f 2443/1238/103 2444/1240/103 2445/1241/103
f 2443/1238/103 2445/1241/103 2446/1242/103
f 2443/1238/103 2446/1242/103 2447/1243/103
f 2443/1238/103 2447/1243/103 2448/1244/103
f 2443/1238/103 2448/1244/103 2441/1245/103
f 2464/1229/283 2458/1228/283 2466/1224/283
f 2464/1229/283 2466/1224/283 2474/1223/283
f 2458/1228/172 2461/1227/172 2475/1220/172
f 2458/1228/172 2475/1220/172 2466/1219/172
f 2462/1190/176 2457/1189/176 2465/1214/176
f 2462/1190/176 2465/1214/176 2476/1213/176
f 2459/1182/169 2464/1181/169 2474/1196/169
f 2459/1182/169 2474/1196/169 2469/1195/169
f 2457/1189/171 2463/1188/171 2473/1203/171
f 2457/1189/171 2473/1203/171 2465/1202/171
f 2460/1200/170 2462/1199/170 2476/1231/170
f 2460/1200/170 2476/1231/170 2470/1230/170
f 2461/1201/173 2460/1200/173 2470/1235/173
f 2461/1201/173 2470/1235/173 2475/1234/173
f 2370/1058/213 2362/1246/213 2363/1247/213
f 2370/1058/213 2363/1247/213 2381/1057/213
f 2361/1248/214 2377/1054/214 2370/1053/214
f 2361/1248/214 2370/1053/214 2362/1249/214
f 2368/1250/215 2369/1055/215 2377/1054/215
f 2368/1250/215 2377/1054/215 2361/1248/215
f 2369/1055/284 2368/1250/284 2366/1251/284
f 2369/1055/284 2366/1251/284 2382/1059/284
f 2382/1059/217 2366/1251/217 2367/1252/217
f 2382/1059/217 2367/1252/217 2372/1060/217
f 2372/1060/218 2367/1252/218 2365/1253/218
f 2372/1060/218 2365/1253/218 2378/1063/218
f 2378/1063/219 2365/1253/219 2364/1254/219
f 2378/1063/219 2364/1254/219 2371/1056/219
f 2363/1247/285 2381/1057/285 2371/1056/285
f 2363/1247/285 2371/1056/285 2364/1254/285
f 2484/1255/186 2416/1256/186 2430/1257/186
f 2484/1255/186 2430/1257/186 2432/1258/186
f 2426/1259/192 2425/1122/192 2433/1125/192
f 2426/1259/192 2433/1125/192 2434/1260/192
f 2418/1140/174 2422/1139/174 2412/1151/174
f 2418/1140/174 2412/1151/174 2481/1150/174
f 2415/1261/180 2483/1262/180 2426/1263/180
f 2415/1261/180 2426/1263/180 2427/1264/180
f 2482/1265/184 2415/1266/184 2427/1267/184
f 2482/1265/184 2427/1267/184 2428/1268/184
f 2486/1108/105 2413/1107/105 2487/1154/105
f 2486/1108/105 2487/1154/105 2420/1269/105
f 2486/1108/105 2420/1269/105 2423/1270/105
f 2486/1108/105 2423/1270/105 2417/1271/105
f 2411/1272/189 2484/1273/189 2432/1274/189
f 2411/1272/189 2432/1274/189 2425/1275/189
f 2427/1148/182 2426/1276/182 2434/1277/182
f 2427/1148/182 2434/1277/182 2435/1149/182
f 2483/1278/188 2411/1279/188 2425/1280/188
f 2483/1278/188 2425/1280/188 2426/1281/188
f 2438/1282/103 2439/1283/103 2437/1284/103
f 2438/1282/103 2437/1284/103 2436/1285/103
f 2438/1282/103 2436/1285/103 2435/1286/103
f 2438/1282/103 2435/1286/103 2434/1260/103
f 2438/1282/103 2434/1260/103 2433/1125/103
f 2438/1282/103 2433/1125/103 2440/1287/103
f 2417/1271/175 2423/1270/175 2415/1266/175
f 2417/1271/175 2415/1266/175 2482/1265/175
f 2423/1270/172 2420/1269/172 2483/1262/172
f 2423/1270/172 2483/1262/172 2415/1261/172
f 2419/1158/176 2424/1157/176 2416/1256/176
f 2419/1158/176 2416/1256/176 2484/1255/176
f 2422/1139/169 2417/1138/169 2482/1160/169
f 2422/1139/169 2482/1160/169 2412/1159/169
f 2424/1157/171 2418/1156/171 2481/1129/171
f 2424/1157/171 2481/1129/171 2416/1128/171
f 2421/1114/170 2419/1113/170 2484/1273/170
f 2421/1114/170 2484/1273/170 2411/1272/170
f 2420/1115/173 2421/1114/173 2411/1279/173
f 2420/1115/173 2411/1279/173 2483/1278/173
f 2497/861/221 2498/862/221 2492/863/221
f 2497/861/221 2492/863/221 2491/864/221
f 2501/865/222 2502/866/222 2496/867/222
f 2501/865/222 2496/867/222 2495/868/222
f 2509/869/223 2507/870/223 2494/871/223
f 2509/869/223 2494/871/223 2493/872/223
f 2514/873/224 2512/874/224 2490/875/224
f 2514/873/224 2490/875/224 2489/876/224
f 2516/877/103 2508/878/103 2490/879/103
f 2516/877/103 2490/879/103 2512/880/103
f 2513/881/103 2492/863/103 2498/862/103
f 2513/881/103 2498/862/103 2515/882/103
f 2495/868/223 2496/883/223 2500/884/223
f 2495/868/223 2500/884/223 2499/885/223
f 2541/886/103 2508/878/103 2516/877/103
f 2541/886/103 2516/877/103 2546/887/103
f 2541/886/103 2546/887/103 2515/882/103
f 2541/886/103 2515/882/103 2498/862/103
f 2496/888/103 2502/889/103 2505/890/103
f 2496/888/103 2505/890/103 2500/891/103
f 2507/892/103 2510/893/103 2504/894/103
f 2507/892/103 2504/894/103 2494/895/103
f 2493/872/224 2494/896/224 2504/897/224
f 2493/872/224 2504/897/224 2503/898/224
f 2533/899/222 2529/900/222 2502/866/222
f 2533/899/222 2502/866/222 2501/865/222
f 2489/876/221 2490/879/221 2508/878/221
f 2489/876/221 2508/878/221 2506/901/221
f 2546/887/225 2516/877/225 2520/902/225
f 2546/887/225 2520/902/225 2548/903/225
f 2546/887/225 2548/903/225 2517/904/225
f 2546/887/225 2517/904/225 2515/882/225
f 2509/869/105 2493/872/105 2503/898/105
f 2509/869/105 2503/898/105 2530/905/105
f 2509/869/105 2530/905/105 2514/873/105
f 2509/869/105 2514/873/105 2489/876/105
f 2509/869/105 2489/876/105 2506/901/105
f 2509/869/105 2506/901/105 2543/906/105
f 2509/869/105 2543/906/105 2497/861/105
f 2509/869/105 2497/861/105 2491/864/105
f 2509/869/105 2491/864/105 2511/907/105
f 2509/869/105 2511/907/105 2533/899/105
f 2509/869/105 2533/899/105 2501/865/105
f 2509/869/105 2501/865/105 2495/868/105
f 2509/869/105 2495/868/105 2499/885/105
f 2509/869/105 2499/885/105 2542/908/105
f 2545/909/103 2510/893/103 2507/892/103
f 2545/909/103 2507/892/103 2544/910/103
f 2545/909/103 2544/910/103 2500/891/103
f 2545/909/103 2500/891/103 2505/890/103
f 2491/864/222 2492/911/222 2513/912/222
f 2491/864/222 2513/912/222 2511/907/222
f 2541/886/221 2498/862/221 2497/861/221
f 2541/886/221 2497/861/221 2543/906/221
f 2541/886/221 2543/906/221 2506/901/221
f 2541/886/221 2506/901/221 2508/878/221
f 2529/913/103 2513/881/103 2515/882/103
f 2529/913/103 2515/882/103 2531/914/103
f 2532/915/103 2516/877/103 2512/880/103
f 2532/915/103 2512/880/103 2534/916/103
f 2530/905/224 2534/917/224 2512/874/224
f 2530/905/224 2512/874/224 2514/873/224
f 2548/918/221 2520/919/221 2524/920/221
f 2548/918/221 2524/920/221 2550/921/221
f 2548/918/221 2550/921/221 2521/922/221
f 2548/918/221 2521/922/221 2517/923/221
f 2532/915/226 2510/893/226 2519/924/226
f 2532/915/226 2519/924/226 2536/925/226
f 2545/909/227 2505/890/227 2518/926/227
f 2545/909/227 2518/926/227 2547/927/227
f 2545/909/227 2547/927/227 2519/924/227
f 2545/909/227 2519/924/227 2510/893/227
f 2531/914/228 2515/882/228 2517/904/228
f 2531/914/228 2517/904/228 2535/928/228
f 2558/929/229 2553/930/229 2527/931/229
f 2558/929/229 2527/931/229 2540/932/229
f 2544/933/223 2507/870/223 2509/869/223
f 2544/933/223 2509/869/223 2542/908/223
f 2544/933/223 2542/908/223 2499/885/223
f 2544/933/223 2499/885/223 2500/884/223
f 2535/934/222 2517/935/222 2521/936/222
f 2535/934/222 2521/936/222 2537/937/222
f 2535/934/222 2537/937/222 2522/938/222
f 2535/934/222 2522/938/222 2518/939/222
f 2536/940/224 2519/941/224 2523/942/224
f 2536/940/224 2523/942/224 2538/943/224
f 2536/940/224 2538/943/224 2524/920/224
f 2536/940/224 2524/920/224 2520/919/224
f 2557/944/230 2555/945/230 2525/946/230
f 2557/944/230 2525/946/230 2539/947/230
f 2560/948/231 2554/949/231 2528/950/231
f 2560/948/231 2528/950/231 2552/951/231
f 2559/952/232 2556/953/232 2526/954/232
f 2559/952/232 2526/954/232 2551/955/232
f 2556/956/233 2557/944/233 2539/957/233
f 2556/956/233 2539/957/233 2526/958/233
f 2554/959/234 2558/929/234 2540/960/234
f 2554/959/234 2540/960/234 2528/961/234
f 2505/890/228 2531/914/228 2535/928/228
f 2505/890/228 2535/928/228 2518/926/228
f 2516/877/226 2532/915/226 2536/925/226
f 2516/877/226 2536/925/226 2520/902/226
f 2503/898/224 2504/897/224 2534/917/224
f 2503/898/224 2534/917/224 2530/905/224
f 2510/893/103 2532/915/103 2534/916/103
f 2510/893/103 2534/916/103 2504/894/103
f 2502/889/103 2529/913/103 2531/914/103
f 2502/889/103 2531/914/103 2505/890/103
f 2511/907/222 2513/912/222 2529/900/222
f 2511/907/222 2529/900/222 2533/899/222
f 2553/962/235 2559/952/235 2551/963/235
f 2553/962/235 2551/963/235 2527/964/235
f 2555/965/236 2560/948/236 2552/966/236
f 2555/965/236 2552/966/236 2525/967/236
f 2547/968/223 2518/939/223 2522/938/223
f 2547/968/223 2522/938/223 2549/969/223
f 2547/968/223 2549/969/223 2523/942/223
f 2547/968/223 2523/942/223 2519/941/223
f 2522/970/237 2537/971/237 2521/972/237
f 2522/970/237 2521/972/237 2555/945/237
f 2522/970/237 2555/945/237 2557/944/237
f 2522/970/237 2557/944/237 2556/956/237
f 2523/973/238 2549/974/238 2522/975/238
f 2523/973/238 2522/975/238 2556/953/238
f 2523/973/238 2556/953/238 2559/952/238
f 2523/973/238 2559/952/238 2553/962/238
f 2521/976/239 2550/977/239 2524/978/239
f 2521/976/239 2524/978/239 2554/949/239
f 2521/976/239 2554/949/239 2560/948/239
f 2521/976/239 2560/948/239 2555/965/239
f 2551/955/240 2526/954/240 2562/979/240
f 2551/955/240 2562/979/240 2563/980/240
f 2524/981/241 2538/982/241 2523/983/241
f 2524/981/241 2523/983/241 2553/930/241
f 2524/981/241 2553/930/241 2558/929/241
f 2524/981/241 2558/929/241 2554/959/241
f 2563/984/242 2562/985/242 2570/986/242
f 2563/984/242 2570/986/242 2571/987/242
f 2552/951/243 2528/950/243 2567/988/243
f 2552/951/243 2567/988/243 2566/989/243
f 2527/964/244 2551/963/244 2563/990/244
f 2527/964/244 2563/990/244 2564/991/244
f 2528/961/245 2540/960/245 2565/992/245
f 2528/961/245 2565/992/245 2567/993/245
f 2525/967/246 2552/966/246 2566/994/246
f 2525/967/246 2566/994/246 2568/995/246
f 2540/932/247 2527/931/247 2564/996/247
f 2540/932/247 2564/996/247 2565/997/247
f 2526/958/248 2539/957/248 2561/998/248
f 2526/958/248 2561/998/248 2562/999/248
f 2539/947/249 2525/946/249 2568/1000/249
f 2539/947/249 2568/1000/249 2561/1001/249
f 2574/1002/103 2575/1003/103 2573/1004/103
f 2574/1002/103 2573/1004/103 2572/1005/103
f 2574/1002/103 2572/1005/103 2571/1006/103
f 2574/1002/103 2571/1006/103 2570/1007/103
f 2574/1002/103 2570/1007/103 2569/1008/103
f 2574/1002/103 2569/1008/103 2576/1009/103
f 2561/1010/250 2568/1011/250 2576/1012/250
f 2561/1010/250 2576/1012/250 2569/1013/250
f 2565/1014/251 2564/1015/251 2572/1016/251
f 2565/1014/251 2572/1016/251 2573/1017/251
f 2562/1018/252 2561/1010/252 2569/1013/252
f 2562/1018/252 2569/1013/252 2570/1019/252
f 2568/1011/253 2566/1020/253 2574/1021/253
f 2568/1011/253 2574/1021/253 2576/1012/253
f 2567/1022/254 2565/1014/254 2573/1017/254
f 2567/1022/254 2573/1017/254 2575/1023/254
f 2566/1020/255 2567/1024/255 2575/1025/255
f 2566/1020/255 2575/1025/255 2574/1021/255
f 2564/1015/256 2563/984/256 2571/987/256
f 2564/1015/256 2571/987/256 2572/1016/256
f 2598/1026/229 2593/1027/229 2583/1028/229
f 2598/1026/229 2583/1028/229 2588/1029/229
f 2597/1030/230 2595/1031/230 2581/1032/230
f 2597/1030/230 2581/1032/230 2587/1033/230
f 2600/1034/231 2594/1035/231 2584/1036/231
f 2600/1034/231 2584/1036/231 2592/1037/231
f 2599/1038/232 2596/1039/232 2582/1040/232
f 2599/1038/232 2582/1040/232 2591/1041/232
f 2596/1042/233 2597/1030/233 2587/1043/233
f 2596/1042/233 2587/1043/233 2582/1044/233
f 2594/1045/234 2598/1026/234 2588/1046/234
f 2594/1045/234 2588/1046/234 2584/1047/234
f 2593/1048/235 2599/1038/235 2591/1049/235
f 2593/1048/235 2591/1049/235 2583/1050/235
f 2595/1031/236 2600/1034/236 2592/1051/236
f 2595/1031/236 2592/1051/236 2581/1052/236
f 2578/1053/105 2585/1054/105 2577/1055/105
f 2578/1053/105 2577/1055/105 2595/1031/105
f 2578/1053/105 2595/1031/105 2597/1030/105
f 2578/1053/105 2597/1030/105 2596/1042/105
f 2579/1056/105 2589/1057/105 2578/1058/105
f 2579/1056/105 2578/1058/105 2596/1039/105
f 2579/1056/105 2596/1039/105 2599/1038/105
f 2579/1056/105 2599/1038/105 2593/1048/105
f 2577/1055/105 2590/1059/105 2580/1060/105
f 2577/1055/105 2580/1060/105 2594/1035/105
f 2577/1055/105 2594/1035/105 2600/1034/105
f 2577/1055/105 2600/1034/105 2595/1031/105
f 2591/1041/240 2582/1040/240 2602/1061/240
f 2591/1041/240 2602/1061/240 2603/1062/240
f 2580/1060/105 2586/1063/105 2579/1056/105
f 2580/1060/105 2579/1056/105 2593/1027/105
f 2580/1060/105 2593/1027/105 2598/1026/105
f 2580/1060/105 2598/1026/105 2594/1045/105
f 2603/1064/242 2602/1065/242 2610/1066/242
f 2603/1064/242 2610/1066/242 2611/1067/242
f 2592/1037/243 2584/1036/243 2607/1068/243
f 2592/1037/243 2607/1068/243 2606/1069/243
f 2583/1050/244 2591/1049/244 2603/1070/244
f 2583/1050/244 2603/1070/244 2604/1071/244
f 2584/1047/245 2588/1046/245 2605/1072/245
f 2584/1047/245 2605/1072/245 2607/1073/245
f 2581/1052/246 2592/1051/246 2606/1074/246
f 2581/1052/246 2606/1074/246 2608/1075/246
f 2588/1029/247 2583/1028/247 2604/1076/247
f 2588/1029/247 2604/1076/247 2605/1077/247
f 2582/1044/248 2587/1043/248 2601/1078/248
f 2582/1044/248 2601/1078/248 2602/1079/248
f 2587/1033/249 2581/1032/249 2608/1080/249
f 2587/1033/249 2608/1080/249 2601/1081/249
f 2614/1082/103 2615/1083/103 2613/1084/103
f 2614/1082/103 2613/1084/103 2612/1085/103
f 2614/1082/103 2612/1085/103 2611/1086/103
f 2614/1082/103 2611/1086/103 2610/1087/103
f 2614/1082/103 2610/1087/103 2609/1088/103
f 2614/1082/103 2609/1088/103 2616/1089/103
f 2601/1090/250 2608/1091/250 2616/1092/250
f 2601/1090/250 2616/1092/250 2609/1093/250
f 2605/1094/251 2604/1095/251 2612/1096/251
f 2605/1094/251 2612/1096/251 2613/1097/251
f 2602/1098/252 2601/1090/252 2609/1093/252
f 2602/1098/252 2609/1093/252 2610/1099/252
f 2608/1091/253 2606/1100/253 2614/1101/253
f 2608/1091/253 2614/1101/253 2616/1092/253
f 2607/1102/254 2605/1094/254 2613/1097/254
f 2607/1102/254 2613/1097/254 2615/1103/254
f 2606/1100/255 2607/1104/255 2615/1105/255
f 2606/1100/255 2615/1105/255 2614/1101/255
f 2604/1095/256 2603/1064/256 2611/1067/256
f 2604/1095/256 2611/1067/256 2612/1096/256
f 2654/1106/257 2621/1107/257 2694/1108/257
f 2654/1106/257 2694/1108/257 2653/1109/257
f 2695/1110/105 2617/1111/105 2696/1112/105
f 2695/1110/105 2696/1112/105 2627/1113/105
f 2695/1110/105 2627/1113/105 2629/1114/105
f 2695/1110/105 2629/1114/105 2628/1115/105
f 2618/1116/258 2652/1117/258 2653/1109/258
f 2618/1116/258 2653/1109/258 2694/1108/258
f 2622/1118/259 2651/1119/259 2650/1120/259
f 2622/1118/259 2650/1120/259 2693/1121/259
f 2633/1122/250 2640/1123/250 2648/1124/250
f 2633/1122/250 2648/1124/250 2641/1125/250
f 2693/1121/260 2650/1120/260 2652/1117/260
f 2693/1121/260 2652/1117/260 2618/1116/260
f 2649/1126/261 2696/1112/261 2617/1111/261
f 2649/1126/261 2617/1111/261 2656/1127/261
f 2624/1128/243 2689/1129/243 2639/1130/243
f 2624/1128/243 2639/1130/243 2638/1131/243
f 2639/1132/254 2637/1133/254 2645/1134/254
f 2639/1132/254 2645/1134/254 2647/1135/254
f 2638/1136/255 2639/1132/255 2647/1135/255
f 2638/1136/255 2647/1135/255 2646/1137/255
f 2640/1123/253 2638/1136/253 2646/1137/253
f 2640/1123/253 2646/1137/253 2648/1124/253
f 2693/1121/105 2618/1116/105 2694/1108/105
f 2693/1121/105 2694/1108/105 2625/1138/105
f 2693/1121/105 2625/1138/105 2630/1139/105
f 2693/1121/105 2630/1139/105 2626/1140/105
f 2637/1133/251 2636/1141/251 2644/1142/251
f 2637/1133/251 2644/1142/251 2645/1134/251
f 2685/1143/262 2615/1144/262 2613/1145/262
f 2685/1143/262 2613/1145/262 2679/1146/262
f 2696/1112/263 2649/1126/263 2651/1119/263
f 2696/1112/263 2651/1119/263 2622/1118/263
f 2656/1127/264 2617/1111/264 2695/1110/264
f 2656/1127/264 2695/1110/264 2655/1147/264
f 2636/1141/256 2635/1148/256 2643/1149/256
f 2636/1141/256 2643/1149/256 2644/1142/256
f 2689/1150/245 2620/1151/245 2637/1152/245
f 2689/1150/245 2637/1152/245 2639/1153/245
f 2695/1154/265 2655/1155/265 2654/1106/265
f 2695/1154/265 2654/1106/265 2621/1107/265
f 2696/1112/105 2622/1118/105 2693/1121/105
f 2696/1112/105 2693/1121/105 2626/1156/105
f 2696/1112/105 2626/1156/105 2632/1157/105
f 2696/1112/105 2632/1157/105 2627/1158/105
f 2620/1159/247 2690/1160/247 2636/1161/247
f 2620/1159/247 2636/1161/247 2637/1162/247
f 2661/1163/256 2662/1164/256 2654/1165/256
f 2661/1163/256 2654/1165/256 2653/1166/256
f 2679/1146/266 2613/1145/266 2612/1167/266
f 2679/1146/266 2612/1167/266 2686/1168/266
f 2688/1169/267 2616/1170/267 2614/1171/267
f 2688/1169/267 2614/1171/267 2675/1172/267
f 2611/1173/268 2676/1174/268 2686/1168/268
f 2611/1173/268 2686/1168/268 2612/1167/268
f 2687/1175/269 2610/1176/269 2611/1173/269
f 2687/1175/269 2611/1173/269 2676/1174/269
f 2616/1170/270 2688/1169/270 2680/1177/270
f 2616/1170/270 2680/1177/270 2609/1178/270
f 2609/1178/271 2680/1177/271 2687/1179/271
f 2609/1178/271 2687/1179/271 2610/1180/271
f 2675/1172/272 2614/1171/272 2615/1144/272
f 2675/1172/272 2615/1144/272 2685/1143/272
f 2685/1143/105 2679/1146/105 2686/1168/105
f 2685/1143/105 2686/1168/105 2672/1181/105
f 2685/1143/105 2672/1181/105 2667/1182/105
f 2685/1143/105 2667/1182/105 2671/1183/105
f 2664/1184/250 2657/1185/250 2649/1186/250
f 2664/1184/250 2649/1186/250 2656/1187/250
f 2688/1169/105 2675/1172/105 2685/1143/105
f 2688/1169/105 2685/1143/105 2671/1188/105
f 2688/1169/105 2671/1188/105 2665/1189/105
f 2688/1169/105 2665/1189/105 2670/1190/105
f 2681/1191/245 2677/1192/245 2660/1193/245
f 2681/1191/245 2660/1193/245 2658/1194/245
f 2677/1195/247 2682/1196/247 2661/1197/247
f 2677/1195/247 2661/1197/247 2660/1198/247
f 2687/1179/105 2680/1177/105 2688/1169/105
f 2687/1179/105 2688/1169/105 2670/1199/105
f 2687/1179/105 2670/1199/105 2668/1200/105
f 2687/1179/105 2668/1200/105 2669/1201/105
f 2673/1202/243 2681/1203/243 2658/1204/243
f 2673/1202/243 2658/1204/243 2659/1205/243
f 2660/1206/251 2661/1163/251 2653/1166/251
f 2660/1206/251 2653/1166/251 2652/1207/251
f 2659/1208/255 2658/1209/255 2650/1210/255
f 2659/1208/255 2650/1210/255 2651/1211/255
f 2657/1185/253 2659/1208/253 2651/1211/253
f 2657/1185/253 2651/1211/253 2649/1186/253
f 2658/1212/254 2660/1206/254 2652/1207/254
f 2658/1212/254 2652/1207/254 2650/1018/254
f 2684/1213/246 2673/1214/246 2659/1215/246
f 2684/1213/246 2659/1215/246 2657/1216/246
f 2663/1217/252 2664/1184/252 2656/1187/252
f 2663/1217/252 2656/1187/252 2655/1218/252
f 2671/1183/234 2667/1182/234 2677/1192/234
f 2671/1183/234 2677/1192/234 2681/1191/234
f 2674/1219/240 2683/1220/240 2663/1221/240
f 2674/1219/240 2663/1221/240 2662/1222/240
f 2682/1223/244 2674/1224/244 2662/1225/244
f 2682/1223/244 2662/1225/244 2661/1226/244
f 2686/1168/105 2676/1174/105 2687/1175/105
f 2686/1168/105 2687/1175/105 2669/1227/105
f 2686/1168/105 2669/1227/105 2666/1228/105
f 2686/1168/105 2666/1228/105 2672/1229/105
f 2678/1230/249 2684/1231/249 2657/1232/249
f 2678/1230/249 2657/1232/249 2664/1233/249
f 2662/1164/242 2663/1098/242 2655/1024/242
f 2662/1164/242 2655/1024/242 2654/1165/242
f 2683/1234/248 2678/1235/248 2664/1236/248
f 2683/1234/248 2664/1236/248 2663/1237/248
f 2651/1238/103 2650/1239/103 2652/1240/103
f 2651/1238/103 2652/1240/103 2653/1241/103
f 2651/1238/103 2653/1241/103 2654/1242/103
f 2651/1238/103 2654/1242/103 2655/1243/103
f 2651/1238/103 2655/1243/103 2656/1244/103
f 2651/1238/103 2656/1244/103 2649/1245/103
f 2672/1229/235 2666/1228/235 2674/1224/235
f 2672/1229/235 2674/1224/235 2682/1223/235
f 2666/1228/232 2669/1227/232 2683/1220/232
f 2666/1228/232 2683/1220/232 2674/1219/232
f 2670/1190/236 2665/1189/236 2673/1214/236
f 2670/1190/236 2673/1214/236 2684/1213/236
f 2667/1182/229 2672/1181/229 2682/1196/229
f 2667/1182/229 2682/1196/229 2677/1195/229
f 2665/1189/231 2671/1188/231 2681/1203/231
f 2665/1189/231 2681/1203/231 2673/1202/231
f 2668/1200/230 2670/1199/230 2684/1231/230
f 2668/1200/230 2684/1231/230 2678/1230/230
f 2669/1201/233 2668/1200/233 2678/1235/233
f 2669/1201/233 2678/1235/233 2683/1234/233
f 2578/1058/286 2570/1246/286 2571/1247/286
f 2578/1058/286 2571/1247/286 2589/1057/286
f 2569/1248/274 2585/1054/274 2578/1053/274
f 2569/1248/274 2578/1053/274 2570/1249/274
f 2576/1250/275 2577/1055/275 2585/1054/275
f 2576/1250/275 2585/1054/275 2569/1248/275
f 2577/1055/276 2576/1250/276 2574/1251/276
f 2577/1055/276 2574/1251/276 2590/1059/276
f 2590/1059/287 2574/1251/287 2575/1252/287
f 2590/1059/287 2575/1252/287 2580/1060/287
f 2580/1060/278 2575/1252/278 2573/1253/278
f 2580/1060/278 2573/1253/278 2586/1063/278
f 2586/1063/279 2573/1253/279 2572/1254/279
f 2586/1063/279 2572/1254/279 2579/1056/279
f 2571/1247/280 2589/1057/280 2579/1056/280
f 2571/1247/280 2579/1056/280 2572/1254/280
f 2692/1255/246 2624/1256/246 2638/1257/246
f 2692/1255/246 2638/1257/246 2640/1258/246
f 2634/1259/252 2633/1122/252 2641/1125/252
f 2634/1259/252 2641/1125/252 2642/1260/252
f 2626/1140/234 2630/1139/234 2620/1151/234
f 2626/1140/234 2620/1151/234 2689/1150/234
f 2623/1261/240 2691/1262/240 2634/1263/240
f 2623/1261/240 2634/1263/240 2635/1264/240
f 2690/1265/244 2623/1266/244 2635/1267/244
f 2690/1265/244 2635/1267/244 2636/1268/244
f 2694/1108/105 2621/1107/105 2695/1154/105
f 2694/1108/105 2695/1154/105 2628/1269/105
f 2694/1108/105 2628/1269/105 2631/1270/105
f 2694/1108/105 2631/1270/105 2625/1271/105
f 2619/1272/249 2692/1273/249 2640/1274/249
f 2619/1272/249 2640/1274/249 2633/1275/249
f 2635/1148/242 2634/1276/242 2642/1277/242
f 2635/1148/242 2642/1277/242 2643/1149/242
f 2691/1278/248 2619/1279/248 2633/1280/248
f 2691/1278/248 2633/1280/248 2634/1281/248
f 2646/1282/103 2647/1283/103 2645/1284/103
f 2646/1282/103 2645/1284/103 2644/1285/103
f 2646/1282/103 2644/1285/103 2643/1286/103
f 2646/1282/103 2643/1286/103 2642/1260/103
f 2646/1282/103 2642/1260/103 2641/1125/103
f 2646/1282/103 2641/1125/103 2648/1287/103
f 2625/1271/235 2631/1270/235 2623/1266/235
f 2625/1271/235 2623/1266/235 2690/1265/235
f 2631/1270/232 2628/1269/232 2691/1262/232
f 2631/1270/232 2691/1262/232 2623/1261/232
f 2627/1158/236 2632/1157/236 2624/1256/236
f 2627/1158/236 2624/1256/236 2692/1255/236
f 2630/1139/229 2625/1138/229 2690/1160/229
f 2630/1139/229 2690/1160/229 2620/1159/229
f 2632/1157/231 2626/1156/231 2689/1129/231
f 2632/1157/231 2689/1129/231 2624/1128/231
f 2629/1114/230 2627/1113/230 2692/1273/230
f 2629/1114/230 2692/1273/230 2619/1272/230
f 2628/1115/233 2629/1114/233 2619/1279/233
f 2628/1115/233 2619/1279/233 2691/1278/233
f 2705/861/99 2706/862/99 2700/863/99
f 2705/861/99 2700/863/99 2699/864/99
f 2709/865/100 2710/866/100 2704/867/100
f 2709/865/100 2704/867/100 2703/868/100
f 2717/869/101 2715/870/101 2702/871/101
f 2717/869/101 2702/871/101 2701/872/101
f 2722/873/102 2720/874/102 2698/875/102
f 2722/873/102 2698/875/102 2697/876/102
f 2724/877/103 2716/878/103 2698/879/103
f 2724/877/103 2698/879/103 2720/880/103
f 2721/881/103 2700/863/103 2706/862/103
f 2721/881/103 2706/862/103 2723/882/103
f 2703/868/101 2704/883/101 2708/884/101
f 2703/868/101 2708/884/101 2707/885/101
f 2749/886/103 2716/878/103 2724/877/103
f 2749/886/103 2724/877/103 2754/887/103
f 2749/886/103 2754/887/103 2723/882/103
f 2749/886/103 2723/882/103 2706/862/103
f 2704/888/103 2710/889/103 2713/890/103
f 2704/888/103 2713/890/103 2708/891/103
f 2715/892/103 2718/893/103 2712/894/103
f 2715/892/103 2712/894/103 2702/895/103
f 2701/872/102 2702/896/102 2712/897/102
f 2701/872/102 2712/897/102 2711/898/102
f 2741/899/100 2737/900/100 2710/866/100
f 2741/899/100 2710/866/100 2709/865/100
f 2697/876/99 2698/879/99 2716/878/99
f 2697/876/99 2716/878/99 2714/901/99
f 2754/887/104 2724/877/104 2728/902/104
f 2754/887/104 2728/902/104 2756/903/104
f 2754/887/104 2756/903/104 2725/904/104
f 2754/887/104 2725/904/104 2723/882/104
f 2717/869/105 2701/872/105 2711/898/105
f 2717/869/105 2711/898/105 2738/905/105
f 2717/869/105 2738/905/105 2722/873/105
f 2717/869/105 2722/873/105 2697/876/105
f 2717/869/105 2697/876/105 2714/901/105
f 2717/869/105 2714/901/105 2751/906/105
f 2717/869/105 2751/906/105 2705/861/105
f 2717/869/105 2705/861/105 2699/864/105
f 2717/869/105 2699/864/105 2719/907/105
f 2717/869/105 2719/907/105 2741/899/105
f 2717/869/105 2741/899/105 2709/865/105
f 2717/869/105 2709/865/105 2703/868/105
f 2717/869/105 2703/868/105 2707/885/105
f 2717/869/105 2707/885/105 2750/908/105
f 2753/909/103 2718/893/103 2715/892/103
f 2753/909/103 2715/892/103 2752/910/103
f 2753/909/103 2752/910/103 2708/891/103
f 2753/909/103 2708/891/103 2713/890/103
f 2699/864/100 2700/911/100 2721/912/100
f 2699/864/100 2721/912/100 2719/907/100
f 2749/886/99 2706/862/99 2705/861/99
f 2749/886/99 2705/861/99 2751/906/99
f 2749/886/99 2751/906/99 2714/901/99
f 2749/886/99 2714/901/99 2716/878/99
f 2737/913/103 2721/881/103 2723/882/103
f 2737/913/103 2723/882/103 2739/914/103
f 2740/915/103 2724/877/103 2720/880/103
f 2740/915/103 2720/880/103 2742/916/103
f 2738/905/102 2742/917/102 2720/874/102
f 2738/905/102 2720/874/102 2722/873/102
f 2756/918/99 2728/919/99 2732/920/99
f 2756/918/99 2732/920/99 2758/921/99
f 2756/918/99 2758/921/99 2729/922/99
f 2756/918/99 2729/922/99 2725/923/99
f 2740/915/106 2718/893/106 2727/924/106
f 2740/915/106 2727/924/106 2744/925/106
f 2753/909/107 2713/890/107 2726/926/107
f 2753/909/107 2726/926/107 2755/927/107
f 2753/909/107 2755/927/107 2727/924/107
f 2753/909/107 2727/924/107 2718/893/107
f 2739/914/108 2723/882/108 2725/904/108
f 2739/914/108 2725/904/108 2743/928/108
f 2766/929/109 2761/930/109 2735/931/109
f 2766/929/109 2735/931/109 2748/932/109
f 2752/933/101 2715/870/101 2717/869/101
f 2752/933/101 2717/869/101 2750/908/101
f 2752/933/101 2750/908/101 2707/885/101
f 2752/933/101 2707/885/101 2708/884/101
f 2743/934/100 2725/935/100 2729/936/100
f 2743/934/100 2729/936/100 2745/937/100
f 2743/934/100 2745/937/100 2730/938/100
f 2743/934/100 2730/938/100 2726/939/100
f 2744/940/102 2727/941/102 2731/942/102
f 2744/940/102 2731/942/102 2746/943/102
f 2744/940/102 2746/943/102 2732/920/102
f 2744/940/102 2732/920/102 2728/919/102
f 2765/944/110 2763/945/110 2733/946/110
f 2765/944/110 2733/946/110 2747/947/110
f 2768/948/288 2762/949/288 2736/950/288
f 2768/948/288 2736/950/288 2760/951/288
f 2767/952/112 2764/953/112 2734/954/112
f 2767/952/112 2734/954/112 2759/955/112
f 2764/956/113 2765/944/113 2747/957/113
f 2764/956/113 2747/957/113 2734/958/113
f 2762/959/114 2766/929/114 2748/960/114
f 2762/959/114 2748/960/114 2736/961/114
f 2713/890/108 2739/914/108 2743/928/108
f 2713/890/108 2743/928/108 2726/926/108
f 2724/877/106 2740/915/106 2744/925/106
f 2724/877/106 2744/925/106 2728/902/106
f 2711/898/102 2712/897/102 2742/917/102
f 2711/898/102 2742/917/102 2738/905/102
f 2718/893/103 2740/915/103 2742/916/103
f 2718/893/103 2742/916/103 2712/894/103
f 2710/889/103 2737/913/103 2739/914/103
f 2710/889/103 2739/914/103 2713/890/103
f 2719/907/100 2721/912/100 2737/900/100
f 2719/907/100 2737/900/100 2741/899/100
f 2761/962/115 2767/952/115 2759/963/115
f 2761/962/115 2759/963/115 2735/964/115
f 2763/965/116 2768/948/116 2760/966/116
f 2763/965/116 2760/966/116 2733/967/116
f 2755/968/101 2726/939/101 2730/938/101
f 2755/968/101 2730/938/101 2757/969/101
f 2755/968/101 2757/969/101 2731/942/101
f 2755/968/101 2731/942/101 2727/941/101
f 2730/970/117 2745/971/117 2729/972/117
f 2730/970/117 2729/972/117 2763/945/117
f 2730/970/117 2763/945/117 2765/944/117
f 2730/970/117 2765/944/117 2764/956/117
f 2731/973/118 2757/974/118 2730/975/118
f 2731/973/118 2730/975/118 2764/953/118
f 2731/973/118 2764/953/118 2767/952/118
f 2731/973/118 2767/952/118 2761/962/118
f 2729/976/119 2758/977/119 2732/978/119
f 2729/976/119 2732/978/119 2762/949/119
f 2729/976/119 2762/949/119 2768/948/119
f 2729/976/119 2768/948/119 2763/965/119
f 2759/955/289 2734/954/289 2770/979/289
f 2759/955/289 2770/979/289 2771/980/289
f 2732/981/121 2746/982/121 2731/983/121
f 2732/981/121 2731/983/121 2761/930/121
f 2732/981/121 2761/930/121 2766/929/121
f 2732/981/121 2766/929/121 2762/959/121
f 2771/984/122 2770/985/122 2778/986/122
f 2771/984/122 2778/986/122 2779/987/122
f 2760/951/281 2736/950/281 2775/988/281
f 2760/951/281 2775/988/281 2774/989/281
f 2735/964/290 2759/963/290 2771/990/290
f 2735/964/290 2771/990/290 2772/991/290
f 2736/961/125 2748/960/125 2773/992/125
f 2736/961/125 2773/992/125 2775/993/125
f 2733/967/291 2760/966/291 2774/994/291
f 2733/967/291 2774/994/291 2776/995/291
f 2748/932/127 2735/931/127 2772/996/127
f 2748/932/127 2772/996/127 2773/997/127
f 2734/958/128 2747/957/128 2769/998/128
f 2734/958/128 2769/998/128 2770/999/128
f 2747/947/282 2733/946/282 2776/1000/282
f 2747/947/282 2776/1000/282 2769/1001/282
f 2782/1002/103 2783/1003/103 2781/1004/103
f 2782/1002/103 2781/1004/103 2780/1005/103
f 2782/1002/103 2780/1005/103 2779/1006/103
f 2782/1002/103 2779/1006/103 2778/1007/103
f 2782/1002/103 2778/1007/103 2777/1008/103
f 2782/1002/103 2777/1008/103 2784/1009/103
f 2769/1010/130 2776/1011/130 2784/1012/130
f 2769/1010/130 2784/1012/130 2777/1013/130
f 2773/1014/131 2772/1015/131 2780/1016/131
f 2773/1014/131 2780/1016/131 2781/1017/131
f 2770/1018/132 2769/1010/132 2777/1013/132
f 2770/1018/132 2777/1013/132 2778/1019/132
f 2776/1011/133 2774/1020/133 2782/1021/133
f 2776/1011/133 2782/1021/133 2784/1012/133
f 2775/1022/134 2773/1014/134 2781/1017/134
f 2775/1022/134 2781/1017/134 2783/1023/134
f 2774/1020/135 2775/1024/135 2783/1025/135
f 2774/1020/135 2783/1025/135 2782/1021/135
f 2772/1015/136 2771/984/136 2779/987/136
f 2772/1015/136 2779/987/136 2780/1016/136
f 2806/1026/109 2801/1027/109 2791/1028/109
f 2806/1026/109 2791/1028/109 2796/1029/109
f 2805/1030/110 2803/1031/110 2789/1032/110
f 2805/1030/110 2789/1032/110 2795/1033/110
f 2808/1034/288 2802/1035/288 2792/1036/288
f 2808/1034/288 2792/1036/288 2800/1037/288
f 2807/1038/112 2804/1039/112 2790/1040/112
f 2807/1038/112 2790/1040/112 2799/1041/112
f 2804/1042/113 2805/1030/113 2795/1043/113
f 2804/1042/113 2795/1043/113 2790/1044/113
f 2802/1045/114 2806/1026/114 2796/1046/114
f 2802/1045/114 2796/1046/114 2792/1047/114
f 2801/1048/115 2807/1038/115 2799/1049/115
f 2801/1048/115 2799/1049/115 2791/1050/115
f 2803/1031/116 2808/1034/116 2800/1051/116
f 2803/1031/116 2800/1051/116 2789/1052/116
f 2786/1053/105 2793/1054/105 2785/1055/105
f 2786/1053/105 2785/1055/105 2803/1031/105
f 2786/1053/105 2803/1031/105 2805/1030/105
f 2786/1053/105 2805/1030/105 2804/1042/105
f 2787/1056/105 2797/1057/105 2786/1058/105
f 2787/1056/105 2786/1058/105 2804/1039/105
f 2787/1056/105 2804/1039/105 2807/1038/105
f 2787/1056/105 2807/1038/105 2801/1048/105
f 2785/1055/105 2798/1059/105 2788/1060/105
f 2785/1055/105 2788/1060/105 2802/1035/105
f 2785/1055/105 2802/1035/105 2808/1034/105
f 2785/1055/105 2808/1034/105 2803/1031/105
f 2799/1041/120 2790/1040/120 2810/1061/120
f 2799/1041/120 2810/1061/120 2811/1062/120
f 2788/1060/105 2794/1063/105 2787/1056/105
f 2788/1060/105 2787/1056/105 2801/1027/105
f 2788/1060/105 2801/1027/105 2806/1026/105
f 2788/1060/105 2806/1026/105 2802/1045/105
f 2811/1064/122 2810/1065/122 2818/1066/122
f 2811/1064/122 2818/1066/122 2819/1067/122
f 2800/1037/123 2792/1036/123 2815/1068/123
f 2800/1037/123 2815/1068/123 2814/1069/123
f 2791/1050/124 2799/1049/124 2811/1070/124
f 2791/1050/124 2811/1070/124 2812/1071/124
f 2792/1047/125 2796/1046/125 2813/1072/125
f 2792/1047/125 2813/1072/125 2815/1073/125
f 2789/1052/126 2800/1051/126 2814/1074/126
f 2789/1052/126 2814/1074/126 2816/1075/126
f 2796/1029/127 2791/1028/127 2812/1076/127
f 2796/1029/127 2812/1076/127 2813/1077/127
f 2790/1044/128 2795/1043/128 2809/1078/128
f 2790/1044/128 2809/1078/128 2810/1079/128
f 2795/1033/282 2789/1032/282 2816/1080/282
f 2795/1033/282 2816/1080/282 2809/1081/282
f 2822/1082/103 2823/1083/103 2821/1084/103
f 2822/1082/103 2821/1084/103 2820/1085/103
f 2822/1082/103 2820/1085/103 2819/1086/103
f 2822/1082/103 2819/1086/103 2818/1087/103
f 2822/1082/103 2818/1087/103 2817/1088/103
f 2822/1082/103 2817/1088/103 2824/1089/103
f 2809/1090/130 2816/1091/130 2824/1092/130
f 2809/1090/130 2824/1092/130 2817/1093/130
f 2813/1094/131 2812/1095/131 2820/1096/131
f 2813/1094/131 2820/1096/131 2821/1097/131
f 2810/1098/132 2809/1090/132 2817/1093/132
f 2810/1098/132 2817/1093/132 2818/1099/132
f 2816/1091/133 2814/1100/133 2822/1101/133
f 2816/1091/133 2822/1101/133 2824/1092/133
f 2815/1102/134 2813/1094/134 2821/1097/134
f 2815/1102/134 2821/1097/134 2823/1103/134
f 2814/1100/135 2815/1104/135 2823/1105/135
f 2814/1100/135 2823/1105/135 2822/1101/135
f 2812/1095/136 2811/1064/136 2819/1067/136
f 2812/1095/136 2819/1067/136 2820/1096/136
f 2862/1106/137 2829/1107/137 2902/1108/137
f 2862/1106/137 2902/1108/137 2861/1109/137
f 2903/1110/105 2825/1111/105 2904/1112/105
f 2903/1110/105 2904/1112/105 2835/1113/105
f 2903/1110/105 2835/1113/105 2837/1114/105
f 2903/1110/105 2837/1114/105 2836/1115/105
f 2826/1116/138 2860/1117/138 2861/1109/138
f 2826/1116/138 2861/1109/138 2902/1108/138
f 2830/1118/139 2859/1119/139 2858/1120/139
f 2830/1118/139 2858/1120/139 2901/1121/139
f 2841/1122/130 2848/1123/130 2856/1124/130
f 2841/1122/130 2856/1124/130 2849/1125/130
f 2901/1121/140 2858/1120/140 2860/1117/140
f 2901/1121/140 2860/1117/140 2826/1116/140
f 2857/1126/141 2904/1112/141 2825/1111/141
f 2857/1126/141 2825/1111/141 2864/1127/141
f 2832/1128/123 2897/1129/123 2847/1130/123
f 2832/1128/123 2847/1130/123 2846/1131/123
f 2847/1132/134 2845/1133/134 2853/1134/134
f 2847/1132/134 2853/1134/134 2855/1135/134
f 2846/1136/135 2847/1132/135 2855/1135/135
f 2846/1136/135 2855/1135/135 2854/1137/135
f 2848/1123/133 2846/1136/133 2854/1137/133
f 2848/1123/133 2854/1137/133 2856/1124/133
f 2901/1121/105 2826/1116/105 2902/1108/105
f 2901/1121/105 2902/1108/105 2833/1138/105
f 2901/1121/105 2833/1138/105 2838/1139/105
f 2901/1121/105 2838/1139/105 2834/1140/105
f 2845/1133/131 2844/1141/131 2852/1142/131
f 2845/1133/131 2852/1142/131 2853/1134/131
f 2893/1143/142 2823/1144/142 2821/1145/142
f 2893/1143/142 2821/1145/142 2887/1146/142
f 2904/1112/143 2857/1126/143 2859/1119/143
f 2904/1112/143 2859/1119/143 2830/1118/143
f 2864/1127/144 2825/1111/144 2903/1110/144
f 2864/1127/144 2903/1110/144 2863/1147/144
f 2844/1141/136 2843/1148/136 2851/1149/136
f 2844/1141/136 2851/1149/136 2852/1142/136
f 2897/1150/125 2828/1151/125 2845/1152/125
f 2897/1150/125 2845/1152/125 2847/1153/125
f 2903/1154/145 2863/1155/145 2862/1106/145
f 2903/1154/145 2862/1106/145 2829/1107/145
f 2904/1112/105 2830/1118/105 2901/1121/105
f 2904/1112/105 2901/1121/105 2834/1156/105
f 2904/1112/105 2834/1156/105 2840/1157/105
f 2904/1112/105 2840/1157/105 2835/1158/105
f 2828/1159/127 2898/1160/127 2844/1161/127
f 2828/1159/127 2844/1161/127 2845/1162/127
f 2869/1163/136 2870/1164/136 2862/1165/136
f 2869/1163/136 2862/1165/136 2861/1166/136
f 2887/1146/146 2821/1145/146 2820/1167/146
f 2887/1146/146 2820/1167/146 2894/1168/146
f 2896/1169/147 2824/1170/147 2822/1171/147
f 2896/1169/147 2822/1171/147 2883/1172/147
f 2819/1173/148 2884/1174/148 2894/1168/148
f 2819/1173/148 2894/1168/148 2820/1167/148
f 2895/1175/149 2818/1176/149 2819/1173/149
f 2895/1175/149 2819/1173/149 2884/1174/149
f 2824/1170/150 2896/1169/150 2888/1177/150
f 2824/1170/150 2888/1177/150 2817/1178/150
f 2817/1178/151 2888/1177/151 2895/1179/151
f 2817/1178/151 2895/1179/151 2818/1180/151
f 2883/1172/152 2822/1171/152 2823/1144/152
f 2883/1172/152 2823/1144/152 2893/1143/152
f 2893/1143/105 2887/1146/105 2894/1168/105
f 2893/1143/105 2894/1168/105 2880/1181/105
f 2893/1143/105 2880/1181/105 2875/1182/105
f 2893/1143/105 2875/1182/105 2879/1183/105
f 2872/1184/130 2865/1185/130 2857/1186/130
f 2872/1184/130 2857/1186/130 2864/1187/130
f 2896/1169/105 2883/1172/105 2893/1143/105
f 2896/1169/105 2893/1143/105 2879/1188/105
f 2896/1169/105 2879/1188/105 2873/1189/105
f 2896/1169/105 2873/1189/105 2878/1190/105
f 2889/1191/125 2885/1192/125 2868/1193/125
f 2889/1191/125 2868/1193/125 2866/1194/125
f 2885/1195/127 2890/1196/127 2869/1197/127
f 2885/1195/127 2869/1197/127 2868/1198/127
f 2895/1179/105 2888/1177/105 2896/1169/105
f 2895/1179/105 2896/1169/105 2878/1199/105
f 2895/1179/105 2878/1199/105 2876/1200/105
f 2895/1179/105 2876/1200/105 2877/1201/105
f 2881/1202/123 2889/1203/123 2866/1204/123
f 2881/1202/123 2866/1204/123 2867/1205/123
f 2868/1206/131 2869/1163/131 2861/1166/131
f 2868/1206/131 2861/1166/131 2860/1207/131
f 2867/1208/135 2866/1209/135 2858/1210/135
f 2867/1208/135 2858/1210/135 2859/1211/135
f 2865/1185/133 2867/1208/133 2859/1211/133
f 2865/1185/133 2859/1211/133 2857/1186/133
f 2866/1212/134 2868/1206/134 2860/1207/134
f 2866/1212/134 2860/1207/134 2858/1018/134
f 2892/1213/126 2881/1214/126 2867/1215/126
f 2892/1213/126 2867/1215/126 2865/1216/126
f 2871/1217/132 2872/1184/132 2864/1187/132
f 2871/1217/132 2864/1187/132 2863/1218/132
f 2879/1183/114 2875/1182/114 2885/1192/114
f 2879/1183/114 2885/1192/114 2889/1191/114
f 2882/1219/120 2891/1220/120 2871/1221/120
f 2882/1219/120 2871/1221/120 2870/1222/120
f 2890/1223/124 2882/1224/124 2870/1225/124
f 2890/1223/124 2870/1225/124 2869/1226/124
f 2894/1168/105 2884/1174/105 2895/1175/105
f 2894/1168/105 2895/1175/105 2877/1227/105
f 2894/1168/105 2877/1227/105 2874/1228/105
f 2894/1168/105 2874/1228/105 2880/1229/105
f 2886/1230/282 2892/1231/282 2865/1232/282
f 2886/1230/282 2865/1232/282 2872/1233/282
f 2870/1164/122 2871/1098/122 2863/1024/122
f 2870/1164/122 2863/1024/122 2862/1165/122
f 2891/1234/128 2886/1235/128 2872/1236/128
f 2891/1234/128 2872/1236/128 2871/1237/128
f 2859/1238/103 2858/1239/103 2860/1240/103
f 2859/1238/103 2860/1240/103 2861/1241/103
f 2859/1238/103 2861/1241/103 2862/1242/103
f 2859/1238/103 2862/1242/103 2863/1243/103
f 2859/1238/103 2863/1243/103 2864/1244/103
f 2859/1238/103 2864/1244/103 2857/1245/103
f 2880/1229/115 2874/1228/115 2882/1224/115
f 2880/1229/115 2882/1224/115 2890/1223/115
f 2874/1228/112 2877/1227/112 2891/1220/112
f 2874/1228/112 2891/1220/112 2882/1219/112
f 2878/1190/116 2873/1189/116 2881/1214/116
f 2878/1190/116 2881/1214/116 2892/1213/116
f 2875/1182/109 2880/1181/109 2890/1196/109
f 2875/1182/109 2890/1196/109 2885/1195/109
f 2873/1189/111 2879/1188/111 2889/1203/111
f 2873/1189/111 2889/1203/111 2881/1202/111
f 2876/1200/110 2878/1199/110 2892/1231/110
f 2876/1200/110 2892/1231/110 2886/1230/110
f 2877/1201/113 2876/1200/113 2886/1235/113
f 2877/1201/113 2886/1235/113 2891/1234/113
f 2786/1058/153 2778/1246/153 2779/1247/153
f 2786/1058/153 2779/1247/153 2797/1057/153
f 2777/1248/154 2793/1054/154 2786/1053/154
f 2777/1248/154 2786/1053/154 2778/1249/154
f 2784/1250/155 2785/1055/155 2793/1054/155
f 2784/1250/155 2793/1054/155 2777/1248/155
f 2785/1055/156 2784/1250/156 2782/1251/156
f 2785/1055/156 2782/1251/156 2798/1059/156
f 2798/1059/157 2782/1251/157 2783/1252/157
f 2798/1059/157 2783/1252/157 2788/1060/157
f 2788/1060/158 2783/1252/158 2781/1253/158
f 2788/1060/158 2781/1253/158 2794/1063/158
f 2794/1063/159 2781/1253/159 2780/1254/159
f 2794/1063/159 2780/1254/159 2787/1056/159
f 2779/1247/160 2797/1057/160 2787/1056/160
f 2779/1247/160 2787/1056/160 2780/1254/160
f 2900/1255/126 2832/1256/126 2846/1257/126
f 2900/1255/126 2846/1257/126 2848/1258/126
f 2842/1259/132 2841/1122/132 2849/1125/132
f 2842/1259/132 2849/1125/132 2850/1260/132
f 2834/1140/114 2838/1139/114 2828/1151/114
f 2834/1140/114 2828/1151/114 2897/1150/114
f 2831/1261/120 2899/1262/120 2842/1263/120
f 2831/1261/120 2842/1263/120 2843/1264/120
f 2898/1265/124 2831/1266/124 2843/1267/124
f 2898/1265/124 2843/1267/124 2844/1268/124
f 2902/1108/105 2829/1107/105 2903/1154/105
f 2902/1108/105 2903/1154/105 2836/1269/105
f 2902/1108/105 2836/1269/105 2839/1270/105
f 2902/1108/105 2839/1270/105 2833/1271/105
f 2827/1272/129 2900/1273/129 2848/1274/129
f 2827/1272/129 2848/1274/129 2841/1275/129
f 2843/1148/122 2842/1276/122 2850/1277/122
f 2843/1148/122 2850/1277/122 2851/1149/122
f 2899/1278/128 2827/1279/128 2841/1280/128
f 2899/1278/128 2841/1280/128 2842/1281/128
f 2854/1282/103 2855/1283/103 2853/1284/103
f 2854/1282/103 2853/1284/103 2852/1285/103
f 2854/1282/103 2852/1285/103 2851/1286/103
f 2854/1282/103 2851/1286/103 2850/1260/103
f 2854/1282/103 2850/1260/103 2849/1125/103
f 2854/1282/103 2849/1125/103 2856/1287/103
f 2833/1271/115 2839/1270/115 2831/1266/115
f 2833/1271/115 2831/1266/115 2898/1265/115
f 2839/1270/112 2836/1269/112 2899/1262/112
f 2839/1270/112 2899/1262/112 2831/1261/112
f 2835/1158/116 2840/1157/116 2832/1256/116
f 2835/1158/116 2832/1256/116 2900/1255/116
f 2838/1139/109 2833/1138/109 2898/1160/109
f 2838/1139/109 2898/1160/109 2828/1159/109
f 2840/1157/111 2834/1156/111 2897/1129/111
f 2840/1157/111 2897/1129/111 2832/1128/111
f 2837/1114/110 2835/1113/110 2900/1273/110
f 2837/1114/110 2900/1273/110 2827/1272/110
f 2836/1115/113 2837/1114/113 2827/1279/113
f 2836/1115/113 2827/1279/113 2899/1278/113
f 2913/861/161 2914/862/161 2908/863/161
f 2913/861/161 2908/863/161 2907/864/161
f 2917/865/162 2918/866/162 2912/867/162
f 2917/865/162 2912/867/162 2911/868/162
f 2925/869/163 2923/870/163 2910/871/163
f 2925/869/163 2910/871/163 2909/872/163
f 2930/873/164 2928/874/164 2906/875/164
f 2930/873/164 2906/875/164 2905/876/164
f 2932/877/103 2924/878/103 2906/879/103
f 2932/877/103 2906/879/103 2928/880/103
f 2929/881/103 2908/863/103 2914/862/103
f 2929/881/103 2914/862/103 2931/882/103
f 2911/868/163 2912/883/163 2916/884/163
f 2911/868/163 2916/884/163 2915/885/163
f 2957/886/103 2924/878/103 2932/877/103
f 2957/886/103 2932/877/103 2962/887/103
f 2957/886/103 2962/887/103 2931/882/103
f 2957/886/103 2931/882/103 2914/862/103
f 2912/888/103 2918/889/103 2921/890/103
f 2912/888/103 2921/890/103 2916/891/103
f 2923/892/103 2926/893/103 2920/894/103
f 2923/892/103 2920/894/103 2910/895/103
f 2909/872/164 2910/896/164 2920/897/164
f 2909/872/164 2920/897/164 2919/898/164
f 2949/899/162 2945/900/162 2918/866/162
f 2949/899/162 2918/866/162 2917/865/162
f 2905/876/161 2906/879/161 2924/878/161
f 2905/876/161 2924/878/161 2922/901/161
f 2962/887/165 2932/877/165 2936/902/165
f 2962/887/165 2936/902/165 2964/903/165
f 2962/887/165 2964/903/165 2933/904/165
f 2962/887/165 2933/904/165 2931/882/165
f 2925/869/105 2909/872/105 2919/898/105
f 2925/869/105 2919/898/105 2946/905/105
f 2925/869/105 2946/905/105 2930/873/105
f 2925/869/105 2930/873/105 2905/876/105
f 2925/869/105 2905/876/105 2922/901/105
f 2925/869/105 2922/901/105 2959/906/105
f 2925/869/105 2959/906/105 2913/861/105
f 2925/869/105 2913/861/105 2907/864/105
f 2925/869/105 2907/864/105 2927/907/105
f 2925/869/105 2927/907/105 2949/899/105
f 2925/869/105 2949/899/105 2917/865/105
f 2925/869/105 2917/865/105 2911/868/105
f 2925/869/105 2911/868/105 2915/885/105
f 2925/869/105 2915/885/105 2958/908/105
f 2961/909/103 2926/893/103 2923/892/103
f 2961/909/103 2923/892/103 2960/910/103
f 2961/909/103 2960/910/103 2916/891/103
f 2961/909/103 2916/891/103 2921/890/103
f 2907/864/162 2908/911/162 2929/912/162
f 2907/864/162 2929/912/162 2927/907/162
f 2957/886/161 2914/862/161 2913/861/161
f 2957/886/161 2913/861/161 2959/906/161
f 2957/886/161 2959/906/161 2922/901/161
f 2957/886/161 2922/901/161 2924/878/161
f 2945/913/103 2929/881/103 2931/882/103
f 2945/913/103 2931/882/103 2947/914/103
f 2948/915/103 2932/877/103 2928/880/103
f 2948/915/103 2928/880/103 2950/916/103
f 2946/905/164 2950/917/164 2928/874/164
f 2946/905/164 2928/874/164 2930/873/164
f 2964/918/161 2936/919/161 2940/920/161
f 2964/918/161 2940/920/161 2966/921/161
f 2964/918/161 2966/921/161 2937/922/161
f 2964/918/161 2937/922/161 2933/923/161
f 2948/915/166 2926/893/166 2935/924/166
f 2948/915/166 2935/924/166 2952/925/166
f 2961/909/167 2921/890/167 2934/926/167
f 2961/909/167 2934/926/167 2963/927/167
f 2961/909/167 2963/927/167 2935/924/167
f 2961/909/167 2935/924/167 2926/893/167
f 2947/914/168 2931/882/168 2933/904/168
f 2947/914/168 2933/904/168 2951/928/168
f 2974/929/169 2969/930/169 2943/931/169
f 2974/929/169 2943/931/169 2956/932/169
f 2960/933/163 2923/870/163 2925/869/163
f 2960/933/163 2925/869/163 2958/908/163
f 2960/933/163 2958/908/163 2915/885/163
f 2960/933/163 2915/885/163 2916/884/163
f 2951/934/162 2933/935/162 2937/936/162
f 2951/934/162 2937/936/162 2953/937/162
f 2951/934/162 2953/937/162 2938/938/162
f 2951/934/162 2938/938/162 2934/939/162
f 2952/940/164 2935/941/164 2939/942/164
f 2952/940/164 2939/942/164 2954/943/164
f 2952/940/164 2954/943/164 2940/920/164
f 2952/940/164 2940/920/164 2936/919/164
f 2973/944/170 2971/945/170 2941/946/170
f 2973/944/170 2941/946/170 2955/947/170
f 2976/948/171 2970/949/171 2944/950/171
f 2976/948/171 2944/950/171 2968/951/171
f 2975/952/172 2972/953/172 2942/954/172
f 2975/952/172 2942/954/172 2967/955/172
f 2972/956/173 2973/944/173 2955/957/173
f 2972/956/173 2955/957/173 2942/958/173
f 2970/959/174 2974/929/174 2956/960/174
f 2970/959/174 2956/960/174 2944/961/174
f 2921/890/168 2947/914/168 2951/928/168
f 2921/890/168 2951/928/168 2934/926/168
f 2932/877/166 2948/915/166 2952/925/166
f 2932/877/166 2952/925/166 2936/902/166
f 2919/898/164 2920/897/164 2950/917/164
f 2919/898/164 2950/917/164 2946/905/164
f 2926/893/103 2948/915/103 2950/916/103
f 2926/893/103 2950/916/103 2920/894/103
f 2918/889/103 2945/913/103 2947/914/103
f 2918/889/103 2947/914/103 2921/890/103
f 2927/907/162 2929/912/162 2945/900/162
f 2927/907/162 2945/900/162 2949/899/162
f 2969/962/175 2975/952/175 2967/963/175
f 2969/962/175 2967/963/175 2943/964/175
f 2971/965/292 2976/948/292 2968/966/292
f 2971/965/292 2968/966/292 2941/967/292
f 2963/968/163 2934/939/163 2938/938/163
f 2963/968/163 2938/938/163 2965/969/163
f 2963/968/163 2965/969/163 2939/942/163
f 2963/968/163 2939/942/163 2935/941/163
f 2938/970/177 2953/971/177 2937/972/177
f 2938/970/177 2937/972/177 2971/945/177
f 2938/970/177 2971/945/177 2973/944/177
f 2938/970/177 2973/944/177 2972/956/177
f 2939/973/178 2965/974/178 2938/975/178
f 2939/973/178 2938/975/178 2972/953/178
f 2939/973/178 2972/953/178 2975/952/178
f 2939/973/178 2975/952/178 2969/962/178
f 2937/976/179 2966/977/179 2940/978/179
f 2937/976/179 2940/978/179 2970/949/179
f 2937/976/179 2970/949/179 2976/948/179
f 2937/976/179 2976/948/179 2971/965/179
f 2967/955/180 2942/954/180 2978/979/180
f 2967/955/180 2978/979/180 2979/980/180
f 2940/981/181 2954/982/181 2939/983/181
f 2940/981/181 2939/983/181 2969/930/181
f 2940/981/181 2969/930/181 2974/929/181
f 2940/981/181 2974/929/181 2970/959/181
f 2979/984/182 2978/985/182 2986/986/182
f 2979/984/182 2986/986/182 2987/987/182
f 2968/951/183 2944/950/183 2983/988/183
f 2968/951/183 2983/988/183 2982/989/183
f 2943/964/184 2967/963/184 2979/990/184
f 2943/964/184 2979/990/184 2980/991/184
f 2944/961/185 2956/960/185 2981/992/185
f 2944/961/185 2981/992/185 2983/993/185
f 2941/967/186 2968/966/186 2982/994/186
f 2941/967/186 2982/994/186 2984/995/186
f 2956/932/187 2943/931/187 2980/996/187
f 2956/932/187 2980/996/187 2981/997/187
f 2942/958/188 2955/957/188 2977/998/188
f 2942/958/188 2977/998/188 2978/999/188
f 2955/947/189 2941/946/189 2984/1000/189
f 2955/947/189 2984/1000/189 2977/1001/189
f 2990/1002/103 2991/1003/103 2989/1004/103
f 2990/1002/103 2989/1004/103 2988/1005/103
f 2990/1002/103 2988/1005/103 2987/1006/103
f 2990/1002/103 2987/1006/103 2986/1007/103
f 2990/1002/103 2986/1007/103 2985/1008/103
f 2990/1002/103 2985/1008/103 2992/1009/103
f 2977/1010/190 2984/1011/190 2992/1012/190
f 2977/1010/190 2992/1012/190 2985/1013/190
f 2981/1014/191 2980/1015/191 2988/1016/191
f 2981/1014/191 2988/1016/191 2989/1017/191
f 2978/1018/192 2977/1010/192 2985/1013/192
f 2978/1018/192 2985/1013/192 2986/1019/192
f 2984/1011/193 2982/1020/193 2990/1021/193
f 2984/1011/193 2990/1021/193 2992/1012/193
f 2983/1022/194 2981/1014/194 2989/1017/194
f 2983/1022/194 2989/1017/194 2991/1023/194
f 2982/1020/195 2983/1024/195 2991/1025/195
f 2982/1020/195 2991/1025/195 2990/1021/195
f 2980/1015/196 2979/984/196 2987/987/196
f 2980/1015/196 2987/987/196 2988/1016/196
f 3014/1026/169 3009/1027/169 2999/1028/169
f 3014/1026/169 2999/1028/169 3004/1029/169
f 3013/1030/170 3011/1031/170 2997/1032/170
f 3013/1030/170 2997/1032/170 3003/1033/170
f 3016/1034/171 3010/1035/171 3000/1036/171
f 3016/1034/171 3000/1036/171 3008/1037/171
f 3015/1038/172 3012/1039/172 2998/1040/172
f 3015/1038/172 2998/1040/172 3007/1041/172
f 3012/1042/173 3013/1030/173 3003/1043/173
f 3012/1042/173 3003/1043/173 2998/1044/173
f 3010/1045/174 3014/1026/174 3004/1046/174
f 3010/1045/174 3004/1046/174 3000/1047/174
f 3009/1048/175 3015/1038/175 3007/1049/175
f 3009/1048/175 3007/1049/175 2999/1050/175
f 3011/1031/176 3016/1034/176 3008/1051/176
f 3011/1031/176 3008/1051/176 2997/1052/176
f 2994/1053/105 3001/1054/105 2993/1055/105
f 2994/1053/105 2993/1055/105 3011/1031/105
f 2994/1053/105 3011/1031/105 3013/1030/105
f 2994/1053/105 3013/1030/105 3012/1042/105
f 2995/1056/105 3005/1057/105 2994/1058/105
f 2995/1056/105 2994/1058/105 3012/1039/105
f 2995/1056/105 3012/1039/105 3015/1038/105
f 2995/1056/105 3015/1038/105 3009/1048/105
f 2993/1055/105 3006/1059/105 2996/1060/105
f 2993/1055/105 2996/1060/105 3010/1035/105
f 2993/1055/105 3010/1035/105 3016/1034/105
f 2993/1055/105 3016/1034/105 3011/1031/105
f 3007/1041/180 2998/1040/180 3018/1061/180
f 3007/1041/180 3018/1061/180 3019/1062/180
f 2996/1060/105 3002/1063/105 2995/1056/105
f 2996/1060/105 2995/1056/105 3009/1027/105
f 2996/1060/105 3009/1027/105 3014/1026/105
f 2996/1060/105 3014/1026/105 3010/1045/105
f 3019/1064/182 3018/1065/182 3026/1066/182
f 3019/1064/182 3026/1066/182 3027/1067/182
f 3008/1037/183 3000/1036/183 3023/1068/183
f 3008/1037/183 3023/1068/183 3022/1069/183
f 2999/1050/184 3007/1049/184 3019/1070/184
f 2999/1050/184 3019/1070/184 3020/1071/184
f 3000/1047/185 3004/1046/185 3021/1072/185
f 3000/1047/185 3021/1072/185 3023/1073/185
f 2997/1052/186 3008/1051/186 3022/1074/186
f 2997/1052/186 3022/1074/186 3024/1075/186
f 3004/1029/187 2999/1028/187 3020/1076/187
f 3004/1029/187 3020/1076/187 3021/1077/187
f 2998/1044/188 3003/1043/188 3017/1078/188
f 2998/1044/188 3017/1078/188 3018/1079/188
f 3003/1033/189 2997/1032/189 3024/1080/189
f 3003/1033/189 3024/1080/189 3017/1081/189
f 3030/1082/103 3031/1083/103 3029/1084/103
f 3030/1082/103 3029/1084/103 3028/1085/103
f 3030/1082/103 3028/1085/103 3027/1086/103
f 3030/1082/103 3027/1086/103 3026/1087/103
f 3030/1082/103 3026/1087/103 3025/1088/103
f 3030/1082/103 3025/1088/103 3032/1089/103
f 3017/1090/190 3024/1091/190 3032/1092/190
f 3017/1090/190 3032/1092/190 3025/1093/190
f 3021/1094/191 3020/1095/191 3028/1096/191
f 3021/1094/191 3028/1096/191 3029/1097/191
f 3018/1098/192 3017/1090/192 3025/1093/192
f 3018/1098/192 3025/1093/192 3026/1099/192
f 3024/1091/193 3022/1100/193 3030/1101/193
f 3024/1091/193 3030/1101/193 3032/1092/193
f 3023/1102/194 3021/1094/194 3029/1097/194
f 3023/1102/194 3029/1097/194 3031/1103/194
f 3022/1100/195 3023/1104/195 3031/1105/195
f 3022/1100/195 3031/1105/195 3030/1101/195
f 3020/1095/196 3019/1064/196 3027/1067/196
f 3020/1095/196 3027/1067/196 3028/1096/196
f 3070/1106/197 3037/1107/197 3110/1108/197
f 3070/1106/197 3110/1108/197 3069/1109/197
f 3111/1110/105 3033/1111/105 3112/1112/105
f 3111/1110/105 3112/1112/105 3043/1113/105
f 3111/1110/105 3043/1113/105 3045/1114/105
f 3111/1110/105 3045/1114/105 3044/1115/105
f 3034/1116/198 3068/1117/198 3069/1109/198
f 3034/1116/198 3069/1109/198 3110/1108/198
f 3038/1118/199 3067/1119/199 3066/1120/199
f 3038/1118/199 3066/1120/199 3109/1121/199
f 3049/1122/190 3056/1123/190 3064/1124/190
f 3049/1122/190 3064/1124/190 3057/1125/190
f 3109/1121/200 3066/1120/200 3068/1117/200
f 3109/1121/200 3068/1117/200 3034/1116/200
f 3065/1126/201 3112/1112/201 3033/1111/201
f 3065/1126/201 3033/1111/201 3072/1127/201
f 3040/1128/183 3105/1129/183 3055/1130/183
f 3040/1128/183 3055/1130/183 3054/1131/183
f 3055/1132/194 3053/1133/194 3061/1134/194
f 3055/1132/194 3061/1134/194 3063/1135/194
f 3054/1136/195 3055/1132/195 3063/1135/195
f 3054/1136/195 3063/1135/195 3062/1137/195
f 3056/1123/193 3054/1136/193 3062/1137/193
f 3056/1123/193 3062/1137/193 3064/1124/193
f 3109/1121/105 3034/1116/105 3110/1108/105
f 3109/1121/105 3110/1108/105 3041/1138/105
f 3109/1121/105 3041/1138/105 3046/1139/105
f 3109/1121/105 3046/1139/105 3042/1140/105
f 3053/1133/191 3052/1141/191 3060/1142/191
f 3053/1133/191 3060/1142/191 3061/1134/191
f 3101/1143/202 3031/1144/202 3029/1145/202
f 3101/1143/202 3029/1145/202 3095/1146/202
f 3112/1112/203 3065/1126/203 3067/1119/203
f 3112/1112/203 3067/1119/203 3038/1118/203
f 3072/1127/204 3033/1111/204 3111/1110/204
f 3072/1127/204 3111/1110/204 3071/1147/204
f 3052/1141/196 3051/1148/196 3059/1149/196
f 3052/1141/196 3059/1149/196 3060/1142/196
f 3105/1150/185 3036/1151/185 3053/1152/185
f 3105/1150/185 3053/1152/185 3055/1153/185
f 3111/1154/205 3071/1155/205 3070/1106/205
f 3111/1154/205 3070/1106/205 3037/1107/205
f 3112/1112/105 3038/1118/105 3109/1121/105
f 3112/1112/105 3109/1121/105 3042/1156/105
f 3112/1112/105 3042/1156/105 3048/1157/105
f 3112/1112/105 3048/1157/105 3043/1158/105
f 3036/1159/187 3106/1160/187 3052/1161/187
f 3036/1159/187 3052/1161/187 3053/1162/187
f 3077/1163/196 3078/1164/196 3070/1165/196
f 3077/1163/196 3070/1165/196 3069/1166/196
f 3095/1146/206 3029/1145/206 3028/1167/206
f 3095/1146/206 3028/1167/206 3102/1168/206
f 3104/1169/207 3032/1170/207 3030/1171/207
f 3104/1169/207 3030/1171/207 3091/1172/207
f 3027/1173/208 3092/1174/208 3102/1168/208
f 3027/1173/208 3102/1168/208 3028/1167/208
f 3103/1175/209 3026/1176/209 3027/1173/209
f 3103/1175/209 3027/1173/209 3092/1174/209
f 3032/1170/210 3104/1169/210 3096/1177/210
f 3032/1170/210 3096/1177/210 3025/1178/210
f 3025/1178/211 3096/1177/211 3103/1179/211
f 3025/1178/211 3103/1179/211 3026/1180/211
f 3091/1172/212 3030/1171/212 3031/1144/212
f 3091/1172/212 3031/1144/212 3101/1143/212
f 3101/1143/105 3095/1146/105 3102/1168/105
f 3101/1143/105 3102/1168/105 3088/1181/105
f 3101/1143/105 3088/1181/105 3083/1182/105
f 3101/1143/105 3083/1182/105 3087/1183/105
f 3080/1184/190 3073/1185/190 3065/1186/190
f 3080/1184/190 3065/1186/190 3072/1187/190
f 3104/1169/105 3091/1172/105 3101/1143/105
f 3104/1169/105 3101/1143/105 3087/1188/105
f 3104/1169/105 3087/1188/105 3081/1189/105
f 3104/1169/105 3081/1189/105 3086/1190/105
f 3097/1191/185 3093/1192/185 3076/1193/185
f 3097/1191/185 3076/1193/185 3074/1194/185
f 3093/1195/187 3098/1196/187 3077/1197/187
f 3093/1195/187 3077/1197/187 3076/1198/187
f 3103/1179/105 3096/1177/105 3104/1169/105
f 3103/1179/105 3104/1169/105 3086/1199/105
f 3103/1179/105 3086/1199/105 3084/1200/105
f 3103/1179/105 3084/1200/105 3085/1201/105
f 3089/1202/183 3097/1203/183 3074/1204/183
f 3089/1202/183 3074/1204/183 3075/1205/183
f 3076/1206/191 3077/1163/191 3069/1166/191
f 3076/1206/191 3069/1166/191 3068/1207/191
f 3075/1208/195 3074/1209/195 3066/1210/195
f 3075/1208/195 3066/1210/195 3067/1211/195
f 3073/1185/193 3075/1208/193 3067/1211/193
f 3073/1185/193 3067/1211/193 3065/1186/193
f 3074/1212/194 3076/1206/194 3068/1207/194
f 3074/1212/194 3068/1207/194 3066/1018/194
f 3100/1213/186 3089/1214/186 3075/1215/186
f 3100/1213/186 3075/1215/186 3073/1216/186
f 3079/1217/192 3080/1184/192 3072/1187/192
f 3079/1217/192 3072/1187/192 3071/1218/192
f 3087/1183/174 3083/1182/174 3093/1192/174
f 3087/1183/174 3093/1192/174 3097/1191/174
f 3090/1219/180 3099/1220/180 3079/1221/180
f 3090/1219/180 3079/1221/180 3078/1222/180
f 3098/1223/184 3090/1224/184 3078/1225/184
f 3098/1223/184 3078/1225/184 3077/1226/184
f 3102/1168/105 3092/1174/105 3103/1175/105
f 3102/1168/105 3103/1175/105 3085/1227/105
f 3102/1168/105 3085/1227/105 3082/1228/105
f 3102/1168/105 3082/1228/105 3088/1229/105
f 3094/1230/189 3100/1231/189 3073/1232/189
f 3094/1230/189 3073/1232/189 3080/1233/189
f 3078/1164/182 3079/1098/182 3071/1024/182
f 3078/1164/182 3071/1024/182 3070/1165/182
f 3099/1234/188 3094/1235/188 3080/1236/188
f 3099/1234/188 3080/1236/188 3079/1237/188
f 3067/1238/103 3066/1239/103 3068/1240/103
f 3067/1238/103 3068/1240/103 3069/1241/103
f 3067/1238/103 3069/1241/103 3070/1242/103
f 3067/1238/103 3070/1242/103 3071/1243/103
f 3067/1238/103 3071/1243/103 3072/1244/103
f 3067/1238/103 3072/1244/103 3065/1245/103
f 3088/1229/175 3082/1228/175 3090/1224/175
f 3088/1229/175 3090/1224/175 3098/1223/175
f 3082/1228/172 3085/1227/172 3099/1220/172
f 3082/1228/172 3099/1220/172 3090/1219/172
f 3086/1190/176 3081/1189/176 3089/1214/176
f 3086/1190/176 3089/1214/176 3100/1213/176
f 3083/1182/169 3088/1181/169 3098/1196/169
f 3083/1182/169 3098/1196/169 3093/1195/169
f 3081/1189/171 3087/1188/171 3097/1203/171
f 3081/1189/171 3097/1203/171 3089/1202/171
f 3084/1200/170 3086/1199/170 3100/1231/170
f 3084/1200/170 3100/1231/170 3094/1230/170
f 3085/1201/173 3084/1200/173 3094/1235/173
f 3085/1201/173 3094/1235/173 3099/1234/173
f 2994/1058/213 2986/1246/213 2987/1247/213
f 2994/1058/213 2987/1247/213 3005/1057/213
f 2985/1248/214 3001/1054/214 2994/1053/214
f 2985/1248/214 2994/1053/214 2986/1249/214
f 2992/1250/215 2993/1055/215 3001/1054/215
f 2992/1250/215 3001/1054/215 2985/1248/215
f 2993/1055/284 2992/1250/284 2990/1251/284
f 2993/1055/284 2990/1251/284 3006/1059/284
f 3006/1059/217 2990/1251/217 2991/1252/217
f 3006/1059/217 2991/1252/217 2996/1060/217
f 2996/1060/218 2991/1252/218 2989/1253/218
f 2996/1060/218 2989/1253/218 3002/1063/218
f 3002/1063/219 2989/1253/219 2988/1254/219
f 3002/1063/219 2988/1254/219 2995/1056/219
f 2987/1247/220 3005/1057/220 2995/1056/220
f 2987/1247/220 2995/1056/220 2988/1254/220
f 3108/1255/186 3040/1256/186 3054/1257/186
f 3108/1255/186 3054/1257/186 3056/1258/186
f 3050/1259/192 3049/1122/192 3057/1125/192
f 3050/1259/192 3057/1125/192 3058/1260/192
f 3042/1140/174 3046/1139/174 3036/1151/174
f 3042/1140/174 3036/1151/174 3105/1150/174
f 3039/1261/180 3107/1262/180 3050/1263/180
f 3039/1261/180 3050/1263/180 3051/1264/180
f 3106/1265/184 3039/1266/184 3051/1267/184
f 3106/1265/184 3051/1267/184 3052/1268/184
f 3110/1108/105 3037/1107/105 3111/1154/105
f 3110/1108/105 3111/1154/105 3044/1269/105
f 3110/1108/105 3044/1269/105 3047/1270/105
f 3110/1108/105 3047/1270/105 3041/1271/105
f 3035/1272/189 3108/1273/189 3056/1274/189
f 3035/1272/189 3056/1274/189 3049/1275/189
f 3051/1148/182 3050/1276/182 3058/1277/182
f 3051/1148/182 3058/1277/182 3059/1149/182
f 3107/1278/188 3035/1279/188 3049/1280/188
f 3107/1278/188 3049/1280/188 3050/1281/188
f 3062/1282/103 3063/1283/103 3061/1284/103
f 3062/1282/103 3061/1284/103 3060/1285/103
f 3062/1282/103 3060/1285/103 3059/1286/103
f 3062/1282/103 3059/1286/103 3058/1260/103
f 3062/1282/103 3058/1260/103 3057/1125/103
f 3062/1282/103 3057/1125/103 3064/1287/103
f 3041/1271/175 3047/1270/175 3039/1266/175
f 3041/1271/175 3039/1266/175 3106/1265/175
f 3047/1270/172 3044/1269/172 3107/1262/172
f 3047/1270/172 3107/1262/172 3039/1261/172
f 3043/1158/176 3048/1157/176 3040/1256/176
f 3043/1158/176 3040/1256/176 3108/1255/176
f 3046/1139/169 3041/1138/169 3106/1160/169
f 3046/1139/169 3106/1160/169 3036/1159/169
f 3048/1157/171 3042/1156/171 3105/1129/171
f 3048/1157/171 3105/1129/171 3040/1128/171
f 3045/1114/170 3043/1113/170 3108/1273/170
f 3045/1114/170 3108/1273/170 3035/1272/170
f 3044/1115/173 3045/1114/173 3035/1279/173
f 3044/1115/173 3035/1279/173 3107/1278/173
f 3121/861/221 3122/862/221 3116/863/221
f 3121/861/221 3116/863/221 3115/864/221
f 3125/865/222 3126/866/222 3120/867/222
f 3125/865/222 3120/867/222 3119/868/222
f 3133/869/223 3131/870/223 3118/871/223
f 3133/869/223 3118/871/223 3117/872/223
f 3138/873/224 3136/874/224 3114/875/224
f 3138/873/224 3114/875/224 3113/876/224
f 3140/877/103 3132/878/103 3114/879/103
f 3140/877/103 3114/879/103 3136/880/103
f 3137/881/103 3116/863/103 3122/862/103
f 3137/881/103 3122/862/103 3139/882/103
f 3119/868/223 3120/883/223 3124/884/223
f 3119/868/223 3124/884/223 3123/885/223
f 3165/886/103 3132/878/103 3140/877/103
f 3165/886/103 3140/877/103 3170/887/103
f 3165/886/103 3170/887/103 3139/882/103
f 3165/886/103 3139/882/103 3122/862/103
f 3120/888/103 3126/889/103 3129/890/103
f 3120/888/103 3129/890/103 3124/891/103
f 3131/892/103 3134/893/103 3128/894/103
f 3131/892/103 3128/894/103 3118/895/103
f 3117/872/224 3118/896/224 3128/897/224
f 3117/872/224 3128/897/224 3127/898/224
f 3157/899/222 3153/900/222 3126/866/222
f 3157/899/222 3126/866/222 3125/865/222
f 3113/876/221 3114/879/221 3132/878/221
f 3113/876/221 3132/878/221 3130/901/221
f 3170/887/225 3140/877/225 3144/902/225
f 3170/887/225 3144/902/225 3172/903/225
f 3170/887/225 3172/903/225 3141/904/225
f 3170/887/225 3141/904/225 3139/882/225
f 3133/869/105 3117/872/105 3127/898/105
f 3133/869/105 3127/898/105 3154/905/105
f 3133/869/105 3154/905/105 3138/873/105
f 3133/869/105 3138/873/105 3113/876/105
f 3133/869/105 3113/876/105 3130/901/105
f 3133/869/105 3130/901/105 3167/906/105
f 3133/869/105 3167/906/105 3121/861/105
f 3133/869/105 3121/861/105 3115/864/105
f 3133/869/105 3115/864/105 3135/907/105
f 3133/869/105 3135/907/105 3157/899/105
f 3133/869/105 3157/899/105 3125/865/105
f 3133/869/105 3125/865/105 3119/868/105
f 3133/869/105 3119/868/105 3123/885/105
f 3133/869/105 3123/885/105 3166/908/105
f 3169/909/103 3134/893/103 3131/892/103
f 3169/909/103 3131/892/103 3168/910/103
f 3169/909/103 3168/910/103 3124/891/103
f 3169/909/103 3124/891/103 3129/890/103
f 3115/864/222 3116/911/222 3137/912/222
f 3115/864/222 3137/912/222 3135/907/222
f 3165/886/221 3122/862/221 3121/861/221
f 3165/886/221 3121/861/221 3167/906/221
f 3165/886/221 3167/906/221 3130/901/221
f 3165/886/221 3130/901/221 3132/878/221
f 3153/913/103 3137/881/103 3139/882/103
f 3153/913/103 3139/882/103 3155/914/103
f 3156/915/103 3140/877/103 3136/880/103
f 3156/915/103 3136/880/103 3158/916/103
f 3154/905/224 3158/917/224 3136/874/224
f 3154/905/224 3136/874/224 3138/873/224
f 3172/918/221 3144/919/221 3148/920/221
f 3172/918/221 3148/920/221 3174/921/221
f 3172/918/221 3174/921/221 3145/922/221
f 3172/918/221 3145/922/221 3141/923/221
f 3156/915/226 3134/893/226 3143/924/226
f 3156/915/226 3143/924/226 3160/925/226
f 3169/909/227 3129/890/227 3142/926/227
f 3169/909/227 3142/926/227 3171/927/227
f 3169/909/227 3171/927/227 3143/924/227
f 3169/909/227 3143/924/227 3134/893/227
f 3155/914/228 3139/882/228 3141/904/228
f 3155/914/228 3141/904/228 3159/928/228
f 3182/929/229 3177/930/229 3151/931/229
f 3182/929/229 3151/931/229 3164/932/229
f 3168/933/223 3131/870/223 3133/869/223
f 3168/933/223 3133/869/223 3166/908/223
f 3168/933/223 3166/908/223 3123/885/223
f 3168/933/223 3123/885/223 3124/884/223
f 3159/934/222 3141/935/222 3145/936/222
f 3159/934/222 3145/936/222 3161/937/222
f 3159/934/222 3161/937/222 3146/938/222
f 3159/934/222 3146/938/222 3142/939/222
f 3160/940/224 3143/941/224 3147/942/224
f 3160/940/224 3147/942/224 3162/943/224
f 3160/940/224 3162/943/224 3148/920/224
f 3160/940/224 3148/920/224 3144/919/224
f 3181/944/230 3179/945/230 3149/946/230
f 3181/944/230 3149/946/230 3163/947/230
f 3184/948/231 3178/949/231 3152/950/231
f 3184/948/231 3152/950/231 3176/951/231
f 3183/952/293 3180/953/293 3150/954/293
f 3183/952/293 3150/954/293 3175/955/293
f 3180/956/233 3181/944/233 3163/957/233
f 3180/956/233 3163/957/233 3150/958/233
f 3178/959/234 3182/929/234 3164/960/234
f 3178/959/234 3164/960/234 3152/961/234
f 3129/890/228 3155/914/228 3159/928/228
f 3129/890/228 3159/928/228 3142/926/228
f 3140/877/226 3156/915/226 3160/925/226
f 3140/877/226 3160/925/226 3144/902/226
f 3127/898/224 3128/897/224 3158/917/224
f 3127/898/224 3158/917/224 3154/905/224
f 3134/893/103 3156/915/103 3158/916/103
f 3134/893/103 3158/916/103 3128/894/103
f 3126/889/103 3153/913/103 3155/914/103
f 3126/889/103 3155/914/103 3129/890/103
f 3135/907/222 3137/912/222 3153/900/222
f 3135/907/222 3153/900/222 3157/899/222
f 3177/962/235 3183/952/235 3175/963/235
f 3177/962/235 3175/963/235 3151/964/235
f 3179/965/236 3184/948/236 3176/966/236
f 3179/965/236 3176/966/236 3149/967/236
f 3171/968/223 3142/939/223 3146/938/223
f 3171/968/223 3146/938/223 3173/969/223
f 3171/968/223 3173/969/223 3147/942/223
f 3171/968/223 3147/942/223 3143/941/223
f 3146/970/237 3161/971/237 3145/972/237
f 3146/970/237 3145/972/237 3179/945/237
f 3146/970/237 3179/945/237 3181/944/237
f 3146/970/237 3181/944/237 3180/956/237
f 3147/973/238 3173/974/238 3146/975/238
f 3147/973/238 3146/975/238 3180/953/238
f 3147/973/238 3180/953/238 3183/952/238
f 3147/973/238 3183/952/238 3177/962/238
f 3145/976/239 3174/977/239 3148/978/239
f 3145/976/239 3148/978/239 3178/949/239
f 3145/976/239 3178/949/239 3184/948/239
f 3145/976/239 3184/948/239 3179/965/239
f 3175/955/240 3150/954/240 3186/979/240
f 3175/955/240 3186/979/240 3187/980/240
f 3148/981/241 3162/982/241 3147/983/241
f 3148/981/241 3147/983/241 3177/930/241
f 3148/981/241 3177/930/241 3182/929/241
f 3148/981/241 3182/929/241 3178/959/241
f 3187/984/242 3186/985/242 3194/986/242
f 3187/984/242 3194/986/242 3195/987/242
f 3176/951/243 3152/950/243 3191/988/243
f 3176/951/243 3191/988/243 3190/989/243
f 3151/964/244 3175/963/244 3187/990/244
f 3151/964/244 3187/990/244 3188/991/244
f 3152/961/245 3164/960/245 3189/992/245
f 3152/961/245 3189/992/245 3191/993/245
f 3149/967/246 3176/966/246 3190/994/246
f 3149/967/246 3190/994/246 3192/995/246
f 3164/932/247 3151/931/247 3188/996/247
f 3164/932/247 3188/996/247 3189/997/247
f 3150/958/248 3163/957/248 3185/998/248
f 3150/958/248 3185/998/248 3186/999/248
f 3163/947/249 3149/946/249 3192/1000/249
f 3163/947/249 3192/1000/249 3185/1001/249
f 3198/1002/103 3199/1003/103 3197/1004/103
f 3198/1002/103 3197/1004/103 3196/1005/103
f 3198/1002/103 3196/1005/103 3195/1006/103
f 3198/1002/103 3195/1006/103 3194/1007/103
f 3198/1002/103 3194/1007/103 3193/1008/103
f 3198/1002/103 3193/1008/103 3200/1009/103
f 3185/1010/250 3192/1011/250 3200/1012/250
f 3185/1010/250 3200/1012/250 3193/1013/250
f 3189/1014/251 3188/1015/251 3196/1016/251
f 3189/1014/251 3196/1016/251 3197/1017/251
f 3186/1018/252 3185/1010/252 3193/1013/252
f 3186/1018/252 3193/1013/252 3194/1019/252
f 3192/1011/253 3190/1020/253 3198/1021/253
f 3192/1011/253 3198/1021/253 3200/1012/253
f 3191/1022/254 3189/1014/254 3197/1017/254
f 3191/1022/254 3197/1017/254 3199/1023/254
f 3190/1020/255 3191/1024/255 3199/1025/255
f 3190/1020/255 3199/1025/255 3198/1021/255
f 3188/1015/256 3187/984/256 3195/987/256
f 3188/1015/256 3195/987/256 3196/1016/256
f 3222/1026/229 3217/1027/229 3207/1028/229
f 3222/1026/229 3207/1028/229 3212/1029/229
f 3221/1030/230 3219/1031/230 3205/1032/230
f 3221/1030/230 3205/1032/230 3211/1033/230
f 3224/1034/294 3218/1035/294 3208/1036/294
f 3224/1034/294 3208/1036/294 3216/1037/294
f 3223/1038/232 3220/1039/232 3206/1040/232
f 3223/1038/232 3206/1040/232 3215/1041/232
f 3220/1042/233 3221/1030/233 3211/1043/233
f 3220/1042/233 3211/1043/233 3206/1044/233
f 3218/1045/234 3222/1026/234 3212/1046/234
f 3218/1045/234 3212/1046/234 3208/1047/234
f 3217/1048/235 3223/1038/235 3215/1049/235
f 3217/1048/235 3215/1049/235 3207/1050/235
f 3219/1031/236 3224/1034/236 3216/1051/236
f 3219/1031/236 3216/1051/236 3205/1052/236
f 3202/1053/105 3209/1054/105 3201/1055/105
f 3202/1053/105 3201/1055/105 3219/1031/105
f 3202/1053/105 3219/1031/105 3221/1030/105
f 3202/1053/105 3221/1030/105 3220/1042/105
f 3203/1056/105 3213/1057/105 3202/1058/105
f 3203/1056/105 3202/1058/105 3220/1039/105
f 3203/1056/105 3220/1039/105 3223/1038/105
f 3203/1056/105 3223/1038/105 3217/1048/105
f 3201/1055/105 3214/1059/105 3204/1060/105
f 3201/1055/105 3204/1060/105 3218/1035/105
f 3201/1055/105 3218/1035/105 3224/1034/105
f 3201/1055/105 3224/1034/105 3219/1031/105
f 3215/1041/240 3206/1040/240 3226/1061/240
f 3215/1041/240 3226/1061/240 3227/1062/240
f 3204/1060/105 3210/1063/105 3203/1056/105
f 3204/1060/105 3203/1056/105 3217/1027/105
f 3204/1060/105 3217/1027/105 3222/1026/105
f 3204/1060/105 3222/1026/105 3218/1045/105
f 3227/1064/242 3226/1065/242 3234/1066/242
f 3227/1064/242 3234/1066/242 3235/1067/242
f 3216/1037/243 3208/1036/243 3231/1068/243
f 3216/1037/243 3231/1068/243 3230/1069/243
f 3207/1050/244 3215/1049/244 3227/1070/244
f 3207/1050/244 3227/1070/244 3228/1071/244
f 3208/1047/245 3212/1046/245 3229/1072/245
f 3208/1047/245 3229/1072/245 3231/1073/245
f 3205/1052/246 3216/1051/246 3230/1074/246
f 3205/1052/246 3230/1074/246 3232/1075/246
f 3212/1029/247 3207/1028/247 3228/1076/247
f 3212/1029/247 3228/1076/247 3229/1077/247
f 3206/1044/248 3211/1043/248 3225/1078/248
f 3206/1044/248 3225/1078/248 3226/1079/248
f 3211/1033/249 3205/1032/249 3232/1080/249
f 3211/1033/249 3232/1080/249 3225/1081/249
f 3238/1082/103 3239/1083/103 3237/1084/103
f 3238/1082/103 3237/1084/103 3236/1085/103
f 3238/1082/103 3236/1085/103 3235/1086/103
f 3238/1082/103 3235/1086/103 3234/1087/103
f 3238/1082/103 3234/1087/103 3233/1088/103
f 3238/1082/103 3233/1088/103 3240/1089/103
f 3225/1090/250 3232/1091/250 3240/1092/250
f 3225/1090/250 3240/1092/250 3233/1093/250
f 3229/1094/251 3228/1095/251 3236/1096/251
f 3229/1094/251 3236/1096/251 3237/1097/251
f 3226/1098/252 3225/1090/252 3233/1093/252
f 3226/1098/252 3233/1093/252 3234/1099/252
f 3232/1091/253 3230/1100/253 3238/1101/253
f 3232/1091/253 3238/1101/253 3240/1092/253
f 3231/1102/254 3229/1094/254 3237/1097/254
f 3231/1102/254 3237/1097/254 3239/1103/254
f 3230/1100/255 3231/1104/255 3239/1105/255
f 3230/1100/255 3239/1105/255 3238/1101/255
f 3228/1095/256 3227/1064/256 3235/1067/256
f 3228/1095/256 3235/1067/256 3236/1096/256
f 3278/1106/257 3245/1107/257 3318/1108/257
f 3278/1106/257 3318/1108/257 3277/1109/257
f 3319/1110/105 3241/1111/105 3320/1112/105
f 3319/1110/105 3320/1112/105 3251/1113/105
f 3319/1110/105 3251/1113/105 3253/1114/105
f 3319/1110/105 3253/1114/105 3252/1115/105
f 3242/1116/258 3276/1117/258 3277/1109/258
f 3242/1116/258 3277/1109/258 3318/1108/258
f 3246/1118/259 3275/1119/259 3274/1120/259
f 3246/1118/259 3274/1120/259 3317/1121/259
f 3257/1122/250 3264/1123/250 3272/1124/250
f 3257/1122/250 3272/1124/250 3265/1125/250
f 3317/1121/260 3274/1120/260 3276/1117/260
f 3317/1121/260 3276/1117/260 3242/1116/260
f 3273/1126/261 3320/1112/261 3241/1111/261
f 3273/1126/261 3241/1111/261 3280/1127/261
f 3248/1128/243 3313/1129/243 3263/1130/243
f 3248/1128/243 3263/1130/243 3262/1131/243
f 3263/1132/254 3261/1133/254 3269/1134/254
f 3263/1132/254 3269/1134/254 3271/1135/254
f 3262/1136/255 3263/1132/255 3271/1135/255
f 3262/1136/255 3271/1135/255 3270/1137/255
f 3264/1123/253 3262/1136/253 3270/1137/253
f 3264/1123/253 3270/1137/253 3272/1124/253
f 3317/1121/105 3242/1116/105 3318/1108/105
f 3317/1121/105 3318/1108/105 3249/1138/105
f 3317/1121/105 3249/1138/105 3254/1139/105
f 3317/1121/105 3254/1139/105 3250/1140/105
f 3261/1133/251 3260/1141/251 3268/1142/251
f 3261/1133/251 3268/1142/251 3269/1134/251
f 3309/1143/262 3239/1144/262 3237/1145/262
f 3309/1143/262 3237/1145/262 3303/1146/262
f 3320/1112/263 3273/1126/263 3275/1119/263
f 3320/1112/263 3275/1119/263 3246/1118/263
f 3280/1127/264 3241/1111/264 3319/1110/264
f 3280/1127/264 3319/1110/264 3279/1147/264
f 3260/1141/256 3259/1148/256 3267/1149/256
f 3260/1141/256 3267/1149/256 3268/1142/256
f 3313/1150/245 3244/1151/245 3261/1152/245
f 3313/1150/245 3261/1152/245 3263/1153/245
f 3319/1154/265 3279/1155/265 3278/1106/265
f 3319/1154/265 3278/1106/265 3245/1107/265
f 3320/1112/105 3246/1118/105 3317/1121/105
f 3320/1112/105 3317/1121/105 3250/1156/105
f 3320/1112/105 3250/1156/105 3256/1157/105
f 3320/1112/105 3256/1157/105 3251/1158/105
f 3244/1159/247 3314/1160/247 3260/1161/247
f 3244/1159/247 3260/1161/247 3261/1162/247
f 3285/1163/256 3286/1164/256 3278/1165/256
f 3285/1163/256 3278/1165/256 3277/1166/256
f 3303/1146/266 3237/1145/266 3236/1167/266
f 3303/1146/266 3236/1167/266 3310/1168/266
f 3312/1169/267 3240/1170/267 3238/1171/267
f 3312/1169/267 3238/1171/267 3299/1172/267
f 3235/1173/268 3300/1174/268 3310/1168/268
f 3235/1173/268 3310/1168/268 3236/1167/268
f 3311/1175/269 3234/1176/269 3235/1173/269
f 3311/1175/269 3235/1173/269 3300/1174/269
f 3240/1170/270 3312/1169/270 3304/1177/270
f 3240/1170/270 3304/1177/270 3233/1178/270
f 3233/1178/271 3304/1177/271 3311/1179/271
f 3233/1178/271 3311/1179/271 3234/1180/271
f 3299/1172/272 3238/1171/272 3239/1144/272
f 3299/1172/272 3239/1144/272 3309/1143/272
f 3309/1143/105 3303/1146/105 3310/1168/105
f 3309/1143/105 3310/1168/105 3296/1181/105
f 3309/1143/105 3296/1181/105 3291/1182/105
f 3309/1143/105 3291/1182/105 3295/1183/105
f 3288/1184/250 3281/1185/250 3273/1186/250
f 3288/1184/250 3273/1186/250 3280/1187/250
f 3312/1169/105 3299/1172/105 3309/1143/105
f 3312/1169/105 3309/1143/105 3295/1188/105
f 3312/1169/105 3295/1188/105 3289/1189/105
f 3312/1169/105 3289/1189/105 3294/1190/105
f 3305/1191/245 3301/1192/245 3284/1193/245
f 3305/1191/245 3284/1193/245 3282/1194/245
f 3301/1195/247 3306/1196/247 3285/1197/247
f 3301/1195/247 3285/1197/247 3284/1198/247
f 3311/1179/105 3304/1177/105 3312/1169/105
f 3311/1179/105 3312/1169/105 3294/1199/105
f 3311/1179/105 3294/1199/105 3292/1200/105
f 3311/1179/105 3292/1200/105 3293/1201/105
f 3297/1202/243 3305/1203/243 3282/1204/243
f 3297/1202/243 3282/1204/243 3283/1205/243
f 3284/1206/251 3285/1163/251 3277/1166/251
f 3284/1206/251 3277/1166/251 3276/1207/251
f 3283/1208/255 3282/1209/255 3274/1210/255
f 3283/1208/255 3274/1210/255 3275/1211/255
f 3281/1185/253 3283/1208/253 3275/1211/253
f 3281/1185/253 3275/1211/253 3273/1186/253
f 3282/1212/254 3284/1206/254 3276/1207/254
f 3282/1212/254 3276/1207/254 3274/1018/254
f 3308/1213/246 3297/1214/246 3283/1215/246
f 3308/1213/246 3283/1215/246 3281/1216/246
f 3287/1217/252 3288/1184/252 3280/1187/252
f 3287/1217/252 3280/1187/252 3279/1218/252
f 3295/1183/234 3291/1182/234 3301/1192/234
f 3295/1183/234 3301/1192/234 3305/1191/234
f 3298/1219/240 3307/1220/240 3287/1221/240
f 3298/1219/240 3287/1221/240 3286/1222/240
f 3306/1223/244 3298/1224/244 3286/1225/244
f 3306/1223/244 3286/1225/244 3285/1226/244
f 3310/1168/105 3300/1174/105 3311/1175/105
f 3310/1168/105 3311/1175/105 3293/1227/105
f 3310/1168/105 3293/1227/105 3290/1228/105
f 3310/1168/105 3290/1228/105 3296/1229/105
f 3302/1230/249 3308/1231/249 3281/1232/249
f 3302/1230/249 3281/1232/249 3288/1233/249
f 3286/1164/242 3287/1098/242 3279/1024/242
f 3286/1164/242 3279/1024/242 3278/1165/242
f 3307/1234/248 3302/1235/248 3288/1236/248
f 3307/1234/248 3288/1236/248 3287/1237/248
f 3275/1238/103 3274/1239/103 3276/1240/103
f 3275/1238/103 3276/1240/103 3277/1241/103
f 3275/1238/103 3277/1241/103 3278/1242/103
f 3275/1238/103 3278/1242/103 3279/1243/103
f 3275/1238/103 3279/1243/103 3280/1244/103
f 3275/1238/103 3280/1244/103 3273/1245/103
f 3296/1229/235 3290/1228/235 3298/1224/235
f 3296/1229/235 3298/1224/235 3306/1223/235
f 3290/1228/232 3293/1227/232 3307/1220/232
f 3290/1228/232 3307/1220/232 3298/1219/232
f 3294/1190/236 3289/1189/236 3297/1214/236
f 3294/1190/236 3297/1214/236 3308/1213/236
f 3291/1182/229 3296/1181/229 3306/1196/229
f 3291/1182/229 3306/1196/229 3301/1195/229
f 3289/1189/294 3295/1188/294 3305/1203/294
f 3289/1189/294 3305/1203/294 3297/1202/294
f 3292/1200/230 3294/1199/230 3308/1231/230
f 3292/1200/230 3308/1231/230 3302/1230/230
f 3293/1201/233 3292/1200/233 3302/1235/233
f 3293/1201/233 3302/1235/233 3307/1234/233
f 3202/1058/273 3194/1246/273 3195/1247/273
f 3202/1058/273 3195/1247/273 3213/1057/273
f 3193/1248/274 3209/1054/274 3202/1053/274
f 3193/1248/274 3202/1053/274 3194/1249/274
f 3200/1250/275 3201/1055/275 3209/1054/275
f 3200/1250/275 3209/1054/275 3193/1248/275
f 3201/1055/276 3200/1250/276 3198/1251/276
f 3201/1055/276 3198/1251/276 3214/1059/276
f 3214/1059/277 3198/1251/277 3199/1252/277
f 3214/1059/277 3199/1252/277 3204/1060/277
f 3204/1060/278 3199/1252/278 3197/1253/278
f 3204/1060/278 3197/1253/278 3210/1063/278
f 3210/1063/279 3197/1253/279 3196/1254/279
f 3210/1063/279 3196/1254/279 3203/1056/279
f 3195/1247/280 3213/1057/280 3203/1056/280
f 3195/1247/280 3203/1056/280 3196/1254/280
f 3316/1255/246 3248/1256/246 3262/1257/246
f 3316/1255/246 3262/1257/246 3264/1258/246
f 3258/1259/252 3257/1122/252 3265/1125/252
f 3258/1259/252 3265/1125/252 3266/1260/252
f 3250/1140/234 3254/1139/234 3244/1151/234
f 3250/1140/234 3244/1151/234 3313/1150/234
f 3247/1261/240 3315/1262/240 3258/1263/240
f 3247/1261/240 3258/1263/240 3259/1264/240
f 3314/1265/244 3247/1266/244 3259/1267/244
f 3314/1265/244 3259/1267/244 3260/1268/244
f 3318/1108/105 3245/1107/105 3319/1154/105
f 3318/1108/105 3319/1154/105 3252/1269/105
f 3318/1108/105 3252/1269/105 3255/1270/105
f 3318/1108/105 3255/1270/105 3249/1271/105
f 3243/1272/249 3316/1273/249 3264/1274/249
f 3243/1272/249 3264/1274/249 3257/1275/249
f 3259/1148/242 3258/1276/242 3266/1277/242
f 3259/1148/242 3266/1277/242 3267/1149/242
f 3315/1278/248 3243/1279/248 3257/1280/248
f 3315/1278/248 3257/1280/248 3258/1281/248
f 3270/1282/103 3271/1283/103 3269/1284/103
f 3270/1282/103 3269/1284/103 3268/1285/103
f 3270/1282/103 3268/1285/103 3267/1286/103
f 3270/1282/103 3267/1286/103 3266/1260/103
f 3270/1282/103 3266/1260/103 3265/1125/103
f 3270/1282/103 3265/1125/103 3272/1287/103
f 3249/1271/235 3255/1270/235 3247/1266/235
f 3249/1271/235 3247/1266/235 3314/1265/235
f 3255/1270/232 3252/1269/232 3315/1262/232
f 3255/1270/232 3315/1262/232 3247/1261/232
f 3251/1158/236 3256/1157/236 3248/1256/236
f 3251/1158/236 3248/1256/236 3316/1255/236
f 3254/1139/229 3249/1138/229 3314/1160/229
f 3254/1139/229 3314/1160/229 3244/1159/229
f 3256/1157/231 3250/1156/231 3313/1129/231
f 3256/1157/231 3313/1129/231 3248/1128/231
f 3253/1114/230 3251/1113/230 3316/1273/230
f 3253/1114/230 3316/1273/230 3243/1272/230
f 3252/1115/233 3253/1114/233 3243/1279/233
f 3252/1115/233 3243/1279/233 3315/1278/233
