# moved_half_block
# Fixed for ELN - Merged Objects
mtllib GridBreaker.mtl
o fuse_open
v 0.222491 2.622671 -1.543465
v 0.225442 2.759441 -1.543471
v 0.222016 2.622675 -1.680265
v 0.224968 2.759445 -1.680272
v 3.40886 2.450519 -1.554522
v 3.411811 2.587288 -1.554528
v 3.408385 2.450523 -1.691322
v 3.411337 2.587292 -1.691329
v 0.222491 2.622671 1.51122
v 0.225442 2.759441 1.511226
v 0.222016 2.622675 1.64802
v 0.224968 2.759445 1.648026
v 3.40886 2.450519 1.522277
v 3.411811 2.587288 1.522283
v 3.408385 2.450523 1.659077
v 3.411337 2.587292 1.659083
vt 0.030919 0.968781
vt 0.030907 0.999607
vt 0.00011 0.999594
vt 0.000124 0.968779
vt 0.12327 0.968782
vt 0.092491 0.96978
vt 0.092496 0.250866
vt 0.123274 0.249868
vt 0.000129 0.24987
vt 0.00011 0.219058
vt 0.030899 0.219038
vt 0.030924 0.249867
vt 0.061702 0.250866
vt 0.061697 0.96978
vn -0.9998 0.0216 0.0035
vn -0.0035 0 -1
vn 0.9998 -0.0216 -0.0035
vn 0.0035 0 1
vn -0.0539 -0.9985 0.0002
vn 0.0539 0.9985 -0.0002
vn -0.9998 0.0216 -0.0035
vn -0.0035 0 1
vn 0.9998 -0.0216 0.0035
vn 0.0035 0 -1
vn -0.0539 -0.9985 -0.0002
vn 0.0539 0.9985 0.0002
s off
usemtl Material.005_spent
f 1/1/1 2/2/1 4/3/1
f 1/1/1 4/3/1 3/4/1
f 3/5/2 4/6/2 8/7/2
f 3/5/2 8/7/2 7/8/2
f 7/9/3 8/10/3 6/11/3
f 7/9/3 6/11/3 5/12/3
f 5/12/4 6/13/4 2/14/4
f 5/12/4 2/14/4 1/1/4
f 3/4/5 7/9/5 5/12/5
f 3/4/5 5/12/5 1/1/5
f 8/7/6 4/6/6 2/14/6
f 8/7/6 2/14/6 6/13/6
f 9/1/7 11/4/7 12/3/7
f 9/1/7 12/3/7 10/2/7
f 11/5/8 15/8/8 16/7/8
f 11/5/8 16/7/8 12/6/8
f 15/9/9 13/12/9 14/11/9
f 15/9/9 14/11/9 16/10/9
f 13/12/10 9/1/10 10/14/10
f 13/12/10 10/14/10 14/13/10
f 11/4/11 9/1/11 13/12/11
f 11/4/11 13/12/11 15/9/11
f 16/7/12 14/13/12 10/14/12
f 16/7/12 10/14/12 12/6/12

o fuse_closed
v 0.460112 2.530353 -1.543465
v 0.357023 2.620282 -1.543471
v 0.459805 2.529992 -1.680265
v 0.356715 2.61992 -1.680272
v 2.634576 4.865794 -1.554522
v 2.531487 4.955723 -1.554528
v 2.634269 4.865433 -1.691322
v 2.53118 4.955361 -1.691328
v 0.460112 2.530353 1.51122
v 0.357023 2.620282 1.511226
v 0.459805 2.529992 1.648021
v 0.356716 2.61992 1.648026
v 2.634577 4.865795 1.522277
v 2.531487 4.955723 1.522283
v 2.634269 4.865433 1.659077
v 2.53118 4.955362 1.659083
vt 0.030919 0.968781
vt 0.030907 0.999607
vt 0.00011 0.999594
vt 0.000124 0.968779
vt 0.12327 0.968782
vt 0.092491 0.96978
vt 0.092496 0.250866
vt 0.123274 0.249868
vt 0.000129 0.24987
vt 0.00011 0.219058
vt 0.030899 0.219038
vt 0.030924 0.249867
vt 0.061702 0.250866
vt 0.061697 0.96978
vn -0.6574 -0.7536 0.0035
vn -0.0022 -0.0026 -1
vn 0.6574 0.7536 -0.0035
vn 0.0022 0.0026 1
vn 0.7319 -0.6814 0.0002
vn -0.7319 0.6814 -0.0002
vn -0.6574 -0.7536 -0.0035
vn -0.0022 -0.0026 1
vn 0.6574 0.7536 0.0035
vn 0.0022 0.0026 -1
vn 0.7319 -0.6814 -0.0002
vn -0.7319 0.6814 0.0002
s off
usemtl Material.005
f 17/15/13 18/16/13 20/17/13
f 17/15/13 20/17/13 19/18/13
f 19/19/14 20/20/14 24/21/14
f 19/19/14 24/21/14 23/22/14
f 23/23/15 24/24/15 22/25/15
f 23/23/15 22/25/15 21/26/15
f 21/26/16 22/27/16 18/28/16
f 21/26/16 18/28/16 17/15/16
f 19/18/17 23/23/17 21/26/17
f 19/18/17 21/26/17 17/15/17
f 24/21/18 20/20/18 18/28/18
f 24/21/18 18/28/18 22/27/18
f 25/15/19 27/18/19 28/17/19
f 25/15/19 28/17/19 26/16/19
f 27/19/20 31/22/20 32/21/20
f 27/19/20 32/21/20 28/20/20
f 31/23/21 29/26/21 30/25/21
f 31/23/21 30/25/21 32/24/21
f 29/26/22 25/15/22 26/28/22
f 29/26/22 26/28/22 30/27/22
f 27/18/23 25/15/23 29/26/23
f 27/18/23 29/26/23 31/23/23
f 32/21/24 30/27/24 26/28/24
f 32/21/24 26/28/24 28/20/24

o main
v 1.164919 6.422659 -1.488215
v 1.351032 6.248816 -1.489903
v 1.162367 6.422401 -1.742882
v 1.34848 6.248557 -1.744571
v 0.983434 6.228347 -1.486199
v 1.169546 6.054503 -1.487888
v 0.980882 6.228088 -1.740867
v 1.166995 6.054245 -1.742556
v 0.797062 6.028801 -1.484129
v 0.980622 5.8547 -1.740486
v 0.983174 5.854958 -1.485818
v 0.79451 6.028543 -1.738797
v 2.220817 4.6989 -1.497047
v 2.40719 4.898446 -1.499117
v 2.404638 4.898188 -1.753785
v 2.218266 4.698642 -1.751715
v 1.136687 5.711564 -1.487211
v 1.323059 5.911109 -1.489281
v 1.320508 5.910851 -1.743948
v 1.134135 5.711306 -1.741879
v 2.134286 4.779728 -1.496262
v 2.131734 4.779469 -1.75093
v 2.320658 4.979273 -1.498332
v 2.318106 4.979015 -1.753
v 1.07636 5.95473 -1.486853
v 0.887696 6.128316 -1.739832
v 0.890248 6.128574 -1.485164
v 1.073808 5.954472 -1.741521
v 2.314003 4.798673 -1.498082
v 2.311451 4.798415 -1.75275
v 1.22677 5.811023 -1.79792
v 1.230491 5.811399 -1.426587
v 2.224369 4.879187 -1.806971
v 2.22809 4.879563 -1.435639
v 1.163643 6.42253 -1.615549
v 1.349756 6.248686 -1.617237
v 1.168271 6.054374 -1.615222
v 0.982158 6.228218 -1.613533
v 0.981898 5.854828 -1.613152
v 0.795786 6.028672 -1.611463
v 2.405914 4.898316 -1.626451
v 2.219541 4.698771 -1.624381
v 1.07173 5.643253 -1.613837
v 1.372366 5.965138 -1.617176
v 2.069329 4.711417 -1.622889
v 2.369965 5.033302 -1.626228
v 2.348484 4.765145 -1.625741
v 0.888972 6.128445 -1.612498
v 1.30091 5.931799 -1.48908
v 1.298358 5.931541 -1.743747
v 1.114537 5.732254 -1.48701
v 1.111986 5.731996 -1.741678
v 1.207724 5.832026 -1.488045
v 1.205172 5.831768 -1.742713
v 1.299634 5.93167 -1.616414
v 1.113262 5.732125 -1.614344
v 2.150286 4.764782 -1.496407
v 2.147734 4.764524 -1.751075
v 2.336658 4.964328 -1.498477
v 2.334106 4.964069 -1.753145
v 2.24092 4.864297 -1.75211
v 2.243472 4.864555 -1.497442
v 2.14901 4.764653 -1.623741
v 2.335382 4.964199 -1.625811
v 1.433857 5.807615 -1.490286
v 1.431305 5.807357 -1.744954
v 1.247485 5.60807 -1.488216
v 1.244933 5.607812 -1.742884
v 1.341289 5.707905 -1.427593
v 1.337568 5.707529 -1.798925
v 1.483164 5.861645 -1.618182
v 1.182528 5.539759 -1.614843
v 1.308738 5.657681 -1.55851
v 1.307681 5.657574 -1.663946
v 1.347751 5.699032 -1.51576
v 1.346034 5.698858 -1.687148
v 1.406313 5.762664 -1.612318
v 1.281845 5.629399 -1.610935
v 1.385899 5.740295 -1.559367
v 1.384843 5.740189 -1.664803
v 1.327917 5.639766 -1.558684
v 1.326861 5.639658 -1.66412
v 1.366931 5.681117 -1.515934
v 1.365213 5.680943 -1.687322
v 1.425492 5.744749 -1.612492
v 1.301024 5.611484 -1.611109
v 1.405079 5.722381 -1.559541
v 1.404022 5.722274 -1.664977
v 1.361998 5.591883 -1.548516
v 1.360717 5.591753 -1.676372
v 1.409323 5.642029 -1.495014
v 1.407224 5.641816 -1.704508
v 1.48032 5.71919 -1.613765
v 1.329386 5.557588 -1.612089
v 1.455566 5.692065 -1.549555
v 1.454285 5.691935 -1.677411
v 1.385918 5.478763 -1.489472
v 1.383366 5.478505 -1.74414
v 1.479722 5.578598 -1.428849
v 1.476001 5.578221 -1.800181
v 1.621598 5.732337 -1.619438
v 1.320961 5.410451 -1.616099
v 1.57229 5.678308 -1.491542
v 1.569739 5.67805 -1.74621
v 1.484038 5.387111 -1.490362
v 1.481486 5.386853 -1.74503
v 1.577842 5.486946 -1.429739
v 1.574121 5.48657 -1.801072
v 1.719717 5.640685 -1.620328
v 1.419081 5.3188 -1.616989
v 1.67041 5.586657 -1.492432
v 1.667858 5.586398 -1.7471
v 1.535678 5.437357 -1.555122
v 1.534504 5.437238 -1.672215
v 1.578892 5.483268 -1.518844
v 1.577097 5.483087 -1.697982
v 1.64404 5.553947 -1.614878
v 1.505811 5.405948 -1.613343
v 1.621369 5.529105 -1.556073
v 1.620196 5.528986 -1.673166
v 1.580916 5.395101 -1.555532
v 1.579743 5.394982 -1.672625
v 1.62413 5.441012 -1.519254
v 1.622335 5.44083 -1.698392
v 1.689278 5.511691 -1.615289
v 1.55105 5.363692 -1.613753
v 1.666608 5.486849 -1.556484
v 1.665434 5.48673 -1.673577
v 1.644153 5.237551 -1.491815
v 1.641601 5.237293 -1.746483
v 1.737957 5.337386 -1.431192
v 1.734236 5.33701 -1.802524
v 1.879832 5.491126 -1.621781
v 1.579195 5.16924 -1.618442
v 1.830525 5.437097 -1.493885
v 1.827973 5.436838 -1.748553
v 1.729449 5.45889 -1.537994
v 1.727865 5.45873 -1.696003
v 1.613814 5.335083 -1.53671
v 1.61223 5.334922 -1.694719
v 1.672198 5.397044 -1.480809
v 1.669706 5.396791 -1.72949
v 1.760041 5.492413 -1.617347
v 1.573511 5.292698 -1.615276
v 1.739648 5.14835 -1.492682
v 1.737097 5.148092 -1.74735
v 1.833452 5.248186 -1.432058
v 1.829731 5.247809 -1.803391
v 1.975328 5.401925 -1.622647
v 1.674691 5.080039 -1.619308
v 1.926021 5.347896 -1.494751
v 1.923469 5.347638 -1.749419
v 1.788187 5.19118 -1.55068
v 1.78687 5.191047 -1.68218
v 1.836735 5.242742 -1.508289
v 1.834702 5.242536 -1.711117
v 1.909882 5.322115 -1.617789
v 1.754646 5.155907 -1.616065
v 1.884422 5.294217 -1.551749
v 1.883104 5.294083 -1.683249
v 1.855886 5.131684 -1.553736
v 1.85462 5.131556 -1.680011
v 1.902496 5.181196 -1.513851
v 1.900553 5.181 -1.707799
v 1.972745 5.257417 -1.618178
v 1.823678 5.097813 -1.616523
v 1.948297 5.230627 -1.554763
v 1.947031 5.230499 -1.681037
v 1.891316 5.006681 -1.494058
v 1.888764 5.006423 -1.748726
v 1.98512 5.106516 -1.433434
v 1.981399 5.10614 -1.804767
v 2.126995 5.260255 -1.624023
v 1.826359 4.93837 -1.620684
v 2.077688 5.206226 -1.496127
v 2.075136 5.205968 -1.750795
v 2.024465 5.200219 -1.530194
v 2.022656 5.200036 -1.710694
v 1.892371 5.058788 -1.528727
v 1.890562 5.058605 -1.709227
v 1.959085 5.129571 -1.462836
v 1.956218 5.129281 -1.748947
v 2.059412 5.238513 -1.620842
v 1.846331 5.010371 -1.618476
v 2.064169 4.937737 -1.559952
v 2.062913 4.93761 -1.685324
v 2.110348 4.986886 -1.530108
v 2.108516 4.9867 -1.712912
v 2.180192 5.06257 -1.623934
v 2.032191 4.904108 -1.62229
v 2.155919 5.035972 -1.560971
v 2.154663 5.035845 -1.686343
v 2.119167 4.886365 -1.560452
v 2.117911 4.886238 -1.685823
v 2.165346 4.935513 -1.530607
v 2.163515 4.935328 -1.713411
v 2.23519 5.011198 -1.624433
v 2.087189 4.852736 -1.622789
v 2.210917 4.984599 -1.561471
v 2.209661 4.984472 -1.686842
v 2.176345 5.114073 -1.497023
v 2.173793 5.113815 -1.751691
v 1.989973 4.914528 -1.494953
v 1.987421 4.914269 -1.749621
v 2.083776 5.014363 -1.434329
v 2.080056 5.013987 -1.805662
v 2.225652 5.168102 -1.624918
v 1.925015 4.846217 -1.62158
v 1.206237 6.382934 -1.597667
v 1.205858 6.382895 -1.635429
v 1.024373 6.188583 -1.633414
v 1.024752 6.188621 -1.595652
v 0.838379 5.989076 -1.593582
v 0.838001 5.989038 -1.631344
v 0.931187 6.08881 -1.632379
v 0.931566 6.088849 -1.594617
v 1.206054 6.382915 -1.615933
v 1.303439 6.292139 -1.598549
v 1.303061 6.292101 -1.636311
v 1.121575 6.097788 -1.634296
v 1.121954 6.097827 -1.596534
v 0.935581 5.898282 -1.594464
v 0.935203 5.898243 -1.632226
v 1.028389 5.998016 -1.633261
v 1.028768 5.998054 -1.595499
v 1.303256 6.292121 -1.616815
v -0.017966 5.156167 -1.475078
v 0.165594 4.982065 -1.731434
v 0.168146 4.982323 -1.476766
v -0.020518 5.155909 -1.729746
v 0.16687 4.982194 -1.6041
v -0.019242 5.156037 -1.602412
v 0.023351 5.116441 -1.58453
v 0.022973 5.116403 -1.622292
v 0.120553 5.025647 -1.585412
v 0.120175 5.025609 -1.623174
v -1.200852 3.889674 -1.461941
v -1.01474 3.71583 -1.463629
v -1.203404 3.889416 -1.716609
v -1.017291 3.715572 -1.718297
v -1.019367 4.083987 -1.463956
v -0.833255 3.910143 -1.465645
v -1.021919 4.083729 -1.718624
v -0.835806 3.909885 -1.720313
v -0.832995 4.283532 -1.466026
v -0.649434 4.10943 -1.722383
v -0.646882 4.109688 -1.467715
v -0.835546 4.283274 -1.720694
v 0.590761 2.953631 -1.478944
v 0.404389 2.754086 -1.476874
v 0.401837 2.753828 -1.731542
v 0.588209 2.953373 -1.733612
v -0.493369 3.966295 -1.469108
v -0.679742 3.76675 -1.467038
v -0.682293 3.766491 -1.721706
v -0.495921 3.966037 -1.723776
v 0.504229 3.034458 -1.478159
v 0.501678 3.0342 -1.732827
v 0.317857 2.834913 -1.476089
v 0.315305 2.834655 -1.730757
v -0.740068 4.009915 -1.46668
v -0.928733 4.183501 -1.719659
v -0.926181 4.183759 -1.464991
v -0.74262 4.009657 -1.721348
v 0.497575 2.853858 -1.477909
v 0.495023 2.8536 -1.732577
v -0.589658 3.866208 -1.777747
v -0.585938 3.866585 -1.406414
v 0.40794 2.934372 -1.786798
v 0.411661 2.934748 -1.415466
v -1.202128 3.889545 -1.589275
v -1.016015 3.715701 -1.590963
v -0.83453 3.910014 -1.592979
v -1.020643 4.083858 -1.59129
v -0.648158 4.109559 -1.595049
v -0.83427 4.283403 -1.59336
v 0.403113 2.753957 -1.604208
v 0.589485 2.953502 -1.606278
v -0.430964 4.034348 -1.597149
v -0.7316 3.712462 -1.59381
v 0.566635 3.102511 -1.6062
v 0.265998 2.780626 -1.602861
v 0.532055 2.82033 -1.605568
v -0.927457 4.18363 -1.592325
v -0.701891 3.787439 -1.466837
v -0.704443 3.787181 -1.721505
v -0.515519 3.986984 -1.468907
v -0.518071 3.986726 -1.723575
v -0.608705 3.887212 -1.467872
v -0.611257 3.886953 -1.72254
v -0.703167 3.78731 -1.594171
v -0.516795 3.986855 -1.596241
v 0.52023 3.019513 -1.478304
v 0.517678 3.019255 -1.732972
v 0.333857 2.819968 -1.476234
v 0.331306 2.81971 -1.730902
v 0.424492 2.919482 -1.731937
v 0.427044 2.91974 -1.477269
v 0.518954 3.019384 -1.605638
v 0.332581 2.819839 -1.603568
v -0.568944 3.663256 -1.468043
v -0.571495 3.662997 -1.722711
v -0.382571 3.862801 -1.470113
v -0.385123 3.862543 -1.724781
v -0.47514 3.763091 -1.40742
v -0.47886 3.762714 -1.778752
v -0.620802 3.608969 -1.594815
v -0.320166 3.930854 -1.598154
v -0.428611 3.797535 -1.539215
v -0.429667 3.797429 -1.644652
v -0.466759 3.756272 -1.495608
v -0.468476 3.756098 -1.666997
v -0.527242 3.692445 -1.590844
v -0.402774 3.82571 -1.592226
v -0.505772 3.714921 -1.538358
v -0.506828 3.714814 -1.643795
v -0.409431 3.77962 -1.539389
v -0.410488 3.779513 -1.644826
v -0.447579 3.738357 -1.495782
v -0.449297 3.738183 -1.667171
v -0.508063 3.67453 -1.591018
v -0.383594 3.807796 -1.5924
v -0.486592 3.697005 -1.538532
v -0.487649 3.696898 -1.643969
v -0.359232 3.748996 -1.5294
v -0.360513 3.748866 -1.657256
v -0.405475 3.69896 -1.474859
v -0.407574 3.698748 -1.684353
v -0.478836 3.62156 -1.592007
v -0.327902 3.783162 -1.593683
v -0.4528 3.648814 -1.528361
v -0.454082 3.648685 -1.656217
v -0.244138 3.733493 -1.471369
v -0.24669 3.733235 -1.726037
v -0.336706 3.633783 -1.408676
v -0.340427 3.633407 -1.780008
v -0.482369 3.479661 -1.596071
v -0.181733 3.801546 -1.59941
v -0.430511 3.533948 -1.469299
v -0.433062 3.53369 -1.723967
v -0.146018 3.641842 -1.472259
v -0.14857 3.641583 -1.726927
v -0.238587 3.542131 -1.409566
v -0.242308 3.541755 -1.780899
v -0.38425 3.388009 -1.596962
v -0.083613 3.709895 -1.6003
v -0.332391 3.442297 -1.470189
v -0.334943 3.442038 -1.724857
v -0.19329 3.586185 -1.53592
v -0.194464 3.586065 -1.653013
v -0.235768 3.540348 -1.498691
v -0.237563 3.540166 -1.677828
v -0.302826 3.469476 -1.593257
v -0.164597 3.617475 -1.594792
v -0.278982 3.494436 -1.534968
v -0.280155 3.494318 -1.652061
v -0.148052 3.543928 -1.536331
v -0.149225 3.543809 -1.653423
v -0.190529 3.498091 -1.499101
v -0.192324 3.49791 -1.678239
v -0.257587 3.427219 -1.593667
v -0.119359 3.575218 -1.595202
v -0.233743 3.45218 -1.535379
v -0.234917 3.452061 -1.652472
v 0.014096 3.492282 -1.473712
v 0.011544 3.492023 -1.72838
v -0.078472 3.392572 -1.411019
v -0.082193 3.392195 -1.782351
v -0.224135 3.238449 -1.598414
v 0.076502 3.560335 -1.601753
v -0.172276 3.292737 -1.471642
v -0.174828 3.292478 -1.72631
v -0.201372 3.391598 -1.516551
v -0.202955 3.391438 -1.67456
v -0.085737 3.515407 -1.517835
v -0.08732 3.515246 -1.675844
v -0.142988 3.45356 -1.46065
v -0.14548 3.453308 -1.709331
v -0.233548 3.357916 -1.595207
v -0.047018 3.55763 -1.597278
v 0.109592 3.403081 -1.474578
v 0.10704 3.402823 -1.729246
v 0.017024 3.303371 -1.411885
v 0.013303 3.302994 -1.783218
v -0.128639 3.149249 -1.599281
v 0.171997 3.471134 -1.60262
v -0.07678 3.203536 -1.472509
v -0.079332 3.203278 -1.727176
v 0.069577 3.351098 -1.531594
v 0.068259 3.350964 -1.663093
v 0.02189 3.299623 -1.488134
v 0.019857 3.299417 -1.690962
v -0.053435 3.220029 -1.595985
v 0.1018 3.386237 -1.597709
v -0.026658 3.248061 -1.530525
v -0.027975 3.247928 -1.662024
v 0.133519 3.28758 -1.534608
v 0.132254 3.287452 -1.660883
v 0.087719 3.238149 -1.493696
v 0.085775 3.237953 -1.687644
v 0.015395 3.161719 -1.59644
v 0.164462 3.321323 -1.598096
v 0.041108 3.188637 -1.533582
v 0.039843 3.188509 -1.659856
v 0.26126 3.261411 -1.475955
v 0.258708 3.261153 -1.730622
v 0.168692 3.161701 -1.413261
v 0.164971 3.161325 -1.784594
v 0.023029 3.007579 -1.600657
v 0.323665 3.329464 -1.603996
v 0.074887 3.061866 -1.473885
v 0.072336 3.061608 -1.728553
v 0.076896 3.114995 -1.508565
v 0.075087 3.114812 -1.689065
v 0.20899 3.256425 -1.510032
v 0.207181 3.256242 -1.690531
v 0.14361 3.185777 -1.442673
v 0.140743 3.185487 -1.728785
v 0.04014 3.076518 -1.598416
v 0.253221 3.304659 -1.600783
v 0.341153 3.092937 -1.540817
v 0.339897 3.09281 -1.666188
v 0.295582 3.043851 -1.509953
v 0.29375 3.043665 -1.692758
v 0.223873 2.967978 -1.602207
v 0.371875 3.126439 -1.603851
v 0.249403 2.994703 -1.539798
v 0.248147 2.994576 -1.665169
v 0.396151 3.041565 -1.541316
v 0.394895 3.041438 -1.666687
v 0.35058 2.992478 -1.510453
v 0.348749 2.992293 -1.693257
v 0.278872 2.916605 -1.602706
v 0.426873 3.075067 -1.60435
v 0.304401 2.94333 -1.540297
v 0.303145 2.943203 -1.665668
v 0.173544 2.969713 -1.47478
v 0.170992 2.969455 -1.729448
v 0.359916 3.169258 -1.47685
v 0.357364 3.169 -1.731518
v 0.267348 3.069548 -1.414156
v 0.263627 3.069172 -1.785489
v 0.121685 2.915426 -1.601552
v 0.422322 3.237311 -1.604891
v -1.159534 3.849949 -1.571393
v -1.159913 3.849911 -1.609155
v -0.978428 4.044223 -1.611171
v -0.978049 4.044261 -1.573409
v -0.791677 4.243806 -1.575479
v -0.792055 4.243768 -1.613241
v -0.885241 4.143996 -1.612206
v -0.884863 4.144034 -1.574444
v -1.159717 3.84993 -1.589659
v -1.062332 3.759154 -1.572275
v -1.062711 3.759116 -1.610037
v -0.881226 3.953429 -1.612053
v -0.880847 3.953467 -1.574291
v -0.694475 4.153012 -1.576361
v -0.694853 4.152974 -1.614123
v -0.788039 4.053201 -1.613088
v -0.787661 4.053239 -1.575326
v -1.062515 3.759136 -1.590541
v -0.017966 5.156167 -1.475078
v 0.165594 4.982065 -1.731434
v 0.168146 4.982323 -1.476766
v -0.020518 5.155909 -1.729746
v 0.16687 4.982194 -1.6041
v -0.019242 5.156037 -1.602412
v 0.023351 5.116441 -1.58453
v 0.022973 5.116403 -1.622292
v 0.120553 5.025647 -1.585412
v 0.120175 5.025609 -1.623174
v 1.164919 6.422659 1.45597
v 1.351032 6.248816 1.457658
v 1.162367 6.422401 1.710638
v 1.34848 6.248557 1.712326
v 0.983434 6.228347 1.453954
v 1.169546 6.054503 1.455642
v 0.980882 6.228088 1.708622
v 1.166995 6.054245 1.710311
v 0.797062 6.028801 1.451885
v 0.980622 5.8547 1.708241
v 0.983174 5.854958 1.453573
v 0.79451 6.028543 1.706552
v 2.220818 4.6989 1.464802
v 2.40719 4.898446 1.466872
v 2.404638 4.898187 1.72154
v 2.218266 4.698642 1.71947
v 1.136687 5.711565 1.454966
v 1.323059 5.911109 1.457036
v 1.320508 5.910851 1.711704
v 1.134135 5.711306 1.709634
v 2.134286 4.779728 1.464017
v 2.131734 4.779469 1.718685
v 2.320658 4.979273 1.466087
v 2.318106 4.979015 1.720755
v 1.07636 5.954731 1.454608
v 0.887696 6.128316 1.707587
v 0.890248 6.128574 1.452919
v 1.073808 5.954472 1.709276
v 2.314003 4.798673 1.465837
v 2.311452 4.798415 1.720505
v 1.22677 5.811023 1.765675
v 1.230491 5.811399 1.394342
v 2.224369 4.879187 1.774726
v 2.22809 4.879563 1.403394
v 1.163643 6.42253 1.583304
v 1.349756 6.248687 1.584992
v 1.168271 6.054374 1.582977
v 0.982158 6.228218 1.581288
v 0.981898 5.854829 1.580907
v 0.795786 6.028672 1.579218
v 2.405914 4.898316 1.594206
v 2.219542 4.698771 1.592136
v 1.07173 5.643253 1.581593
v 1.372366 5.965138 1.584931
v 2.069329 4.711416 1.590644
v 2.369965 5.033302 1.593983
v 2.348484 4.765145 1.593496
v 0.888972 6.128445 1.580253
v 1.30091 5.931799 1.456835
v 1.298358 5.93154 1.711503
v 1.114538 5.732254 1.454765
v 1.111986 5.731996 1.709433
v 1.207724 5.832026 1.4558
v 1.205172 5.831768 1.710467
v 1.299634 5.93167 1.584169
v 1.113262 5.732125 1.582099
v 2.150286 4.764782 1.464162
v 2.147734 4.764524 1.71883
v 2.336658 4.964327 1.466232
v 2.334106 4.964069 1.7209
v 2.24092 4.864297 1.719865
v 2.243472 4.864555 1.465197
v 2.14901 4.764653 1.591496
v 2.335382 4.964199 1.593566
v 1.433857 5.807615 1.458041
v 1.431305 5.807357 1.712709
v 1.247485 5.60807 1.455971
v 1.244933 5.607812 1.710639
v 1.341289 5.707906 1.395348
v 1.337568 5.707529 1.76668
v 1.483164 5.861645 1.585937
v 1.182528 5.539759 1.582598
v 1.308738 5.657681 1.526265
v 1.307681 5.657574 1.631701
v 1.347751 5.699032 1.483515
v 1.346034 5.698858 1.654903
v 1.406313 5.762665 1.580073
v 1.281845 5.629399 1.578691
v 1.385899 5.740295 1.527122
v 1.384843 5.740189 1.632558
v 1.327917 5.639766 1.526439
v 1.326861 5.639658 1.631875
v 1.366931 5.681117 1.483689
v 1.365214 5.680943 1.655077
v 1.425493 5.744749 1.580247
v 1.301024 5.611484 1.578864
v 1.405079 5.722381 1.527296
v 1.404022 5.722274 1.632732
v 1.361998 5.591883 1.516271
v 1.360717 5.591754 1.644127
v 1.409323 5.642029 1.462769
v 1.407224 5.641816 1.672263
v 1.480321 5.71919 1.58152
v 1.329386 5.557588 1.579844
v 1.455566 5.692065 1.51731
v 1.454285 5.691936 1.645166
v 1.385918 5.478763 1.457227
v 1.383366 5.478505 1.711895
v 1.479722 5.578598 1.396604
v 1.476001 5.578221 1.767936
v 1.621598 5.732337 1.587193
v 1.320961 5.410451 1.583854
v 1.57229 5.678308 1.459297
v 1.569739 5.67805 1.713965
v 1.484038 5.387111 1.458117
v 1.481486 5.386853 1.712785
v 1.577842 5.486946 1.397494
v 1.574121 5.48657 1.768826
v 1.719717 5.640685 1.588083
v 1.419081 5.318799 1.584744
v 1.67041 5.586656 1.460187
v 1.667858 5.586398 1.714855
v 1.535678 5.437357 1.522877
v 1.534505 5.437238 1.63997
v 1.578892 5.483268 1.486599
v 1.577097 5.483087 1.665737
v 1.64404 5.553947 1.582633
v 1.505811 5.405948 1.581098
v 1.621369 5.529105 1.523829
v 1.620196 5.528986 1.640921
v 1.580916 5.395101 1.523287
v 1.579743 5.394982 1.64038
v 1.62413 5.441012 1.48701
v 1.622335 5.44083 1.666147
v 1.689279 5.511691 1.583044
v 1.55105 5.363692 1.581509
v 1.666608 5.486848 1.524239
v 1.665435 5.48673 1.641332
v 1.644153 5.237551 1.45957
v 1.641601 5.237293 1.714238
v 1.737957 5.337386 1.398946
v 1.734236 5.33701 1.770279
v 1.879832 5.491125 1.589536
v 1.579195 5.16924 1.586197
v 1.830525 5.437096 1.46164
v 1.827973 5.436838 1.716308
v 1.729449 5.45889 1.505749
v 1.727865 5.45873 1.663758
v 1.613814 5.335083 1.504465
v 1.612231 5.334922 1.662474
v 1.672198 5.397044 1.448564
v 1.669706 5.396791 1.697245
v 1.760041 5.492413 1.585102
v 1.573511 5.292698 1.583031
v 1.739649 5.14835 1.460437
v 1.737097 5.148092 1.715104
v 1.833452 5.248186 1.399813
v 1.829732 5.247809 1.771146
v 1.975328 5.401925 1.590402
v 1.674691 5.080039 1.587063
v 1.926021 5.347896 1.462507
v 1.923469 5.347637 1.717174
v 1.788188 5.19118 1.518435
v 1.78687 5.191047 1.649935
v 1.836735 5.242742 1.476044
v 1.834702 5.242536 1.678872
v 1.909882 5.322115 1.585544
v 1.754646 5.155907 1.58382
v 1.884422 5.294217 1.519504
v 1.883104 5.294083 1.651004
v 1.855886 5.131684 1.521491
v 1.854621 5.131556 1.647766
v 1.902496 5.181196 1.481606
v 1.900553 5.181 1.675554
v 1.972745 5.257417 1.585933
v 1.823678 5.097813 1.584278
v 1.948297 5.230627 1.522518
v 1.947032 5.230498 1.648793
v 1.891316 5.00668 1.461813
v 1.888764 5.006423 1.716481
v 1.98512 5.106516 1.401189
v 1.981399 5.106139 1.772522
v 2.126995 5.260255 1.591778
v 1.826359 4.93837 1.588439
v 2.077688 5.206226 1.463882
v 2.075137 5.205968 1.71855
v 2.024465 5.200219 1.497949
v 2.022656 5.200036 1.678449
v 1.892371 5.058788 1.496482
v 1.890562 5.058605 1.676982
v 1.959086 5.129571 1.430591
v 1.956219 5.129281 1.716702
v 2.059412 5.238513 1.588597
v 1.846331 5.010371 1.586231
v 2.064169 4.937737 1.527707
v 2.062913 4.93761 1.653079
v 2.110348 4.986886 1.497863
v 2.108517 4.9867 1.680667
v 2.180193 5.06257 1.591689
v 2.032191 4.904108 1.590045
v 2.155919 5.035972 1.528727
v 2.154663 5.035845 1.654098
v 2.119167 4.886364 1.528206
v 2.117911 4.886238 1.653578
v 2.165346 4.935513 1.498362
v 2.163515 4.935328 1.681166
v 2.235191 5.011198 1.592188
v 2.087189 4.852736 1.590544
v 2.210917 4.984599 1.529226
v 2.209661 4.984472 1.654597
v 2.176345 5.114073 1.464777
v 2.173793 5.113815 1.719445
v 1.989973 4.914528 1.462708
v 1.987421 4.914269 1.717376
v 2.083777 5.014363 1.402084
v 2.080056 5.013987 1.773417
v 2.225652 5.168102 1.592673
v 1.925015 4.846216 1.589334
v 1.206237 6.382934 1.565422
v 1.205858 6.382895 1.603184
v 1.024374 6.188583 1.601169
v 1.024752 6.188621 1.563407
v 0.83838 5.989076 1.561337
v 0.838001 5.989038 1.599099
v 0.931187 6.08881 1.600134
v 0.931566 6.088849 1.562371
v 1.206054 6.382915 1.583688
v 1.303439 6.292139 1.566304
v 1.303061 6.292101 1.604066
v 1.121575 6.097788 1.602051
v 1.121954 6.097827 1.564289
v 0.935581 5.898282 1.562219
v 0.935203 5.898243 1.599981
v 1.028389 5.998016 1.601016
v 1.028768 5.998054 1.563254
v 1.303256 6.292121 1.58457
v -0.017966 5.156167 1.442832
v 0.165594 4.982065 1.699189
v 0.168146 4.982323 1.444521
v -0.020518 5.155909 1.697501
v 0.16687 4.982194 1.571855
v -0.019242 5.156038 1.570167
v 0.023351 5.116441 1.552285
v 0.022973 5.116403 1.590047
v 0.120553 5.025647 1.553167
v 0.120175 5.025609 1.59093
v -1.200852 3.889674 1.429696
v -1.01474 3.715831 1.431384
v -1.203404 3.889416 1.684364
v -1.017291 3.715572 1.686052
v -1.019367 4.083987 1.431711
v -0.833254 3.910143 1.4334
v -1.021919 4.083729 1.686379
v -0.835806 3.909885 1.688068
v -0.832995 4.283532 1.433781
v -0.649434 4.10943 1.690138
v -0.646882 4.109688 1.43547
v -0.835546 4.283274 1.688449
v 0.590761 2.953631 1.446699
v 0.404389 2.754086 1.444629
v 0.401837 2.753828 1.699297
v 0.588209 2.953373 1.701367
v -0.493369 3.966295 1.436862
v -0.679742 3.76675 1.434793
v -0.682293 3.766492 1.689461
v -0.495921 3.966037 1.69153
v 0.504229 3.034458 1.445914
v 0.501678 3.0342 1.700582
v 0.317857 2.834913 1.443844
v 0.315305 2.834655 1.698512
v -0.740068 4.009916 1.434435
v -0.928733 4.183501 1.687414
v -0.926181 4.18376 1.432746
v -0.74262 4.009658 1.689103
v 0.497575 2.853858 1.445664
v 0.495023 2.8536 1.700332
v -0.589658 3.866209 1.745502
v -0.585938 3.866585 1.374169
v 0.40794 2.934372 1.754553
v 0.411661 2.934748 1.38322
v -1.202128 3.889545 1.55703
v -1.016015 3.715702 1.558718
v -0.83453 3.910014 1.560734
v -1.020643 4.083858 1.559045
v -0.648158 4.10956 1.562804
v -0.83427 4.283403 1.561115
v 0.403113 2.753957 1.571963
v 0.589485 2.953502 1.574033
v -0.430964 4.034348 1.564904
v -0.7316 3.712462 1.561565
v 0.566635 3.102512 1.573955
v 0.265998 2.780626 1.570616
v 0.532055 2.82033 1.573323
v -0.927457 4.18363 1.560081
v -0.701891 3.787439 1.434592
v -0.704443 3.787181 1.68926
v -0.515519 3.986984 1.436661
v -0.518071 3.986726 1.691329
v -0.608705 3.887212 1.435627
v -0.611257 3.886954 1.690295
v -0.703167 3.78731 1.561926
v -0.516795 3.986856 1.563996
v 0.52023 3.019513 1.446059
v 0.517678 3.019255 1.700727
v 0.333857 2.819968 1.44399
v 0.331306 2.81971 1.698657
v 0.424492 2.919482 1.699692
v 0.427043 2.91974 1.445024
v 0.518954 3.019384 1.573393
v 0.332582 2.819839 1.571323
v -0.568944 3.663256 1.435798
v -0.571495 3.662998 1.690466
v -0.382571 3.862801 1.437868
v -0.385123 3.862543 1.692536
v -0.47514 3.763091 1.375174
v -0.47886 3.762714 1.746507
v -0.620802 3.608969 1.56257
v -0.320166 3.930854 1.565909
v -0.428611 3.797535 1.50697
v -0.429667 3.797429 1.612407
v -0.466759 3.756272 1.463363
v -0.468476 3.756098 1.634752
v -0.527242 3.692445 1.558599
v -0.402774 3.82571 1.559981
v -0.505772 3.714921 1.506113
v -0.506828 3.714814 1.61155
v -0.409431 3.77962 1.507144
v -0.410488 3.779513 1.612581
v -0.447579 3.738357 1.463537
v -0.449297 3.738183 1.634926
v -0.508063 3.67453 1.558773
v -0.383594 3.807796 1.560155
v -0.486592 3.697005 1.506287
v -0.487649 3.696898 1.611724
v -0.359232 3.748996 1.497155
v -0.360513 3.748866 1.625012
v -0.405475 3.69896 1.442614
v -0.407574 3.698748 1.652108
v -0.478836 3.62156 1.559762
v -0.327902 3.783162 1.561439
v -0.4528 3.648814 1.496116
v -0.454082 3.648685 1.623972
v -0.244138 3.733493 1.439124
v -0.24669 3.733235 1.693792
v -0.336706 3.633783 1.37643
v -0.340427 3.633407 1.747763
v -0.482369 3.479661 1.563826
v -0.181733 3.801547 1.567165
v -0.43051 3.533948 1.437054
v -0.433062 3.53369 1.691722
v -0.146018 3.641842 1.440014
v -0.14857 3.641583 1.694682
v -0.238587 3.542131 1.377321
v -0.242308 3.541755 1.748653
v -0.384249 3.388009 1.564717
v -0.083613 3.709895 1.568055
v -0.332391 3.442297 1.437944
v -0.334943 3.442038 1.692612
v -0.193291 3.586185 1.503675
v -0.194464 3.586066 1.620768
v -0.235768 3.540348 1.466445
v -0.237563 3.540166 1.645583
v -0.302826 3.469476 1.561012
v -0.164597 3.617475 1.562547
v -0.278982 3.494436 1.502723
v -0.280155 3.494318 1.619816
v -0.148052 3.543928 1.504086
v -0.149225 3.543809 1.621179
v -0.190529 3.498091 1.466856
v -0.192324 3.49791 1.645994
v -0.257587 3.427219 1.561422
v -0.119359 3.575218 1.562957
v -0.233743 3.45218 1.503134
v -0.234917 3.452061 1.620227
v 0.014096 3.492282 1.441467
v 0.011545 3.492023 1.696135
v -0.078472 3.392572 1.378774
v -0.082193 3.392195 1.750106
v -0.224135 3.238449 1.566169
v 0.076502 3.560335 1.569508
v -0.172276 3.292737 1.439397
v -0.174828 3.292478 1.694065
v -0.201372 3.391598 1.484306
v -0.202955 3.391438 1.642315
v -0.085737 3.515407 1.48559
v -0.08732 3.515246 1.643599
v -0.142988 3.45356 1.428405
v -0.14548 3.453308 1.677086
v -0.233548 3.357916 1.562962
v -0.047018 3.55763 1.565033
v 0.109592 3.403081 1.442333
v 0.10704 3.402823 1.697001
v 0.017024 3.303371 1.37964
v 0.013303 3.302995 1.750973
v -0.128639 3.149249 1.567036
v 0.171998 3.471134 1.570374
v -0.07678 3.203536 1.440264
v -0.079332 3.203278 1.694932
v 0.069577 3.351098 1.499349
v 0.068259 3.350964 1.630848
v 0.02189 3.299623 1.455889
v 0.019858 3.299417 1.658717
v -0.053435 3.22003 1.56374
v 0.101801 3.386237 1.565464
v -0.026657 3.248061 1.49828
v -0.027975 3.247928 1.62978
v 0.133519 3.28758 1.502363
v 0.132254 3.287452 1.628638
v 0.087719 3.238149 1.461451
v 0.085775 3.237953 1.655399
v 0.015395 3.161719 1.564195
v 0.164462 3.321323 1.565851
v 0.041108 3.188637 1.501337
v 0.039843 3.188509 1.627611
v 0.26126 3.261411 1.44371
v 0.258708 3.261153 1.698377
v 0.168692 3.161701 1.381016
v 0.164971 3.161325 1.752349
v 0.023029 3.007579 1.568412
v 0.323665 3.329465 1.571751
v 0.074888 3.061866 1.44164
v 0.072336 3.061608 1.696308
v 0.076896 3.114995 1.47632
v 0.075087 3.114812 1.65682
v 0.20899 3.256425 1.477787
v 0.207181 3.256242 1.658286
v 0.14361 3.185778 1.410428
v 0.140743 3.185487 1.69654
v 0.04014 3.076518 1.566171
v 0.253221 3.304659 1.568538
v 0.341153 3.092937 1.508572
v 0.339897 3.09281 1.633943
v 0.295582 3.043851 1.477709
v 0.293751 3.043665 1.660513
v 0.223873 2.967978 1.569962
v 0.371875 3.12644 1.571606
v 0.249403 2.994703 1.507553
v 0.248147 2.994576 1.632924
v 0.396151 3.041565 1.509071
v 0.394895 3.041438 1.634442
v 0.35058 2.992478 1.478208
v 0.348749 2.992293 1.661012
v 0.278872 2.916605 1.570461
v 0.426873 3.075067 1.572105
v 0.304401 2.94333 1.508052
v 0.303145 2.943203 1.633423
v 0.173544 2.969713 1.442535
v 0.170992 2.969455 1.697203
v 0.359916 3.169259 1.444605
v 0.357365 3.169 1.699273
v 0.267348 3.069548 1.381912
v 0.263627 3.069172 1.753244
v 0.121685 2.915426 1.569307
v 0.422322 3.237312 1.572646
v -1.159534 3.849949 1.539148
v -1.159913 3.849911 1.57691
v -0.978427 4.044223 1.578926
v -0.978049 4.044261 1.541164
v -0.791677 4.243807 1.543234
v -0.792055 4.243769 1.580996
v -0.885241 4.143996 1.579961
v -0.884863 4.144034 1.542199
v -1.159717 3.84993 1.557415
v -1.062332 3.759154 1.54003
v -1.062711 3.759116 1.577792
v -0.881225 3.953429 1.579808
v -0.880847 3.953467 1.542046
v -0.694475 4.153012 1.544116
v -0.694853 4.152974 1.581878
v -0.788039 4.053202 1.580843
v -0.787661 4.05324 1.543081
v -1.062515 3.759136 1.558296
v -0.017966 5.156167 1.442832
v 0.165594 4.982065 1.699189
v 0.168146 4.982323 1.444521
v -0.020518 5.155909 1.697501
v 0.16687 4.982194 1.571855
v -0.019242 5.156038 1.570167
v 0.023351 5.116441 1.552285
v 0.022973 5.116403 1.590047
v 0.120553 5.025647 1.553167
v 0.120175 5.025609 1.59093
v 0.42854 -0.485425 -0.016123
v 0.370554 -0.485425 0.200284
v 0.26954 7.42546 0.131007
v 0.212134 -0.485425 0.358704
v 0.171636 7.485105 0.262707
v -0.004273 -0.485425 0.41669
v 0.026597 7.563869 0.319695
v -0.220679 -0.485425 0.358704
v -0.126713 7.640649 0.286701
v -0.379099 -0.485425 0.200284
v -0.247215 7.694868 0.172565
v -0.437085 -0.485425 -0.016123
v -0.302621 7.712002 0.007871
v 0.42854 0.704523 -0.016123
v 0.370554 0.704523 0.200284
v 0.212134 0.704523 0.358704
v -0.004273 0.704523 0.41669
v -0.220679 0.704523 0.358704
v -0.379099 0.704523 0.200284
v -0.437085 0.704523 -0.016123
v 0.333042 1.873559 -0.016123
v 0.287851 1.873559 0.152535
v 0.164385 1.873559 0.276001
v -0.004273 1.873559 0.321192
v -0.17293 1.873559 0.276001
v -0.296396 1.873559 0.152535
v -0.341587 1.873559 -0.016123
v 0.333042 6.419879 -0.016123
v 0.287851 6.419879 0.152535
v 0.164385 6.419879 0.276001
v -0.004273 6.419879 0.321192
v -0.17293 6.419879 0.276001
v -0.296396 6.419879 0.152535
v -0.341587 6.419879 -0.016123
v 0.278692 6.922859 0.141767
v 0.168012 6.952693 0.269351
v 0.011168 6.99209 0.320443
v -0.149813 7.030494 0.281353
v -0.271796 7.057614 0.162554
v -0.322097 7.066184 -0.004121
v 1.093337 6.82771 0.122987
v 1.102496 6.324729 0.133755
v 0.699154 6.813241 0.132074
v 0.708313 6.31026 0.142842
v 1.093337 6.82771 2.838233
v 1.102496 6.324729 2.849001
v 0.699154 6.813241 2.847321
v 0.708313 6.31026 2.858088
v 0.279591 6.873461 0.142824
v 0.167656 6.900364 0.270004
v 0.009652 6.935893 0.320517
v -0.152083 6.970524 0.280827
v -0.274212 6.994981 0.16157
v -0.324011 7.002709 -0.0053
v 0.914737 6.778312 0.124045
v 0.773202 6.763843 0.103786
v 0.978089 6.775602 2.839291
v 0.835207 6.766382 2.848378
v 0.286741 6.480818 0.15123
v 0.164824 6.484433 0.275195
v -0.002402 6.489206 0.321101
v -0.170129 6.493859 0.276649
v -0.293415 6.497145 0.153749
v -0.339226 6.498183 -0.014669
v 0.921887 6.385669 0.132451
v 0.966233 6.38313 2.847697
v 0.780352 6.3712 0.112192
v 0.82335 6.373909 2.856784
v 0.333042 4.062973 -0.016123
v 0.287851 4.062973 0.152535
v 0.164385 4.062973 0.276001
v -0.004273 4.062973 0.321192
v -0.17293 4.062973 0.276001
v -0.296396 4.062973 0.152535
v -0.341587 4.062973 -0.016123
v 0.333042 4.289824 -0.016123
v 0.287851 4.289824 0.152535
v 0.164385 4.289824 0.276001
v -0.004273 4.289824 0.321192
v -0.17293 4.289824 0.276001
v -0.296396 4.396699 0.152535
v -0.341587 4.396699 -0.016123
v -1.277846 4.396699 0.152535
v -1.277846 4.062973 0.152535
v -1.274457 4.396699 -0.016123
v -1.274457 4.062973 -0.016123
v -1.03227 4.396699 -0.016123
v -1.023047 4.396699 0.152535
v -1.023047 4.062973 0.152535
v -1.03227 4.062973 -0.016123
v -1.023047 4.396699 0.152535
v -1.03227 4.062973 -0.016123
v -1.03227 4.396699 -0.016123
v -1.023047 4.062973 0.152535
v -1.277846 4.396699 2.828239
v -1.277846 4.062973 2.828239
v -1.023047 4.062973 2.828239
v -1.023047 4.396699 2.828239
v 0.333042 4.243614 -0.016123
v 0.287851 4.243614 0.152535
v 0.164385 4.243614 0.276001
v -0.004273 4.243614 0.321192
v -0.17293 4.243614 0.276001
v -0.296396 4.328718 0.152535
v -1.180593 4.328718 0.152535
v -1.177204 4.328718 -0.016123
v -1.123504 4.328718 0.152535
v -1.023047 4.328718 0.152535
v -1.180593 4.328718 2.828239
v -1.123504 4.328718 2.828239
v 0.333042 4.112239 -0.016123
v 0.287851 4.112239 0.152535
v 0.164385 4.112239 0.276001
v -0.004273 4.112239 0.321192
v -0.17293 4.112239 0.276001
v -0.296396 4.135449 0.152535
v -1.180593 4.135449 0.152535
v -1.177204 4.135449 -0.016123
v -1.123504 4.135449 0.152535
v -1.023047 4.135449 0.152535
v -1.180593 4.135449 2.828239
v -1.123504 4.135449 2.828239
v -1.153364 4.396699 -0.016123
v -1.150446 4.062973 0.152535
v -1.150446 4.396699 0.152535
v -1.153364 4.062973 -0.016123
v -1.150446 4.062973 2.828239
v -1.150446 4.396699 2.828239
v -1.150446 4.328718 2.828239
v -1.150446 4.135449 2.828239
v 0.333042 4.178028 -0.016123
v 0.287851 4.178028 0.152535
v 0.164385 4.178028 0.276001
v -0.004273 4.178028 0.321192
v -0.17293 4.178028 0.276001
v -0.296396 4.232233 0.152535
v -1.180593 4.232233 0.152535
v -1.177204 4.232233 -0.016123
v -1.123504 4.232233 0.152535
v -1.023047 4.232233 0.152535
v -1.180593 4.232233 2.828239
v -1.123504 4.232233 2.828239
v -1.150446 4.232233 2.828239
v 0.896246 6.820475 0.127531
v 0.905404 6.317494 0.138299
v 0.896246 6.820475 2.842777
v 0.905404 6.317494 2.853545
v 0.906648 6.770992 2.843835
v 0.894792 6.37852 2.852241
v 0.290636 7.404357 -0.016123
v -0.299181 7.708561 -0.016123
v -0.319634 7.065316 -0.016123
v 0.311089 6.911449 -0.016123
v 1.111223 6.329795 -0.016123
v 1.087504 6.827979 -0.016123
v 0.750907 6.315634 -0.016123
v 0.729563 6.817875 -0.016123
v 0.917717 6.776896 -0.016123
v -0.321724 7.002004 -0.016123
v -0.338847 6.49817 -0.016123
v 0.925743 6.389359 -0.016123
v 0.930589 6.322715 -0.016123
v 0.907972 6.822861 -0.016123
v 0.370554 -0.485425 -0.232529
v 0.26954 7.42546 -0.163252
v 0.212134 -0.485425 -0.390949
v 0.171636 7.485105 -0.294952
v -0.004273 -0.485425 -0.448935
v 0.026597 7.563869 -0.35194
v -0.220679 -0.485425 -0.390949
v -0.126713 7.640649 -0.318946
v -0.379099 -0.485425 -0.232529
v -0.247215 7.694868 -0.20481
v -0.302621 7.712002 -0.040116
v 0.370554 0.704523 -0.232529
v 0.212134 0.704523 -0.390949
v -0.004273 0.704523 -0.448935
v -0.220679 0.704523 -0.390949
v -0.379099 0.704523 -0.232529
v 0.287851 1.873559 -0.18478
v 0.164385 1.873559 -0.308246
v -0.004273 1.873559 -0.353437
v -0.17293 1.873559 -0.308246
v -0.296396 1.873559 -0.18478
v 0.287851 6.419879 -0.18478
v 0.164385 6.419879 -0.308246
v -0.004273 6.419879 -0.353437
v -0.17293 6.419879 -0.308246
v -0.296396 6.419879 -0.18478
v 0.278692 6.922859 -0.174012
v 0.168012 6.952693 -0.301596
v 0.011168 6.99209 -0.352688
v -0.149813 7.030494 -0.313598
v -0.271796 7.057614 -0.194799
v -0.322097 7.066184 -0.028124
v 1.093337 6.82771 -0.155232
v 1.102496 6.324729 -0.166
v 0.699154 6.813241 -0.164319
v 0.708313 6.31026 -0.175087
v 1.093337 6.82771 -2.870479
v 1.102496 6.324729 -2.881247
v 0.699154 6.813241 -2.879566
v 0.708313 6.31026 -2.890334
v 0.279591 6.873461 -0.17507
v 0.167656 6.900364 -0.30225
v 0.009652 6.935893 -0.352762
v -0.152083 6.970524 -0.313072
v -0.274212 6.994981 -0.193815
v -0.324011 7.002709 -0.026945
v 0.914737 6.778312 -0.15629
v 0.773202 6.763843 -0.136032
v 0.978089 6.775602 -2.871536
v 0.835207 6.766382 -2.880624
v 0.286741 6.480818 -0.183475
v 0.164824 6.484433 -0.30744
v -0.002402 6.489206 -0.353347
v -0.170129 6.493859 -0.308894
v -0.293415 6.497145 -0.185994
v -0.339226 6.498183 -0.017577
v 0.921887 6.385669 -0.164696
v 0.966233 6.38313 -2.879942
v 0.780352 6.3712 -0.144437
v 0.82335 6.373909 -2.889029
v 0.287851 4.062973 -0.18478
v 0.164385 4.062973 -0.308246
v -0.004273 4.062973 -0.353437
v -0.17293 4.062973 -0.308246
v -0.296396 4.062973 -0.18478
v 0.287851 4.289824 -0.18478
v 0.164385 4.289824 -0.308246
v -0.004273 4.289824 -0.353437
v -0.17293 4.289824 -0.308246
v -0.296396 4.396699 -0.18478
v -1.277846 4.396699 -0.18478
v -1.277846 4.062973 -0.18478
v -1.023047 4.396699 -0.18478
v -1.023047 4.062973 -0.18478
v -1.023047 4.396699 -0.18478
v -1.023047 4.062973 -0.18478
v -1.277846 4.396699 -2.860484
v -1.277846 4.062973 -2.860484
v -1.023047 4.062973 -2.860484
v -1.023047 4.396699 -2.860484
v 0.287851 4.243614 -0.18478
v 0.164385 4.243614 -0.308246
v -0.004273 4.243614 -0.353437
v -0.17293 4.243614 -0.308246
v -0.296396 4.328718 -0.18478
v -1.180593 4.328718 -0.18478
v -1.123504 4.328718 -0.18478
v -1.023047 4.328718 -0.18478
v -1.180593 4.328718 -2.860484
v -1.123504 4.328718 -2.860484
v 0.287851 4.112239 -0.18478
v 0.164385 4.112239 -0.308246
v -0.004273 4.112239 -0.353437
v -0.17293 4.112239 -0.308246
v -0.296396 4.135449 -0.18478
v -1.180593 4.135449 -0.18478
v -1.123504 4.135449 -0.18478
v -1.023047 4.135449 -0.18478
v -1.180593 4.135449 -2.860484
v -1.123504 4.135449 -2.860484
v -1.150446 4.062973 -0.18478
v -1.150446 4.396699 -0.18478
v -1.150446 4.062973 -2.860484
v -1.150446 4.396699 -2.860484
v -1.150446 4.328718 -2.860484
v -1.150446 4.135449 -2.860484
v 0.287851 4.178028 -0.18478
v 0.164385 4.178028 -0.308246
v -0.004273 4.178028 -0.353437
v -0.17293 4.178028 -0.308246
v -0.296396 4.232233 -0.18478
v -1.180593 4.232233 -0.18478
v -1.123504 4.232233 -0.18478
v -1.023047 4.232233 -0.18478
v -1.180593 4.232233 -2.860484
v -1.123504 4.232233 -2.860484
v -1.150446 4.232233 -2.860484
v 0.896246 6.820475 -0.159776
v 0.905404 6.317494 -0.170544
v 0.896246 6.820475 -2.875022
v 0.905404 6.317494 -2.88579
v 0.906648 6.770992 -2.87608
v 0.894792 6.37852 -2.884486
vt 0.066788 0.273667
vt 0.100232 0.369477
vt 0.074274 0.353356
vt 0.044244 0.279527
vt 0.632501 0.276185
vt 0.644277 0.328803
vt 0.586141 0.333827
vt 0.61663 0.276948
vt 0.009293 0.339592
vt 0.00572 0.369245
vt 0.662226 0.107087
vt 0.607236 0.108689
vt 0.598839 0.104676
vt 0.656785 0.077935
vt 0.564952 0.353133
vt 0.589455 0.267261
vt 0.07917 0.27043
vt 0.113124 0.367753
vt 0.169921 0.229555
vt 0.177271 0.315559
vt 0.126592 0.366053
vt 0.090218 0.267614
vt 0.555016 0.995333
vt 0.546495 0.991167
vt 0.570824 0.945734
vt 0.577247 0.947963
vt 0.652559 0.069041
vt 0.59143 0.100643
vt 0.583174 0.096038
vt 0.64782 0.060181
vt 0.578849 0.264773
vt 0.553186 0.351622
vt 0.54103 0.349983
vt 0.567331 0.262123
vt 0.613682 0.887935
vt 0.579555 0.89066
vt 0.649477 0.978601
vt 0.56656 1
vt 0.582851 0.952509
vt 0.633258 0.915754
vt 0.506678 0.897093
vt 0.513558 0.794693
vt 0.561838 0.830404
vt 0.523222 0.783357
vt 0.531128 0.775275
vt 0.573612 0.819696
vt 0.568429 0.826148
vt 0.775546 0.334819
vt 0.782779 0.343955
vt 0.766852 0.357431
vt 0.746357 0.341553
vt 0.77961 0.239875
vt 0.777591 0.323376
vt 0.757423 0.319291
vt 0.759361 0.24054
vt 0.827332 0.060784
vt 0.778587 0.134031
vt 0.76281 0.11926
vt 0.810099 0.049202
vt 0.77049 0.14307
vt 0.772736 0.154946
vt 0.751746 0.159764
vt 0.738636 0.133781
vt 0.248087 0.937875
vt 0.264882 0.936229
vt 0.234199 0.991787
vt 0.200083 0.99513
vt 0.245632 0.883435
vt 0.246793 0.921049
vt 0.197456 0.960952
vt 0.195097 0.884545
vt 0.302058 0.83399
vt 0.264829 0.828858
vt 0.234091 0.773684
vt 0.309714 0.784107
vt 0.246153 0.82705
vt 0.245515 0.845803
vt 0.194858 0.808103
vt 0.196154 0.770011
vt 0.068882 0.115018
vt 0.011888 0.083848
vt 0.016913 0.074953
vt 0.07608 0.111332
vt 0.633661 0.856412
vt 0.302058 0.930726
vt 0.309714 0.980609
vt 0.827332 0.414432
vt 0.81071 0.425052
vt 0.649477 0.766595
vt 0.022308 0.06612
vt 0.084183 0.107327
vt 0.060279 0.120323
vt 0.0031 0.104901
vt 0.645879 0.345543
vt 0.028092 0.278063
vt 0.215574 0.394899
vt 0.200036 0.51717
vt 0.113421 0.506163
vt 0.662226 0.47567
vt 0.570046 0.48725
vt 0.560228 0.4878
vt 0.548121 0.48861
vt 0.103513 0.505386
vt 0.0913 0.504568
vt 0.0031 0.501514
vt 0.438579 0.398855
vt 0.468782 0.506014
vt 0.904738 0.68397
vt 0.831978 0.707067
vt 0.828054 0.693524
vt 0.90094 0.671437
vt 0.921751 0.50636
vt 0.925491 0.582711
vt 0.910838 0.582862
vt 0.908662 0.506734
vt 0.901767 0.482266
vt 0.938508 0.472126
vt 0.908387 0.49711
vt 0.89898 0.495061
vt 0.923325 0.659123
vt 0.938508 0.689856
vt 0.910154 0.668645
vt 0.91023 0.659018
vt 0.827398 0.465039
vt 0.824566 0.478851
vt 0.665156 0.242671
vt 0.665442 0.160549
vt 0.726575 0.465039
vt 0.692912 0.39421
vt 0.680084 0.366265
vt 0.670494 0.324656
vt 0.666519 0.124861
vt 0.680821 0.076717
vt 0.720292 0
vt 0.21271 0.554457
vt 0.264143 0.49841
vt 0.270442 0.505521
vt 0.253024 0.528759
vt 0.302748 0.364656
vt 0.374572 0.480408
vt 0.369015 0.48799
vt 0.339955 0.463211
vt 0.295606 0.365654
vt 0.297276 0.353865
vt 0.311842 0.442429
vt 0.291699 0.472548
vt 0.212624 0.557648
vt 0.207378 0.555839
vt 0.233108 0.556805
vt 0.250087 0.586277
vt 0.258672 0.613438
vt 0.263327 0.606618
vt 0.280962 0.513201
vt 0.265286 0.535227
vt 0.362023 0.498019
vt 0.334499 0.483231
vt 0.317318 0.482806
vt 0.302966 0.488514
vt 0.25643 0.559255
vt 0.261408 0.581833
vt 0.271171 0.601478
vt 0.298075 0.528522
vt 0.286778 0.547219
vt 0.356842 0.516949
vt 0.333949 0.514332
vt 0.325135 0.51766
vt 0.315718 0.517933
vt 0.286663 0.562149
vt 0.283344 0.576067
vt 0.288485 0.595784
vt 0.157977 0.750369
vt 0.150193 0.793917
vt 0.089134 0.7855
vt 0.09833 0.713502
vt 0.150154 0.862904
vt 0.184562 0.889836
vt 0.142753 0.939514
vt 0.089187 0.890804
vt 0.14139 0.836596
vt 0.135267 0.853288
vt 0.071865 0.874573
vt 0.075852 0.851239
vt 0.190179 0.691327
vt 0.158611 0.712788
vt 0.102718 0.682725
vt 0.125395 0.662151
vt 0.225443 0.661446
vt 0.183904 0.606745
vt 0.007358 0.773909
vt 0.023092 0.69263
vt 0.077945 0.992056
vt 0.027998 0.930448
vt 0.011395 0.894774
vt 0.003421 0.856348
vt 0.035586 0.654379
vt 0.058311 0.613531
vt 0.114541 0.547594
vt 0.639412 0.534238
vt 0.603914 0.61623
vt 0.59577 0.61212
vt 0.609457 0.573518
vt 0.635794 0.751568
vt 0.513038 0.704351
vt 0.513133 0.695713
vt 0.56027 0.704631
vt 0.640471 0.749841
vt 0.643582 0.756137
vt 0.596888 0.7059
vt 0.597761 0.665528
vt 0.640079 0.531553
vt 0.643582 0.531201
vt 0.618446 0.540872
vt 0.589251 0.519758
vt 0.560098 0.495556
vt 0.559579 0.503269
vt 0.564698 0.605829
vt 0.568552 0.575323
vt 0.506108 0.673448
vt 0.531889 0.659668
vt 0.542892 0.647693
vt 0.553205 0.636901
vt 0.563643 0.554631
vt 0.55884 0.537162
vt 0.546735 0.516878
vt 0.452322 0.697159
vt 0.452022 0.750393
vt 0.395321 0.75142
vt 0.393095 0.67675
vt 0.462964 0.838496
vt 0.49972 0.87434
vt 0.458252 0.914473
vt 0.408917 0.863078
vt 0.449804 0.802881
vt 0.445522 0.824845
vt 0.392161 0.844559
vt 0.392982 0.820316
vt 0.47112 0.626391
vt 0.44749 0.658203
vt 0.39195 0.643717
vt 0.408558 0.615458
vt 0.49972 0.579511
vt 0.448476 0.545098
vt 0.511061 0.635021
vt 0.515092 0.624657
vt 0.525064 0.619162
vt 0.538922 0.599087
vt 0.534586 0.546786
vt 0.527976 0.523934
vt 0.53927 0.573991
vt 0.531308 0.561535
vt 0.491913 0.654998
vt 0.314538 0.753324
vt 0.315662 0.6711
vt 0.39603 0.960098
vt 0.351466 0.899323
vt 0.335277 0.87113
vt 0.322887 0.834807
vt 0.319955 0.631092
vt 0.331705 0.587014
vt 0.367073 0.506258
vt 0.986309 0.069128
vt 0.959076 0.146371
vt 0.950454 0.142983
vt 0.964786 0.099126
vt 0.991141 0.255952
vt 0.880768 0.260865
vt 0.877779 0.252658
vt 0.929404 0.244138
vt 0.99211 0.253229
vt 0.995286 0.257264
vt 0.961239 0.233622
vt 0.958694 0.19991
vt 0.985671 0.063795
vt 0.995286 0.065811
vt 0.973537 0.067444
vt 0.96153 0.039031
vt 0.949136 0
vt 0.944235 0.005562
vt 0.899086 0.131657
vt 0.904915 0.095364
vt 0.853134 0.227514
vt 0.871745 0.200865
vt 0.879157 0.184208
vt 0.888999 0.168364
vt 0.903322 0.069187
vt 0.906367 0.043797
vt 0.905756 0.011781
vt 0.77058 0.659328
vt 0.76985 0.717597
vt 0.74799 0.718144
vt 0.746857 0.639442
vt 0.781988 0.817573
vt 0.824566 0.853111
vt 0.809744 0.86898
vt 0.75179 0.82253
vt 0.764966 0.774044
vt 0.760508 0.801033
vt 0.734061 0.810984
vt 0.739767 0.791172
vt 0.794075 0.574074
vt 0.767312 0.612966
vt 0.74295 0.606309
vt 0.762656 0.579865
vt 0.824566 0.520149
vt 0.804531 0.506479
vt 0.835582 0.179261
vt 0.835888 0.164283
vt 0.847061 0.154314
vt 0.863093 0.123842
vt 0.866806 0.045101
vt 0.873169 0.007729
vt 0.864091 0.087925
vt 0.854151 0.065741
vt 0.824403 0.213581
vt 0.835466 0.902573
vt 0.852296 0.830371
vt 0.874932 0.831247
vt 0.873186 0.871923
vt 0.8428 0.733952
vt 0.92224 0.707066
vt 0.932249 0.727545
vt 0.896489 0.750934
vt 0.83427 0.749072
vt 0.824566 0.73366
vt 0.876144 0.762729
vt 0.876878 0.78708
vt 0.842129 0.917286
vt 0.824566 0.916684
vt 0.870941 0.894789
vt 0.889978 0.908422
vt 0.908565 0.947608
vt 0.918372 0.930071
vt 0.914676 0.833711
vt 0.914911 0.863888
vt 0.95994 0.758238
vt 0.934314 0.781358
vt 0.924781 0.793404
vt 0.920222 0.802879
vt 0.918028 0.878379
vt 0.922567 0.887478
vt 0.940642 0.908308
vt 0.700166 0.864009
vt 0.682521 0.839151
vt 0.668994 0.801598
vt 0.662226 0.71806
vt 0.681722 0.547465
vt 0.718685 0.465039
vt 0.664917 0.634246
vt 0.668836 0.593955
vt 0.749403 0.921058
vt 0.030389 0.166494
vt 0.01344 0.168586
vt 0.078266 0.174106
vt 0.068358 0.174276
vt 0.604795 0.168064
vt 0.594015 0.167809
vt 0.583392 0.167212
vt 0.111465 0.08989
vt 0.144389 0.133071
vt 0.058344 0.173939
vt 0.627847 0.166218
vt 0.645765 0.169405
vt 0.488218 0.219536
vt 0.519141 0.125385
vt 0.550556 0.085532
vt 0.570053 0.035631
vt 0.260049 0.328372
vt 0.481394 0.302574
vt 0.390817 0.32125
vt 0.100702 0.039147
vt 0.203641 0.915883
vt 0.189883 0.976229
vt 0.172494 0.974039
vt 0.183884 0.91027
vt 0.152662 0.979005
vt 0.161847 0.911586
vt 0.133219 0.987434
vt 0.14077 0.916164
vt 0.113287 0.995422
vt 0.120025 0.921022
vt 0.092278 1
vt 0.099028 0.924327
vt 0.070806 0.999338
vt 0.07783 0.924528
vt 0.6722 0.94422
vt 0.592315 0.928818
vt 0.592315 0.925816
vt 0.603018 0.907279
vt 0.621555 0.896577
vt 0.64296 0.896577
vt 0.661497 0.907279
vt 0.6722 0.925816
vt 0.474695 0.895968
vt 0.549731 0.971004
vt 0.525946 0.984737
vt 0.498481 0.984737
vt 0.474695 0.971004
vt 0.460963 0.947219
vt 0.460963 0.919754
vt 0.067405 0.000599
vt 0.062227 0.145053
vt 0.034836 0.144768
vt 0.039866 0
vt 0.095035 0.001497
vt 0.089422 0.14614
vt 0.122676 0.002702
vt 0.116445 0.147822
vt 0.150266 0.004122
vt 0.143466 0.150028
vt 0.177761 0.005598
vt 0.170554 0.152709
vt 0.205143 0.006899
vt 0.197773 0.155828
vt 0.058722 0.288963
vt 0.037372 0.289059
vt 0.080204 0.288984
vt 0.101673 0.288772
vt 0.123193 0.288481
vt 0.144724 0.288572
vt 0.166201 0.289149
vt 0.026827 0.612358
vt 0.090167 0.852953
vt 0.069396 0.858084
vt 0.006391 0.61873
vt 0.044224 0.594
vt 0.11099 0.848501
vt 0.065276 0.590164
vt 0.131814 0.84417
vt 0.086439 0.587078
vt 0.152586 0.839533
vt 0.107564 0.584018
vt 0.173179 0.834115
vt 0.128458 0.58001
vt 0.193594 0.827855
vt 0.099167 0.917102
vt 0.078281 0.918231
vt 0.12025 0.913772
vt 0.14096 0.909123
vt 0.161809 0.904608
vt 0.18285 0.901125
vt 0.941987 0.647592
vt 0.923647 0.650364
vt 0.925469 0.627108
vt 0.94001 0.620921
vt 0.928195 0.592568
vt 0.91804 0.605849
vt 0.627102 0.404826
vt 0.615421 0.401324
vt 0.608474 0.069109
vt 0.623444 0.063105
vt 0.871667 0.720543
vt 0.864067 0.719384
vt 0.857933 0.667347
vt 0.866764 0.659739
vt 0.943921 0.72275
vt 0.925296 0.728713
vt 0.921054 0.675187
vt 0.939657 0.67072
vt 0.746348 0.401289
vt 0.710889 0.391369
vt 0.733535 0.386188
vt 0.750488 0.392857
vt 0.710544 0.402007
vt 0.686266 0.401702
vt 0.687903 0.06965
vt 0.710544 0.065049
vt 0.710544 0.054878
vt 0.734983 0.054257
vt 0.806471 0.054257
vt 0.829174 0.055085
vt 0.8134 0.387457
vt 0.798904 0.39229
vt 0.758318 0.054314
vt 0.835686 0.393339
vt 0.802705 0.401187
vt 0.919435 0.727538
vt 0.915258 0.665225
vt 0.67532 0.405164
vt 0.671781 0.063116
vt 0.869445 0.585651
vt 0.87546 0.603908
vt 0.175312 0.84347
vt 0.154651 0.848176
vt 0.134035 0.852811
vt 0.113337 0.85717
vt 0.092692 0.861363
vt 0.071533 0.86548
vt 0.292823 0.859589
vt 0.295071 0.866739
vt 0.295248 0.866695
vt 0.84849 0.611284
vt 0.862387 0.62165
vt 0.127598 0.561262
vt 0.106333 0.559667
vt 0.084988 0.559112
vt 0.063629 0.558516
vt 0.042306 0.557168
vt 0.021075 0.554347
vt 0 0.550195
vt 0.127365 0.575651
vt 0.106644 0.579079
vt 0.085639 0.581434
vt 0.064483 0.583759
vt 0.043464 0.586341
vt 0.024522 0.601767
vt 0.985125 0.463978
vt 0.963339 0.455461
vt 0.95454 0.431929
vt 0.96867 0.423552
vt 0.937899 0.404298
vt 0.931482 0.422281
vt 0.859277 0.459311
vt 0.837379 0.471619
vt 0.850498 0.429088
vt 0.866011 0.435147
vt 0.62797 0.740204
vt 0.612359 0.740359
vt 0.611782 0.412839
vt 0.62703 0.408785
vt 0.955745 0.558898
vt 0.984612 0.535597
vt 0.985125 0.53539
vt 0.946756 0.577705
vt 0.856865 0.484908
vt 0.842775 0.545034
vt 0.842322 0.544936
vt 0.856645 0.483786
vt 0.966611 0.482208
vt 0.966785 0.481208
vt 0.927194 0.526151
vt 0.935903 0.511469
vt 0.88859 0.509021
vt 0.896946 0.522102
vt 0.92114 0.529004
vt 0.781842 0.736862
vt 0.753895 0.732935
vt 0.769129 0.728987
vt 0.783194 0.73321
vt 0.752934 0.40153
vt 0.768547 0.401379
vt 0.741085 0.736874
vt 0.726243 0.736811
vt 0.726541 0.409663
vt 0.741091 0.405131
vt 0.825561 0.736594
vt 0.810713 0.736511
vt 0.811042 0.409218
vt 0.825564 0.404669
vt 0.837379 0.736663
vt 0.837379 0.404749
vt 0.78319 0.401301
vt 0.794813 0.736917
vt 0.79501 0.733203
vt 0.911841 0.529215
vt 0.916384 0.572043
vt 0.917533 0.583164
vt 0.909059 0.401289
vt 0.910244 0.42048
vt 0.04258 0.575676
vt 0.022256 0.58549
vt 0.063749 0.574587
vt 0.084948 0.573342
vt 0.105947 0.571997
vt 0.126848 0.570298
vt 0.126973 0.565412
vt 0.105924 0.564943
vt 0.084783 0.565194
vt 0.063489 0.565378
vt 0.042148 0.565063
vt 0.021056 0.568092
vt 0.87984 0.406456
vt 0.889057 0.422838
vt 0.876288 0.564788
vt 0.887013 0.581697
vt 0.901673 0.525635
vt 0.711338 0.40554
vt 0.739652 0.40159
vt 0.597072 0.740444
vt 0.59707 0.408448
vt 0.752934 0.736926
vt 0.752934 0.405186
vt 0.598116 0.405174
vt 0.824327 0.40148
vt 0.837337 0.401289
vt 0.79501 0.736321
vt 0.795869 0.405213
vt 0.710544 0.736645
vt 0.585218 0.408474
vt 0.585326 0.405164
vt 0.79501 0.401289
vt 0.752827 0.401289
vt 0.585217 0.740459
vt 0.620402 0.054257
vt 0.676683 0.054772
vt 0.591165 0.40222
vt 0.585218 0.064132
vt 0.853538 0.05692
vt 0.300306 0.918437
vt 0.301671 0.918316
vt 0.83856 0.66152
vt 0.841197 0.637241
vt 0.860045 0.644339
vt 0.299959 0.924651
vt 0.30146 0.924582
vt 0.842365 0.715653
vt 0.290878 0.998954
vt 0.293886 0.998903
vn -0.6262 0.5901 0.5096
vn 0.6826 0.7308 -0.0076
vn 0.7308 -0.6826 -0.0066
vn -0.7308 0.6826 0.0066
vn -0.6345 0.5874 -0.5024
vn 0.01 0.001 0.9999
vn 0.5903 -0.7867 0.1807
vn -0.6826 -0.7308 0.0076
vn -0.01 -0.001 -0.9999
vn -0.3923 0.5608 -0.7291
vn -0.9676 0.1707 -0.1862
vn -0.1295 0.9748 0.1815
vn -0.6145 0.3672 0.6983
vn -0.3563 0.6806 -0.6402
vn -0.9157 0.116 -0.3847
vn -0.1481 0.9302 0.3359
vn -0.7148 0.2835 0.6393
vn -0.3291 0.7024 0.6312
vn -0.7083 0.2984 -0.6398
vn -0.401 0.5957 0.6959
vn -0.5938 0.3451 -0.7269
vn 0.8269 -0.5333 0.1781
vn 0.8232 -0.5337 -0.1935
vn -0.1569 0.9295 -0.3338
vn -0.9076 0.1144 0.4039
vn -0.1331 0.9745 -0.1809
vn -0.9637 0.171 0.2052
vn 0.5866 -0.787 -0.1909
vn 0.9644 -0.2137 -0.1559
vn 0.3686 -0.9172 0.151
vn 0.685 -0.4565 0.5678
vn 0.4761 -0.6215 -0.6221
vn 0.6461 -0.4395 -0.624
vn 0.3656 -0.9175 -0.1565
vn 0.9673 -0.2134 0.137
vn 0.508 -0.646 0.5697
vn -0.5447 -0.5889 0.5971
vn 0.5849 0.6311 -0.5095
vn -0.2644 -0.2741 -0.9247
vn 0.2901 0.3017 0.9082
vn -0.2718 -0.2999 0.9144
vn 0.595 0.6321 0.4964
vn -0.5565 -0.5901 -0.5849
vn 0.2458 0.2722 -0.9303
vn 0.6676 -0.7422 0.0579
vn 0.7868 -0.6144 -0.0588
vn 0.6974 -0.7085 -0.1078
vn 0.7672 -0.6329 0.1042
vn 0.684 -0.7216 0.1068
vn 0.7903 -0.6109 0.0466
vn 0.67 -0.7394 -0.0665
vn 0.7531 -0.6491 -0.1074
vn 0.4223 0.4444 0.79
vn -0.4064 -0.4428 0.7992
vn -0.7179 -0.3883 0.5778
vn 0.3595 0.7955 -0.4877
vn -0.4455 -0.0869 -0.8911
vn 0.2106 0.6188 0.7568
vn -0.5927 -0.2471 0.7666
vn 0.3797 0.7906 0.4804
vn -0.7373 -0.3778 -0.5601
vn 0.0451 0.442 -0.8959
vn -0.8975 0.0394 0.4392
vn -0.1007 0.9288 -0.3565
vn -0.6913 0.2642 -0.6726
vn -0.1707 0.7006 0.6928
vn -0.7004 0.1243 0.7028
vn -0.0718 0.9284 0.3645
vn -0.9099 0.0633 -0.4099
vn -0.3213 0.6658 -0.6735
vn 0.7083 -0.7057 0.0173
vn 0.7525 -0.6581 -0.026
vn 0.7194 -0.6932 -0.0442
vn 0.7441 -0.6673 0.0337
vn 0.7166 -0.6966 0.0345
vn 0.7539 -0.6569 0.0131
vn 0.7091 -0.7045 -0.0288
vn 0.7401 -0.6711 -0.044
vn 0.3535 0.3701 0.8591
vn -0.3362 -0.3684 0.8667
vn -0.8767 -0.0526 0.4781
vn -0.0046 0.9199 -0.392
vn -0.6516 0.193 -0.7336
vn -0.1031 0.6526 0.7506
vn -0.6471 0.0613 0.76
vn 0.0246 0.9175 0.397
vn -0.8923 -0.0295 -0.4506
vn -0.2481 0.6306 -0.7354
vn -0.0697 0.5243 -0.8487
vn -0.8134 -0.246 -0.5272
vn 0.2462 0.8551 0.4562
vn -0.6312 -0.0659 0.7728
vn 0.0264 0.6451 0.7636
vn -0.5345 0.0217 -0.8449
vn 0.2211 0.8605 -0.4589
vn -0.7935 -0.2628 0.5489
vn 0.687 -0.7256 0.0391
vn 0.7712 -0.6351 -0.0435
vn 0.7081 -0.7018 -0.0782
vn 0.7558 -0.6509 0.0715
vn 0.7012 -0.7092 0.0732
vn 0.7738 -0.6327 0.0311
vn 0.6885 -0.7235 -0.049
vn 0.7475 -0.6597 -0.078
vn -0.5146 -0.6161 0.5963
vn 0.6157 0.6013 -0.5093
vn -0.2349 -0.3012 -0.9242
vn 0.3924 0.3482 0.8513
vn -0.3122 -0.4054 0.8592
vn 0.6244 0.6037 0.4957
vn -0.5247 -0.6188 -0.5846
vn 0.2752 0.2443 -0.9298
vn -0.9101 0.2421 0.3362
vn -0.3065 0.9139 -0.266
vn -0.7538 0.4129 -0.5112
vn -0.3139 0.7427 0.5915
vn -0.7539 0.2628 0.6022
vn -0.2822 0.9179 0.279
vn -0.9149 0.2632 -0.306
vn -0.4715 0.7189 -0.5107
vn -0.105 0.5475 -0.8302
vn -0.8328 -0.2043 -0.5145
vn 0.2038 0.8712 0.4466
vn -0.661 -0.0364 0.7495
vn -0.0057 0.6726 0.74
vn -0.5598 0.0553 -0.8268
vn 0.1774 0.8763 -0.4478
vn -0.8134 -0.2227 0.5374
vn 0.4643 -0.8569 0.2241
vn 0.899 -0.3891 -0.2011
vn 0.5569 -0.7349 -0.3871
vn 0.7856 -0.5018 0.3619
vn 0.5556 -0.7455 0.368
vn 0.9033 -0.3874 0.1846
vn 0.4613 -0.8568 -0.2306
vn 0.7674 -0.5119 -0.3861
vn 0.6498 -0.6021 0.4638
vn 0.6388 -0.6016 -0.4797
vn -0.2382 0.9516 -0.1943
vn -0.9795 0.0647 0.1909
vn -0.71 0.302 -0.6362
vn -0.1822 0.9014 -0.3928
vn -0.9346 0.0881 0.3446
vn -0.325 0.7009 0.6349
vn -0.7166 0.2874 0.6355
vn -0.3527 0.6792 -0.6437
vn -0.9414 0.0895 -0.3251
vn -0.1719 0.9021 0.3957
vn -0.9831 0.0644 -0.1714
vn -0.2343 0.952 0.1971
vn 0.2774 -0.9492 -0.1483
vn 0.9418 -0.3036 0.1447
vn 0.9387 -0.3039 -0.1629
vn 0.2803 -0.9489 0.1446
vn 0.5565 0.5901 0.5849
vn -0.595 -0.6321 -0.4964
vn -0.5849 -0.6311 0.5095
vn 0.5447 0.5889 -0.5971
vn 0.7866 -0.6148 0.0566
vn 0.666 -0.7437 -0.0574
vn 0.7533 -0.6487 -0.1084
vn 0.6848 -0.7211 0.1051
vn 0.7677 -0.632 0.1058
vn 0.6638 -0.7463 0.048
vn 0.7827 -0.6187 -0.0677
vn 0.6978 -0.7083 -0.1068
vn 0.3444 0.7491 0.566
vn -0.7741 -0.4183 -0.4751
vn 0.0471 0.4405 -0.8965
vn -0.5952 -0.2439 0.7657
vn 0.214 0.6166 0.7576
vn -0.7578 -0.4273 0.493
vn 0.3208 0.755 -0.5719
vn -0.4471 -0.0851 -0.8904
vn -0.096 0.8976 0.4303
vn -0.9372 0.0333 -0.3472
vn -0.3177 0.6642 -0.6767
vn -0.7035 0.1303 0.6987
vn -0.1645 0.6981 0.6969
vn -0.9273 0.0124 0.374
vn -0.1295 0.8989 -0.4185
vn -0.6931 0.2677 -0.6693
vn 0.7525 -0.6584 0.0168
vn 0.7076 -0.7061 -0.0255
vn 0.7401 -0.671 -0.0444
vn 0.7168 -0.6965 0.034
vn 0.7442 -0.667 0.0342
vn 0.7069 -0.7072 0.0136
vn 0.7509 -0.6597 -0.0293
vn 0.7195 -0.6931 -0.0438
vn -0.0024 0.8835 0.4684
vn -0.9221 -0.0624 -0.3819
vn -0.2446 0.6287 -0.7382
vn -0.6503 0.0667 0.7567
vn -0.0975 0.6498 0.7538
vn -0.9095 -0.0826 0.4074
vn -0.0361 0.8871 -0.4601
vn -0.6536 0.1964 -0.7309
vn -0.5366 0.0244 -0.8435
vn 0.1845 0.8223 -0.5383
vn -0.8316 -0.2989 0.4682
vn 0.0306 0.6428 0.7655
vn -0.6339 -0.0618 0.771
vn -0.0669 0.5224 -0.8501
vn -0.8481 -0.2843 -0.4471
vn 0.2137 0.8156 0.5377
vn 0.7712 -0.6355 0.0381
vn 0.6857 -0.7266 -0.0426
vn 0.7476 -0.6595 -0.0787
vn 0.7017 -0.7088 0.0721
vn 0.7561 -0.6504 0.0726
vn 0.6843 -0.7285 0.0321
vn 0.7683 -0.6381 -0.0499
vn 0.7083 -0.7016 -0.0775
vn 0.5857 0.5619 0.5841
vn -0.5631 -0.6608 -0.4962
vn 0.2749 0.2446 -0.9298
vn -0.3118 -0.4058 0.8591
vn 0.392 0.3486 0.8513
vn -0.5545 -0.6585 0.5088
vn 0.5755 0.5591 -0.5968
vn -0.2346 -0.3015 -0.9242
vn -0.3002 0.8952 0.3295
vn -0.9354 0.2406 -0.259
vn -0.4687 0.7182 -0.5144
vn -0.7562 0.2692 0.5964
vn -0.3073 0.7409 0.5972
vn -0.9321 0.2221 0.2862
vn -0.3281 0.8914 -0.3126
vn -0.7546 0.4158 -0.5076
vn -0.5619 0.0583 -0.8251
vn 0.1416 0.8391 -0.5253
vn -0.8506 -0.2577 0.4583
vn -0.001 0.6702 0.7422
vn -0.6637 -0.0319 0.7473
vn -0.102 0.5455 -0.8319
vn -0.8668 -0.2416 -0.4362
vn 0.1723 0.8326 0.5265
vn 0.8888 -0.4024 0.2193
vn 0.4475 -0.8725 -0.1961
vn 0.7671 -0.5098 -0.3894
vn 0.558 -0.7456 0.3644
vn 0.7855 -0.4994 0.3655
vn 0.45 -0.8727 0.1896
vn 0.8838 -0.4044 -0.2353
vn 0.559 -0.735 -0.3838
vn -0.6262 0.5901 -0.5096
vn 0.6826 0.7308 0.0076
vn 0.7308 -0.6826 0.0066
vn -0.7308 0.6826 -0.0066
vn -0.6345 0.5874 0.5024
vn 0.01 0.001 -0.9999
vn 0.5903 -0.7867 -0.1807
vn -0.6826 -0.7308 -0.0076
vn -0.01 -0.001 0.9999
vn -0.3923 0.5608 0.7291
vn -0.9676 0.1707 0.1862
vn -0.1295 0.9748 -0.1815
vn -0.6145 0.3672 -0.6983
vn -0.3563 0.6806 0.6402
vn -0.9157 0.116 0.3847
vn -0.1481 0.9302 -0.3359
vn -0.7148 0.2835 -0.6393
vn -0.3291 0.7024 -0.6312
vn -0.7083 0.2984 0.6398
vn -0.401 0.5957 -0.6959
vn -0.5938 0.3451 0.7269
vn 0.8269 -0.5333 -0.1781
vn 0.8232 -0.5337 0.1935
vn -0.1569 0.9295 0.3338
vn -0.9076 0.1144 -0.4039
vn -0.1331 0.9745 0.1809
vn -0.9637 0.171 -0.2052
vn 0.5866 -0.787 0.1909
vn 0.9644 -0.2137 0.1559
vn 0.3686 -0.9172 -0.151
vn 0.685 -0.4565 -0.5678
vn 0.4761 -0.6215 0.6221
vn 0.6461 -0.4395 0.624
vn 0.3656 -0.9175 0.1565
vn 0.9673 -0.2134 -0.137
vn 0.508 -0.646 -0.5697
vn -0.5447 -0.5889 -0.5971
vn 0.5849 0.6311 0.5095
vn -0.2644 -0.2741 0.9247
vn 0.2901 0.3017 -0.9082
vn -0.2718 -0.2999 -0.9144
vn 0.595 0.6321 -0.4964
vn -0.5565 -0.5901 0.5849
vn 0.2458 0.2722 0.9303
vn 0.6676 -0.7422 -0.0579
vn 0.7868 -0.6144 0.0588
vn 0.6974 -0.7085 0.1078
vn 0.7672 -0.6329 -0.1042
vn 0.684 -0.7216 -0.1068
vn 0.7903 -0.6109 -0.0466
vn 0.67 -0.7394 0.0665
vn 0.7531 -0.6491 0.1074
vn 0.4223 0.4444 -0.79
vn -0.4064 -0.4428 -0.7992
vn -0.7179 -0.3883 -0.5778
vn 0.3595 0.7955 0.4877
vn -0.4455 -0.0869 0.8911
vn 0.2106 0.6188 -0.7568
vn -0.5927 -0.2471 -0.7666
vn 0.3797 0.7906 -0.4804
vn -0.7373 -0.3778 0.5601
vn 0.0451 0.442 0.8959
vn -0.8975 0.0394 -0.4392
vn -0.1007 0.9288 0.3565
vn -0.6913 0.2642 0.6726
vn -0.1707 0.7006 -0.6928
vn -0.7004 0.1243 -0.7028
vn -0.0718 0.9284 -0.3645
vn -0.9099 0.0633 0.4099
vn -0.3212 0.6658 0.6735
vn 0.7083 -0.7057 -0.0173
vn 0.7525 -0.6581 0.026
vn 0.7194 -0.6932 0.0442
vn 0.7441 -0.6673 -0.0337
vn 0.7166 -0.6966 -0.0345
vn 0.7539 -0.6569 -0.0131
vn 0.7091 -0.7045 0.0288
vn 0.7401 -0.6711 0.044
vn 0.3535 0.3701 -0.8591
vn -0.3362 -0.3684 -0.8667
vn -0.8767 -0.0526 -0.4781
vn -0.0046 0.9199 0.392
vn -0.6516 0.193 0.7336
vn -0.1031 0.6526 -0.7507
vn -0.6471 0.0613 -0.76
vn 0.0246 0.9175 -0.397
vn -0.8923 -0.0295 0.4506
vn -0.2481 0.6306 0.7354
vn -0.0697 0.5243 0.8487
vn -0.8134 -0.246 0.5272
vn 0.2462 0.8551 -0.4562
vn -0.6312 -0.0659 -0.7728
vn 0.0264 0.6451 -0.7636
vn -0.5345 0.0217 0.8449
vn 0.2211 0.8605 0.4589
vn -0.7935 -0.2628 -0.5489
vn 0.687 -0.7256 -0.0391
vn 0.7712 -0.6351 0.0435
vn 0.7081 -0.7018 0.0782
vn 0.7558 -0.6509 -0.0715
vn 0.7012 -0.7092 -0.0732
vn 0.7738 -0.6327 -0.0311
vn 0.6885 -0.7235 0.049
vn 0.7475 -0.6597 0.078
vn -0.5146 -0.6161 -0.5963
vn 0.6157 0.6013 0.5093
vn -0.2349 -0.3012 0.9242
vn 0.3924 0.3482 -0.8513
vn -0.3122 -0.4054 -0.8592
vn 0.6244 0.6037 -0.4957
vn -0.5247 -0.6188 0.5846
vn 0.2752 0.2443 0.9298
vn -0.9101 0.2421 -0.3362
vn -0.3065 0.9139 0.266
vn -0.7538 0.4129 0.5112
vn -0.3139 0.7427 -0.5915
vn -0.7539 0.2628 -0.6022
vn -0.2822 0.9179 -0.279
vn -0.9149 0.2632 0.306
vn -0.4715 0.7189 0.5107
vn -0.105 0.5475 0.8302
vn -0.8328 -0.2043 0.5145
vn 0.2038 0.8712 -0.4466
vn -0.661 -0.0364 -0.7495
vn -0.0057 0.6726 -0.74
vn -0.5598 0.0553 0.8268
vn 0.1774 0.8763 0.4478
vn -0.8134 -0.2227 -0.5374
vn 0.4643 -0.8569 -0.2241
vn 0.899 -0.3891 0.2011
vn 0.5569 -0.7349 0.3871
vn 0.7856 -0.5018 -0.3619
vn 0.5556 -0.7455 -0.368
vn 0.9033 -0.3874 -0.1846
vn 0.4613 -0.8568 0.2306
vn 0.7674 -0.5119 0.3861
vn 0.6498 -0.6021 -0.4638
vn 0.6388 -0.6016 0.4797
vn -0.2382 0.9516 0.1943
vn -0.9795 0.0647 -0.1909
vn -0.71 0.302 0.6362
vn -0.1822 0.9014 0.3928
vn -0.9346 0.0881 -0.3446
vn -0.325 0.7009 -0.6349
vn -0.7166 0.2874 -0.6355
vn -0.3527 0.6792 0.6437
vn -0.9414 0.0895 0.3251
vn -0.1719 0.9021 -0.3957
vn -0.9831 0.0644 0.1714
vn -0.2343 0.952 -0.1971
vn 0.2774 -0.9492 0.1483
vn 0.9418 -0.3036 -0.1447
vn 0.9387 -0.3039 0.1629
vn 0.2803 -0.9489 -0.1446
vn 0.5565 0.5901 -0.5849
vn -0.595 -0.6321 0.4964
vn -0.5849 -0.6311 -0.5095
vn 0.5447 0.5889 0.5971
vn 0.7866 -0.6148 -0.0566
vn 0.666 -0.7437 0.0574
vn 0.7533 -0.6487 0.1084
vn 0.6848 -0.7211 -0.1051
vn 0.7677 -0.632 -0.1058
vn 0.6638 -0.7463 -0.048
vn 0.7827 -0.6187 0.0677
vn 0.6978 -0.7083 0.1068
vn 0.3444 0.7491 -0.566
vn -0.7741 -0.4183 0.4751
vn 0.0471 0.4405 0.8965
vn -0.5952 -0.2439 -0.7657
vn 0.214 0.6166 -0.7576
vn -0.7578 -0.4274 -0.493
vn 0.3208 0.755 0.5719
vn -0.4471 -0.0851 0.8904
vn -0.096 0.8976 -0.4303
vn -0.9372 0.0333 0.3472
vn -0.3177 0.6642 0.6767
vn -0.7035 0.1303 -0.6987
vn -0.1645 0.6981 -0.6969
vn -0.9273 0.0124 -0.374
vn -0.1295 0.8989 0.4185
vn -0.6931 0.2677 0.6693
vn 0.7525 -0.6584 -0.0168
vn 0.7076 -0.7061 0.0255
vn 0.7401 -0.671 0.0444
vn 0.7168 -0.6965 -0.034
vn 0.7442 -0.667 -0.0342
vn 0.7069 -0.7072 -0.0136
vn 0.7509 -0.6597 0.0293
vn 0.7195 -0.6931 0.0438
vn -0.0024 0.8835 -0.4684
vn -0.9221 -0.0624 0.3819
vn -0.2446 0.6287 0.7382
vn -0.6503 0.0667 -0.7567
vn -0.0975 0.6498 -0.7538
vn -0.9095 -0.0826 -0.4074
vn -0.0361 0.8871 0.4601
vn -0.6536 0.1964 0.7309
vn -0.5366 0.0244 0.8435
vn 0.1845 0.8223 0.5383
vn -0.8316 -0.2989 -0.4682
vn 0.0306 0.6428 -0.7655
vn -0.6339 -0.0618 -0.771
vn -0.0669 0.5224 0.8501
vn -0.8481 -0.2843 0.4471
vn 0.2137 0.8156 -0.5377
vn 0.7712 -0.6355 -0.0381
vn 0.6857 -0.7266 0.0426
vn 0.7476 -0.6595 0.0787
vn 0.7017 -0.7088 -0.0721
vn 0.7561 -0.6504 -0.0726
vn 0.6843 -0.7285 -0.0321
vn 0.7683 -0.6381 0.0499
vn 0.7083 -0.7016 0.0775
vn 0.5857 0.5619 -0.5841
vn -0.5631 -0.6608 0.4962
vn 0.2749 0.2446 0.9298
vn -0.3118 -0.4058 -0.8591
vn 0.392 0.3486 -0.8513
vn -0.5545 -0.6585 -0.5088
vn 0.5755 0.5591 0.5968
vn -0.2346 -0.3015 0.9242
vn -0.3002 0.8952 -0.3295
vn -0.9354 0.2406 0.259
vn -0.4687 0.7182 0.5144
vn -0.7562 0.2692 -0.5964
vn -0.3073 0.7409 -0.5972
vn -0.9321 0.2221 -0.2862
vn -0.3281 0.8914 0.3126
vn -0.7546 0.4158 0.5076
vn -0.5619 0.0583 0.8251
vn 0.1416 0.8391 0.5253
vn -0.8506 -0.2577 -0.4583
vn -0.001 0.6702 -0.7422
vn -0.6637 -0.0319 -0.7473
vn -0.102 0.5455 0.8319
vn -0.8668 -0.2416 0.4362
vn 0.1723 0.8326 -0.5265
vn 0.8888 -0.4024 -0.2193
vn 0.4475 -0.8725 0.1961
vn 0.7671 -0.5098 0.3894
vn 0.558 -0.7456 -0.3644
vn 0.7855 -0.4994 -0.3655
vn 0.45 -0.8727 -0.1896
vn 0.8838 -0.4044 0.2353
vn 0.559 -0.735 0.3838
vn 0.985 0.0311 0.1694
vn 0.7816 0.0147 0.6237
vn 0.3372 0.0005 0.9414
vn -0.2223 0.0035 0.975
vn -0.6896 0.0174 0.724
vn -0.9517 0.0274 0.3057
vn 0.4575 0.8871 -0.0616
vn 0 -1 0
vn -0.9659 0 0.2588
vn -0.7071 0 0.7071
vn -0.2588 0 0.9659
vn 0.2588 0 0.9659
vn 0.7071 0 0.7071
vn 0.9659 0 0.2588
vn -0.9629 0.0787 0.258
vn -0.7049 0.0787 0.7049
vn -0.258 0.0787 0.9629
vn 0.258 0.0787 0.9629
vn 0.7049 0.0787 0.7049
vn 0.9629 0.0787 0.258
vn -0.957 0.0279 0.2886
vn -0.6961 0.0178 0.7177
vn -0.2363 0.0039 0.9717
vn 0.3073 0.0011 0.9516
vn 0.7546 0.0151 0.656
vn -0.0327 0.9994 0.0087
vn 0.2771 -0.9608 0.0011
vn -0.5538 0.8326 0.0039
vn 0.0994 0.1978 0.9752
vn 0.2356 0.9715 0.0268
vn 0.0311 0.0601 0.9977
vn -0.0367 0.9993 0
vn 0.0367 -0.9993 0
vn 0.3265 -0.9452 -0.0043
vn 0.9998 -0.0064 -0.0198
vn 0.0345 -0.0148 0.9993
vn -0.015 -0.2763 0.961
vn -0.416 -0.9094 0.0051
vn 0.9995 0.0197 0.0238
vn 0.7327 0.0154 0.6804
vn 0.2844 0.0015 0.9587
vn -0.247 0.0043 0.969
vn -0.7012 0.018 0.7127
vn -0.9611 0.0283 0.2748
vn -0.9671 0.0338 -0.2521
vn -0.965 0.0287 0.2606
vn -0.7063 0.0183 0.7077
vn -0.2574 0.0046 0.9663
vn 0.2618 0.0019 0.9651
vn 0.7101 0.0156 0.704
vn 0.3123 0.9491 0.041
vn 0.3525 0.9358 -0.0024
vn 0.0622 0.0195 0.9979
vn 0.0839 0.0229 0.9962
vn -0.9998 0.0064 0.0191
vn 0 1 0
vn -0.5729 -0.8196 -0.0115
vn 0 0 1
vn -0.5975 0.8018 0
vn 0.5605 -0.8282 0
vn 1 0 0
vn -0.5729 -0.8196 0
vn -0.9998 0 -0.0201
vn -0.5975 0.8018 -0.012
vn 0.5851 0.811 0
vn -1 0 0
vn 0.0307 0.0686 0.9972
vn 0.0342 -0.0077 0.9994
vn -0.0323 0.9993 0.0194
vn -0.9763 0.0333 -0.2139
vn 0.0376 -0.999 -0.0256
vn 0.0375 -0.9989 -0.0296
vn -0.978 0.0328 -0.2058
vn -0.2472 -0.9655 -0.0821
vn -0.9857 0.0321 -0.1655
vn 0.985 0.0311 -0.1694
vn 0.7816 0.0147 -0.6237
vn 0.3372 0.0005 -0.9414
vn -0.2223 0.0035 -0.975
vn -0.6896 0.0174 -0.724
vn -0.9517 0.0274 -0.3057
vn 0.4575 0.8871 0.0616
vn -0.9659 0 -0.2588
vn -0.7071 0 -0.7071
vn -0.2588 0 -0.9659
vn 0.2588 0 -0.9659
vn 0.7071 0 -0.7071
vn 0.9659 0 -0.2588
vn -0.9629 0.0787 -0.258
vn -0.7049 0.0787 -0.7049
vn -0.258 0.0787 -0.9629
vn 0.258 0.0787 -0.9629
vn 0.7049 0.0787 -0.7049
vn 0.9629 0.0787 -0.258
vn -0.957 0.0279 -0.2886
vn -0.6961 0.0178 -0.7177
vn -0.2363 0.0039 -0.9717
vn 0.3073 0.0011 -0.9516
vn 0.7546 0.0151 -0.656
vn -0.0327 0.9994 -0.0087
vn 0.2771 -0.9608 -0.0011
vn -0.5538 0.8326 -0.0039
vn 0.0994 0.1978 -0.9752
vn 0.2356 0.9715 -0.0268
vn 0.0311 0.0601 -0.9977
vn 0.3265 -0.9452 0.0043
vn 0.9998 -0.0064 0.0198
vn 0.0345 -0.0148 -0.9993
vn -0.015 -0.2763 -0.961
vn -0.416 -0.9094 -0.0051
vn 0.9995 0.0197 -0.0238
vn 0.7327 0.0154 -0.6804
vn 0.2844 0.0015 -0.9587
vn -0.247 0.0043 -0.969
vn -0.7012 0.018 -0.7127
vn -0.9611 0.0283 -0.2748
vn -0.9671 0.0338 0.2521
vn -0.965 0.0287 -0.2606
vn -0.7063 0.0183 -0.7077
vn -0.2574 0.0046 -0.9663
vn 0.2618 0.0019 -0.9651
vn 0.7101 0.0156 -0.704
vn 0.3123 0.9491 -0.041
vn 0.3525 0.9358 0.0024
vn 0.0622 0.0195 -0.9979
vn 0.0839 0.0229 -0.9962
vn -0.9998 0.0064 -0.0191
vn -0.5729 -0.8196 0.0115
vn 0 0 -1
vn -0.9998 0 0.0201
vn -0.5975 0.8018 0.012
vn 0.0307 0.0686 -0.9972
vn 0.0342 -0.0077 -0.9994
vn -0.0323 0.9993 -0.0194
vn -0.9763 0.0333 0.2139
vn 0.0376 -0.999 0.0256
vn 0.0375 -0.9989 0.0296
vn -0.978 0.0328 0.2058
vn -0.2472 -0.9655 0.0821
vn -0.9857 0.0321 0.1655
s off
usemtl Material.007
f 253/29/25 38/30/25 34/31/25
f 253/29/25 34/31/25 250/32/25
f 258/33/26 68/34/26 36/35/26
f 258/33/26 36/35/26 251/36/26
f 68/37/27 34/31/27 38/30/27
f 68/37/27 38/30/27 69/38/27
f 67/39/28 35/40/28 39/41/28
f 67/39/28 39/41/28 70/42/28
f 251/36/29 36/35/29 40/43/29
f 251/36/29 40/43/29 252/44/29
f 257/45/25 57/46/25 38/30/25
f 257/45/25 38/30/25 253/29/25
f 267/47/25 261/48/25 43/49/25
f 267/47/25 43/49/25 254/50/25
f 94/51/30 89/52/30 45/53/30
f 94/51/30 45/53/30 61/54/30
f 80/55/28 58/56/28 44/57/28
f 80/55/28 44/57/28 72/58/28
f 256/59/29 60/60/29 42/61/29
f 256/59/29 42/61/29 255/62/29
f 79/63/31 61/54/31 45/53/31
f 79/63/31 45/53/31 74/64/31
f 96/65/26 91/66/26 46/67/26
f 96/65/26 46/67/26 73/68/26
f 95/69/32 90/70/32 48/71/32
f 95/69/32 48/71/32 74/64/32
f 93/72/33 92/73/33 47/74/33
f 93/72/33 47/74/33 62/75/33
f 86/76/34 82/77/34 51/78/34
f 86/76/34 51/78/34 63/79/34
f 88/80/35 84/81/35 52/82/35
f 88/80/35 52/82/35 75/83/35
f 87/84/36 81/85/36 50/86/36
f 87/84/36 50/86/36 76/87/36
f 85/88/37 83/89/37 49/90/37
f 85/88/37 49/90/37 64/91/37
f 228/92/38 232/93/38 56/94/38
f 228/92/38 56/94/38 65/95/38
f 230/96/39 226/97/39 54/98/39
f 230/96/39 54/98/39 77/99/39
f 229/100/40 231/101/40 55/102/40
f 229/100/40 55/102/40 78/103/40
f 227/104/41 225/105/41 53/106/41
f 227/104/41 53/106/41 66/107/41
f 231/101/42 227/104/42 66/107/42
f 231/101/42 66/107/42 55/102/42
f 226/97/43 228/92/43 65/95/43
f 226/97/43 65/95/43 54/98/43
f 81/85/44 85/88/44 64/91/44
f 81/85/44 64/91/44 50/86/44
f 84/81/45 86/76/45 63/79/45
f 84/81/45 63/79/45 52/82/45
f 90/70/33 93/72/33 62/75/33
f 90/70/33 62/75/33 48/71/33
f 73/68/46 46/67/46 61/54/46
f 73/68/46 61/54/46 79/63/46
f 252/44/29 40/43/29 60/60/29
f 252/44/29 60/60/29 256/59/29
f 70/42/28 39/41/28 58/56/28
f 70/42/28 58/56/28 80/55/28
f 91/66/30 94/51/30 61/54/30
f 91/66/30 61/54/30 46/67/30
f 254/50/25 43/49/25 57/46/25
f 254/50/25 57/46/25 257/45/25
f 37/108/28 70/109/28 80/110/28
f 37/108/28 80/110/28 59/111/28
f 47/74/47 73/112/47 79/63/47
f 47/74/47 79/63/47 62/75/47
f 232/93/48 229/113/48 78/114/48
f 232/93/48 78/114/48 56/94/48
f 225/105/49 230/96/49 77/99/49
f 225/105/49 77/99/49 53/106/49
f 82/77/50 87/115/50 76/116/50
f 82/77/50 76/116/50 51/78/50
f 83/89/51 88/80/51 75/83/51
f 83/89/51 75/83/51 49/90/51
f 89/52/32 95/69/32 74/64/32
f 89/52/32 74/64/32 45/53/32
f 92/73/26 96/117/26 73/112/26
f 92/73/26 73/112/26 47/74/26
f 62/75/52 79/63/52 74/64/52
f 62/75/52 74/64/52 48/71/52
f 59/111/28 80/110/28 72/118/28
f 59/111/28 72/118/28 41/119/28
f 33/120/28 67/121/28 70/109/28
f 33/120/28 70/109/28 37/108/28
f 36/35/27 68/34/27 69/122/27
f 36/35/27 69/122/27 40/43/27
f 250/32/26 34/31/26 68/37/26
f 250/32/26 68/37/26 258/123/26
f 43/49/32 71/124/32 88/125/32
f 43/49/32 88/125/32 83/126/32
f 40/43/26 69/122/26 87/127/26
f 40/43/26 87/127/26 82/128/26
f 42/61/33 60/60/33 86/129/33
f 42/61/33 86/129/33 84/130/33
f 38/30/30 57/46/30 85/131/30
f 38/30/30 85/131/30 81/132/30
f 57/46/30 43/49/30 83/126/30
f 57/46/30 83/126/30 85/131/30
f 69/38/26 38/30/26 81/132/26
f 69/38/26 81/132/26 87/133/26
f 71/134/32 42/61/32 84/130/32
f 71/134/32 84/130/32 88/135/32
f 60/60/33 40/43/33 82/128/33
f 60/60/33 82/128/33 86/129/33
f 56/136/53 78/137/53 96/138/53
f 56/136/53 96/138/53 92/139/53
f 53/140/54 77/141/54 95/142/54
f 53/140/54 95/142/54 89/143/54
f 55/144/55 66/145/55 94/146/55
f 55/144/55 94/146/55 91/147/55
f 54/148/56 65/149/56 93/150/56
f 54/148/56 93/150/56 90/151/56
f 65/149/57 56/136/57 92/139/57
f 65/149/57 92/139/57 93/150/57
f 77/141/58 54/148/58 90/151/58
f 77/141/58 90/151/58 95/142/58
f 78/152/59 55/144/59 91/147/59
f 78/152/59 91/147/59 96/153/59
f 66/145/60 53/140/60 89/143/60
f 66/145/60 89/143/60 94/146/60
f 49/90/61 75/83/61 104/154/61
f 49/90/61 104/154/61 99/155/61
f 51/78/62 76/116/62 103/156/62
f 51/78/62 103/156/62 98/157/62
f 52/82/63 63/79/63 102/158/63
f 52/82/63 102/158/63 100/159/63
f 50/86/64 64/91/64 101/160/64
f 50/86/64 101/160/64 97/161/64
f 64/91/65 49/90/65 99/155/65
f 64/91/65 99/155/65 101/160/65
f 76/87/66 50/86/66 97/161/66
f 76/87/66 97/161/66 103/162/66
f 75/83/67 52/82/67 100/159/67
f 75/83/67 100/159/67 104/154/67
f 63/79/68 51/78/68 98/157/68
f 63/79/68 98/157/68 102/158/68
f 99/163/69 104/164/69 110/165/69
f 99/163/69 110/165/69 105/166/69
f 98/167/70 103/168/70 109/169/70
f 98/167/70 109/169/70 112/170/70
f 100/171/71 102/172/71 108/173/71
f 100/171/71 108/173/71 106/174/71
f 97/175/72 101/176/72 107/177/72
f 97/175/72 107/177/72 111/178/72
f 101/176/73 99/163/73 105/166/73
f 101/176/73 105/166/73 107/177/73
f 103/179/74 97/175/74 111/178/74
f 103/179/74 111/178/74 109/180/74
f 104/164/75 100/171/75 106/174/75
f 104/164/75 106/174/75 110/165/75
f 102/172/76 98/167/76 112/170/76
f 102/172/76 112/170/76 108/173/76
f 105/166/61 110/165/61 118/181/61
f 105/166/61 118/181/61 113/182/61
f 112/170/62 109/169/62 117/183/62
f 112/170/62 117/183/62 120/184/62
f 106/174/63 108/173/63 116/185/63
f 106/174/63 116/185/63 114/186/63
f 111/178/77 107/177/77 115/187/77
f 111/178/77 115/187/77 119/188/77
f 107/177/78 105/166/78 113/182/78
f 107/177/78 113/182/78 115/187/78
f 109/180/66 111/178/66 119/188/66
f 109/180/66 119/188/66 117/189/66
f 110/165/67 106/174/67 114/186/67
f 110/165/67 114/186/67 118/181/67
f 108/173/68 112/170/68 120/184/68
f 108/173/68 120/184/68 116/185/68
f 113/182/79 118/181/79 126/190/79
f 113/182/79 126/190/79 121/191/79
f 120/184/80 117/183/80 125/192/80
f 120/184/80 125/192/80 128/193/80
f 114/186/81 116/185/81 124/194/81
f 114/186/81 124/194/81 122/195/81
f 119/188/82 115/187/82 123/196/82
f 119/188/82 123/196/82 127/197/82
f 115/187/83 113/182/83 121/191/83
f 115/187/83 121/191/83 123/196/83
f 117/189/84 119/188/84 127/197/84
f 117/189/84 127/197/84 125/198/84
f 118/181/85 114/186/85 122/195/85
f 118/181/85 122/195/85 126/190/85
f 116/185/86 120/184/86 128/193/86
f 116/185/86 128/193/86 124/194/86
f 121/199/87 126/200/87 134/201/87
f 121/199/87 134/201/87 129/202/87
f 128/203/88 125/204/88 133/205/88
f 128/203/88 133/205/88 136/206/88
f 122/207/89 124/208/89 132/209/89
f 122/207/89 132/209/89 130/210/89
f 127/211/90 123/212/90 131/213/90
f 127/211/90 131/213/90 135/214/90
f 123/212/91 121/199/91 129/202/91
f 123/212/91 129/202/91 131/213/91
f 125/215/92 127/211/92 135/214/92
f 125/215/92 135/214/92 133/216/92
f 126/200/93 122/207/93 130/210/93
f 126/200/93 130/210/93 134/201/93
f 124/208/94 128/203/94 136/206/94
f 124/208/94 136/206/94 132/209/94
f 129/202/61 134/201/61 142/217/61
f 129/202/61 142/217/61 137/218/61
f 136/206/62 133/205/62 141/219/62
f 136/206/62 141/219/62 144/220/62
f 130/210/63 132/209/63 140/221/63
f 130/210/63 140/221/63 138/222/63
f 135/214/64 131/213/64 139/223/64
f 135/214/64 139/223/64 143/224/64
f 131/213/65 129/202/65 137/218/65
f 131/213/65 137/218/65 139/223/65
f 133/216/66 135/214/66 143/224/66
f 133/216/66 143/224/66 141/225/66
f 134/201/67 130/210/67 138/222/67
f 134/201/67 138/222/67 142/217/67
f 132/209/68 136/206/68 144/220/68
f 132/209/68 144/220/68 140/221/68
f 137/226/95 142/227/95 150/228/95
f 137/226/95 150/228/95 145/229/95
f 144/230/96 141/231/96 149/232/96
f 144/230/96 149/232/96 152/233/96
f 138/234/97 140/235/97 148/236/97
f 138/234/97 148/236/97 146/237/97
f 143/238/98 139/239/98 147/240/98
f 143/238/98 147/240/98 151/241/98
f 139/239/99 137/226/99 145/229/99
f 139/239/99 145/229/99 147/240/99
f 141/242/100 143/238/100 151/241/100
f 141/242/100 151/241/100 149/243/100
f 142/227/101 138/234/101 146/237/101
f 142/227/101 146/237/101 150/228/101
f 140/235/102 144/230/102 152/233/102
f 140/235/102 152/233/102 148/236/102
f 145/229/61 150/228/61 158/244/61
f 145/229/61 158/244/61 153/245/61
f 152/233/62 149/232/62 157/246/62
f 152/233/62 157/246/62 160/247/62
f 146/237/63 148/236/63 156/248/63
f 146/237/63 156/248/63 154/249/63
f 151/241/103 147/240/103 155/250/103
f 151/241/103 155/250/103 159/251/103
f 147/240/104 145/229/104 153/245/104
f 147/240/104 153/245/104 155/250/104
f 149/243/66 151/241/66 159/251/66
f 149/243/66 159/251/66 157/252/66
f 150/228/67 146/237/67 154/249/67
f 150/228/67 154/249/67 158/244/67
f 148/236/68 152/233/68 160/247/68
f 148/236/68 160/247/68 156/248/68
f 171/253/105 176/254/105 166/255/105
f 171/253/105 166/255/105 161/256/105
f 170/257/106 175/258/106 165/259/106
f 170/257/106 165/259/106 168/260/106
f 172/261/107 174/262/107 164/263/107
f 172/261/107 164/263/107 162/264/107
f 169/265/108 173/266/108 163/267/108
f 169/265/108 163/267/108 167/268/108
f 173/266/109 171/253/109 161/256/109
f 173/266/109 161/256/109 163/267/109
f 175/269/110 169/265/110 167/268/110
f 175/269/110 167/268/110 165/270/110
f 176/254/111 172/261/111 162/264/111
f 176/254/111 162/264/111 166/255/111
f 174/262/112 170/257/112 168/260/112
f 174/262/112 168/260/112 164/263/112
f 156/248/113 160/247/113 170/271/113
f 156/248/113 170/271/113 174/272/113
f 158/244/114 154/249/114 172/273/114
f 158/244/114 172/273/114 176/274/114
f 157/252/115 159/251/115 169/275/115
f 157/252/115 169/275/115 175/276/115
f 155/250/116 153/245/116 171/277/116
f 155/250/116 171/277/116 173/278/116
f 159/251/117 155/250/117 173/278/117
f 159/251/117 173/278/117 169/275/117
f 154/249/118 156/248/118 174/272/118
f 154/249/118 174/272/118 172/273/118
f 160/247/119 157/246/119 175/279/119
f 160/247/119 175/279/119 170/271/119
f 153/245/120 158/244/120 176/274/120
f 153/245/120 176/274/120 171/277/120
f 161/256/61 166/255/61 182/280/61
f 161/256/61 182/280/61 177/281/61
f 168/260/62 165/259/62 181/282/62
f 168/260/62 181/282/62 184/283/62
f 162/264/63 164/263/63 180/284/63
f 162/264/63 180/284/63 178/285/63
f 167/268/64 163/267/64 179/286/64
f 167/268/64 179/286/64 183/287/64
f 163/267/65 161/256/65 177/281/65
f 163/267/65 177/281/65 179/286/65
f 165/270/66 167/268/66 183/287/66
f 165/270/66 183/287/66 181/288/66
f 166/255/67 162/264/67 178/285/67
f 166/255/67 178/285/67 182/280/67
f 164/263/68 168/260/68 184/283/68
f 164/263/68 184/283/68 180/284/68
f 177/289/121 182/290/121 190/291/121
f 177/289/121 190/291/121 185/292/121
f 184/293/122 181/294/122 189/295/122
f 184/293/122 189/295/122 192/296/122
f 178/297/123 180/298/123 188/299/123
f 178/297/123 188/299/123 186/300/123
f 183/301/124 179/302/124 187/303/124
f 183/301/124 187/303/124 191/304/124
f 179/302/125 177/289/125 185/292/125
f 179/302/125 185/292/125 187/303/125
f 181/305/126 183/301/126 191/304/126
f 181/305/126 191/304/126 189/306/126
f 182/290/127 178/297/127 186/300/127
f 182/290/127 186/300/127 190/291/127
f 180/298/128 184/293/128 192/296/128
f 180/298/128 192/296/128 188/299/128
f 185/292/129 190/291/129 198/307/129
f 185/292/129 198/307/129 193/308/129
f 192/296/130 189/295/130 197/309/130
f 192/296/130 197/309/130 200/310/130
f 186/300/131 188/299/131 196/311/131
f 186/300/131 196/311/131 194/312/131
f 191/304/132 187/303/132 195/313/132
f 191/304/132 195/313/132 199/314/132
f 187/303/133 185/292/133 193/308/133
f 187/303/133 193/308/133 195/313/133
f 189/306/134 191/304/134 199/314/134
f 189/306/134 199/314/134 197/315/134
f 190/291/135 186/300/135 194/312/135
f 190/291/135 194/312/135 198/307/135
f 188/299/136 192/296/136 200/310/136
f 188/299/136 200/310/136 196/311/136
f 211/316/137 216/317/137 206/318/137
f 211/316/137 206/318/137 201/319/137
f 210/320/138 215/321/138 205/322/138
f 210/320/138 205/322/138 208/323/138
f 212/324/139 214/325/139 204/326/139
f 212/324/139 204/326/139 202/327/139
f 209/328/140 213/329/140 203/330/140
f 209/328/140 203/330/140 207/331/140
f 213/329/141 211/316/141 201/319/141
f 213/329/141 201/319/141 203/330/141
f 215/332/142 209/328/142 207/331/142
f 215/332/142 207/331/142 205/333/142
f 216/317/143 212/324/143 202/327/143
f 216/317/143 202/327/143 206/318/143
f 214/325/144 210/320/144 208/323/144
f 214/325/144 208/323/144 204/326/144
f 196/311/145 200/310/145 210/334/145
f 196/311/145 210/334/145 214/335/145
f 198/307/146 194/312/146 212/336/146
f 198/307/146 212/336/146 216/337/146
f 197/315/147 199/314/147 209/338/147
f 197/315/147 209/338/147 215/339/147
f 195/313/148 193/308/148 211/340/148
f 195/313/148 211/340/148 213/341/148
f 199/314/149 195/313/149 213/341/149
f 199/314/149 213/341/149 209/338/149
f 194/312/150 196/311/150 214/335/150
f 194/312/150 214/335/150 212/336/150
f 200/310/151 197/309/151 215/342/151
f 200/310/151 215/342/151 210/334/151
f 193/308/152 198/307/152 216/337/152
f 193/308/152 216/337/152 211/340/152
f 235/343/153 240/344/153 222/345/153
f 235/343/153 222/345/153 217/346/153
f 234/347/154 239/348/154 221/349/154
f 234/347/154 221/349/154 224/350/154
f 236/351/155 238/352/155 220/353/155
f 236/351/155 220/353/155 218/354/155
f 233/355/156 237/356/156 219/357/156
f 233/355/156 219/357/156 223/358/156
f 237/356/157 235/343/157 217/346/157
f 237/356/157 217/346/157 219/357/157
f 239/359/158 233/355/158 223/358/158
f 239/359/158 223/358/158 221/360/158
f 240/344/159 236/351/159 218/354/159
f 240/344/159 218/354/159 222/345/159
f 238/352/160 234/347/160 224/350/160
f 238/352/160 224/350/160 220/353/160
f 217/346/61 222/345/61 230/361/61
f 217/346/61 230/361/61 225/362/61
f 224/350/62 221/349/62 229/363/62
f 224/350/62 229/363/62 232/364/62
f 218/354/63 220/353/63 228/365/63
f 218/354/63 228/365/63 226/366/63
f 223/358/64 219/357/64 227/367/64
f 223/358/64 227/367/64 231/368/64
f 219/357/65 217/346/65 225/362/65
f 219/357/65 225/362/65 227/367/65
f 221/360/66 223/358/66 231/368/66
f 221/360/66 231/368/66 229/369/66
f 222/345/67 218/354/67 226/366/67
f 222/345/67 226/366/67 230/361/67
f 220/353/68 224/350/68 232/364/68
f 220/353/68 232/364/68 228/365/68
f 204/326/68 208/323/68 234/370/68
f 204/326/68 234/370/68 238/371/68
f 206/318/67 202/327/67 236/372/67
f 206/318/67 236/372/67 240/373/67
f 205/333/66 207/331/66 233/374/66
f 205/333/66 233/374/66 239/375/66
f 203/330/65 201/319/65 235/376/65
f 203/330/65 235/376/65 237/377/65
f 207/331/64 203/330/64 237/377/64
f 207/331/64 237/377/64 233/374/64
f 202/327/63 204/326/63 238/371/63
f 202/327/63 238/371/63 236/372/63
f 208/323/62 205/322/62 239/378/62
f 208/323/62 239/378/62 234/370/62
f 201/319/61 206/318/61 240/373/61
f 201/319/61 240/373/61 235/376/61
f 33/120/26 241/379/26 249/380/26
f 33/120/26 249/380/26 67/121/26
f 41/119/161 245/381/161 248/382/161
f 41/119/161 248/382/161 59/111/161
f 39/41/162 243/383/162 247/384/162
f 39/41/162 247/384/162 58/56/162
f 58/56/162 247/384/162 246/385/162
f 58/56/162 246/385/162 44/57/162
f 259/386/161 265/387/161 245/381/161
f 259/386/161 245/381/161 41/119/161
f 59/111/161 248/382/161 244/388/161
f 59/111/161 244/388/161 37/108/161
f 35/40/162 242/389/162 243/383/162
f 35/40/162 243/383/162 39/41/162
f 67/39/26 249/390/26 242/389/26
f 67/39/26 242/389/26 35/40/26
f 37/108/161 244/388/161 241/379/161
f 37/108/161 241/379/161 33/120/161
f 241/379/26 250/32/26 258/123/26
f 241/379/26 258/123/26 249/380/26
f 245/381/30 254/50/30 257/45/30
f 245/381/30 257/45/30 248/382/30
f 243/383/33 252/44/33 256/59/33
f 243/383/33 256/59/33 247/384/33
f 247/384/33 256/59/33 255/62/33
f 247/384/33 255/62/33 246/385/33
f 265/387/30 267/47/30 254/50/30
f 265/387/30 254/50/30 245/381/30
f 248/382/30 257/45/30 253/29/30
f 248/382/30 253/29/30 244/388/30
f 242/389/33 251/36/33 252/44/33
f 242/389/33 252/44/33 243/383/33
f 249/390/26 258/33/26 251/36/26
f 249/390/26 251/36/26 242/389/26
f 244/388/30 253/29/30 250/32/30
f 244/388/30 250/32/30 241/379/30
f 246/385/33 255/62/33 268/391/33
f 246/385/33 268/391/33 266/392/33
f 72/58/28 44/57/28 262/393/28
f 72/58/28 262/393/28 264/394/28
f 44/57/162 246/385/162 266/392/162
f 44/57/162 266/392/162 262/393/162
f 71/124/27 43/49/27 261/48/27
f 71/124/27 261/48/27 263/395/27
f 255/62/29 42/61/29 260/396/29
f 255/62/29 260/396/29 268/391/29
f 42/61/27 71/134/27 263/397/27
f 42/61/27 263/397/27 260/396/27
f 41/119/28 72/118/28 264/398/28
f 41/119/28 264/398/28 259/386/28
f 489/29/25 486/32/25 270/31/25
f 489/29/25 270/31/25 274/30/25
f 494/33/32 487/36/32 272/35/32
f 494/33/32 272/35/32 304/34/32
f 304/37/27 305/38/27 274/30/27
f 304/37/27 274/30/27 270/31/27
f 303/39/28 306/42/28 275/41/28
f 303/39/28 275/41/28 271/40/28
f 487/36/29 488/44/29 276/43/29
f 487/36/29 276/43/29 272/35/29
f 493/45/25 489/29/25 274/30/25
f 493/45/25 274/30/25 293/46/25
f 503/47/25 490/50/25 279/49/25
f 503/47/25 279/49/25 497/48/25
f 330/51/30 297/54/30 281/53/30
f 330/51/30 281/53/30 325/52/30
f 316/55/28 308/58/28 280/57/28
f 316/55/28 280/57/28 294/56/28
f 492/59/29 491/62/29 278/61/29
f 492/59/29 278/61/29 296/60/29
f 315/63/46 310/64/46 281/53/46
f 315/63/46 281/53/46 297/54/46
f 332/65/32 309/68/32 282/67/32
f 332/65/32 282/67/32 327/66/32
f 331/69/26 310/64/26 284/71/26
f 331/69/26 284/71/26 326/70/26
f 329/72/33 298/75/33 283/74/33
f 329/72/33 283/74/33 328/73/33
f 322/76/45 299/79/45 287/78/45
f 322/76/45 287/78/45 318/77/45
f 324/80/163 311/83/163 288/82/163
f 324/80/163 288/82/163 320/81/163
f 323/84/164 312/87/164 286/86/164
f 323/84/164 286/86/164 317/85/164
f 321/88/44 300/91/44 285/90/44
f 321/88/44 285/90/44 319/89/44
f 464/92/165 301/95/165 292/94/165
f 464/92/165 292/94/165 468/93/165
f 466/96/166 313/99/166 290/98/166
f 466/96/166 290/98/166 462/97/166
f 465/100/167 314/103/167 291/102/167
f 465/100/167 291/102/167 467/101/167
f 463/104/168 302/107/168 289/106/168
f 463/104/168 289/106/168 461/105/168
f 467/101/169 291/102/169 302/107/169
f 467/101/169 302/107/169 463/104/169
f 462/97/170 290/98/170 301/95/170
f 462/97/170 301/95/170 464/92/170
f 317/85/37 286/86/37 300/91/37
f 317/85/37 300/91/37 321/88/37
f 320/81/34 288/82/34 299/79/34
f 320/81/34 299/79/34 322/76/34
f 326/70/33 284/71/33 298/75/33
f 326/70/33 298/75/33 329/72/33
f 309/68/31 315/63/31 297/54/31
f 309/68/31 297/54/31 282/67/31
f 488/44/29 492/59/29 296/60/29
f 488/44/29 296/60/29 276/43/29
f 306/42/28 316/55/28 294/56/28
f 306/42/28 294/56/28 275/41/28
f 327/66/30 282/67/30 297/54/30
f 327/66/30 297/54/30 330/51/30
f 490/50/25 493/45/25 293/46/25
f 490/50/25 293/46/25 279/49/25
f 273/108/28 295/111/28 316/110/28
f 273/108/28 316/110/28 306/109/28
f 283/74/52 298/75/52 315/63/52
f 283/74/52 315/63/52 309/112/52
f 468/93/171 292/94/171 314/114/171
f 468/93/171 314/114/171 465/113/171
f 461/105/172 289/106/172 313/99/172
f 461/105/172 313/99/172 466/96/172
f 318/77/173 287/78/173 312/116/173
f 318/77/173 312/116/173 323/115/173
f 319/89/174 285/90/174 311/83/174
f 319/89/174 311/83/174 324/80/174
f 325/52/26 281/53/26 310/64/26
f 325/52/26 310/64/26 331/69/26
f 328/73/32 283/74/32 309/112/32
f 328/73/32 309/112/32 332/117/32
f 298/75/47 284/71/47 310/64/47
f 298/75/47 310/64/47 315/63/47
f 295/111/28 277/119/28 308/118/28
f 295/111/28 308/118/28 316/110/28
f 269/120/28 273/108/28 306/109/28
f 269/120/28 306/109/28 303/121/28
f 272/35/27 276/43/27 305/122/27
f 272/35/27 305/122/27 304/34/27
f 486/32/32 494/123/32 304/37/32
f 486/32/32 304/37/32 270/31/32
f 279/49/26 319/126/26 324/125/26
f 279/49/26 324/125/26 307/124/26
f 276/43/32 318/128/32 323/127/32
f 276/43/32 323/127/32 305/122/32
f 278/61/33 320/130/33 322/129/33
f 278/61/33 322/129/33 296/60/33
f 274/30/30 317/132/30 321/131/30
f 274/30/30 321/131/30 293/46/30
f 293/46/30 321/131/30 319/126/30
f 293/46/30 319/126/30 279/49/30
f 305/38/32 323/133/32 317/132/32
f 305/38/32 317/132/32 274/30/32
f 307/134/26 324/135/26 320/130/26
f 307/134/26 320/130/26 278/61/26
f 296/60/33 322/129/33 318/128/33
f 296/60/33 318/128/33 276/43/33
f 292/136/175 328/139/175 332/138/175
f 292/136/175 332/138/175 314/137/175
f 289/140/176 325/143/176 331/142/176
f 289/140/176 331/142/176 313/141/176
f 291/144/60 327/147/60 330/146/60
f 291/144/60 330/146/60 302/145/60
f 290/148/57 326/151/57 329/150/57
f 290/148/57 329/150/57 301/149/57
f 301/149/56 329/150/56 328/139/56
f 301/149/56 328/139/56 292/136/56
f 313/141/177 331/142/177 326/151/177
f 313/141/177 326/151/177 290/148/177
f 314/152/178 332/153/178 327/147/178
f 314/152/178 327/147/178 291/144/178
f 302/145/55 330/146/55 325/143/55
f 302/145/55 325/143/55 289/140/55
f 285/90/179 335/155/179 340/154/179
f 285/90/179 340/154/179 311/83/179
f 287/78/180 334/157/180 339/156/180
f 287/78/180 339/156/180 312/116/180
f 288/82/68 336/159/68 338/158/68
f 288/82/68 338/158/68 299/79/68
f 286/86/65 333/161/65 337/160/65
f 286/86/65 337/160/65 300/91/65
f 300/91/64 337/160/64 335/155/64
f 300/91/64 335/155/64 285/90/64
f 312/87/181 339/162/181 333/161/181
f 312/87/181 333/161/181 286/86/181
f 311/83/182 340/154/182 336/159/182
f 311/83/182 336/159/182 288/82/182
f 299/79/63 338/158/63 334/157/63
f 299/79/63 334/157/63 287/78/63
f 335/163/183 341/166/183 346/165/183
f 335/163/183 346/165/183 340/164/183
f 334/167/184 348/170/184 345/169/184
f 334/167/184 345/169/184 339/168/184
f 336/171/185 342/174/185 344/173/185
f 336/171/185 344/173/185 338/172/185
f 333/175/186 347/178/186 343/177/186
f 333/175/186 343/177/186 337/176/186
f 337/176/187 343/177/187 341/166/187
f 337/176/187 341/166/187 335/163/187
f 339/179/188 345/180/188 347/178/188
f 339/179/188 347/178/188 333/175/188
f 340/164/189 346/165/189 342/174/189
f 340/164/189 342/174/189 336/171/189
f 338/172/190 344/173/190 348/170/190
f 338/172/190 348/170/190 334/167/190
f 341/166/179 349/182/179 354/181/179
f 341/166/179 354/181/179 346/165/179
f 348/170/180 356/184/180 353/183/180
f 348/170/180 353/183/180 345/169/180
f 342/174/68 350/186/68 352/185/68
f 342/174/68 352/185/68 344/173/68
f 347/178/78 355/188/78 351/187/78
f 347/178/78 351/187/78 343/177/78
f 343/177/77 351/187/77 349/182/77
f 343/177/77 349/182/77 341/166/77
f 345/180/181 353/189/181 355/188/181
f 345/180/181 355/188/181 347/178/181
f 346/165/182 354/181/182 350/186/182
f 346/165/182 350/186/182 342/174/182
f 344/173/63 352/185/63 356/184/63
f 344/173/63 356/184/63 348/170/63
f 349/182/191 357/191/191 362/190/191
f 349/182/191 362/190/191 354/181/191
f 356/184/192 364/193/192 361/192/192
f 356/184/192 361/192/192 353/183/192
f 350/186/193 358/195/193 360/194/193
f 350/186/193 360/194/193 352/185/193
f 355/188/194 363/197/194 359/196/194
f 355/188/194 359/196/194 351/187/194
f 351/187/195 359/196/195 357/191/195
f 351/187/195 357/191/195 349/182/195
f 353/189/196 361/198/196 363/197/196
f 353/189/196 363/197/196 355/188/196
f 354/181/197 362/190/197 358/195/197
f 354/181/197 358/195/197 350/186/197
f 352/185/198 360/194/198 364/193/198
f 352/185/198 364/193/198 356/184/198
f 357/199/199 365/202/199 370/201/199
f 357/199/199 370/201/199 362/200/199
f 364/203/200 372/206/200 369/205/200
f 364/203/200 369/205/200 361/204/200
f 358/207/201 366/210/201 368/209/201
f 358/207/201 368/209/201 360/208/201
f 363/211/202 371/214/202 367/213/202
f 363/211/202 367/213/202 359/212/202
f 359/212/203 367/213/203 365/202/203
f 359/212/203 365/202/203 357/199/203
f 361/215/204 369/216/204 371/214/204
f 361/215/204 371/214/204 363/211/204
f 362/200/205 370/201/205 366/210/205
f 362/200/205 366/210/205 358/207/205
f 360/208/206 368/209/206 372/206/206
f 360/208/206 372/206/206 364/203/206
f 365/202/179 373/218/179 378/217/179
f 365/202/179 378/217/179 370/201/179
f 372/206/180 380/220/180 377/219/180
f 372/206/180 377/219/180 369/205/180
f 366/210/68 374/222/68 376/221/68
f 366/210/68 376/221/68 368/209/68
f 371/214/65 379/224/65 375/223/65
f 371/214/65 375/223/65 367/213/65
f 367/213/64 375/223/64 373/218/64
f 367/213/64 373/218/64 365/202/64
f 369/216/181 377/225/181 379/224/181
f 369/216/181 379/224/181 371/214/181
f 370/201/182 378/217/182 374/222/182
f 370/201/182 374/222/182 366/210/182
f 368/209/63 376/221/63 380/220/63
f 368/209/63 380/220/63 372/206/63
f 373/226/207 381/229/207 386/228/207
f 373/226/207 386/228/207 378/227/207
f 380/230/208 388/233/208 385/232/208
f 380/230/208 385/232/208 377/231/208
f 374/234/209 382/237/209 384/236/209
f 374/234/209 384/236/209 376/235/209
f 379/238/210 387/241/210 383/240/210
f 379/238/210 383/240/210 375/239/210
f 375/239/211 383/240/211 381/229/211
f 375/239/211 381/229/211 373/226/211
f 377/242/212 385/243/212 387/241/212
f 377/242/212 387/241/212 379/238/212
f 378/227/213 386/228/213 382/237/213
f 378/227/213 382/237/213 374/234/213
f 376/235/214 384/236/214 388/233/214
f 376/235/214 388/233/214 380/230/214
f 381/229/179 389/245/179 394/244/179
f 381/229/179 394/244/179 386/228/179
f 388/233/180 396/247/180 393/246/180
f 388/233/180 393/246/180 385/232/180
f 382/237/68 390/249/68 392/248/68
f 382/237/68 392/248/68 384/236/68
f 387/241/104 395/251/104 391/250/104
f 387/241/104 391/250/104 383/240/104
f 383/240/103 391/250/103 389/245/103
f 383/240/103 389/245/103 381/229/103
f 385/243/181 393/252/181 395/251/181
f 385/243/181 395/251/181 387/241/181
f 386/228/182 394/244/182 390/249/182
f 386/228/182 390/249/182 382/237/182
f 384/236/63 392/248/63 396/247/63
f 384/236/63 396/247/63 388/233/63
f 407/253/215 397/256/215 402/255/215
f 407/253/215 402/255/215 412/254/215
f 406/257/216 404/260/216 401/259/216
f 406/257/216 401/259/216 411/258/216
f 408/261/217 398/264/217 400/263/217
f 408/261/217 400/263/217 410/262/217
f 405/265/218 403/268/218 399/267/218
f 405/265/218 399/267/218 409/266/218
f 409/266/219 399/267/219 397/256/219
f 409/266/219 397/256/219 407/253/219
f 411/269/220 401/270/220 403/268/220
f 411/269/220 403/268/220 405/265/220
f 412/254/221 402/255/221 398/264/221
f 412/254/221 398/264/221 408/261/221
f 410/262/222 400/263/222 404/260/222
f 410/262/222 404/260/222 406/257/222
f 392/248/223 410/272/223 406/271/223
f 392/248/223 406/271/223 396/247/223
f 394/244/224 412/274/224 408/273/224
f 394/244/224 408/273/224 390/249/224
f 393/252/225 411/276/225 405/275/225
f 393/252/225 405/275/225 395/251/225
f 391/250/226 409/278/226 407/277/226
f 391/250/226 407/277/226 389/245/226
f 395/251/227 405/275/227 409/278/227
f 395/251/227 409/278/227 391/250/227
f 390/249/228 408/273/228 410/272/228
f 390/249/228 410/272/228 392/248/228
f 396/247/229 406/271/229 411/279/229
f 396/247/229 411/279/229 393/246/229
f 389/245/230 407/277/230 412/274/230
f 389/245/230 412/274/230 394/244/230
f 397/256/179 413/281/179 418/280/179
f 397/256/179 418/280/179 402/255/179
f 404/260/180 420/283/180 417/282/180
f 404/260/180 417/282/180 401/259/180
f 398/264/68 414/285/68 416/284/68
f 398/264/68 416/284/68 400/263/68
f 403/268/65 419/287/65 415/286/65
f 403/268/65 415/286/65 399/267/65
f 399/267/64 415/286/64 413/281/64
f 399/267/64 413/281/64 397/256/64
f 401/270/181 417/288/181 419/287/181
f 401/270/181 419/287/181 403/268/181
f 402/255/182 418/280/182 414/285/182
f 402/255/182 414/285/182 398/264/182
f 400/263/63 416/284/63 420/283/63
f 400/263/63 420/283/63 404/260/63
f 413/289/231 421/292/231 426/291/231
f 413/289/231 426/291/231 418/290/231
f 420/293/232 428/296/232 425/295/232
f 420/293/232 425/295/232 417/294/232
f 414/297/233 422/300/233 424/299/233
f 414/297/233 424/299/233 416/298/233
f 419/301/234 427/304/234 423/303/234
f 419/301/234 423/303/234 415/302/234
f 415/302/235 423/303/235 421/292/235
f 415/302/235 421/292/235 413/289/235
f 417/305/236 425/306/236 427/304/236
f 417/305/236 427/304/236 419/301/236
f 418/290/237 426/291/237 422/300/237
f 418/290/237 422/300/237 414/297/237
f 416/298/238 424/299/238 428/296/238
f 416/298/238 428/296/238 420/293/238
f 421/292/239 429/308/239 434/307/239
f 421/292/239 434/307/239 426/291/239
f 428/296/240 436/310/240 433/309/240
f 428/296/240 433/309/240 425/295/240
f 422/300/241 430/312/241 432/311/241
f 422/300/241 432/311/241 424/299/241
f 427/304/242 435/314/242 431/313/242
f 427/304/242 431/313/242 423/303/242
f 423/303/243 431/313/243 429/308/243
f 423/303/243 429/308/243 421/292/243
f 425/306/244 433/315/244 435/314/244
f 425/306/244 435/314/244 427/304/244
f 426/291/245 434/307/245 430/312/245
f 426/291/245 430/312/245 422/300/245
f 424/299/246 432/311/246 436/310/246
f 424/299/246 436/310/246 428/296/246
f 447/316/247 437/319/247 442/318/247
f 447/316/247 442/318/247 452/317/247
f 446/320/248 444/323/248 441/322/248
f 446/320/248 441/322/248 451/321/248
f 448/324/249 438/327/249 440/326/249
f 448/324/249 440/326/249 450/325/249
f 445/328/250 443/331/250 439/330/250
f 445/328/250 439/330/250 449/329/250
f 449/329/251 439/330/251 437/319/251
f 449/329/251 437/319/251 447/316/251
f 451/332/252 441/333/252 443/331/252
f 451/332/252 443/331/252 445/328/252
f 452/317/253 442/318/253 438/327/253
f 452/317/253 438/327/253 448/324/253
f 450/325/254 440/326/254 444/323/254
f 450/325/254 444/323/254 446/320/254
f 432/311/255 450/335/255 446/334/255
f 432/311/255 446/334/255 436/310/255
f 434/307/256 452/337/256 448/336/256
f 434/307/256 448/336/256 430/312/256
f 433/315/257 451/339/257 445/338/257
f 433/315/257 445/338/257 435/314/257
f 431/313/258 449/341/258 447/340/258
f 431/313/258 447/340/258 429/308/258
f 435/314/259 445/338/259 449/341/259
f 435/314/259 449/341/259 431/313/259
f 430/312/260 448/336/260 450/335/260
f 430/312/260 450/335/260 432/311/260
f 436/310/261 446/334/261 451/342/261
f 436/310/261 451/342/261 433/309/261
f 429/308/262 447/340/262 452/337/262
f 429/308/262 452/337/262 434/307/262
f 471/343/263 453/346/263 458/345/263
f 471/343/263 458/345/263 476/344/263
f 470/347/264 460/350/264 457/349/264
f 470/347/264 457/349/264 475/348/264
f 472/351/265 454/354/265 456/353/265
f 472/351/265 456/353/265 474/352/265
f 469/355/266 459/358/266 455/357/266
f 469/355/266 455/357/266 473/356/266
f 473/356/267 455/357/267 453/346/267
f 473/356/267 453/346/267 471/343/267
f 475/359/268 457/360/268 459/358/268
f 475/359/268 459/358/268 469/355/268
f 476/344/269 458/345/269 454/354/269
f 476/344/269 454/354/269 472/351/269
f 474/352/270 456/353/270 460/350/270
f 474/352/270 460/350/270 470/347/270
f 453/346/179 461/362/179 466/361/179
f 453/346/179 466/361/179 458/345/179
f 460/350/180 468/364/180 465/363/180
f 460/350/180 465/363/180 457/349/180
f 454/354/68 462/366/68 464/365/68
f 454/354/68 464/365/68 456/353/68
f 459/358/65 467/368/65 463/367/65
f 459/358/65 463/367/65 455/357/65
f 455/357/64 463/367/64 461/362/64
f 455/357/64 461/362/64 453/346/64
f 457/360/181 465/369/181 467/368/181
f 457/360/181 467/368/181 459/358/181
f 458/345/182 466/361/182 462/366/182
f 458/345/182 462/366/182 454/354/182
f 456/353/63 464/365/63 468/364/63
f 456/353/63 468/364/63 460/350/63
f 440/326/63 474/371/63 470/370/63
f 440/326/63 470/370/63 444/323/63
f 442/318/182 476/373/182 472/372/182
f 442/318/182 472/372/182 438/327/182
f 441/333/181 475/375/181 469/374/181
f 441/333/181 469/374/181 443/331/181
f 439/330/64 473/377/64 471/376/64
f 439/330/64 471/376/64 437/319/64
f 443/331/65 469/374/65 473/377/65
f 443/331/65 473/377/65 439/330/65
f 438/327/68 472/372/68 474/371/68
f 438/327/68 474/371/68 440/326/68
f 444/323/180 470/370/180 475/378/180
f 444/323/180 475/378/180 441/322/180
f 437/319/179 471/376/179 476/373/179
f 437/319/179 476/373/179 442/318/179
f 269/120/32 303/121/32 485/380/32
f 269/120/32 485/380/32 477/379/32
f 277/119/161 295/111/161 484/382/161
f 277/119/161 484/382/161 481/381/161
f 275/41/162 294/56/162 483/384/162
f 275/41/162 483/384/162 479/383/162
f 294/56/162 280/57/162 482/385/162
f 294/56/162 482/385/162 483/384/162
f 495/386/161 277/119/161 481/381/161
f 495/386/161 481/381/161 501/387/161
f 295/111/161 273/108/161 480/388/161
f 295/111/161 480/388/161 484/382/161
f 271/40/162 275/41/162 479/383/162
f 271/40/162 479/383/162 478/389/162
f 303/39/32 271/40/32 478/389/32
f 303/39/32 478/389/32 485/390/32
f 273/108/161 269/120/161 477/379/161
f 273/108/161 477/379/161 480/388/161
f 477/379/32 485/380/32 494/123/32
f 477/379/32 494/123/32 486/32/32
f 481/381/30 484/382/30 493/45/30
f 481/381/30 493/45/30 490/50/30
f 479/383/33 483/384/33 492/59/33
f 479/383/33 492/59/33 488/44/33
f 483/384/33 482/385/33 491/62/33
f 483/384/33 491/62/33 492/59/33
f 501/387/30 481/381/30 490/50/30
f 501/387/30 490/50/30 503/47/30
f 484/382/30 480/388/30 489/29/30
f 484/382/30 489/29/30 493/45/30
f 478/389/33 479/383/33 488/44/33
f 478/389/33 488/44/33 487/36/33
f 485/390/32 478/389/32 487/36/32
f 485/390/32 487/36/32 494/33/32
f 480/388/30 477/379/30 486/32/30
f 480/388/30 486/32/30 489/29/30
f 482/385/33 502/392/33 504/391/33
f 482/385/33 504/391/33 491/62/33
f 308/58/28 500/394/28 498/393/28
f 308/58/28 498/393/28 280/57/28
f 280/57/162 498/393/162 502/392/162
f 280/57/162 502/392/162 482/385/162
f 307/124/27 499/395/27 497/48/27
f 307/124/27 497/48/27 279/49/27
f 491/62/29 504/391/29 496/396/29
f 491/62/29 496/396/29 278/61/29
f 278/61/27 496/396/27 499/397/27
f 278/61/27 499/397/27 307/134/27
f 277/119/28 495/386/28 500/398/28
f 277/119/28 500/398/28 308/118/28
f 725/29/271 722/32/271 506/31/271
f 725/29/271 506/31/271 510/30/271
f 730/33/272 723/36/272 508/35/272
f 730/33/272 508/35/272 540/34/272
f 540/37/273 541/38/273 510/30/273
f 540/37/273 510/30/273 506/31/273
f 539/39/274 542/42/274 511/41/274
f 539/39/274 511/41/274 507/40/274
f 723/36/275 724/44/275 512/43/275
f 723/36/275 512/43/275 508/35/275
f 729/45/271 725/29/271 510/30/271
f 729/45/271 510/30/271 529/46/271
f 739/47/271 726/50/271 515/49/271
f 739/47/271 515/49/271 733/48/271
f 566/51/276 533/54/276 517/53/276
f 566/51/276 517/53/276 561/52/276
f 552/55/274 544/58/274 516/57/274
f 552/55/274 516/57/274 530/56/274
f 728/59/275 727/62/275 514/61/275
f 728/59/275 514/61/275 532/60/275
f 551/63/277 546/64/277 517/53/277
f 551/63/277 517/53/277 533/54/277
f 568/65/272 545/68/272 518/67/272
f 568/65/272 518/67/272 563/66/272
f 567/69/278 546/64/278 520/71/278
f 567/69/278 520/71/278 562/70/278
f 565/72/279 534/75/279 519/74/279
f 565/72/279 519/74/279 564/73/279
f 558/76/280 535/79/280 523/78/280
f 558/76/280 523/78/280 554/77/280
f 560/80/281 547/83/281 524/82/281
f 560/80/281 524/82/281 556/81/281
f 559/84/282 548/87/282 522/86/282
f 559/84/282 522/86/282 553/85/282
f 557/88/283 536/91/283 521/90/283
f 557/88/283 521/90/283 555/89/283
f 700/92/284 537/95/284 528/94/284
f 700/92/284 528/94/284 704/93/284
f 702/96/285 549/99/285 526/98/285
f 702/96/285 526/98/285 698/97/285
f 701/100/286 550/103/286 527/102/286
f 701/100/286 527/102/286 703/101/286
f 699/104/287 538/107/287 525/106/287
f 699/104/287 525/106/287 697/105/287
f 703/101/288 527/102/288 538/107/288
f 703/101/288 538/107/288 699/104/288
f 698/97/289 526/98/289 537/95/289
f 698/97/289 537/95/289 700/92/289
f 553/85/290 522/86/290 536/91/290
f 553/85/290 536/91/290 557/88/290
f 556/81/291 524/82/291 535/79/291
f 556/81/291 535/79/291 558/76/291
f 562/70/279 520/71/279 534/75/279
f 562/70/279 534/75/279 565/72/279
f 545/68/292 551/63/292 533/54/292
f 545/68/292 533/54/292 518/67/292
f 724/44/275 728/59/275 532/60/275
f 724/44/275 532/60/275 512/43/275
f 542/42/274 552/55/274 530/56/274
f 542/42/274 530/56/274 511/41/274
f 563/66/276 518/67/276 533/54/276
f 563/66/276 533/54/276 566/51/276
f 726/50/271 729/45/271 529/46/271
f 726/50/271 529/46/271 515/49/271
f 509/108/274 531/111/274 552/110/274
f 509/108/274 552/110/274 542/109/274
f 519/74/293 534/75/293 551/63/293
f 519/74/293 551/63/293 545/112/293
f 704/93/294 528/94/294 550/114/294
f 704/93/294 550/114/294 701/113/294
f 697/105/295 525/106/295 549/99/295
f 697/105/295 549/99/295 702/96/295
f 554/77/296 523/78/296 548/116/296
f 554/77/296 548/116/296 559/115/296
f 555/89/297 521/90/297 547/83/297
f 555/89/297 547/83/297 560/80/297
f 561/52/278 517/53/278 546/64/278
f 561/52/278 546/64/278 567/69/278
f 564/73/272 519/74/272 545/112/272
f 564/73/272 545/112/272 568/117/272
f 534/75/298 520/71/298 546/64/298
f 534/75/298 546/64/298 551/63/298
f 531/111/274 513/119/274 544/118/274
f 531/111/274 544/118/274 552/110/274
f 505/120/274 509/108/274 542/109/274
f 505/120/274 542/109/274 539/121/274
f 508/35/273 512/43/273 541/122/273
f 508/35/273 541/122/273 540/34/273
f 722/32/272 730/123/272 540/37/272
f 722/32/272 540/37/272 506/31/272
f 515/49/278 555/126/278 560/125/278
f 515/49/278 560/125/278 543/124/278
f 512/43/272 554/128/272 559/127/272
f 512/43/272 559/127/272 541/122/272
f 514/61/279 556/130/279 558/129/279
f 514/61/279 558/129/279 532/60/279
f 510/30/276 553/132/276 557/131/276
f 510/30/276 557/131/276 529/46/276
f 529/46/276 557/131/276 555/126/276
f 529/46/276 555/126/276 515/49/276
f 541/38/272 559/133/272 553/132/272
f 541/38/272 553/132/272 510/30/272
f 543/134/278 560/135/278 556/130/278
f 543/134/278 556/130/278 514/61/278
f 532/60/279 558/129/279 554/128/279
f 532/60/279 554/128/279 512/43/279
f 528/136/299 564/139/299 568/138/299
f 528/136/299 568/138/299 550/137/299
f 525/140/300 561/143/300 567/142/300
f 525/140/300 567/142/300 549/141/300
f 527/144/301 563/147/301 566/146/301
f 527/144/301 566/146/301 538/145/301
f 526/148/302 562/151/302 565/150/302
f 526/148/302 565/150/302 537/149/302
f 537/149/303 565/150/303 564/139/303
f 537/149/303 564/139/303 528/136/303
f 549/141/304 567/142/304 562/151/304
f 549/141/304 562/151/304 526/148/304
f 550/152/305 568/153/305 563/147/305
f 550/152/305 563/147/305 527/144/305
f 538/145/306 566/146/306 561/143/306
f 538/145/306 561/143/306 525/140/306
f 521/90/307 571/155/307 576/154/307
f 521/90/307 576/154/307 547/83/307
f 523/78/308 570/157/308 575/156/308
f 523/78/308 575/156/308 548/116/308
f 524/82/309 572/159/309 574/158/309
f 524/82/309 574/158/309 535/79/309
f 522/86/310 569/161/310 573/160/310
f 522/86/310 573/160/310 536/91/310
f 536/91/311 573/160/311 571/155/311
f 536/91/311 571/155/311 521/90/311
f 548/87/312 575/162/312 569/161/312
f 548/87/312 569/161/312 522/86/312
f 547/83/313 576/154/313 572/159/313
f 547/83/313 572/159/313 524/82/313
f 535/79/314 574/158/314 570/157/314
f 535/79/314 570/157/314 523/78/314
f 571/163/315 577/166/315 582/165/315
f 571/163/315 582/165/315 576/164/315
f 570/167/316 584/170/316 581/169/316
f 570/167/316 581/169/316 575/168/316
f 572/171/317 578/174/317 580/173/317
f 572/171/317 580/173/317 574/172/317
f 569/175/318 583/178/318 579/177/318
f 569/175/318 579/177/318 573/176/318
f 573/176/319 579/177/319 577/166/319
f 573/176/319 577/166/319 571/163/319
f 575/179/320 581/180/320 583/178/320
f 575/179/320 583/178/320 569/175/320
f 576/164/321 582/165/321 578/174/321
f 576/164/321 578/174/321 572/171/321
f 574/172/322 580/173/322 584/170/322
f 574/172/322 584/170/322 570/167/322
f 577/166/307 585/182/307 590/181/307
f 577/166/307 590/181/307 582/165/307
f 584/170/308 592/184/308 589/183/308
f 584/170/308 589/183/308 581/169/308
f 578/174/309 586/186/309 588/185/309
f 578/174/309 588/185/309 580/173/309
f 583/178/323 591/188/323 587/187/323
f 583/178/323 587/187/323 579/177/323
f 579/177/324 587/187/324 585/182/324
f 579/177/324 585/182/324 577/166/324
f 581/180/312 589/189/312 591/188/312
f 581/180/312 591/188/312 583/178/312
f 582/165/313 590/181/313 586/186/313
f 582/165/313 586/186/313 578/174/313
f 580/173/314 588/185/314 592/184/314
f 580/173/314 592/184/314 584/170/314
f 585/182/325 593/191/325 598/190/325
f 585/182/325 598/190/325 590/181/325
f 592/184/326 600/193/326 597/192/326
f 592/184/326 597/192/326 589/183/326
f 586/186/327 594/195/327 596/194/327
f 586/186/327 596/194/327 588/185/327
f 591/188/328 599/197/328 595/196/328
f 591/188/328 595/196/328 587/187/328
f 587/187/329 595/196/329 593/191/329
f 587/187/329 593/191/329 585/182/329
f 589/189/330 597/198/330 599/197/330
f 589/189/330 599/197/330 591/188/330
f 590/181/331 598/190/331 594/195/331
f 590/181/331 594/195/331 586/186/331
f 588/185/332 596/194/332 600/193/332
f 588/185/332 600/193/332 592/184/332
f 593/199/333 601/202/333 606/201/333
f 593/199/333 606/201/333 598/200/333
f 600/203/334 608/206/334 605/205/334
f 600/203/334 605/205/334 597/204/334
f 594/207/335 602/210/335 604/209/335
f 594/207/335 604/209/335 596/208/335
f 599/211/336 607/214/336 603/213/336
f 599/211/336 603/213/336 595/212/336
f 595/212/337 603/213/337 601/202/337
f 595/212/337 601/202/337 593/199/337
f 597/215/338 605/216/338 607/214/338
f 597/215/338 607/214/338 599/211/338
f 598/200/339 606/201/339 602/210/339
f 598/200/339 602/210/339 594/207/339
f 596/208/340 604/209/340 608/206/340
f 596/208/340 608/206/340 600/203/340
f 601/202/307 609/218/307 614/217/307
f 601/202/307 614/217/307 606/201/307
f 608/206/308 616/220/308 613/219/308
f 608/206/308 613/219/308 605/205/308
f 602/210/309 610/222/309 612/221/309
f 602/210/309 612/221/309 604/209/309
f 607/214/310 615/224/310 611/223/310
f 607/214/310 611/223/310 603/213/310
f 603/213/311 611/223/311 609/218/311
f 603/213/311 609/218/311 601/202/311
f 605/216/312 613/225/312 615/224/312
f 605/216/312 615/224/312 607/214/312
f 606/201/313 614/217/313 610/222/313
f 606/201/313 610/222/313 602/210/313
f 604/209/314 612/221/314 616/220/314
f 604/209/314 616/220/314 608/206/314
f 609/226/341 617/229/341 622/228/341
f 609/226/341 622/228/341 614/227/341
f 616/230/342 624/233/342 621/232/342
f 616/230/342 621/232/342 613/231/342
f 610/234/343 618/237/343 620/236/343
f 610/234/343 620/236/343 612/235/343
f 615/238/344 623/241/344 619/240/344
f 615/238/344 619/240/344 611/239/344
f 611/239/345 619/240/345 617/229/345
f 611/239/345 617/229/345 609/226/345
f 613/242/346 621/243/346 623/241/346
f 613/242/346 623/241/346 615/238/346
f 614/227/347 622/228/347 618/237/347
f 614/227/347 618/237/347 610/234/347
f 612/235/348 620/236/348 624/233/348
f 612/235/348 624/233/348 616/230/348
f 617/229/307 625/245/307 630/244/307
f 617/229/307 630/244/307 622/228/307
f 624/233/308 632/247/308 629/246/308
f 624/233/308 629/246/308 621/232/308
f 618/237/309 626/249/309 628/248/309
f 618/237/309 628/248/309 620/236/309
f 623/241/349 631/251/349 627/250/349
f 623/241/349 627/250/349 619/240/349
f 619/240/350 627/250/350 625/245/350
f 619/240/350 625/245/350 617/229/350
f 621/243/312 629/252/312 631/251/312
f 621/243/312 631/251/312 623/241/312
f 622/228/313 630/244/313 626/249/313
f 622/228/313 626/249/313 618/237/313
f 620/236/314 628/248/314 632/247/314
f 620/236/314 632/247/314 624/233/314
f 643/253/351 633/256/351 638/255/351
f 643/253/351 638/255/351 648/254/351
f 642/257/352 640/260/352 637/259/352
f 642/257/352 637/259/352 647/258/352
f 644/261/353 634/264/353 636/263/353
f 644/261/353 636/263/353 646/262/353
f 641/265/354 639/268/354 635/267/354
f 641/265/354 635/267/354 645/266/354
f 645/266/355 635/267/355 633/256/355
f 645/266/355 633/256/355 643/253/355
f 647/269/356 637/270/356 639/268/356
f 647/269/356 639/268/356 641/265/356
f 648/254/357 638/255/357 634/264/357
f 648/254/357 634/264/357 644/261/357
f 646/262/358 636/263/358 640/260/358
f 646/262/358 640/260/358 642/257/358
f 628/248/359 646/272/359 642/271/359
f 628/248/359 642/271/359 632/247/359
f 630/244/360 648/274/360 644/273/360
f 630/244/360 644/273/360 626/249/360
f 629/252/361 647/276/361 641/275/361
f 629/252/361 641/275/361 631/251/361
f 627/250/362 645/278/362 643/277/362
f 627/250/362 643/277/362 625/245/362
f 631/251/363 641/275/363 645/278/363
f 631/251/363 645/278/363 627/250/363
f 626/249/364 644/273/364 646/272/364
f 626/249/364 646/272/364 628/248/364
f 632/247/365 642/271/365 647/279/365
f 632/247/365 647/279/365 629/246/365
f 625/245/366 643/277/366 648/274/366
f 625/245/366 648/274/366 630/244/366
f 633/256/307 649/281/307 654/280/307
f 633/256/307 654/280/307 638/255/307
f 640/260/308 656/283/308 653/282/308
f 640/260/308 653/282/308 637/259/308
f 634/264/309 650/285/309 652/284/309
f 634/264/309 652/284/309 636/263/309
f 639/268/310 655/287/310 651/286/310
f 639/268/310 651/286/310 635/267/310
f 635/267/311 651/286/311 649/281/311
f 635/267/311 649/281/311 633/256/311
f 637/270/312 653/288/312 655/287/312
f 637/270/312 655/287/312 639/268/312
f 638/255/313 654/280/313 650/285/313
f 638/255/313 650/285/313 634/264/313
f 636/263/314 652/284/314 656/283/314
f 636/263/314 656/283/314 640/260/314
f 649/289/367 657/292/367 662/291/367
f 649/289/367 662/291/367 654/290/367
f 656/293/368 664/296/368 661/295/368
f 656/293/368 661/295/368 653/294/368
f 650/297/369 658/300/369 660/299/369
f 650/297/369 660/299/369 652/298/369
f 655/301/370 663/304/370 659/303/370
f 655/301/370 659/303/370 651/302/370
f 651/302/371 659/303/371 657/292/371
f 651/302/371 657/292/371 649/289/371
f 653/305/372 661/306/372 663/304/372
f 653/305/372 663/304/372 655/301/372
f 654/290/373 662/291/373 658/300/373
f 654/290/373 658/300/373 650/297/373
f 652/298/374 660/299/374 664/296/374
f 652/298/374 664/296/374 656/293/374
f 657/292/375 665/308/375 670/307/375
f 657/292/375 670/307/375 662/291/375
f 664/296/376 672/310/376 669/309/376
f 664/296/376 669/309/376 661/295/376
f 658/300/377 666/312/377 668/311/377
f 658/300/377 668/311/377 660/299/377
f 663/304/378 671/314/378 667/313/378
f 663/304/378 667/313/378 659/303/378
f 659/303/379 667/313/379 665/308/379
f 659/303/379 665/308/379 657/292/379
f 661/306/380 669/315/380 671/314/380
f 661/306/380 671/314/380 663/304/380
f 662/291/381 670/307/381 666/312/381
f 662/291/381 666/312/381 658/300/381
f 660/299/382 668/311/382 672/310/382
f 660/299/382 672/310/382 664/296/382
f 683/316/383 673/319/383 678/318/383
f 683/316/383 678/318/383 688/317/383
f 682/320/384 680/323/384 677/322/384
f 682/320/384 677/322/384 687/321/384
f 684/324/385 674/327/385 676/326/385
f 684/324/385 676/326/385 686/325/385
f 681/328/386 679/331/386 675/330/386
f 681/328/386 675/330/386 685/329/386
f 685/329/387 675/330/387 673/319/387
f 685/329/387 673/319/387 683/316/387
f 687/332/388 677/333/388 679/331/388
f 687/332/388 679/331/388 681/328/388
f 688/317/389 678/318/389 674/327/389
f 688/317/389 674/327/389 684/324/389
f 686/325/390 676/326/390 680/323/390
f 686/325/390 680/323/390 682/320/390
f 668/311/391 686/335/391 682/334/391
f 668/311/391 682/334/391 672/310/391
f 670/307/392 688/337/392 684/336/392
f 670/307/392 684/336/392 666/312/392
f 669/315/393 687/339/393 681/338/393
f 669/315/393 681/338/393 671/314/393
f 667/313/394 685/341/394 683/340/394
f 667/313/394 683/340/394 665/308/394
f 671/314/395 681/338/395 685/341/395
f 671/314/395 685/341/395 667/313/395
f 666/312/396 684/336/396 686/335/396
f 666/312/396 686/335/396 668/311/396
f 672/310/397 682/334/397 687/342/397
f 672/310/397 687/342/397 669/309/397
f 665/308/398 683/340/398 688/337/398
f 665/308/398 688/337/398 670/307/398
f 707/343/399 689/346/399 694/345/399
f 707/343/399 694/345/399 712/344/399
f 706/347/400 696/350/400 693/349/400
f 706/347/400 693/349/400 711/348/400
f 708/351/401 690/354/401 692/353/401
f 708/351/401 692/353/401 710/352/401
f 705/355/402 695/358/402 691/357/402
f 705/355/402 691/357/402 709/356/402
f 709/356/403 691/357/403 689/346/403
f 709/356/403 689/346/403 707/343/403
f 711/359/404 693/360/404 695/358/404
f 711/359/404 695/358/404 705/355/404
f 712/344/405 694/345/405 690/354/405
f 712/344/405 690/354/405 708/351/405
f 710/352/406 692/353/406 696/350/406
f 710/352/406 696/350/406 706/347/406
f 689/346/307 697/362/307 702/361/307
f 689/346/307 702/361/307 694/345/307
f 696/350/308 704/364/308 701/363/308
f 696/350/308 701/363/308 693/349/308
f 690/354/309 698/366/309 700/365/309
f 690/354/309 700/365/309 692/353/309
f 695/358/310 703/368/310 699/367/310
f 695/358/310 699/367/310 691/357/310
f 691/357/311 699/367/311 697/362/311
f 691/357/311 697/362/311 689/346/311
f 693/360/312 701/369/312 703/368/312
f 693/360/312 703/368/312 695/358/312
f 694/345/313 702/361/313 698/366/313
f 694/345/313 698/366/313 690/354/313
f 692/353/314 700/365/314 704/364/314
f 692/353/314 704/364/314 696/350/314
f 676/326/314 710/371/314 706/370/314
f 676/326/314 706/370/314 680/323/314
f 678/318/313 712/373/313 708/372/313
f 678/318/313 708/372/313 674/327/313
f 677/333/312 711/375/312 705/374/312
f 677/333/312 705/374/312 679/331/312
f 675/330/311 709/377/311 707/376/311
f 675/330/311 707/376/311 673/319/311
f 679/331/310 705/374/310 709/377/310
f 679/331/310 709/377/310 675/330/310
f 674/327/309 708/372/309 710/371/309
f 674/327/309 710/371/309 676/326/309
f 680/323/308 706/370/308 711/378/308
f 680/323/308 711/378/308 677/322/308
f 673/319/307 707/376/307 712/373/307
f 673/319/307 712/373/307 678/318/307
f 505/120/272 539/121/272 721/380/272
f 505/120/272 721/380/272 713/379/272
f 513/119/407 531/111/407 720/382/407
f 513/119/407 720/382/407 717/381/407
f 511/41/408 530/56/408 719/384/408
f 511/41/408 719/384/408 715/383/408
f 530/56/408 516/57/408 718/385/408
f 530/56/408 718/385/408 719/384/408
f 731/386/407 513/119/407 717/381/407
f 731/386/407 717/381/407 737/387/407
f 531/111/407 509/108/407 716/388/407
f 531/111/407 716/388/407 720/382/407
f 507/40/408 511/41/408 715/383/408
f 507/40/408 715/383/408 714/389/408
f 539/39/272 507/40/272 714/389/272
f 539/39/272 714/389/272 721/390/272
f 509/108/407 505/120/407 713/379/407
f 509/108/407 713/379/407 716/388/407
f 713/379/272 721/380/272 730/123/272
f 713/379/272 730/123/272 722/32/272
f 717/381/276 720/382/276 729/45/276
f 717/381/276 729/45/276 726/50/276
f 715/383/279 719/384/279 728/59/279
f 715/383/279 728/59/279 724/44/279
f 719/384/279 718/385/279 727/62/279
f 719/384/279 727/62/279 728/59/279
f 737/387/276 717/381/276 726/50/276
f 737/387/276 726/50/276 739/47/276
f 720/382/276 716/388/276 725/29/276
f 720/382/276 725/29/276 729/45/276
f 714/389/279 715/383/279 724/44/279
f 714/389/279 724/44/279 723/36/279
f 721/390/272 714/389/272 723/36/272
f 721/390/272 723/36/272 730/33/272
f 716/388/276 713/379/276 722/32/276
f 716/388/276 722/32/276 725/29/276
f 718/385/279 738/392/279 740/391/279
f 718/385/279 740/391/279 727/62/279
f 544/58/274 736/394/274 734/393/274
f 544/58/274 734/393/274 516/57/274
f 516/57/408 734/393/408 738/392/408
f 516/57/408 738/392/408 718/385/408
f 543/124/273 735/395/273 733/48/273
f 543/124/273 733/48/273 515/49/273
f 727/62/275 740/391/275 732/396/275
f 727/62/275 732/396/275 514/61/275
f 514/61/273 732/396/273 735/397/273
f 514/61/273 735/397/273 543/134/273
f 513/119/274 731/386/274 736/398/274
f 513/119/274 736/398/274 544/118/274
f 961/29/271 746/30/271 742/31/271
f 961/29/271 742/31/271 958/32/271
f 966/33/278 776/34/278 744/35/278
f 966/33/278 744/35/278 959/36/278
f 776/37/273 742/31/273 746/30/273
f 776/37/273 746/30/273 777/38/273
f 775/39/274 743/40/274 747/41/274
f 775/39/274 747/41/274 778/42/274
f 959/36/275 744/35/275 748/43/275
f 959/36/275 748/43/275 960/44/275
f 965/45/271 765/46/271 746/30/271
f 965/45/271 746/30/271 961/29/271
f 975/47/271 969/48/271 751/49/271
f 975/47/271 751/49/271 962/50/271
f 802/51/276 797/52/276 753/53/276
f 802/51/276 753/53/276 769/54/276
f 788/55/274 766/56/274 752/57/274
f 788/55/274 752/57/274 780/58/274
f 964/59/275 768/60/275 750/61/275
f 964/59/275 750/61/275 963/62/275
f 787/63/292 769/54/292 753/53/292
f 787/63/292 753/53/292 782/64/292
f 804/65/278 799/66/278 754/67/278
f 804/65/278 754/67/278 781/68/278
f 803/69/272 798/70/272 756/71/272
f 803/69/272 756/71/272 782/64/272
f 801/72/279 800/73/279 755/74/279
f 801/72/279 755/74/279 770/75/279
f 794/76/291 790/77/291 759/78/291
f 794/76/291 759/78/291 771/79/291
f 796/80/409 792/81/409 760/82/409
f 796/80/409 760/82/409 783/83/409
f 795/84/410 789/85/410 758/86/410
f 795/84/410 758/86/410 784/87/410
f 793/88/290 791/89/290 757/90/290
f 793/88/290 757/90/290 772/91/290
f 936/92/411 940/93/411 764/94/411
f 936/92/411 764/94/411 773/95/411
f 938/96/412 934/97/412 762/98/412
f 938/96/412 762/98/412 785/99/412
f 937/100/413 939/101/413 763/102/413
f 937/100/413 763/102/413 786/103/413
f 935/104/414 933/105/414 761/106/414
f 935/104/414 761/106/414 774/107/414
f 939/101/415 935/104/415 774/107/415
f 939/101/415 774/107/415 763/102/415
f 934/97/416 936/92/416 773/95/416
f 934/97/416 773/95/416 762/98/416
f 789/85/283 793/88/283 772/91/283
f 789/85/283 772/91/283 758/86/283
f 792/81/280 794/76/280 771/79/280
f 792/81/280 771/79/280 760/82/280
f 798/70/279 801/72/279 770/75/279
f 798/70/279 770/75/279 756/71/279
f 781/68/277 754/67/277 769/54/277
f 781/68/277 769/54/277 787/63/277
f 960/44/275 748/43/275 768/60/275
f 960/44/275 768/60/275 964/59/275
f 778/42/274 747/41/274 766/56/274
f 778/42/274 766/56/274 788/55/274
f 799/66/276 802/51/276 769/54/276
f 799/66/276 769/54/276 754/67/276
f 962/50/271 751/49/271 765/46/271
f 962/50/271 765/46/271 965/45/271
f 745/108/274 778/109/274 788/110/274
f 745/108/274 788/110/274 767/111/274
f 755/74/298 781/112/298 787/63/298
f 755/74/298 787/63/298 770/75/298
f 940/93/417 937/113/417 786/114/417
f 940/93/417 786/114/417 764/94/417
f 933/105/418 938/96/418 785/99/418
f 933/105/418 785/99/418 761/106/418
f 790/77/419 795/115/419 784/116/419
f 790/77/419 784/116/419 759/78/419
f 791/89/420 796/80/420 783/83/420
f 791/89/420 783/83/420 757/90/420
f 797/52/272 803/69/272 782/64/272
f 797/52/272 782/64/272 753/53/272
f 800/73/278 804/117/278 781/112/278
f 800/73/278 781/112/278 755/74/278
f 770/75/293 787/63/293 782/64/293
f 770/75/293 782/64/293 756/71/293
f 767/111/274 788/110/274 780/118/274
f 767/111/274 780/118/274 749/119/274
f 741/120/274 775/121/274 778/109/274
f 741/120/274 778/109/274 745/108/274
f 744/35/273 776/34/273 777/122/273
f 744/35/273 777/122/273 748/43/273
f 958/32/278 742/31/278 776/37/278
f 958/32/278 776/37/278 966/123/278
f 751/49/272 779/124/272 796/125/272
f 751/49/272 796/125/272 791/126/272
f 748/43/278 777/122/278 795/127/278
f 748/43/278 795/127/278 790/128/278
f 750/61/279 768/60/279 794/129/279
f 750/61/279 794/129/279 792/130/279
f 746/30/276 765/46/276 793/131/276
f 746/30/276 793/131/276 789/132/276
f 765/46/276 751/49/276 791/126/276
f 765/46/276 791/126/276 793/131/276
f 777/38/278 746/30/278 789/132/278
f 777/38/278 789/132/278 795/133/278
f 779/134/272 750/61/272 792/130/272
f 779/134/272 792/130/272 796/135/272
f 768/60/279 748/43/279 790/128/279
f 768/60/279 790/128/279 794/129/279
f 764/136/421 786/137/421 804/138/421
f 764/136/421 804/138/421 800/139/421
f 761/140/422 785/141/422 803/142/422
f 761/140/422 803/142/422 797/143/422
f 763/144/306 774/145/306 802/146/306
f 763/144/306 802/146/306 799/147/306
f 762/148/303 773/149/303 801/150/303
f 762/148/303 801/150/303 798/151/303
f 773/149/302 764/136/302 800/139/302
f 773/149/302 800/139/302 801/150/302
f 785/141/423 762/148/423 798/151/423
f 785/141/423 798/151/423 803/142/423
f 786/152/424 763/144/424 799/147/424
f 786/152/424 799/147/424 804/153/424
f 774/145/301 761/140/301 797/143/301
f 774/145/301 797/143/301 802/146/301
f 757/90/425 783/83/425 812/154/425
f 757/90/425 812/154/425 807/155/425
f 759/78/426 784/116/426 811/156/426
f 759/78/426 811/156/426 806/157/426
f 760/82/314 771/79/314 810/158/314
f 760/82/314 810/158/314 808/159/314
f 758/86/311 772/91/311 809/160/311
f 758/86/311 809/160/311 805/161/311
f 772/91/310 757/90/310 807/155/310
f 772/91/310 807/155/310 809/160/310
f 784/87/427 758/86/427 805/161/427
f 784/87/427 805/161/427 811/162/427
f 783/83/428 760/82/428 808/159/428
f 783/83/428 808/159/428 812/154/428
f 771/79/309 759/78/309 806/157/309
f 771/79/309 806/157/309 810/158/309
f 807/163/429 812/164/429 818/165/429
f 807/163/429 818/165/429 813/166/429
f 806/167/430 811/168/430 817/169/430
f 806/167/430 817/169/430 820/170/430
f 808/171/431 810/172/431 816/173/431
f 808/171/431 816/173/431 814/174/431
f 805/175/432 809/176/432 815/177/432
f 805/175/432 815/177/432 819/178/432
f 809/176/433 807/163/433 813/166/433
f 809/176/433 813/166/433 815/177/433
f 811/179/434 805/175/434 819/178/434
f 811/179/434 819/178/434 817/180/434
f 812/164/435 808/171/435 814/174/435
f 812/164/435 814/174/435 818/165/435
f 810/172/436 806/167/436 820/170/436
f 810/172/436 820/170/436 816/173/436
f 813/166/425 818/165/425 826/181/425
f 813/166/425 826/181/425 821/182/425
f 820/170/426 817/169/426 825/183/426
f 820/170/426 825/183/426 828/184/426
f 814/174/314 816/173/314 824/185/314
f 814/174/314 824/185/314 822/186/314
f 819/178/324 815/177/324 823/187/324
f 819/178/324 823/187/324 827/188/324
f 815/177/323 813/166/323 821/182/323
f 815/177/323 821/182/323 823/187/323
f 817/180/427 819/178/427 827/188/427
f 817/180/427 827/188/427 825/189/427
f 818/165/428 814/174/428 822/186/428
f 818/165/428 822/186/428 826/181/428
f 816/173/309 820/170/309 828/184/309
f 816/173/309 828/184/309 824/185/309
f 821/182/437 826/181/437 834/190/437
f 821/182/437 834/190/437 829/191/437
f 828/184/438 825/183/438 833/192/438
f 828/184/438 833/192/438 836/193/438
f 822/186/439 824/185/439 832/194/439
f 822/186/439 832/194/439 830/195/439
f 827/188/440 823/187/440 831/196/440
f 827/188/440 831/196/440 835/197/440
f 823/187/441 821/182/441 829/191/441
f 823/187/441 829/191/441 831/196/441
f 825/189/442 827/188/442 835/197/442
f 825/189/442 835/197/442 833/198/442
f 826/181/443 822/186/443 830/195/443
f 826/181/443 830/195/443 834/190/443
f 824/185/444 828/184/444 836/193/444
f 824/185/444 836/193/444 832/194/444
f 829/199/445 834/200/445 842/201/445
f 829/199/445 842/201/445 837/202/445
f 836/203/446 833/204/446 841/205/446
f 836/203/446 841/205/446 844/206/446
f 830/207/447 832/208/447 840/209/447
f 830/207/447 840/209/447 838/210/447
f 835/211/448 831/212/448 839/213/448
f 835/211/448 839/213/448 843/214/448
f 831/212/449 829/199/449 837/202/449
f 831/212/449 837/202/449 839/213/449
f 833/215/450 835/211/450 843/214/450
f 833/215/450 843/214/450 841/216/450
f 834/200/451 830/207/451 838/210/451
f 834/200/451 838/210/451 842/201/451
f 832/208/452 836/203/452 844/206/452
f 832/208/452 844/206/452 840/209/452
f 837/202/425 842/201/425 850/217/425
f 837/202/425 850/217/425 845/218/425
f 844/206/426 841/205/426 849/219/426
f 844/206/426 849/219/426 852/220/426
f 838/210/314 840/209/314 848/221/314
f 838/210/314 848/221/314 846/222/314
f 843/214/311 839/213/311 847/223/311
f 843/214/311 847/223/311 851/224/311
f 839/213/310 837/202/310 845/218/310
f 839/213/310 845/218/310 847/223/310
f 841/216/427 843/214/427 851/224/427
f 841/216/427 851/224/427 849/225/427
f 842/201/428 838/210/428 846/222/428
f 842/201/428 846/222/428 850/217/428
f 840/209/309 844/206/309 852/220/309
f 840/209/309 852/220/309 848/221/309
f 845/226/453 850/227/453 858/228/453
f 845/226/453 858/228/453 853/229/453
f 852/230/454 849/231/454 857/232/454
f 852/230/454 857/232/454 860/233/454
f 846/234/455 848/235/455 856/236/455
f 846/234/455 856/236/455 854/237/455
f 851/238/456 847/239/456 855/240/456
f 851/238/456 855/240/456 859/241/456
f 847/239/457 845/226/457 853/229/457
f 847/239/457 853/229/457 855/240/457
f 849/242/458 851/238/458 859/241/458
f 849/242/458 859/241/458 857/243/458
f 850/227/459 846/234/459 854/237/459
f 850/227/459 854/237/459 858/228/459
f 848/235/460 852/230/460 860/233/460
f 848/235/460 860/233/460 856/236/460
f 853/229/425 858/228/425 866/244/425
f 853/229/425 866/244/425 861/245/425
f 860/233/426 857/232/426 865/246/426
f 860/233/426 865/246/426 868/247/426
f 854/237/314 856/236/314 864/248/314
f 854/237/314 864/248/314 862/249/314
f 859/241/350 855/240/350 863/250/350
f 859/241/350 863/250/350 867/251/350
f 855/240/349 853/229/349 861/245/349
f 855/240/349 861/245/349 863/250/349
f 857/243/427 859/241/427 867/251/427
f 857/243/427 867/251/427 865/252/427
f 858/228/428 854/237/428 862/249/428
f 858/228/428 862/249/428 866/244/428
f 856/236/309 860/233/309 868/247/309
f 856/236/309 868/247/309 864/248/309
f 879/253/461 884/254/461 874/255/461
f 879/253/461 874/255/461 869/256/461
f 878/257/462 883/258/462 873/259/462
f 878/257/462 873/259/462 876/260/462
f 880/261/463 882/262/463 872/263/463
f 880/261/463 872/263/463 870/264/463
f 877/265/464 881/266/464 871/267/464
f 877/265/464 871/267/464 875/268/464
f 881/266/465 879/253/465 869/256/465
f 881/266/465 869/256/465 871/267/465
f 883/269/466 877/265/466 875/268/466
f 883/269/466 875/268/466 873/270/466
f 884/254/467 880/261/467 870/264/467
f 884/254/467 870/264/467 874/255/467
f 882/262/468 878/257/468 876/260/468
f 882/262/468 876/260/468 872/263/468
f 864/248/469 868/247/469 878/271/469
f 864/248/469 878/271/469 882/272/469
f 866/244/470 862/249/470 880/273/470
f 866/244/470 880/273/470 884/274/470
f 865/252/471 867/251/471 877/275/471
f 865/252/471 877/275/471 883/276/471
f 863/250/472 861/245/472 879/277/472
f 863/250/472 879/277/472 881/278/472
f 867/251/473 863/250/473 881/278/473
f 867/251/473 881/278/473 877/275/473
f 862/249/474 864/248/474 882/272/474
f 862/249/474 882/272/474 880/273/474
f 868/247/475 865/246/475 883/279/475
f 868/247/475 883/279/475 878/271/475
f 861/245/476 866/244/476 884/274/476
f 861/245/476 884/274/476 879/277/476
f 869/256/425 874/255/425 890/280/425
f 869/256/425 890/280/425 885/281/425
f 876/260/426 873/259/426 889/282/426
f 876/260/426 889/282/426 892/283/426
f 870/264/314 872/263/314 888/284/314
f 870/264/314 888/284/314 886/285/314
f 875/268/311 871/267/311 887/286/311
f 875/268/311 887/286/311 891/287/311
f 871/267/310 869/256/310 885/281/310
f 871/267/310 885/281/310 887/286/310
f 873/270/427 875/268/427 891/287/427
f 873/270/427 891/287/427 889/288/427
f 874/255/428 870/264/428 886/285/428
f 874/255/428 886/285/428 890/280/428
f 872/263/309 876/260/309 892/283/309
f 872/263/309 892/283/309 888/284/309
f 885/289/477 890/290/477 898/291/477
f 885/289/477 898/291/477 893/292/477
f 892/293/478 889/294/478 897/295/478
f 892/293/478 897/295/478 900/296/478
f 886/297/479 888/298/479 896/299/479
f 886/297/479 896/299/479 894/300/479
f 891/301/480 887/302/480 895/303/480
f 891/301/480 895/303/480 899/304/480
f 887/302/481 885/289/481 893/292/481
f 887/302/481 893/292/481 895/303/481
f 889/305/482 891/301/482 899/304/482
f 889/305/482 899/304/482 897/306/482
f 890/290/483 886/297/483 894/300/483
f 890/290/483 894/300/483 898/291/483
f 888/298/484 892/293/484 900/296/484
f 888/298/484 900/296/484 896/299/484
f 893/292/485 898/291/485 906/307/485
f 893/292/485 906/307/485 901/308/485
f 900/296/486 897/295/486 905/309/486
f 900/296/486 905/309/486 908/310/486
f 894/300/487 896/299/487 904/311/487
f 894/300/487 904/311/487 902/312/487
f 899/304/488 895/303/488 903/313/488
f 899/304/488 903/313/488 907/314/488
f 895/303/489 893/292/489 901/308/489
f 895/303/489 901/308/489 903/313/489
f 897/306/490 899/304/490 907/314/490
f 897/306/490 907/314/490 905/315/490
f 898/291/491 894/300/491 902/312/491
f 898/291/491 902/312/491 906/307/491
f 896/299/492 900/296/492 908/310/492
f 896/299/492 908/310/492 904/311/492
f 919/316/493 924/317/493 914/318/493
f 919/316/493 914/318/493 909/319/493
f 918/320/494 923/321/494 913/322/494
f 918/320/494 913/322/494 916/323/494
f 920/324/495 922/325/495 912/326/495
f 920/324/495 912/326/495 910/327/495
f 917/328/496 921/329/496 911/330/496
f 917/328/496 911/330/496 915/331/496
f 921/329/497 919/316/497 909/319/497
f 921/329/497 909/319/497 911/330/497
f 923/332/498 917/328/498 915/331/498
f 923/332/498 915/331/498 913/333/498
f 924/317/499 920/324/499 910/327/499
f 924/317/499 910/327/499 914/318/499
f 922/325/500 918/320/500 916/323/500
f 922/325/500 916/323/500 912/326/500
f 904/311/501 908/310/501 918/334/501
f 904/311/501 918/334/501 922/335/501
f 906/307/502 902/312/502 920/336/502
f 906/307/502 920/336/502 924/337/502
f 905/315/503 907/314/503 917/338/503
f 905/315/503 917/338/503 923/339/503
f 903/313/504 901/308/504 919/340/504
f 903/313/504 919/340/504 921/341/504
f 907/314/505 903/313/505 921/341/505
f 907/314/505 921/341/505 917/338/505
f 902/312/506 904/311/506 922/335/506
f 902/312/506 922/335/506 920/336/506
f 908/310/507 905/309/507 923/342/507
f 908/310/507 923/342/507 918/334/507
f 901/308/508 906/307/508 924/337/508
f 901/308/508 924/337/508 919/340/508
f 943/343/509 948/344/509 930/345/509
f 943/343/509 930/345/509 925/346/509
f 942/347/510 947/348/510 929/349/510
f 942/347/510 929/349/510 932/350/510
f 944/351/511 946/352/511 928/353/511
f 944/351/511 928/353/511 926/354/511
f 941/355/512 945/356/512 927/357/512
f 941/355/512 927/357/512 931/358/512
f 945/356/513 943/343/513 925/346/513
f 945/356/513 925/346/513 927/357/513
f 947/359/514 941/355/514 931/358/514
f 947/359/514 931/358/514 929/360/514
f 948/344/515 944/351/515 926/354/515
f 948/344/515 926/354/515 930/345/515
f 946/352/516 942/347/516 932/350/516
f 946/352/516 932/350/516 928/353/516
f 925/346/425 930/345/425 938/361/425
f 925/346/425 938/361/425 933/362/425
f 932/350/426 929/349/426 937/363/426
f 932/350/426 937/363/426 940/364/426
f 926/354/314 928/353/314 936/365/314
f 926/354/314 936/365/314 934/366/314
f 931/358/311 927/357/311 935/367/311
f 931/358/311 935/367/311 939/368/311
f 927/357/310 925/346/310 933/362/310
f 927/357/310 933/362/310 935/367/310
f 929/360/427 931/358/427 939/368/427
f 929/360/427 939/368/427 937/369/427
f 930/345/428 926/354/428 934/366/428
f 930/345/428 934/366/428 938/361/428
f 928/353/309 932/350/309 940/364/309
f 928/353/309 940/364/309 936/365/309
f 912/326/309 916/323/309 942/370/309
f 912/326/309 942/370/309 946/371/309
f 914/318/428 910/327/428 944/372/428
f 914/318/428 944/372/428 948/373/428
f 913/333/427 915/331/427 941/374/427
f 913/333/427 941/374/427 947/375/427
f 911/330/310 909/319/310 943/376/310
f 911/330/310 943/376/310 945/377/310
f 915/331/311 911/330/311 945/377/311
f 915/331/311 945/377/311 941/374/311
f 910/327/314 912/326/314 946/371/314
f 910/327/314 946/371/314 944/372/314
f 916/323/426 913/322/426 947/378/426
f 916/323/426 947/378/426 942/370/426
f 909/319/425 914/318/425 948/373/425
f 909/319/425 948/373/425 943/376/425
f 741/120/278 949/379/278 957/380/278
f 741/120/278 957/380/278 775/121/278
f 749/119/407 953/381/407 956/382/407
f 749/119/407 956/382/407 767/111/407
f 747/41/408 951/383/408 955/384/408
f 747/41/408 955/384/408 766/56/408
f 766/56/408 955/384/408 954/385/408
f 766/56/408 954/385/408 752/57/408
f 967/386/407 973/387/407 953/381/407
f 967/386/407 953/381/407 749/119/407
f 767/111/407 956/382/407 952/388/407
f 767/111/407 952/388/407 745/108/407
f 743/40/408 950/389/408 951/383/408
f 743/40/408 951/383/408 747/41/408
f 775/39/278 957/390/278 950/389/278
f 775/39/278 950/389/278 743/40/278
f 745/108/407 952/388/407 949/379/407
f 745/108/407 949/379/407 741/120/407
f 949/379/278 958/32/278 966/123/278
f 949/379/278 966/123/278 957/380/278
f 953/381/276 962/50/276 965/45/276
f 953/381/276 965/45/276 956/382/276
f 951/383/279 960/44/279 964/59/279
f 951/383/279 964/59/279 955/384/279
f 955/384/279 964/59/279 963/62/279
f 955/384/279 963/62/279 954/385/279
f 973/387/276 975/47/276 962/50/276
f 973/387/276 962/50/276 953/381/276
f 956/382/276 965/45/276 961/29/276
f 956/382/276 961/29/276 952/388/276
f 950/389/279 959/36/279 960/44/279
f 950/389/279 960/44/279 951/383/279
f 957/390/278 966/33/278 959/36/278
f 957/390/278 959/36/278 950/389/278
f 952/388/276 961/29/276 958/32/276
f 952/388/276 958/32/276 949/379/276
f 954/385/279 963/62/279 976/391/279
f 954/385/279 976/391/279 974/392/279
f 780/58/274 752/57/274 970/393/274
f 780/58/274 970/393/274 972/394/274
f 752/57/408 954/385/408 974/392/408
f 752/57/408 974/392/408 970/393/408
f 779/124/273 751/49/273 969/48/273
f 779/124/273 969/48/273 971/395/273
f 963/62/275 750/61/275 968/396/275
f 963/62/275 968/396/275 976/391/275
f 750/61/273 779/134/273 971/397/273
f 750/61/273 971/397/273 968/396/273
f 749/119/274 780/118/274 972/398/274
f 749/119/274 972/398/274 967/386/274
usemtl Material.006
f 1129/399/517 1126/400/517 979/401/517
f 1129/399/517 979/401/517 1011/402/517
f 1011/402/518 979/401/518 981/403/518
f 1011/402/518 981/403/518 1012/404/518
f 1012/404/519 981/403/519 983/405/519
f 1012/404/519 983/405/519 1013/406/519
f 1013/406/520 983/405/520 985/407/520
f 1013/406/520 985/407/520 1014/408/520
f 1014/408/521 985/407/521 987/409/521
f 1014/408/521 987/409/521 1015/410/521
f 1015/410/522 987/409/522 989/411/522
f 1015/410/522 989/411/522 1016/412/522
f 1126/413/523 1127/414/523 989/415/523
f 1126/413/523 989/415/523 987/416/523
f 1126/413/523 987/416/523 985/417/523
f 1126/413/523 985/417/523 983/418/523
f 1126/413/523 983/418/523 981/419/523
f 1126/413/523 981/419/523 979/420/523
f 988/421/524 977/422/524 978/423/524
f 988/421/524 978/423/524 980/424/524
f 988/421/524 980/424/524 982/425/524
f 988/421/524 982/425/524 984/426/524
f 988/421/524 984/426/524 986/427/524
f 986/428/525 995/429/525 996/430/525
f 986/428/525 996/430/525 988/431/525
f 984/432/526 994/433/526 995/429/526
f 984/432/526 995/429/526 986/428/526
f 982/434/527 993/435/527 994/433/527
f 982/434/527 994/433/527 984/432/527
f 980/436/528 992/437/528 993/435/528
f 980/436/528 993/435/528 982/434/528
f 978/438/529 991/439/529 992/437/529
f 978/438/529 992/437/529 980/436/529
f 977/440/530 990/441/530 991/439/530
f 977/440/530 991/439/530 978/438/530
f 995/429/531 1002/442/531 1003/443/531
f 995/429/531 1003/443/531 996/430/531
f 994/433/532 1001/444/532 1002/442/532
f 994/433/532 1002/442/532 995/429/532
f 993/435/533 1000/445/533 1001/444/533
f 993/435/533 1001/444/533 994/433/533
f 992/437/534 999/446/534 1000/445/534
f 992/437/534 1000/445/534 993/435/534
f 991/439/535 998/447/535 999/446/535
f 991/439/535 999/446/535 992/437/535
f 990/441/536 997/448/536 998/447/536
f 990/441/536 998/447/536 991/439/536
f 1057/449/525 1009/450/525 1010/451/525
f 1057/449/525 1010/451/525 1058/452/525
f 1056/453/526 1008/454/526 1009/450/526
f 1056/453/526 1009/450/526 1057/449/526
f 1055/455/527 1007/456/527 1008/454/527
f 1055/455/527 1008/454/527 1056/453/527
f 1054/457/528 1006/458/528 1007/456/528
f 1054/457/528 1007/456/528 1055/455/528
f 1053/459/529 1005/460/529 1006/458/529
f 1053/459/529 1006/458/529 1054/457/529
f 1052/461/530 1004/462/530 1005/460/530
f 1052/461/530 1005/460/530 1053/459/530
f 1029/463/537 1015/410/537 1016/412/537
f 1029/463/537 1016/412/537 1030/464/537
f 1028/465/538 1014/408/538 1015/410/538
f 1028/465/538 1015/410/538 1029/463/538
f 1027/466/539 1013/406/539 1014/408/539
f 1027/466/539 1014/408/539 1028/465/539
f 1026/467/540 1012/404/540 1013/406/540
f 1026/467/540 1013/406/540 1027/466/540
f 1025/468/541 1011/402/541 1012/404/541
f 1025/468/541 1012/404/541 1026/467/541
f 1139/469/542 1120/470/542 1017/471/542
f 1139/469/542 1017/471/542 1131/472/542
f 1134/473/543 1131/472/543 1017/471/543
f 1134/473/543 1017/471/543 1031/474/543
f 1043/475/544 1020/476/544 1024/477/544
f 1043/475/544 1024/477/544 1044/478/544
f 1035/479/545 1005/480/545 1020/481/545
f 1035/479/545 1020/481/545 1043/482/545
f 1129/483/546 1011/484/546 1019/485/546
f 1129/483/546 1019/485/546 1133/486/546
f 1125/487/547 1123/488/547 1022/489/547
f 1125/487/547 1022/489/547 1042/490/547
f 1120/491/548 1019/492/548 1023/493/548
f 1120/491/548 1023/493/548 1122/494/548
f 1121/495/549 1018/496/549 1022/489/549
f 1121/495/549 1022/489/549 1123/488/549
f 1031/497/550 1017/498/550 1021/499/550
f 1031/497/550 1021/499/550 1033/500/550
f 1041/501/551 1031/497/551 1033/500/551
f 1041/501/551 1033/500/551 1042/490/551
f 1122/502/552 1124/503/552 1033/500/552
f 1122/502/552 1033/500/552 1021/499/552
f 1011/484/553 1025/504/553 1032/505/553
f 1011/484/553 1032/505/553 1019/485/553
f 1019/492/554 1032/506/554 1034/507/554
f 1019/492/554 1034/507/554 1023/493/554
f 1137/508/555 1134/473/555 1031/474/555
f 1137/508/555 1031/474/555 1041/509/555
f 1035/510/556 1025/468/556 1026/467/556
f 1035/510/556 1026/467/556 1036/511/556
f 1036/511/557 1026/467/557 1027/466/557
f 1036/511/557 1027/466/557 1037/512/557
f 1037/512/558 1027/466/558 1028/465/558
f 1037/512/558 1028/465/558 1038/513/558
f 1038/513/559 1028/465/559 1029/463/559
f 1038/513/559 1029/463/559 1039/514/559
f 1039/514/560 1029/463/560 1030/464/560
f 1039/514/560 1030/464/560 1040/515/560
f 1010/516/561 1040/517/561 1136/518/561
f 1009/450/562 1039/514/562 1040/515/562
f 1009/450/562 1040/515/562 1010/451/562
f 1008/454/563 1038/513/563 1039/514/563
f 1008/454/563 1039/514/563 1009/450/563
f 1007/456/564 1037/512/564 1038/513/564
f 1007/456/564 1038/513/564 1008/454/564
f 1006/458/565 1036/511/565 1037/512/565
f 1006/458/565 1037/512/565 1007/456/565
f 1005/460/566 1035/510/566 1036/511/566
f 1005/460/566 1036/511/566 1006/458/566
f 1130/519/567 1137/508/567 1041/509/567
f 1130/519/567 1041/509/567 1018/520/567
f 1018/496/568 1041/501/568 1042/490/568
f 1018/496/568 1042/490/568 1022/489/568
f 1124/503/569 1125/487/569 1042/490/569
f 1124/503/569 1042/490/569 1033/500/569
f 1025/504/570 1035/479/570 1043/482/570
f 1025/504/570 1043/482/570 1032/505/570
f 1032/506/571 1043/475/571 1044/478/571
f 1032/506/571 1044/478/571 1034/507/571
f 997/448/530 1045/521/530 1046/522/530
f 997/448/530 1046/522/530 998/447/530
f 998/447/529 1046/522/529 1047/523/529
f 998/447/529 1047/523/529 999/446/529
f 999/446/528 1047/523/528 1048/524/528
f 999/446/528 1048/524/528 1000/445/528
f 1000/445/527 1048/524/527 1049/525/527
f 1000/445/527 1049/525/527 1001/444/527
f 1001/444/526 1049/525/526 1050/526/526
f 1001/444/526 1050/526/526 1002/442/526
f 1002/442/525 1050/526/525 1051/527/525
f 1002/442/525 1051/527/525 1003/443/525
f 1075/528/530 1052/461/530 1053/459/530
f 1075/528/530 1053/459/530 1076/529/530
f 1076/529/529 1053/459/529 1054/457/529
f 1076/529/529 1054/457/529 1077/530/529
f 1077/530/528 1054/457/528 1055/455/528
f 1077/530/528 1055/455/528 1078/531/528
f 1078/531/527 1055/455/527 1056/453/527
f 1078/531/527 1056/453/527 1079/532/527
f 1079/532/526 1056/453/526 1057/449/526
f 1079/532/526 1057/449/526 1080/533/526
f 1101/534/572 1099/535/572 1061/536/572
f 1101/534/572 1061/536/572 1059/537/572
f 1081/538/573 1059/537/573 1061/536/573
f 1081/538/573 1061/536/573 1082/539/573
f 1102/540/524 1100/541/524 1060/542/524
f 1102/540/524 1060/542/524 1062/543/524
f 1100/544/524 1065/545/524 1073/546/524
f 1100/544/524 1073/546/524 1103/547/524
f 1084/548/574 1067/549/574 1064/550/574
f 1084/548/574 1064/550/574 1083/551/574
f 1068/552/572 1070/553/572 1065/554/572
f 1068/552/572 1065/554/572 1066/555/572
f 1067/549/572 1069/556/572 1063/557/572
f 1067/549/572 1063/557/572 1064/550/572
f 1057/558/572 1058/559/572 1069/556/572
f 1057/558/572 1069/556/572 1067/549/572
f 1051/560/524 1050/561/524 1070/553/524
f 1051/560/524 1070/553/524 1068/552/524
f 1080/562/574 1057/558/574 1067/549/574
f 1080/562/574 1067/549/574 1084/548/574
f 1105/563/574 1104/564/574 1071/565/574
f 1105/563/574 1071/565/574 1085/566/574
f 1101/567/572 1059/568/572 1071/565/572
f 1101/567/572 1071/565/572 1104/564/572
f 1093/569/575 1060/570/575 1072/571/575
f 1093/569/575 1072/571/575 1097/572/575
f 1083/573/576 1064/574/576 1074/575/576
f 1083/573/576 1074/575/576 1086/576/576
f 1115/577/577 1083/573/577 1086/576/577
f 1115/577/577 1086/576/577 1118/578/577
f 1059/568/578 1081/579/578 1085/566/578
f 1059/568/578 1085/566/578 1071/565/578
f 1119/580/574 1105/563/574 1085/566/574
f 1119/580/574 1085/566/574 1117/581/574
f 1112/582/574 1080/562/574 1084/548/574
f 1112/582/574 1084/548/574 1116/583/574
f 1116/583/574 1084/548/574 1083/551/574
f 1116/583/574 1083/551/574 1115/584/574
f 1113/585/579 1081/538/579 1082/539/579
f 1113/585/579 1082/539/579 1114/586/579
f 1111/587/526 1079/532/526 1080/533/526
f 1111/587/526 1080/533/526 1112/588/526
f 1110/589/527 1078/531/527 1079/532/527
f 1110/589/527 1079/532/527 1111/587/527
f 1109/590/528 1077/530/528 1078/531/528
f 1109/590/528 1078/531/528 1110/589/528
f 1108/591/529 1076/529/529 1077/530/529
f 1108/591/529 1077/530/529 1109/590/529
f 1107/592/530 1075/528/530 1076/529/530
f 1107/592/530 1076/529/530 1108/591/530
f 1045/521/530 1087/593/530 1088/594/530
f 1045/521/530 1088/594/530 1046/522/530
f 1046/522/529 1088/594/529 1089/595/529
f 1046/522/529 1089/595/529 1047/523/529
f 1047/523/528 1089/595/528 1090/596/528
f 1047/523/528 1090/596/528 1048/524/528
f 1048/524/527 1090/596/527 1091/597/527
f 1048/524/527 1091/597/527 1049/525/527
f 1049/525/526 1091/597/526 1092/598/526
f 1049/525/526 1092/598/526 1050/526/526
f 1060/542/580 1093/599/580 1094/600/580
f 1060/542/580 1094/600/580 1062/543/580
f 1070/553/574 1096/601/574 1095/602/574
f 1070/553/574 1095/602/574 1065/554/574
f 1050/561/574 1092/603/574 1096/601/574
f 1050/561/574 1096/601/574 1070/553/574
f 1103/604/574 1106/605/574 1097/572/574
f 1103/604/574 1097/572/574 1072/571/574
f 1065/545/581 1095/606/581 1098/607/581
f 1065/545/581 1098/607/581 1073/546/581
f 1113/608/582 1093/569/582 1097/572/582
f 1113/608/582 1097/572/582 1117/609/582
f 1073/546/574 1098/607/574 1106/610/574
f 1073/546/574 1106/610/574 1103/547/574
f 1118/578/574 1086/576/574 1105/611/574
f 1118/578/574 1105/611/574 1119/612/574
f 1064/574/572 1101/613/572 1104/614/572
f 1064/574/572 1104/614/572 1074/575/572
f 1086/576/574 1074/575/574 1104/614/574
f 1086/576/574 1104/614/574 1105/611/574
f 1060/570/524 1100/615/524 1103/604/524
f 1060/570/524 1103/604/524 1072/571/524
f 1066/555/524 1065/554/524 1100/541/524
f 1066/555/524 1100/541/524 1102/540/524
f 1064/550/572 1063/557/572 1099/535/572
f 1064/550/572 1099/535/572 1101/534/572
f 1098/607/574 1118/616/574 1119/617/574
f 1098/607/574 1119/617/574 1106/610/574
f 1081/579/582 1113/618/582 1117/581/582
f 1081/579/582 1117/581/582 1085/566/582
f 1087/593/530 1107/592/530 1108/591/530
f 1087/593/530 1108/591/530 1088/594/530
f 1088/594/529 1108/591/529 1109/590/529
f 1088/594/529 1109/590/529 1089/595/529
f 1089/595/528 1109/590/528 1110/589/528
f 1089/595/528 1110/589/528 1090/596/528
f 1090/596/527 1110/589/527 1111/587/527
f 1090/596/527 1111/587/527 1091/597/527
f 1091/597/526 1111/587/526 1112/588/526
f 1091/597/526 1112/588/526 1092/598/526
f 1093/599/579 1113/585/579 1114/586/579
f 1093/599/579 1114/586/579 1094/600/579
f 1096/601/574 1116/583/574 1115/584/574
f 1096/601/574 1115/584/574 1095/602/574
f 1092/603/574 1112/582/574 1116/583/574
f 1092/603/574 1116/583/574 1096/601/574
f 1106/605/574 1119/619/574 1117/609/574
f 1106/605/574 1117/609/574 1097/572/574
f 1095/606/577 1115/620/577 1118/616/577
f 1095/606/577 1118/616/577 1098/607/577
f 1034/507/569 1044/478/569 1125/621/569
f 1034/507/569 1125/621/569 1124/622/569
f 1023/493/583 1034/507/583 1124/622/583
f 1023/493/583 1124/622/583 1122/494/583
f 1020/476/549 1121/623/549 1123/624/549
f 1020/476/549 1123/624/549 1024/477/549
f 1017/498/548 1120/625/548 1122/502/548
f 1017/498/548 1122/502/548 1021/499/548
f 1044/478/584 1024/477/584 1123/624/584
f 1044/478/584 1123/624/584 1125/621/584
f 1133/486/585 1019/485/585 1120/470/585
f 1133/486/585 1120/470/585 1139/469/585
f 1040/517/586 1030/626/586 1135/627/586
f 1040/517/586 1135/627/586 1136/518/586
f 1020/481/587 1132/628/587 1138/629/587
f 1020/481/587 1138/629/587 1121/630/587
f 1121/630/588 1138/629/588 1130/519/588
f 1121/630/588 1130/519/588 1018/520/588
f 1030/626/589 1016/631/589 1128/632/589
f 1030/626/589 1128/632/589 1135/627/589
f 1005/480/590 1004/633/590 1132/628/590
f 1005/480/590 1132/628/590 1020/481/590
f 1016/631/591 989/634/591 1127/635/591
f 1016/631/591 1127/635/591 1128/632/591
f 1129/399/592 1166/402/592 1141/401/592
f 1129/399/592 1141/401/592 1126/400/592
f 1166/402/593 1167/404/593 1143/403/593
f 1166/402/593 1143/403/593 1141/401/593
f 1167/404/594 1168/406/594 1145/405/594
f 1167/404/594 1145/405/594 1143/403/594
f 1168/406/595 1169/408/595 1147/407/595
f 1168/406/595 1147/407/595 1145/405/595
f 1169/408/596 1170/410/596 1149/409/596
f 1169/408/596 1149/409/596 1147/407/596
f 1170/410/597 1171/412/597 1150/411/597
f 1170/410/597 1150/411/597 1149/409/597
f 1126/413/598 1141/420/598 1143/419/598
f 1126/413/598 1143/419/598 1145/418/598
f 1126/413/598 1145/418/598 1147/417/598
f 1126/413/598 1147/417/598 1149/416/598
f 1126/413/598 1149/416/598 1150/415/598
f 1126/413/598 1150/415/598 1127/414/598
f 988/421/524 1148/427/524 1146/426/524
f 988/421/524 1146/426/524 1144/425/524
f 988/421/524 1144/425/524 1142/424/524
f 988/421/524 1142/424/524 1140/423/524
f 988/421/524 1140/423/524 977/422/524
f 1148/428/599 988/431/599 996/430/599
f 1148/428/599 996/430/599 1155/429/599
f 1146/432/600 1148/428/600 1155/429/600
f 1146/432/600 1155/429/600 1154/433/600
f 1144/434/601 1146/432/601 1154/433/601
f 1144/434/601 1154/433/601 1153/435/601
f 1142/436/602 1144/434/602 1153/435/602
f 1142/436/602 1153/435/602 1152/437/602
f 1140/438/603 1142/436/603 1152/437/603
f 1140/438/603 1152/437/603 1151/439/603
f 977/440/604 1140/438/604 1151/439/604
f 977/440/604 1151/439/604 990/441/604
f 1155/429/605 996/430/605 1003/443/605
f 1155/429/605 1003/443/605 1160/442/605
f 1154/433/606 1155/429/606 1160/442/606
f 1154/433/606 1160/442/606 1159/444/606
f 1153/435/607 1154/433/607 1159/444/607
f 1153/435/607 1159/444/607 1158/445/607
f 1152/437/608 1153/435/608 1158/445/608
f 1152/437/608 1158/445/608 1157/446/608
f 1151/439/609 1152/437/609 1157/446/609
f 1151/439/609 1157/446/609 1156/447/609
f 990/441/610 1151/439/610 1156/447/610
f 990/441/610 1156/447/610 997/448/610
f 1209/449/599 1058/452/599 1010/451/599
f 1209/449/599 1010/451/599 1165/450/599
f 1208/453/600 1209/449/600 1165/450/600
f 1208/453/600 1165/450/600 1164/454/600
f 1207/455/601 1208/453/601 1164/454/601
f 1207/455/601 1164/454/601 1163/456/601
f 1206/457/602 1207/455/602 1163/456/602
f 1206/457/602 1163/456/602 1162/458/602
f 1205/459/603 1206/457/603 1162/458/603
f 1205/459/603 1162/458/603 1161/460/603
f 1052/461/604 1205/459/604 1161/460/604
f 1052/461/604 1161/460/604 1004/462/604
f 1184/463/611 1185/464/611 1171/412/611
f 1184/463/611 1171/412/611 1170/410/611
f 1183/465/612 1184/463/612 1170/410/612
f 1183/465/612 1170/410/612 1169/408/612
f 1182/466/613 1183/465/613 1169/408/613
f 1182/466/613 1169/408/613 1168/406/613
f 1181/467/614 1182/466/614 1168/406/614
f 1181/467/614 1168/406/614 1167/404/614
f 1180/468/615 1181/467/615 1167/404/615
f 1180/468/615 1167/404/615 1166/402/615
f 1139/469/616 1131/472/616 1172/471/616
f 1139/469/616 1172/471/616 1257/470/616
f 1134/473/617 1186/474/617 1172/471/617
f 1134/473/617 1172/471/617 1131/472/617
f 1198/475/618 1199/478/618 1179/477/618
f 1198/475/618 1179/477/618 1175/476/618
f 1190/479/619 1198/482/619 1175/481/619
f 1190/479/619 1175/481/619 1161/480/619
f 1129/483/620 1133/486/620 1174/485/620
f 1129/483/620 1174/485/620 1166/484/620
f 1262/487/621 1197/490/621 1177/489/621
f 1262/487/621 1177/489/621 1260/488/621
f 1257/491/548 1259/494/548 1178/493/548
f 1257/491/548 1178/493/548 1174/492/548
f 1258/495/549 1260/488/549 1177/489/549
f 1258/495/549 1177/489/549 1173/496/549
f 1186/497/622 1188/500/622 1176/499/622
f 1186/497/622 1176/499/622 1172/498/622
f 1196/501/623 1197/490/623 1188/500/623
f 1196/501/623 1188/500/623 1186/497/623
f 1259/502/624 1176/499/624 1188/500/624
f 1259/502/624 1188/500/624 1261/503/624
f 1166/484/625 1174/485/625 1187/505/625
f 1166/484/625 1187/505/625 1180/504/625
f 1174/492/626 1178/493/626 1189/507/626
f 1174/492/626 1189/507/626 1187/506/626
f 1137/508/627 1196/509/627 1186/474/627
f 1137/508/627 1186/474/627 1134/473/627
f 1190/510/628 1191/511/628 1181/467/628
f 1190/510/628 1181/467/628 1180/468/628
f 1191/511/629 1192/512/629 1182/466/629
f 1191/511/629 1182/466/629 1181/467/629
f 1192/512/630 1193/513/630 1183/465/630
f 1192/512/630 1183/465/630 1182/466/630
f 1193/513/631 1194/514/631 1184/463/631
f 1193/513/631 1184/463/631 1183/465/631
f 1194/514/632 1195/515/632 1185/464/632
f 1194/514/632 1185/464/632 1184/463/632
f 1010/516/633 1136/518/633 1195/517/633
f 1165/450/634 1010/451/634 1195/515/634
f 1165/450/634 1195/515/634 1194/514/634
f 1164/454/635 1165/450/635 1194/514/635
f 1164/454/635 1194/514/635 1193/513/635
f 1163/456/636 1164/454/636 1193/513/636
f 1163/456/636 1193/513/636 1192/512/636
f 1162/458/637 1163/456/637 1192/512/637
f 1162/458/637 1192/512/637 1191/511/637
f 1161/460/638 1162/458/638 1191/511/638
f 1161/460/638 1191/511/638 1190/510/638
f 1130/519/639 1173/520/639 1196/509/639
f 1130/519/639 1196/509/639 1137/508/639
f 1173/496/640 1177/489/640 1197/490/640
f 1173/496/640 1197/490/640 1196/501/640
f 1261/503/641 1188/500/641 1197/490/641
f 1261/503/641 1197/490/641 1262/487/641
f 1180/504/642 1187/505/642 1198/482/642
f 1180/504/642 1198/482/642 1190/479/642
f 1187/506/643 1189/507/643 1199/478/643
f 1187/506/643 1199/478/643 1198/475/643
f 997/448/604 1156/447/604 1200/522/604
f 997/448/604 1200/522/604 1045/521/604
f 1156/447/603 1157/446/603 1201/523/603
f 1156/447/603 1201/523/603 1200/522/603
f 1157/446/602 1158/445/602 1202/524/602
f 1157/446/602 1202/524/602 1201/523/602
f 1158/445/601 1159/444/601 1203/525/601
f 1158/445/601 1203/525/601 1202/524/601
f 1159/444/600 1160/442/600 1204/526/600
f 1159/444/600 1204/526/600 1203/525/600
f 1160/442/599 1003/443/599 1051/527/599
f 1160/442/599 1051/527/599 1204/526/599
f 1075/528/604 1220/529/604 1205/459/604
f 1075/528/604 1205/459/604 1052/461/604
f 1220/529/603 1221/530/603 1206/457/603
f 1220/529/603 1206/457/603 1205/459/603
f 1221/530/602 1222/531/602 1207/455/602
f 1221/530/602 1207/455/602 1206/457/602
f 1222/531/601 1223/532/601 1208/453/601
f 1222/531/601 1208/453/601 1207/455/601
f 1223/532/600 1224/533/600 1209/449/600
f 1223/532/600 1209/449/600 1208/453/600
f 1241/534/572 1210/537/572 1061/536/572
f 1241/534/572 1061/536/572 1099/535/572
f 1225/538/644 1082/539/644 1061/536/644
f 1225/538/644 1061/536/644 1210/537/644
f 1102/540/524 1062/543/524 1211/542/524
f 1102/540/524 1211/542/524 1240/541/524
f 1240/544/524 1242/547/524 1218/546/524
f 1240/544/524 1218/546/524 1213/545/524
f 1227/548/645 1226/551/645 1212/550/645
f 1227/548/645 1212/550/645 1214/549/645
f 1068/552/572 1066/555/572 1213/554/572
f 1068/552/572 1213/554/572 1215/553/572
f 1214/549/572 1212/550/572 1063/557/572
f 1214/549/572 1063/557/572 1069/556/572
f 1209/558/572 1214/549/572 1069/556/572
f 1209/558/572 1069/556/572 1058/559/572
f 1051/560/524 1068/552/524 1215/553/524
f 1051/560/524 1215/553/524 1204/561/524
f 1224/562/645 1227/548/645 1214/549/645
f 1224/562/645 1214/549/645 1209/558/645
f 1244/563/645 1228/566/645 1216/565/645
f 1244/563/645 1216/565/645 1243/564/645
f 1241/567/572 1243/564/572 1216/565/572
f 1241/567/572 1216/565/572 1210/568/572
f 1235/569/575 1238/572/575 1217/571/575
f 1235/569/575 1217/571/575 1211/570/575
f 1226/573/576 1229/576/576 1219/575/576
f 1226/573/576 1219/575/576 1212/574/576
f 1252/577/577 1255/578/577 1229/576/577
f 1252/577/577 1229/576/577 1226/573/577
f 1210/568/578 1216/565/578 1228/566/578
f 1210/568/578 1228/566/578 1225/579/578
f 1256/580/645 1254/581/645 1228/566/645
f 1256/580/645 1228/566/645 1244/563/645
f 1250/582/645 1253/583/645 1227/548/645
f 1250/582/645 1227/548/645 1224/562/645
f 1253/583/645 1252/584/645 1226/551/645
f 1253/583/645 1226/551/645 1227/548/645
f 1251/585/646 1114/586/646 1082/539/646
f 1251/585/646 1082/539/646 1225/538/646
f 1249/587/600 1250/588/600 1224/533/600
f 1249/587/600 1224/533/600 1223/532/600
f 1248/589/601 1249/587/601 1223/532/601
f 1248/589/601 1223/532/601 1222/531/601
f 1247/590/602 1248/589/602 1222/531/602
f 1247/590/602 1222/531/602 1221/530/602
f 1246/591/603 1247/590/603 1221/530/603
f 1246/591/603 1221/530/603 1220/529/603
f 1107/592/604 1246/591/604 1220/529/604
f 1107/592/604 1220/529/604 1075/528/604
f 1045/521/604 1200/522/604 1230/594/604
f 1045/521/604 1230/594/604 1087/593/604
f 1200/522/603 1201/523/603 1231/595/603
f 1200/522/603 1231/595/603 1230/594/603
f 1201/523/602 1202/524/602 1232/596/602
f 1201/523/602 1232/596/602 1231/595/602
f 1202/524/601 1203/525/601 1233/597/601
f 1202/524/601 1233/597/601 1232/596/601
f 1203/525/600 1204/526/600 1234/598/600
f 1203/525/600 1234/598/600 1233/597/600
f 1211/542/647 1062/543/647 1094/600/647
f 1211/542/647 1094/600/647 1235/599/647
f 1215/553/645 1213/554/645 1236/602/645
f 1215/553/645 1236/602/645 1237/601/645
f 1204/561/645 1215/553/645 1237/601/645
f 1204/561/645 1237/601/645 1234/603/645
f 1242/604/645 1217/571/645 1238/572/645
f 1242/604/645 1238/572/645 1245/605/645
f 1213/545/581 1218/546/581 1239/607/581
f 1213/545/581 1239/607/581 1236/606/581
f 1251/608/582 1254/609/582 1238/572/582
f 1251/608/582 1238/572/582 1235/569/582
f 1218/546/645 1242/547/645 1245/610/645
f 1218/546/645 1245/610/645 1239/607/645
f 1255/578/645 1256/612/645 1244/611/645
f 1255/578/645 1244/611/645 1229/576/645
f 1212/574/572 1219/575/572 1243/614/572
f 1212/574/572 1243/614/572 1241/613/572
f 1229/576/645 1244/611/645 1243/614/645
f 1229/576/645 1243/614/645 1219/575/645
f 1211/570/524 1217/571/524 1242/604/524
f 1211/570/524 1242/604/524 1240/615/524
f 1066/555/524 1102/540/524 1240/541/524
f 1066/555/524 1240/541/524 1213/554/524
f 1212/550/572 1241/534/572 1099/535/572
f 1212/550/572 1099/535/572 1063/557/572
f 1239/607/645 1245/610/645 1256/617/645
f 1239/607/645 1256/617/645 1255/616/645
f 1225/579/582 1228/566/582 1254/581/582
f 1225/579/582 1254/581/582 1251/618/582
f 1087/593/604 1230/594/604 1246/591/604
f 1087/593/604 1246/591/604 1107/592/604
f 1230/594/603 1231/595/603 1247/590/603
f 1230/594/603 1247/590/603 1246/591/603
f 1231/595/602 1232/596/602 1248/589/602
f 1231/595/602 1248/589/602 1247/590/602
f 1232/596/601 1233/597/601 1249/587/601
f 1232/596/601 1249/587/601 1248/589/601
f 1233/597/600 1234/598/600 1250/588/600
f 1233/597/600 1250/588/600 1249/587/600
f 1235/599/646 1094/600/646 1114/586/646
f 1235/599/646 1114/586/646 1251/585/646
f 1237/601/645 1236/602/645 1252/584/645
f 1237/601/645 1252/584/645 1253/583/645
f 1234/603/645 1237/601/645 1253/583/645
f 1234/603/645 1253/583/645 1250/582/645
f 1245/605/645 1238/572/645 1254/609/645
f 1245/605/645 1254/609/645 1256/619/645
f 1236/606/577 1239/607/577 1255/616/577
f 1236/606/577 1255/616/577 1252/620/577
f 1189/507/641 1261/622/641 1262/621/641
f 1189/507/641 1262/621/641 1199/478/641
f 1178/493/648 1259/494/648 1261/622/648
f 1178/493/648 1261/622/648 1189/507/648
f 1175/476/549 1179/477/549 1260/624/549
f 1175/476/549 1260/624/549 1258/623/549
f 1172/498/548 1176/499/548 1259/502/548
f 1172/498/548 1259/502/548 1257/625/548
f 1199/478/649 1262/621/649 1260/624/649
f 1199/478/649 1260/624/649 1179/477/649
f 1133/486/650 1139/469/650 1257/470/650
f 1133/486/650 1257/470/650 1174/485/650
f 1195/517/651 1136/518/651 1135/627/651
f 1195/517/651 1135/627/651 1185/626/651
f 1175/481/652 1258/630/652 1138/629/652
f 1175/481/652 1138/629/652 1132/628/652
f 1258/630/653 1173/520/653 1130/519/653
f 1258/630/653 1130/519/653 1138/629/653
f 1185/626/654 1135/627/654 1128/632/654
f 1185/626/654 1128/632/654 1171/631/654
f 1161/480/655 1175/481/655 1132/628/655
f 1161/480/655 1132/628/655 1004/633/655
f 1171/631/656 1128/632/656 1127/635/656
f 1171/631/656 1127/635/656 1150/634/656
